osm_id,feat_type,key,value,commentary
26158952,way,surface,MISSING,Surface tag is recommended to assess accessibility
29314847,way,surface,MISSING,Surface tag is recommended to assess accessibility
30813094,way,surface,MISSING,Surface tag is recommended to assess accessibility
33733848,way,surface,MISSING,Surface tag is recommended to assess accessibility
33734220,way,surface,MISSING,Surface tag is recommended to assess accessibility
60945176,way,surface,MISSING,Surface tag is recommended to assess accessibility
99288327,way,surface,MISSING,Surface tag is recommended to assess accessibility
99288331,way,surface,MISSING,Surface tag is recommended to assess accessibility
99288354,way,surface,MISSING,Surface tag is recommended to assess accessibility
103496381,way,surface,MISSING,Surface tag is recommended to assess accessibility
111598819,way,surface,MISSING,Surface tag is recommended to assess accessibility
122385401,way,surface,MISSING,Surface tag is recommended to assess accessibility
122385403,way,surface,MISSING,Surface tag is recommended to assess accessibility
122385404,way,surface,MISSING,Surface tag is recommended to assess accessibility
122385408,way,surface,MISSING,Surface tag is recommended to assess accessibility
122385409,way,surface,MISSING,Surface tag is recommended to assess accessibility
122620386,way,surface,MISSING,Surface tag is recommended to assess accessibility
122620388,way,surface,MISSING,Surface tag is recommended to assess accessibility
122620389,way,surface,MISSING,Surface tag is recommended to assess accessibility
122620390,way,surface,MISSING,Surface tag is recommended to assess accessibility
122620393,way,surface,MISSING,Surface tag is recommended to assess accessibility
122620394,way,surface,MISSING,Surface tag is recommended to assess accessibility
122620395,way,surface,MISSING,Surface tag is recommended to assess accessibility
122890073,way,surface,MISSING,Surface tag is recommended to assess accessibility
122890077,way,surface,MISSING,Surface tag is recommended to assess accessibility
122890078,way,surface,MISSING,Surface tag is recommended to assess accessibility
123432078,way,surface,MISSING,Surface tag is recommended to assess accessibility
123660887,way,surface,MISSING,Surface tag is recommended to assess accessibility
123660888,way,surface,MISSING,Surface tag is recommended to assess accessibility
123685296,way,surface,MISSING,Surface tag is recommended to assess accessibility
123685299,way,surface,MISSING,Surface tag is recommended to assess accessibility
123685300,way,surface,MISSING,Surface tag is recommended to assess accessibility
123685304,way,surface,MISSING,Surface tag is recommended to assess accessibility
123685305,way,surface,MISSING,Surface tag is recommended to assess accessibility
123685306,way,surface,MISSING,Surface tag is recommended to assess accessibility
123685307,way,surface,MISSING,Surface tag is recommended to assess accessibility
123685308,way,surface,MISSING,Surface tag is recommended to assess accessibility
123685309,way,surface,MISSING,Surface tag is recommended to assess accessibility
124723397,way,surface,MISSING,Surface tag is recommended to assess accessibility
124723401,way,surface,MISSING,Surface tag is recommended to assess accessibility
124723402,way,surface,MISSING,Surface tag is recommended to assess accessibility
124723404,way,surface,MISSING,Surface tag is recommended to assess accessibility
124723405,way,surface,MISSING,Surface tag is recommended to assess accessibility
124723407,way,surface,MISSING,Surface tag is recommended to assess accessibility
124723411,way,surface,MISSING,Surface tag is recommended to assess accessibility
124723412,way,surface,MISSING,Surface tag is recommended to assess accessibility
124723413,way,surface,MISSING,Surface tag is recommended to assess accessibility
124723416,way,surface,MISSING,Surface tag is recommended to assess accessibility
124723417,way,surface,MISSING,Surface tag is recommended to assess accessibility
124723418,way,surface,MISSING,Surface tag is recommended to assess accessibility
124723420,way,surface,MISSING,Surface tag is recommended to assess accessibility
124723422,way,surface,MISSING,Surface tag is recommended to assess accessibility
124723423,way,surface,MISSING,Surface tag is recommended to assess accessibility
124723426,way,surface,MISSING,Surface tag is recommended to assess accessibility
124723427,way,surface,MISSING,Surface tag is recommended to assess accessibility
124723428,way,surface,MISSING,Surface tag is recommended to assess accessibility
124723431,way,surface,MISSING,Surface tag is recommended to assess accessibility
124723454,way,surface,MISSING,Surface tag is recommended to assess accessibility
124723456,way,surface,MISSING,Surface tag is recommended to assess accessibility
124723470,way,surface,MISSING,Surface tag is recommended to assess accessibility
124723471,way,surface,MISSING,Surface tag is recommended to assess accessibility
124723475,way,surface,MISSING,Surface tag is recommended to assess accessibility
124723476,way,surface,MISSING,Surface tag is recommended to assess accessibility
124723478,way,surface,MISSING,Surface tag is recommended to assess accessibility
124723479,way,surface,MISSING,Surface tag is recommended to assess accessibility
124723481,way,surface,MISSING,Surface tag is recommended to assess accessibility
124723483,way,surface,MISSING,Surface tag is recommended to assess accessibility
124723484,way,surface,MISSING,Surface tag is recommended to assess accessibility
124723485,way,surface,MISSING,Surface tag is recommended to assess accessibility
124723486,way,surface,MISSING,Surface tag is recommended to assess accessibility
124723488,way,surface,MISSING,Surface tag is recommended to assess accessibility
124824457,way,surface,MISSING,Surface tag is recommended to assess accessibility
124824458,way,surface,MISSING,Surface tag is recommended to assess accessibility
124824459,way,surface,MISSING,Surface tag is recommended to assess accessibility
124824461,way,surface,MISSING,Surface tag is recommended to assess accessibility
124824462,way,surface,MISSING,Surface tag is recommended to assess accessibility
124824463,way,surface,MISSING,Surface tag is recommended to assess accessibility
124824465,way,surface,MISSING,Surface tag is recommended to assess accessibility
124824466,way,surface,MISSING,Surface tag is recommended to assess accessibility
124824467,way,surface,MISSING,Surface tag is recommended to assess accessibility
124824468,way,surface,MISSING,Surface tag is recommended to assess accessibility
124824470,way,surface,MISSING,Surface tag is recommended to assess accessibility
124824471,way,surface,MISSING,Surface tag is recommended to assess accessibility
124824472,way,surface,MISSING,Surface tag is recommended to assess accessibility
124824475,way,surface,MISSING,Surface tag is recommended to assess accessibility
124824476,way,surface,MISSING,Surface tag is recommended to assess accessibility
124824477,way,surface,MISSING,Surface tag is recommended to assess accessibility
124824479,way,surface,MISSING,Surface tag is recommended to assess accessibility
124824482,way,surface,MISSING,Surface tag is recommended to assess accessibility
124824483,way,surface,MISSING,Surface tag is recommended to assess accessibility
124824484,way,surface,MISSING,Surface tag is recommended to assess accessibility
124824485,way,surface,MISSING,Surface tag is recommended to assess accessibility
124824486,way,surface,MISSING,Surface tag is recommended to assess accessibility
124824487,way,surface,MISSING,Surface tag is recommended to assess accessibility
124824488,way,surface,MISSING,Surface tag is recommended to assess accessibility
124824489,way,surface,MISSING,Surface tag is recommended to assess accessibility
124824490,way,surface,MISSING,Surface tag is recommended to assess accessibility
124824491,way,surface,MISSING,Surface tag is recommended to assess accessibility
124824492,way,surface,MISSING,Surface tag is recommended to assess accessibility
124824493,way,surface,MISSING,Surface tag is recommended to assess accessibility
124824495,way,surface,MISSING,Surface tag is recommended to assess accessibility
124824496,way,surface,MISSING,Surface tag is recommended to assess accessibility
124824497,way,surface,MISSING,Surface tag is recommended to assess accessibility
124824498,way,surface,MISSING,Surface tag is recommended to assess accessibility
124824499,way,surface,MISSING,Surface tag is recommended to assess accessibility
124824500,way,surface,MISSING,Surface tag is recommended to assess accessibility
124824501,way,surface,MISSING,Surface tag is recommended to assess accessibility
124824502,way,surface,MISSING,Surface tag is recommended to assess accessibility
124824503,way,surface,MISSING,Surface tag is recommended to assess accessibility
124824504,way,surface,MISSING,Surface tag is recommended to assess accessibility
124824505,way,surface,MISSING,Surface tag is recommended to assess accessibility
124824506,way,surface,MISSING,Surface tag is recommended to assess accessibility
124824507,way,surface,MISSING,Surface tag is recommended to assess accessibility
124824508,way,surface,MISSING,Surface tag is recommended to assess accessibility
124824509,way,surface,MISSING,Surface tag is recommended to assess accessibility
124824510,way,surface,MISSING,Surface tag is recommended to assess accessibility
124824512,way,surface,MISSING,Surface tag is recommended to assess accessibility
124824513,way,surface,MISSING,Surface tag is recommended to assess accessibility
124824514,way,surface,MISSING,Surface tag is recommended to assess accessibility
124824515,way,surface,MISSING,Surface tag is recommended to assess accessibility
124824516,way,surface,MISSING,Surface tag is recommended to assess accessibility
124824518,way,surface,MISSING,Surface tag is recommended to assess accessibility
124824519,way,surface,MISSING,Surface tag is recommended to assess accessibility
124824520,way,surface,MISSING,Surface tag is recommended to assess accessibility
124824521,way,surface,MISSING,Surface tag is recommended to assess accessibility
124824522,way,surface,MISSING,Surface tag is recommended to assess accessibility
124824523,way,surface,MISSING,Surface tag is recommended to assess accessibility
124824526,way,surface,MISSING,Surface tag is recommended to assess accessibility
124824529,way,surface,MISSING,Surface tag is recommended to assess accessibility
124824530,way,surface,MISSING,Surface tag is recommended to assess accessibility
124824531,way,surface,MISSING,Surface tag is recommended to assess accessibility
124824535,way,surface,MISSING,Surface tag is recommended to assess accessibility
124824539,way,surface,MISSING,Surface tag is recommended to assess accessibility
124824550,way,surface,MISSING,Surface tag is recommended to assess accessibility
124824557,way,surface,MISSING,Surface tag is recommended to assess accessibility
124824562,way,surface,MISSING,Surface tag is recommended to assess accessibility
124824565,way,surface,MISSING,Surface tag is recommended to assess accessibility
124824581,way,surface,MISSING,Surface tag is recommended to assess accessibility
124824582,way,surface,MISSING,Surface tag is recommended to assess accessibility
124824585,way,surface,MISSING,Surface tag is recommended to assess accessibility
124824587,way,surface,MISSING,Surface tag is recommended to assess accessibility
124824589,way,surface,MISSING,Surface tag is recommended to assess accessibility
124824590,way,surface,MISSING,Surface tag is recommended to assess accessibility
124824591,way,surface,MISSING,Surface tag is recommended to assess accessibility
124824593,way,surface,MISSING,Surface tag is recommended to assess accessibility
124824594,way,surface,MISSING,Surface tag is recommended to assess accessibility
124824596,way,surface,MISSING,Surface tag is recommended to assess accessibility
124824597,way,surface,MISSING,Surface tag is recommended to assess accessibility
124824599,way,surface,MISSING,Surface tag is recommended to assess accessibility
124824600,way,surface,MISSING,Surface tag is recommended to assess accessibility
124824601,way,surface,MISSING,Surface tag is recommended to assess accessibility
124824603,way,surface,MISSING,Surface tag is recommended to assess accessibility
124824604,way,surface,MISSING,Surface tag is recommended to assess accessibility
124824605,way,surface,MISSING,Surface tag is recommended to assess accessibility
124824606,way,surface,MISSING,Surface tag is recommended to assess accessibility
124862017,way,surface,MISSING,Surface tag is recommended to assess accessibility
124862024,way,surface,MISSING,Surface tag is recommended to assess accessibility
124862027,way,surface,MISSING,Surface tag is recommended to assess accessibility
124862039,way,surface,MISSING,Surface tag is recommended to assess accessibility
124862041,way,surface,MISSING,Surface tag is recommended to assess accessibility
124862045,way,surface,MISSING,Surface tag is recommended to assess accessibility
124862053,way,surface,MISSING,Surface tag is recommended to assess accessibility
124862060,way,surface,MISSING,Surface tag is recommended to assess accessibility
124862065,way,surface,MISSING,Surface tag is recommended to assess accessibility
124862068,way,surface,MISSING,Surface tag is recommended to assess accessibility
124862074,way,surface,MISSING,Surface tag is recommended to assess accessibility
124862075,way,surface,MISSING,Surface tag is recommended to assess accessibility
124862086,way,surface,MISSING,Surface tag is recommended to assess accessibility
124862087,way,surface,MISSING,Surface tag is recommended to assess accessibility
124862088,way,surface,MISSING,Surface tag is recommended to assess accessibility
124862089,way,surface,MISSING,Surface tag is recommended to assess accessibility
124862090,way,surface,MISSING,Surface tag is recommended to assess accessibility
124862091,way,surface,MISSING,Surface tag is recommended to assess accessibility
124862092,way,surface,MISSING,Surface tag is recommended to assess accessibility
124862095,way,surface,MISSING,Surface tag is recommended to assess accessibility
124862097,way,surface,MISSING,Surface tag is recommended to assess accessibility
124862098,way,surface,MISSING,Surface tag is recommended to assess accessibility
124862102,way,surface,MISSING,Surface tag is recommended to assess accessibility
124862103,way,surface,MISSING,Surface tag is recommended to assess accessibility
124862105,way,surface,MISSING,Surface tag is recommended to assess accessibility
124862106,way,surface,MISSING,Surface tag is recommended to assess accessibility
124862107,way,surface,MISSING,Surface tag is recommended to assess accessibility
124862108,way,surface,MISSING,Surface tag is recommended to assess accessibility
124862109,way,surface,MISSING,Surface tag is recommended to assess accessibility
124862111,way,surface,MISSING,Surface tag is recommended to assess accessibility
124862113,way,surface,MISSING,Surface tag is recommended to assess accessibility
124862116,way,surface,MISSING,Surface tag is recommended to assess accessibility
124862119,way,surface,MISSING,Surface tag is recommended to assess accessibility
124862121,way,surface,MISSING,Surface tag is recommended to assess accessibility
124862122,way,surface,MISSING,Surface tag is recommended to assess accessibility
124862126,way,surface,MISSING,Surface tag is recommended to assess accessibility
124862130,way,surface,MISSING,Surface tag is recommended to assess accessibility
124862138,way,surface,MISSING,Surface tag is recommended to assess accessibility
124862139,way,surface,MISSING,Surface tag is recommended to assess accessibility
124862143,way,surface,MISSING,Surface tag is recommended to assess accessibility
124862154,way,surface,MISSING,Surface tag is recommended to assess accessibility
124862155,way,surface,MISSING,Surface tag is recommended to assess accessibility
124862157,way,surface,MISSING,Surface tag is recommended to assess accessibility
124862168,way,surface,MISSING,Surface tag is recommended to assess accessibility
124862172,way,surface,MISSING,Surface tag is recommended to assess accessibility
124862174,way,surface,MISSING,Surface tag is recommended to assess accessibility
124862179,way,surface,MISSING,Surface tag is recommended to assess accessibility
124862180,way,surface,MISSING,Surface tag is recommended to assess accessibility
124862208,way,surface,MISSING,Surface tag is recommended to assess accessibility
124862243,way,surface,MISSING,Surface tag is recommended to assess accessibility
124862256,way,surface,MISSING,Surface tag is recommended to assess accessibility
124862310,way,surface,MISSING,Surface tag is recommended to assess accessibility
124862311,way,surface,MISSING,Surface tag is recommended to assess accessibility
124862312,way,surface,MISSING,Surface tag is recommended to assess accessibility
124862322,way,surface,MISSING,Surface tag is recommended to assess accessibility
124862326,way,surface,MISSING,Surface tag is recommended to assess accessibility
124862331,way,surface,MISSING,Surface tag is recommended to assess accessibility
124862337,way,surface,MISSING,Surface tag is recommended to assess accessibility
124950922,way,surface,MISSING,Surface tag is recommended to assess accessibility
124950924,way,surface,MISSING,Surface tag is recommended to assess accessibility
124950926,way,surface,MISSING,Surface tag is recommended to assess accessibility
124950928,way,surface,MISSING,Surface tag is recommended to assess accessibility
124950930,way,surface,MISSING,Surface tag is recommended to assess accessibility
124950934,way,surface,MISSING,Surface tag is recommended to assess accessibility
124950937,way,surface,MISSING,Surface tag is recommended to assess accessibility
124950938,way,surface,MISSING,Surface tag is recommended to assess accessibility
124950941,way,surface,MISSING,Surface tag is recommended to assess accessibility
124950943,way,surface,MISSING,Surface tag is recommended to assess accessibility
124950945,way,surface,MISSING,Surface tag is recommended to assess accessibility
124950947,way,surface,MISSING,Surface tag is recommended to assess accessibility
124950952,way,surface,MISSING,Surface tag is recommended to assess accessibility
124950953,way,surface,MISSING,Surface tag is recommended to assess accessibility
124950956,way,surface,MISSING,Surface tag is recommended to assess accessibility
124950959,way,surface,MISSING,Surface tag is recommended to assess accessibility
124950960,way,surface,MISSING,Surface tag is recommended to assess accessibility
124950961,way,surface,MISSING,Surface tag is recommended to assess accessibility
124950962,way,surface,MISSING,Surface tag is recommended to assess accessibility
124950965,way,surface,MISSING,Surface tag is recommended to assess accessibility
124950966,way,surface,MISSING,Surface tag is recommended to assess accessibility
124950969,way,surface,MISSING,Surface tag is recommended to assess accessibility
124950970,way,surface,MISSING,Surface tag is recommended to assess accessibility
124950973,way,surface,MISSING,Surface tag is recommended to assess accessibility
124950976,way,surface,MISSING,Surface tag is recommended to assess accessibility
124950978,way,surface,MISSING,Surface tag is recommended to assess accessibility
124950980,way,surface,MISSING,Surface tag is recommended to assess accessibility
124950981,way,surface,MISSING,Surface tag is recommended to assess accessibility
124950983,way,surface,MISSING,Surface tag is recommended to assess accessibility
124950986,way,surface,MISSING,Surface tag is recommended to assess accessibility
124950992,way,surface,MISSING,Surface tag is recommended to assess accessibility
124950993,way,surface,MISSING,Surface tag is recommended to assess accessibility
124950994,way,surface,MISSING,Surface tag is recommended to assess accessibility
124950995,way,surface,MISSING,Surface tag is recommended to assess accessibility
124950996,way,surface,MISSING,Surface tag is recommended to assess accessibility
124950998,way,surface,MISSING,Surface tag is recommended to assess accessibility
124951000,way,surface,MISSING,Surface tag is recommended to assess accessibility
124951002,way,surface,MISSING,Surface tag is recommended to assess accessibility
124951003,way,surface,MISSING,Surface tag is recommended to assess accessibility
124951004,way,surface,MISSING,Surface tag is recommended to assess accessibility
124951005,way,surface,MISSING,Surface tag is recommended to assess accessibility
124951006,way,surface,MISSING,Surface tag is recommended to assess accessibility
124951008,way,surface,MISSING,Surface tag is recommended to assess accessibility
124963400,way,surface,MISSING,Surface tag is recommended to assess accessibility
124963404,way,surface,MISSING,Surface tag is recommended to assess accessibility
124963409,way,surface,MISSING,Surface tag is recommended to assess accessibility
124963410,way,surface,MISSING,Surface tag is recommended to assess accessibility
124963415,way,surface,MISSING,Surface tag is recommended to assess accessibility
124963416,way,surface,MISSING,Surface tag is recommended to assess accessibility
124963419,way,surface,MISSING,Surface tag is recommended to assess accessibility
124963421,way,surface,MISSING,Surface tag is recommended to assess accessibility
124963423,way,surface,MISSING,Surface tag is recommended to assess accessibility
124963429,way,surface,MISSING,Surface tag is recommended to assess accessibility
124963432,way,surface,MISSING,Surface tag is recommended to assess accessibility
124963437,way,surface,MISSING,Surface tag is recommended to assess accessibility
124963439,way,surface,MISSING,Surface tag is recommended to assess accessibility
124963441,way,surface,MISSING,Surface tag is recommended to assess accessibility
124963443,way,surface,MISSING,Surface tag is recommended to assess accessibility
124963444,way,surface,MISSING,Surface tag is recommended to assess accessibility
124963447,way,surface,MISSING,Surface tag is recommended to assess accessibility
124963448,way,surface,MISSING,Surface tag is recommended to assess accessibility
124963450,way,surface,MISSING,Surface tag is recommended to assess accessibility
124963454,way,surface,MISSING,Surface tag is recommended to assess accessibility
124963455,way,surface,MISSING,Surface tag is recommended to assess accessibility
124963457,way,surface,MISSING,Surface tag is recommended to assess accessibility
124963458,way,surface,MISSING,Surface tag is recommended to assess accessibility
124963459,way,surface,MISSING,Surface tag is recommended to assess accessibility
124963462,way,surface,MISSING,Surface tag is recommended to assess accessibility
124963463,way,surface,MISSING,Surface tag is recommended to assess accessibility
124963464,way,surface,MISSING,Surface tag is recommended to assess accessibility
124963466,way,surface,MISSING,Surface tag is recommended to assess accessibility
124963467,way,surface,MISSING,Surface tag is recommended to assess accessibility
124963470,way,surface,MISSING,Surface tag is recommended to assess accessibility
124963471,way,surface,MISSING,Surface tag is recommended to assess accessibility
124963472,way,surface,MISSING,Surface tag is recommended to assess accessibility
124963474,way,surface,MISSING,Surface tag is recommended to assess accessibility
124963477,way,surface,MISSING,Surface tag is recommended to assess accessibility
124963478,way,surface,MISSING,Surface tag is recommended to assess accessibility
124963480,way,surface,MISSING,Surface tag is recommended to assess accessibility
124963482,way,surface,MISSING,Surface tag is recommended to assess accessibility
124963485,way,surface,MISSING,Surface tag is recommended to assess accessibility
124963487,way,surface,MISSING,Surface tag is recommended to assess accessibility
124963517,way,surface,MISSING,Surface tag is recommended to assess accessibility
124963526,way,surface,MISSING,Surface tag is recommended to assess accessibility
124963530,way,surface,MISSING,Surface tag is recommended to assess accessibility
124963539,way,surface,MISSING,Surface tag is recommended to assess accessibility
125128079,way,surface,MISSING,Surface tag is recommended to assess accessibility
125128082,way,surface,MISSING,Surface tag is recommended to assess accessibility
125128092,way,surface,MISSING,Surface tag is recommended to assess accessibility
125128101,way,surface,MISSING,Surface tag is recommended to assess accessibility
125128104,way,surface,MISSING,Surface tag is recommended to assess accessibility
125128115,way,surface,MISSING,Surface tag is recommended to assess accessibility
125128118,way,surface,MISSING,Surface tag is recommended to assess accessibility
125128129,way,surface,MISSING,Surface tag is recommended to assess accessibility
125128130,way,surface,MISSING,Surface tag is recommended to assess accessibility
125128132,way,surface,MISSING,Surface tag is recommended to assess accessibility
125128147,way,surface,MISSING,Surface tag is recommended to assess accessibility
125128154,way,surface,MISSING,Surface tag is recommended to assess accessibility
125128156,way,surface,MISSING,Surface tag is recommended to assess accessibility
125128162,way,surface,MISSING,Surface tag is recommended to assess accessibility
125128170,way,surface,MISSING,Surface tag is recommended to assess accessibility
125128177,way,surface,MISSING,Surface tag is recommended to assess accessibility
125128179,way,surface,MISSING,Surface tag is recommended to assess accessibility
125128189,way,surface,MISSING,Surface tag is recommended to assess accessibility
125128198,way,surface,MISSING,Surface tag is recommended to assess accessibility
125128201,way,surface,MISSING,Surface tag is recommended to assess accessibility
125128202,way,surface,MISSING,Surface tag is recommended to assess accessibility
125128203,way,surface,MISSING,Surface tag is recommended to assess accessibility
125128205,way,surface,MISSING,Surface tag is recommended to assess accessibility
125128209,way,surface,MISSING,Surface tag is recommended to assess accessibility
125144936,way,surface,MISSING,Surface tag is recommended to assess accessibility
125144938,way,surface,MISSING,Surface tag is recommended to assess accessibility
125144939,way,surface,MISSING,Surface tag is recommended to assess accessibility
125144941,way,surface,MISSING,Surface tag is recommended to assess accessibility
125144943,way,surface,MISSING,Surface tag is recommended to assess accessibility
125144945,way,surface,MISSING,Surface tag is recommended to assess accessibility
125144947,way,surface,MISSING,Surface tag is recommended to assess accessibility
125144948,way,surface,MISSING,Surface tag is recommended to assess accessibility
125144949,way,surface,MISSING,Surface tag is recommended to assess accessibility
125144950,way,surface,MISSING,Surface tag is recommended to assess accessibility
125144951,way,surface,MISSING,Surface tag is recommended to assess accessibility
125144952,way,surface,MISSING,Surface tag is recommended to assess accessibility
125144953,way,surface,MISSING,Surface tag is recommended to assess accessibility
125144954,way,surface,MISSING,Surface tag is recommended to assess accessibility
125144955,way,surface,MISSING,Surface tag is recommended to assess accessibility
125144956,way,surface,MISSING,Surface tag is recommended to assess accessibility
125144958,way,surface,MISSING,Surface tag is recommended to assess accessibility
125144960,way,surface,MISSING,Surface tag is recommended to assess accessibility
125144962,way,surface,MISSING,Surface tag is recommended to assess accessibility
125144965,way,surface,MISSING,Surface tag is recommended to assess accessibility
125144967,way,surface,MISSING,Surface tag is recommended to assess accessibility
125144968,way,surface,MISSING,Surface tag is recommended to assess accessibility
125144969,way,surface,MISSING,Surface tag is recommended to assess accessibility
125144970,way,surface,MISSING,Surface tag is recommended to assess accessibility
125144980,way,surface,MISSING,Surface tag is recommended to assess accessibility
125144988,way,surface,MISSING,Surface tag is recommended to assess accessibility
125144990,way,surface,MISSING,Surface tag is recommended to assess accessibility
125144994,way,surface,MISSING,Surface tag is recommended to assess accessibility
125144995,way,surface,MISSING,Surface tag is recommended to assess accessibility
125144998,way,surface,MISSING,Surface tag is recommended to assess accessibility
125145000,way,surface,MISSING,Surface tag is recommended to assess accessibility
125321425,way,surface,MISSING,Surface tag is recommended to assess accessibility
125321434,way,surface,MISSING,Surface tag is recommended to assess accessibility
125321437,way,surface,MISSING,Surface tag is recommended to assess accessibility
125321442,way,surface,MISSING,Surface tag is recommended to assess accessibility
125321448,way,surface,MISSING,Surface tag is recommended to assess accessibility
125321449,way,surface,MISSING,Surface tag is recommended to assess accessibility
125321452,way,surface,MISSING,Surface tag is recommended to assess accessibility
125321456,way,surface,MISSING,Surface tag is recommended to assess accessibility
125321457,way,surface,MISSING,Surface tag is recommended to assess accessibility
125321462,way,surface,MISSING,Surface tag is recommended to assess accessibility
125321463,way,surface,MISSING,Surface tag is recommended to assess accessibility
125321465,way,surface,MISSING,Surface tag is recommended to assess accessibility
125321471,way,surface,MISSING,Surface tag is recommended to assess accessibility
125321472,way,surface,MISSING,Surface tag is recommended to assess accessibility
125321478,way,surface,MISSING,Surface tag is recommended to assess accessibility
125321480,way,surface,MISSING,Surface tag is recommended to assess accessibility
125321482,way,surface,MISSING,Surface tag is recommended to assess accessibility
125321484,way,surface,MISSING,Surface tag is recommended to assess accessibility
125321487,way,surface,MISSING,Surface tag is recommended to assess accessibility
125321493,way,surface,MISSING,Surface tag is recommended to assess accessibility
125321497,way,surface,MISSING,Surface tag is recommended to assess accessibility
125321501,way,surface,MISSING,Surface tag is recommended to assess accessibility
125321502,way,surface,MISSING,Surface tag is recommended to assess accessibility
125321503,way,surface,MISSING,Surface tag is recommended to assess accessibility
125321510,way,surface,MISSING,Surface tag is recommended to assess accessibility
125321512,way,surface,MISSING,Surface tag is recommended to assess accessibility
125321515,way,surface,MISSING,Surface tag is recommended to assess accessibility
125321524,way,surface,MISSING,Surface tag is recommended to assess accessibility
125321539,way,surface,MISSING,Surface tag is recommended to assess accessibility
125321542,way,surface,MISSING,Surface tag is recommended to assess accessibility
125321544,way,surface,MISSING,Surface tag is recommended to assess accessibility
125321547,way,surface,MISSING,Surface tag is recommended to assess accessibility
125321549,way,surface,MISSING,Surface tag is recommended to assess accessibility
125321554,way,surface,MISSING,Surface tag is recommended to assess accessibility
125321556,way,surface,MISSING,Surface tag is recommended to assess accessibility
125321558,way,surface,MISSING,Surface tag is recommended to assess accessibility
125321562,way,surface,MISSING,Surface tag is recommended to assess accessibility
125321563,way,surface,MISSING,Surface tag is recommended to assess accessibility
125321567,way,surface,MISSING,Surface tag is recommended to assess accessibility
125321569,way,surface,MISSING,Surface tag is recommended to assess accessibility
125321574,way,surface,MISSING,Surface tag is recommended to assess accessibility
125321577,way,surface,MISSING,Surface tag is recommended to assess accessibility
125321583,way,surface,MISSING,Surface tag is recommended to assess accessibility
125321586,way,surface,MISSING,Surface tag is recommended to assess accessibility
125321588,way,surface,MISSING,Surface tag is recommended to assess accessibility
125321589,way,surface,MISSING,Surface tag is recommended to assess accessibility
125321591,way,surface,MISSING,Surface tag is recommended to assess accessibility
125321598,way,surface,MISSING,Surface tag is recommended to assess accessibility
125321600,way,surface,MISSING,Surface tag is recommended to assess accessibility
125321603,way,surface,MISSING,Surface tag is recommended to assess accessibility
125321604,way,surface,MISSING,Surface tag is recommended to assess accessibility
125321605,way,surface,MISSING,Surface tag is recommended to assess accessibility
125321607,way,surface,MISSING,Surface tag is recommended to assess accessibility
125321612,way,surface,MISSING,Surface tag is recommended to assess accessibility
125321615,way,surface,MISSING,Surface tag is recommended to assess accessibility
125321619,way,surface,MISSING,Surface tag is recommended to assess accessibility
125321622,way,surface,MISSING,Surface tag is recommended to assess accessibility
125321624,way,surface,MISSING,Surface tag is recommended to assess accessibility
125321630,way,surface,MISSING,Surface tag is recommended to assess accessibility
125321632,way,surface,MISSING,Surface tag is recommended to assess accessibility
125321633,way,surface,MISSING,Surface tag is recommended to assess accessibility
125321640,way,surface,MISSING,Surface tag is recommended to assess accessibility
125321641,way,surface,MISSING,Surface tag is recommended to assess accessibility
125321643,way,surface,MISSING,Surface tag is recommended to assess accessibility
125321645,way,surface,MISSING,Surface tag is recommended to assess accessibility
125321650,way,surface,MISSING,Surface tag is recommended to assess accessibility
125321653,way,surface,MISSING,Surface tag is recommended to assess accessibility
125321655,way,surface,MISSING,Surface tag is recommended to assess accessibility
125321659,way,surface,MISSING,Surface tag is recommended to assess accessibility
125321661,way,surface,MISSING,Surface tag is recommended to assess accessibility
125321663,way,surface,MISSING,Surface tag is recommended to assess accessibility
125321664,way,surface,MISSING,Surface tag is recommended to assess accessibility
125321669,way,surface,MISSING,Surface tag is recommended to assess accessibility
125321673,way,surface,MISSING,Surface tag is recommended to assess accessibility
125321674,way,surface,MISSING,Surface tag is recommended to assess accessibility
125321676,way,surface,MISSING,Surface tag is recommended to assess accessibility
125321677,way,surface,MISSING,Surface tag is recommended to assess accessibility
125321683,way,surface,MISSING,Surface tag is recommended to assess accessibility
125321686,way,surface,MISSING,Surface tag is recommended to assess accessibility
125321687,way,surface,MISSING,Surface tag is recommended to assess accessibility
125321689,way,surface,MISSING,Surface tag is recommended to assess accessibility
125321691,way,surface,MISSING,Surface tag is recommended to assess accessibility
125321692,way,surface,MISSING,Surface tag is recommended to assess accessibility
125321699,way,surface,MISSING,Surface tag is recommended to assess accessibility
125321701,way,surface,MISSING,Surface tag is recommended to assess accessibility
125321704,way,surface,MISSING,Surface tag is recommended to assess accessibility
125321709,way,surface,MISSING,Surface tag is recommended to assess accessibility
125321711,way,surface,MISSING,Surface tag is recommended to assess accessibility
125321712,way,surface,MISSING,Surface tag is recommended to assess accessibility
125321715,way,surface,MISSING,Surface tag is recommended to assess accessibility
125321718,way,surface,MISSING,Surface tag is recommended to assess accessibility
125321722,way,surface,MISSING,Surface tag is recommended to assess accessibility
125321724,way,surface,MISSING,Surface tag is recommended to assess accessibility
125321726,way,surface,MISSING,Surface tag is recommended to assess accessibility
125321727,way,surface,MISSING,Surface tag is recommended to assess accessibility
125321729,way,surface,MISSING,Surface tag is recommended to assess accessibility
125321731,way,surface,MISSING,Surface tag is recommended to assess accessibility
125321736,way,surface,MISSING,Surface tag is recommended to assess accessibility
125321738,way,surface,MISSING,Surface tag is recommended to assess accessibility
125321740,way,surface,MISSING,Surface tag is recommended to assess accessibility
125321741,way,surface,MISSING,Surface tag is recommended to assess accessibility
125321742,way,surface,MISSING,Surface tag is recommended to assess accessibility
125321744,way,surface,MISSING,Surface tag is recommended to assess accessibility
125321746,way,surface,MISSING,Surface tag is recommended to assess accessibility
125321767,way,surface,MISSING,Surface tag is recommended to assess accessibility
125321777,way,surface,MISSING,Surface tag is recommended to assess accessibility
125321779,way,surface,MISSING,Surface tag is recommended to assess accessibility
125321791,way,surface,MISSING,Surface tag is recommended to assess accessibility
125321819,way,surface,MISSING,Surface tag is recommended to assess accessibility
125321825,way,surface,MISSING,Surface tag is recommended to assess accessibility
125321829,way,surface,MISSING,Surface tag is recommended to assess accessibility
125321841,way,surface,MISSING,Surface tag is recommended to assess accessibility
125321940,way,surface,MISSING,Surface tag is recommended to assess accessibility
125321964,way,surface,MISSING,Surface tag is recommended to assess accessibility
125321989,way,surface,MISSING,Surface tag is recommended to assess accessibility
125321991,way,surface,MISSING,Surface tag is recommended to assess accessibility
125321993,way,surface,MISSING,Surface tag is recommended to assess accessibility
125321996,way,surface,MISSING,Surface tag is recommended to assess accessibility
125322003,way,surface,MISSING,Surface tag is recommended to assess accessibility
125322004,way,surface,MISSING,Surface tag is recommended to assess accessibility
125322006,way,surface,MISSING,Surface tag is recommended to assess accessibility
125322034,way,surface,MISSING,Surface tag is recommended to assess accessibility
125322051,way,surface,MISSING,Surface tag is recommended to assess accessibility
125322065,way,surface,MISSING,Surface tag is recommended to assess accessibility
125322069,way,surface,MISSING,Surface tag is recommended to assess accessibility
125322078,way,surface,MISSING,Surface tag is recommended to assess accessibility
125322080,way,surface,MISSING,Surface tag is recommended to assess accessibility
125322087,way,surface,MISSING,Surface tag is recommended to assess accessibility
125322089,way,surface,MISSING,Surface tag is recommended to assess accessibility
125322103,way,surface,MISSING,Surface tag is recommended to assess accessibility
125322109,way,surface,MISSING,Surface tag is recommended to assess accessibility
125322111,way,surface,MISSING,Surface tag is recommended to assess accessibility
125437240,way,surface,MISSING,Surface tag is recommended to assess accessibility
125437243,way,surface,MISSING,Surface tag is recommended to assess accessibility
125437244,way,surface,MISSING,Surface tag is recommended to assess accessibility
125437245,way,surface,MISSING,Surface tag is recommended to assess accessibility
125437246,way,surface,MISSING,Surface tag is recommended to assess accessibility
125437248,way,surface,MISSING,Surface tag is recommended to assess accessibility
125437250,way,surface,MISSING,Surface tag is recommended to assess accessibility
125437251,way,surface,MISSING,Surface tag is recommended to assess accessibility
125437252,way,surface,MISSING,Surface tag is recommended to assess accessibility
125437254,way,surface,MISSING,Surface tag is recommended to assess accessibility
125437257,way,surface,MISSING,Surface tag is recommended to assess accessibility
125437258,way,surface,MISSING,Surface tag is recommended to assess accessibility
125437259,way,surface,MISSING,Surface tag is recommended to assess accessibility
125437260,way,surface,MISSING,Surface tag is recommended to assess accessibility
125437263,way,surface,MISSING,Surface tag is recommended to assess accessibility
125437265,way,surface,MISSING,Surface tag is recommended to assess accessibility
125437266,way,surface,MISSING,Surface tag is recommended to assess accessibility
125437267,way,surface,MISSING,Surface tag is recommended to assess accessibility
125437269,way,surface,MISSING,Surface tag is recommended to assess accessibility
125437270,way,surface,MISSING,Surface tag is recommended to assess accessibility
125437271,way,surface,MISSING,Surface tag is recommended to assess accessibility
125437274,way,surface,MISSING,Surface tag is recommended to assess accessibility
125437279,way,surface,MISSING,Surface tag is recommended to assess accessibility
125437282,way,surface,MISSING,Surface tag is recommended to assess accessibility
125437306,way,surface,MISSING,Surface tag is recommended to assess accessibility
125437311,way,surface,MISSING,Surface tag is recommended to assess accessibility
125437315,way,surface,MISSING,Surface tag is recommended to assess accessibility
125437317,way,surface,MISSING,Surface tag is recommended to assess accessibility
125437321,way,surface,MISSING,Surface tag is recommended to assess accessibility
125437323,way,surface,MISSING,Surface tag is recommended to assess accessibility
125450923,way,surface,MISSING,Surface tag is recommended to assess accessibility
125450931,way,surface,MISSING,Surface tag is recommended to assess accessibility
125450933,way,surface,MISSING,Surface tag is recommended to assess accessibility
125450936,way,surface,MISSING,Surface tag is recommended to assess accessibility
125450937,way,surface,MISSING,Surface tag is recommended to assess accessibility
125450938,way,surface,MISSING,Surface tag is recommended to assess accessibility
125450942,way,surface,MISSING,Surface tag is recommended to assess accessibility
125450943,way,surface,MISSING,Surface tag is recommended to assess accessibility
125450944,way,surface,MISSING,Surface tag is recommended to assess accessibility
125450947,way,surface,MISSING,Surface tag is recommended to assess accessibility
125450951,way,surface,MISSING,Surface tag is recommended to assess accessibility
125483523,way,surface,MISSING,Surface tag is recommended to assess accessibility
125483524,way,surface,MISSING,Surface tag is recommended to assess accessibility
125483525,way,surface,MISSING,Surface tag is recommended to assess accessibility
125483526,way,surface,MISSING,Surface tag is recommended to assess accessibility
125483527,way,surface,MISSING,Surface tag is recommended to assess accessibility
125483528,way,surface,MISSING,Surface tag is recommended to assess accessibility
125483529,way,surface,MISSING,Surface tag is recommended to assess accessibility
125483530,way,surface,MISSING,Surface tag is recommended to assess accessibility
125483531,way,surface,MISSING,Surface tag is recommended to assess accessibility
125483532,way,surface,MISSING,Surface tag is recommended to assess accessibility
125483533,way,surface,MISSING,Surface tag is recommended to assess accessibility
125483534,way,surface,MISSING,Surface tag is recommended to assess accessibility
125483535,way,surface,MISSING,Surface tag is recommended to assess accessibility
125483536,way,surface,MISSING,Surface tag is recommended to assess accessibility
125483537,way,surface,MISSING,Surface tag is recommended to assess accessibility
125483538,way,surface,MISSING,Surface tag is recommended to assess accessibility
125483539,way,surface,MISSING,Surface tag is recommended to assess accessibility
125483540,way,surface,MISSING,Surface tag is recommended to assess accessibility
125483541,way,surface,MISSING,Surface tag is recommended to assess accessibility
125483542,way,surface,MISSING,Surface tag is recommended to assess accessibility
125483543,way,surface,MISSING,Surface tag is recommended to assess accessibility
125483544,way,surface,MISSING,Surface tag is recommended to assess accessibility
125483545,way,surface,MISSING,Surface tag is recommended to assess accessibility
125483547,way,surface,MISSING,Surface tag is recommended to assess accessibility
125483548,way,surface,MISSING,Surface tag is recommended to assess accessibility
125483549,way,surface,MISSING,Surface tag is recommended to assess accessibility
125483550,way,surface,MISSING,Surface tag is recommended to assess accessibility
125483551,way,surface,MISSING,Surface tag is recommended to assess accessibility
125483552,way,surface,MISSING,Surface tag is recommended to assess accessibility
125483553,way,surface,MISSING,Surface tag is recommended to assess accessibility
125483554,way,surface,MISSING,Surface tag is recommended to assess accessibility
125483555,way,surface,MISSING,Surface tag is recommended to assess accessibility
125483556,way,surface,MISSING,Surface tag is recommended to assess accessibility
125483557,way,surface,MISSING,Surface tag is recommended to assess accessibility
125483558,way,surface,MISSING,Surface tag is recommended to assess accessibility
125483559,way,surface,MISSING,Surface tag is recommended to assess accessibility
125483560,way,surface,MISSING,Surface tag is recommended to assess accessibility
125483561,way,surface,MISSING,Surface tag is recommended to assess accessibility
125483562,way,surface,MISSING,Surface tag is recommended to assess accessibility
125483563,way,surface,MISSING,Surface tag is recommended to assess accessibility
125483564,way,surface,MISSING,Surface tag is recommended to assess accessibility
125483565,way,surface,MISSING,Surface tag is recommended to assess accessibility
125483566,way,surface,MISSING,Surface tag is recommended to assess accessibility
125483567,way,surface,MISSING,Surface tag is recommended to assess accessibility
125483568,way,surface,MISSING,Surface tag is recommended to assess accessibility
125483569,way,surface,MISSING,Surface tag is recommended to assess accessibility
125483570,way,surface,MISSING,Surface tag is recommended to assess accessibility
125483571,way,surface,MISSING,Surface tag is recommended to assess accessibility
125483572,way,surface,MISSING,Surface tag is recommended to assess accessibility
125483573,way,surface,MISSING,Surface tag is recommended to assess accessibility
125483574,way,surface,MISSING,Surface tag is recommended to assess accessibility
125483575,way,surface,MISSING,Surface tag is recommended to assess accessibility
125483579,way,surface,MISSING,Surface tag is recommended to assess accessibility
125483580,way,surface,MISSING,Surface tag is recommended to assess accessibility
125483584,way,surface,MISSING,Surface tag is recommended to assess accessibility
125483589,way,surface,MISSING,Surface tag is recommended to assess accessibility
125483596,way,surface,MISSING,Surface tag is recommended to assess accessibility
125483598,way,surface,MISSING,Surface tag is recommended to assess accessibility
125483603,way,surface,MISSING,Surface tag is recommended to assess accessibility
125483616,way,surface,MISSING,Surface tag is recommended to assess accessibility
125483627,way,surface,MISSING,Surface tag is recommended to assess accessibility
125483634,way,surface,MISSING,Surface tag is recommended to assess accessibility
125483639,way,surface,MISSING,Surface tag is recommended to assess accessibility
125483646,way,surface,MISSING,Surface tag is recommended to assess accessibility
125483650,way,surface,MISSING,Surface tag is recommended to assess accessibility
125483657,way,surface,MISSING,Surface tag is recommended to assess accessibility
125483658,way,surface,MISSING,Surface tag is recommended to assess accessibility
125483661,way,surface,MISSING,Surface tag is recommended to assess accessibility
125483665,way,surface,MISSING,Surface tag is recommended to assess accessibility
125483667,way,surface,MISSING,Surface tag is recommended to assess accessibility
125483671,way,surface,MISSING,Surface tag is recommended to assess accessibility
125483673,way,surface,MISSING,Surface tag is recommended to assess accessibility
125483675,way,surface,MISSING,Surface tag is recommended to assess accessibility
125483676,way,surface,MISSING,Surface tag is recommended to assess accessibility
125483677,way,surface,MISSING,Surface tag is recommended to assess accessibility
125483679,way,surface,MISSING,Surface tag is recommended to assess accessibility
125483680,way,surface,MISSING,Surface tag is recommended to assess accessibility
125483681,way,surface,MISSING,Surface tag is recommended to assess accessibility
125483682,way,surface,MISSING,Surface tag is recommended to assess accessibility
125483683,way,surface,MISSING,Surface tag is recommended to assess accessibility
125483684,way,surface,MISSING,Surface tag is recommended to assess accessibility
125483685,way,surface,MISSING,Surface tag is recommended to assess accessibility
125483686,way,surface,MISSING,Surface tag is recommended to assess accessibility
125483687,way,surface,MISSING,Surface tag is recommended to assess accessibility
125483688,way,surface,MISSING,Surface tag is recommended to assess accessibility
125594138,way,surface,MISSING,Surface tag is recommended to assess accessibility
125594139,way,surface,MISSING,Surface tag is recommended to assess accessibility
125594140,way,surface,MISSING,Surface tag is recommended to assess accessibility
125594142,way,surface,MISSING,Surface tag is recommended to assess accessibility
125594143,way,surface,MISSING,Surface tag is recommended to assess accessibility
125594146,way,surface,MISSING,Surface tag is recommended to assess accessibility
125594147,way,surface,MISSING,Surface tag is recommended to assess accessibility
125594148,way,surface,MISSING,Surface tag is recommended to assess accessibility
125594149,way,surface,MISSING,Surface tag is recommended to assess accessibility
125594150,way,surface,MISSING,Surface tag is recommended to assess accessibility
125594151,way,surface,MISSING,Surface tag is recommended to assess accessibility
125594152,way,surface,MISSING,Surface tag is recommended to assess accessibility
125594153,way,surface,MISSING,Surface tag is recommended to assess accessibility
125594154,way,surface,MISSING,Surface tag is recommended to assess accessibility
125594156,way,surface,MISSING,Surface tag is recommended to assess accessibility
125594157,way,surface,MISSING,Surface tag is recommended to assess accessibility
125594158,way,surface,MISSING,Surface tag is recommended to assess accessibility
125594159,way,surface,MISSING,Surface tag is recommended to assess accessibility
125594160,way,surface,MISSING,Surface tag is recommended to assess accessibility
125594161,way,surface,MISSING,Surface tag is recommended to assess accessibility
125594162,way,surface,MISSING,Surface tag is recommended to assess accessibility
125594164,way,surface,MISSING,Surface tag is recommended to assess accessibility
125594165,way,surface,MISSING,Surface tag is recommended to assess accessibility
125594166,way,surface,MISSING,Surface tag is recommended to assess accessibility
125594167,way,surface,MISSING,Surface tag is recommended to assess accessibility
125594169,way,surface,MISSING,Surface tag is recommended to assess accessibility
125594170,way,surface,MISSING,Surface tag is recommended to assess accessibility
125594171,way,surface,MISSING,Surface tag is recommended to assess accessibility
125594174,way,surface,MISSING,Surface tag is recommended to assess accessibility
125594175,way,surface,MISSING,Surface tag is recommended to assess accessibility
125594176,way,surface,MISSING,Surface tag is recommended to assess accessibility
125594177,way,surface,MISSING,Surface tag is recommended to assess accessibility
125594178,way,surface,MISSING,Surface tag is recommended to assess accessibility
125594179,way,surface,MISSING,Surface tag is recommended to assess accessibility
125594180,way,surface,MISSING,Surface tag is recommended to assess accessibility
125594184,way,surface,MISSING,Surface tag is recommended to assess accessibility
125594187,way,surface,MISSING,Surface tag is recommended to assess accessibility
125594188,way,surface,MISSING,Surface tag is recommended to assess accessibility
125594190,way,surface,MISSING,Surface tag is recommended to assess accessibility
125594191,way,surface,MISSING,Surface tag is recommended to assess accessibility
125594225,way,surface,MISSING,Surface tag is recommended to assess accessibility
125594226,way,surface,MISSING,Surface tag is recommended to assess accessibility
125594228,way,surface,MISSING,Surface tag is recommended to assess accessibility
125594229,way,surface,MISSING,Surface tag is recommended to assess accessibility
125594230,way,surface,MISSING,Surface tag is recommended to assess accessibility
125594231,way,surface,MISSING,Surface tag is recommended to assess accessibility
125594234,way,surface,MISSING,Surface tag is recommended to assess accessibility
125746324,way,surface,MISSING,Surface tag is recommended to assess accessibility
125746325,way,surface,MISSING,Surface tag is recommended to assess accessibility
125746326,way,surface,MISSING,Surface tag is recommended to assess accessibility
125746329,way,surface,MISSING,Surface tag is recommended to assess accessibility
125746330,way,surface,MISSING,Surface tag is recommended to assess accessibility
125746332,way,surface,MISSING,Surface tag is recommended to assess accessibility
125746333,way,surface,MISSING,Surface tag is recommended to assess accessibility
125746334,way,surface,MISSING,Surface tag is recommended to assess accessibility
125746336,way,surface,MISSING,Surface tag is recommended to assess accessibility
125746337,way,surface,MISSING,Surface tag is recommended to assess accessibility
125746338,way,surface,MISSING,Surface tag is recommended to assess accessibility
125746339,way,surface,MISSING,Surface tag is recommended to assess accessibility
125746340,way,surface,MISSING,Surface tag is recommended to assess accessibility
125746342,way,surface,MISSING,Surface tag is recommended to assess accessibility
125746345,way,surface,MISSING,Surface tag is recommended to assess accessibility
125746346,way,surface,MISSING,Surface tag is recommended to assess accessibility
125746347,way,surface,MISSING,Surface tag is recommended to assess accessibility
125746348,way,surface,MISSING,Surface tag is recommended to assess accessibility
125746349,way,surface,MISSING,Surface tag is recommended to assess accessibility
125746350,way,surface,MISSING,Surface tag is recommended to assess accessibility
125746351,way,surface,MISSING,Surface tag is recommended to assess accessibility
125746352,way,surface,MISSING,Surface tag is recommended to assess accessibility
125746354,way,surface,MISSING,Surface tag is recommended to assess accessibility
125746357,way,surface,MISSING,Surface tag is recommended to assess accessibility
125746358,way,surface,MISSING,Surface tag is recommended to assess accessibility
125746362,way,surface,MISSING,Surface tag is recommended to assess accessibility
125746363,way,surface,MISSING,Surface tag is recommended to assess accessibility
125746366,way,surface,MISSING,Surface tag is recommended to assess accessibility
125746367,way,surface,MISSING,Surface tag is recommended to assess accessibility
125746370,way,surface,MISSING,Surface tag is recommended to assess accessibility
125746371,way,surface,MISSING,Surface tag is recommended to assess accessibility
125746372,way,surface,MISSING,Surface tag is recommended to assess accessibility
125746373,way,surface,MISSING,Surface tag is recommended to assess accessibility
125746374,way,surface,MISSING,Surface tag is recommended to assess accessibility
125746375,way,surface,MISSING,Surface tag is recommended to assess accessibility
125746376,way,surface,MISSING,Surface tag is recommended to assess accessibility
125746377,way,surface,MISSING,Surface tag is recommended to assess accessibility
125746378,way,surface,MISSING,Surface tag is recommended to assess accessibility
125746379,way,surface,MISSING,Surface tag is recommended to assess accessibility
125746380,way,surface,MISSING,Surface tag is recommended to assess accessibility
125746382,way,surface,MISSING,Surface tag is recommended to assess accessibility
125746383,way,surface,MISSING,Surface tag is recommended to assess accessibility
125746384,way,surface,MISSING,Surface tag is recommended to assess accessibility
125746387,way,surface,MISSING,Surface tag is recommended to assess accessibility
125746389,way,surface,MISSING,Surface tag is recommended to assess accessibility
125746390,way,surface,MISSING,Surface tag is recommended to assess accessibility
125746391,way,surface,MISSING,Surface tag is recommended to assess accessibility
125746393,way,surface,MISSING,Surface tag is recommended to assess accessibility
125746394,way,surface,MISSING,Surface tag is recommended to assess accessibility
125746395,way,surface,MISSING,Surface tag is recommended to assess accessibility
125746396,way,surface,MISSING,Surface tag is recommended to assess accessibility
125746398,way,surface,MISSING,Surface tag is recommended to assess accessibility
125746401,way,surface,MISSING,Surface tag is recommended to assess accessibility
125746402,way,surface,MISSING,Surface tag is recommended to assess accessibility
125746403,way,surface,MISSING,Surface tag is recommended to assess accessibility
125746404,way,surface,MISSING,Surface tag is recommended to assess accessibility
125746407,way,surface,MISSING,Surface tag is recommended to assess accessibility
125746408,way,surface,MISSING,Surface tag is recommended to assess accessibility
125746409,way,surface,MISSING,Surface tag is recommended to assess accessibility
125746410,way,surface,MISSING,Surface tag is recommended to assess accessibility
125746411,way,surface,MISSING,Surface tag is recommended to assess accessibility
125746412,way,surface,MISSING,Surface tag is recommended to assess accessibility
125746415,way,surface,MISSING,Surface tag is recommended to assess accessibility
125746416,way,surface,MISSING,Surface tag is recommended to assess accessibility
125746417,way,surface,MISSING,Surface tag is recommended to assess accessibility
125746418,way,surface,MISSING,Surface tag is recommended to assess accessibility
125746419,way,surface,MISSING,Surface tag is recommended to assess accessibility
125746420,way,surface,MISSING,Surface tag is recommended to assess accessibility
125746421,way,surface,MISSING,Surface tag is recommended to assess accessibility
125746422,way,surface,MISSING,Surface tag is recommended to assess accessibility
125746423,way,surface,MISSING,Surface tag is recommended to assess accessibility
125746424,way,surface,MISSING,Surface tag is recommended to assess accessibility
125746425,way,surface,MISSING,Surface tag is recommended to assess accessibility
125746426,way,surface,MISSING,Surface tag is recommended to assess accessibility
125746429,way,surface,MISSING,Surface tag is recommended to assess accessibility
125746430,way,surface,MISSING,Surface tag is recommended to assess accessibility
125746434,way,surface,MISSING,Surface tag is recommended to assess accessibility
125746440,way,surface,MISSING,Surface tag is recommended to assess accessibility
125746450,way,surface,MISSING,Surface tag is recommended to assess accessibility
125746459,way,surface,MISSING,Surface tag is recommended to assess accessibility
125746463,way,surface,MISSING,Surface tag is recommended to assess accessibility
125746466,way,surface,MISSING,Surface tag is recommended to assess accessibility
125746473,way,surface,MISSING,Surface tag is recommended to assess accessibility
125746476,way,surface,MISSING,Surface tag is recommended to assess accessibility
125746479,way,surface,MISSING,Surface tag is recommended to assess accessibility
125746486,way,surface,MISSING,Surface tag is recommended to assess accessibility
125746491,way,surface,MISSING,Surface tag is recommended to assess accessibility
125746497,way,surface,MISSING,Surface tag is recommended to assess accessibility
125746501,way,surface,MISSING,Surface tag is recommended to assess accessibility
125746524,way,surface,MISSING,Surface tag is recommended to assess accessibility
125746528,way,surface,MISSING,Surface tag is recommended to assess accessibility
125746530,way,surface,MISSING,Surface tag is recommended to assess accessibility
125746534,way,surface,MISSING,Surface tag is recommended to assess accessibility
125746538,way,surface,MISSING,Surface tag is recommended to assess accessibility
125746541,way,surface,MISSING,Surface tag is recommended to assess accessibility
125746543,way,surface,MISSING,Surface tag is recommended to assess accessibility
125746544,way,surface,MISSING,Surface tag is recommended to assess accessibility
125746548,way,surface,MISSING,Surface tag is recommended to assess accessibility
125746549,way,surface,MISSING,Surface tag is recommended to assess accessibility
125746550,way,surface,MISSING,Surface tag is recommended to assess accessibility
125746552,way,surface,MISSING,Surface tag is recommended to assess accessibility
125746554,way,surface,MISSING,Surface tag is recommended to assess accessibility
125746560,way,surface,MISSING,Surface tag is recommended to assess accessibility
125746562,way,surface,MISSING,Surface tag is recommended to assess accessibility
125746564,way,surface,MISSING,Surface tag is recommended to assess accessibility
125746567,way,surface,MISSING,Surface tag is recommended to assess accessibility
125746568,way,surface,MISSING,Surface tag is recommended to assess accessibility
125746571,way,surface,MISSING,Surface tag is recommended to assess accessibility
125746572,way,surface,MISSING,Surface tag is recommended to assess accessibility
125746574,way,surface,MISSING,Surface tag is recommended to assess accessibility
125746576,way,surface,MISSING,Surface tag is recommended to assess accessibility
125746578,way,surface,MISSING,Surface tag is recommended to assess accessibility
125746581,way,surface,MISSING,Surface tag is recommended to assess accessibility
125746585,way,surface,MISSING,Surface tag is recommended to assess accessibility
125746591,way,surface,MISSING,Surface tag is recommended to assess accessibility
125746595,way,surface,MISSING,Surface tag is recommended to assess accessibility
125746599,way,surface,MISSING,Surface tag is recommended to assess accessibility
125844543,way,surface,MISSING,Surface tag is recommended to assess accessibility
125844544,way,surface,MISSING,Surface tag is recommended to assess accessibility
125844546,way,surface,MISSING,Surface tag is recommended to assess accessibility
125844548,way,surface,MISSING,Surface tag is recommended to assess accessibility
125844549,way,surface,MISSING,Surface tag is recommended to assess accessibility
125844551,way,surface,MISSING,Surface tag is recommended to assess accessibility
125844552,way,surface,MISSING,Surface tag is recommended to assess accessibility
125844553,way,surface,MISSING,Surface tag is recommended to assess accessibility
125844554,way,surface,MISSING,Surface tag is recommended to assess accessibility
125844556,way,surface,MISSING,Surface tag is recommended to assess accessibility
125844557,way,surface,MISSING,Surface tag is recommended to assess accessibility
125844558,way,surface,MISSING,Surface tag is recommended to assess accessibility
125844559,way,surface,MISSING,Surface tag is recommended to assess accessibility
125844560,way,surface,MISSING,Surface tag is recommended to assess accessibility
125844561,way,surface,MISSING,Surface tag is recommended to assess accessibility
125844563,way,surface,MISSING,Surface tag is recommended to assess accessibility
125844564,way,surface,MISSING,Surface tag is recommended to assess accessibility
125844565,way,surface,MISSING,Surface tag is recommended to assess accessibility
125844566,way,surface,MISSING,Surface tag is recommended to assess accessibility
125844567,way,surface,MISSING,Surface tag is recommended to assess accessibility
125844569,way,surface,MISSING,Surface tag is recommended to assess accessibility
125844571,way,surface,MISSING,Surface tag is recommended to assess accessibility
125844573,way,surface,MISSING,Surface tag is recommended to assess accessibility
125844574,way,surface,MISSING,Surface tag is recommended to assess accessibility
125844576,way,surface,MISSING,Surface tag is recommended to assess accessibility
125844577,way,surface,MISSING,Surface tag is recommended to assess accessibility
125844578,way,surface,MISSING,Surface tag is recommended to assess accessibility
125844579,way,surface,MISSING,Surface tag is recommended to assess accessibility
125844580,way,surface,MISSING,Surface tag is recommended to assess accessibility
125844582,way,surface,MISSING,Surface tag is recommended to assess accessibility
125844583,way,surface,MISSING,Surface tag is recommended to assess accessibility
125844584,way,surface,MISSING,Surface tag is recommended to assess accessibility
125844585,way,surface,MISSING,Surface tag is recommended to assess accessibility
125844586,way,surface,MISSING,Surface tag is recommended to assess accessibility
125844588,way,surface,MISSING,Surface tag is recommended to assess accessibility
125844590,way,surface,MISSING,Surface tag is recommended to assess accessibility
125844592,way,surface,MISSING,Surface tag is recommended to assess accessibility
125844593,way,surface,MISSING,Surface tag is recommended to assess accessibility
125844594,way,surface,MISSING,Surface tag is recommended to assess accessibility
125844595,way,surface,MISSING,Surface tag is recommended to assess accessibility
125844596,way,surface,MISSING,Surface tag is recommended to assess accessibility
125844597,way,surface,MISSING,Surface tag is recommended to assess accessibility
125844599,way,surface,MISSING,Surface tag is recommended to assess accessibility
125844601,way,surface,MISSING,Surface tag is recommended to assess accessibility
125844602,way,surface,MISSING,Surface tag is recommended to assess accessibility
125844603,way,surface,MISSING,Surface tag is recommended to assess accessibility
125844604,way,surface,MISSING,Surface tag is recommended to assess accessibility
125844606,way,surface,MISSING,Surface tag is recommended to assess accessibility
125844607,way,surface,MISSING,Surface tag is recommended to assess accessibility
125844608,way,surface,MISSING,Surface tag is recommended to assess accessibility
125844609,way,surface,MISSING,Surface tag is recommended to assess accessibility
125844610,way,surface,MISSING,Surface tag is recommended to assess accessibility
125844611,way,surface,MISSING,Surface tag is recommended to assess accessibility
125844612,way,surface,MISSING,Surface tag is recommended to assess accessibility
125844613,way,surface,MISSING,Surface tag is recommended to assess accessibility
125844614,way,surface,MISSING,Surface tag is recommended to assess accessibility
125844615,way,surface,MISSING,Surface tag is recommended to assess accessibility
125844616,way,surface,MISSING,Surface tag is recommended to assess accessibility
125844618,way,surface,MISSING,Surface tag is recommended to assess accessibility
125844619,way,surface,MISSING,Surface tag is recommended to assess accessibility
125844620,way,surface,MISSING,Surface tag is recommended to assess accessibility
125844621,way,surface,MISSING,Surface tag is recommended to assess accessibility
125844622,way,surface,MISSING,Surface tag is recommended to assess accessibility
125844623,way,surface,MISSING,Surface tag is recommended to assess accessibility
125844624,way,surface,MISSING,Surface tag is recommended to assess accessibility
125844625,way,surface,MISSING,Surface tag is recommended to assess accessibility
125844626,way,surface,MISSING,Surface tag is recommended to assess accessibility
125844627,way,surface,MISSING,Surface tag is recommended to assess accessibility
125844629,way,surface,MISSING,Surface tag is recommended to assess accessibility
125844631,way,surface,MISSING,Surface tag is recommended to assess accessibility
125844632,way,surface,MISSING,Surface tag is recommended to assess accessibility
125844633,way,surface,MISSING,Surface tag is recommended to assess accessibility
125844634,way,surface,MISSING,Surface tag is recommended to assess accessibility
125844635,way,surface,MISSING,Surface tag is recommended to assess accessibility
125844637,way,surface,MISSING,Surface tag is recommended to assess accessibility
125844639,way,surface,MISSING,Surface tag is recommended to assess accessibility
125844640,way,surface,MISSING,Surface tag is recommended to assess accessibility
125844641,way,surface,MISSING,Surface tag is recommended to assess accessibility
125844643,way,surface,MISSING,Surface tag is recommended to assess accessibility
125844644,way,surface,MISSING,Surface tag is recommended to assess accessibility
125844646,way,surface,MISSING,Surface tag is recommended to assess accessibility
125844647,way,surface,MISSING,Surface tag is recommended to assess accessibility
125844650,way,surface,MISSING,Surface tag is recommended to assess accessibility
125844652,way,surface,MISSING,Surface tag is recommended to assess accessibility
125844654,way,surface,MISSING,Surface tag is recommended to assess accessibility
125844655,way,surface,MISSING,Surface tag is recommended to assess accessibility
125844656,way,surface,MISSING,Surface tag is recommended to assess accessibility
125844658,way,surface,MISSING,Surface tag is recommended to assess accessibility
125844659,way,surface,MISSING,Surface tag is recommended to assess accessibility
125844660,way,surface,MISSING,Surface tag is recommended to assess accessibility
125844661,way,surface,MISSING,Surface tag is recommended to assess accessibility
125844663,way,surface,MISSING,Surface tag is recommended to assess accessibility
125844664,way,surface,MISSING,Surface tag is recommended to assess accessibility
125844669,way,surface,MISSING,Surface tag is recommended to assess accessibility
125844670,way,surface,MISSING,Surface tag is recommended to assess accessibility
125844672,way,surface,MISSING,Surface tag is recommended to assess accessibility
125844673,way,surface,MISSING,Surface tag is recommended to assess accessibility
125844674,way,surface,MISSING,Surface tag is recommended to assess accessibility
125844675,way,surface,MISSING,Surface tag is recommended to assess accessibility
125844677,way,surface,MISSING,Surface tag is recommended to assess accessibility
125844678,way,surface,MISSING,Surface tag is recommended to assess accessibility
125844682,way,surface,MISSING,Surface tag is recommended to assess accessibility
125844696,way,surface,MISSING,Surface tag is recommended to assess accessibility
125844697,way,surface,MISSING,Surface tag is recommended to assess accessibility
125844701,way,surface,MISSING,Surface tag is recommended to assess accessibility
125844705,way,surface,MISSING,Surface tag is recommended to assess accessibility
125844716,way,surface,MISSING,Surface tag is recommended to assess accessibility
125844717,way,surface,MISSING,Surface tag is recommended to assess accessibility
125844726,way,surface,MISSING,Surface tag is recommended to assess accessibility
125844741,way,surface,MISSING,Surface tag is recommended to assess accessibility
125844755,way,surface,MISSING,Surface tag is recommended to assess accessibility
125844756,way,surface,MISSING,Surface tag is recommended to assess accessibility
125844758,way,surface,MISSING,Surface tag is recommended to assess accessibility
125844760,way,surface,MISSING,Surface tag is recommended to assess accessibility
125844765,way,surface,MISSING,Surface tag is recommended to assess accessibility
125844780,way,surface,MISSING,Surface tag is recommended to assess accessibility
125844787,way,surface,MISSING,Surface tag is recommended to assess accessibility
125844792,way,surface,MISSING,Surface tag is recommended to assess accessibility
125844793,way,surface,MISSING,Surface tag is recommended to assess accessibility
125844795,way,surface,MISSING,Surface tag is recommended to assess accessibility
125844800,way,surface,MISSING,Surface tag is recommended to assess accessibility
125844801,way,surface,MISSING,Surface tag is recommended to assess accessibility
125844802,way,surface,MISSING,Surface tag is recommended to assess accessibility
125844803,way,surface,MISSING,Surface tag is recommended to assess accessibility
125844804,way,surface,MISSING,Surface tag is recommended to assess accessibility
125844808,way,surface,MISSING,Surface tag is recommended to assess accessibility
125844811,way,surface,MISSING,Surface tag is recommended to assess accessibility
125844824,way,surface,MISSING,Surface tag is recommended to assess accessibility
125844828,way,surface,MISSING,Surface tag is recommended to assess accessibility
125844831,way,surface,MISSING,Surface tag is recommended to assess accessibility
125844833,way,surface,MISSING,Surface tag is recommended to assess accessibility
125844834,way,surface,MISSING,Surface tag is recommended to assess accessibility
125844835,way,surface,MISSING,Surface tag is recommended to assess accessibility
125844836,way,surface,MISSING,Surface tag is recommended to assess accessibility
125844838,way,surface,MISSING,Surface tag is recommended to assess accessibility
125844839,way,surface,MISSING,Surface tag is recommended to assess accessibility
125844841,way,surface,MISSING,Surface tag is recommended to assess accessibility
125844842,way,surface,MISSING,Surface tag is recommended to assess accessibility
125844843,way,surface,MISSING,Surface tag is recommended to assess accessibility
125844844,way,surface,MISSING,Surface tag is recommended to assess accessibility
125844846,way,surface,MISSING,Surface tag is recommended to assess accessibility
125844847,way,surface,MISSING,Surface tag is recommended to assess accessibility
125844848,way,surface,MISSING,Surface tag is recommended to assess accessibility
125844849,way,surface,MISSING,Surface tag is recommended to assess accessibility
125844850,way,surface,MISSING,Surface tag is recommended to assess accessibility
125844851,way,surface,MISSING,Surface tag is recommended to assess accessibility
125844852,way,surface,MISSING,Surface tag is recommended to assess accessibility
125844853,way,surface,MISSING,Surface tag is recommended to assess accessibility
125844854,way,surface,MISSING,Surface tag is recommended to assess accessibility
125844855,way,surface,MISSING,Surface tag is recommended to assess accessibility
125844856,way,surface,MISSING,Surface tag is recommended to assess accessibility
125844858,way,surface,MISSING,Surface tag is recommended to assess accessibility
125844859,way,surface,MISSING,Surface tag is recommended to assess accessibility
125844860,way,surface,MISSING,Surface tag is recommended to assess accessibility
126014441,way,surface,MISSING,Surface tag is recommended to assess accessibility
126014443,way,surface,MISSING,Surface tag is recommended to assess accessibility
126014446,way,surface,MISSING,Surface tag is recommended to assess accessibility
126014447,way,surface,MISSING,Surface tag is recommended to assess accessibility
126014448,way,surface,MISSING,Surface tag is recommended to assess accessibility
126014449,way,surface,MISSING,Surface tag is recommended to assess accessibility
126014452,way,surface,MISSING,Surface tag is recommended to assess accessibility
126014454,way,surface,MISSING,Surface tag is recommended to assess accessibility
126014455,way,surface,MISSING,Surface tag is recommended to assess accessibility
126014456,way,surface,MISSING,Surface tag is recommended to assess accessibility
126014457,way,surface,MISSING,Surface tag is recommended to assess accessibility
126014458,way,surface,MISSING,Surface tag is recommended to assess accessibility
126014459,way,surface,MISSING,Surface tag is recommended to assess accessibility
126014460,way,surface,MISSING,Surface tag is recommended to assess accessibility
126014461,way,surface,MISSING,Surface tag is recommended to assess accessibility
126014463,way,surface,MISSING,Surface tag is recommended to assess accessibility
126014464,way,surface,MISSING,Surface tag is recommended to assess accessibility
126014466,way,surface,MISSING,Surface tag is recommended to assess accessibility
126014467,way,surface,MISSING,Surface tag is recommended to assess accessibility
126014468,way,surface,MISSING,Surface tag is recommended to assess accessibility
126014469,way,surface,MISSING,Surface tag is recommended to assess accessibility
126014470,way,surface,MISSING,Surface tag is recommended to assess accessibility
126014471,way,surface,MISSING,Surface tag is recommended to assess accessibility
126014472,way,surface,MISSING,Surface tag is recommended to assess accessibility
126014474,way,surface,MISSING,Surface tag is recommended to assess accessibility
126014475,way,surface,MISSING,Surface tag is recommended to assess accessibility
126014476,way,surface,MISSING,Surface tag is recommended to assess accessibility
126014477,way,surface,MISSING,Surface tag is recommended to assess accessibility
126014478,way,surface,MISSING,Surface tag is recommended to assess accessibility
126014479,way,surface,MISSING,Surface tag is recommended to assess accessibility
126014480,way,surface,MISSING,Surface tag is recommended to assess accessibility
126014482,way,surface,MISSING,Surface tag is recommended to assess accessibility
126014483,way,surface,MISSING,Surface tag is recommended to assess accessibility
126014484,way,surface,MISSING,Surface tag is recommended to assess accessibility
126014485,way,surface,MISSING,Surface tag is recommended to assess accessibility
126014486,way,surface,MISSING,Surface tag is recommended to assess accessibility
126014487,way,surface,MISSING,Surface tag is recommended to assess accessibility
126014489,way,surface,MISSING,Surface tag is recommended to assess accessibility
126014490,way,surface,MISSING,Surface tag is recommended to assess accessibility
126014491,way,surface,MISSING,Surface tag is recommended to assess accessibility
126014492,way,surface,MISSING,Surface tag is recommended to assess accessibility
126014493,way,surface,MISSING,Surface tag is recommended to assess accessibility
126014496,way,surface,MISSING,Surface tag is recommended to assess accessibility
126014506,way,surface,MISSING,Surface tag is recommended to assess accessibility
126014509,way,surface,MISSING,Surface tag is recommended to assess accessibility
126014510,way,surface,MISSING,Surface tag is recommended to assess accessibility
126014514,way,surface,MISSING,Surface tag is recommended to assess accessibility
126014515,way,surface,MISSING,Surface tag is recommended to assess accessibility
126014517,way,surface,MISSING,Surface tag is recommended to assess accessibility
126014534,way,surface,MISSING,Surface tag is recommended to assess accessibility
126014538,way,surface,MISSING,Surface tag is recommended to assess accessibility
126014546,way,surface,MISSING,Surface tag is recommended to assess accessibility
126014548,way,surface,MISSING,Surface tag is recommended to assess accessibility
126014549,way,surface,MISSING,Surface tag is recommended to assess accessibility
126014550,way,surface,MISSING,Surface tag is recommended to assess accessibility
126014551,way,surface,MISSING,Surface tag is recommended to assess accessibility
126014552,way,surface,MISSING,Surface tag is recommended to assess accessibility
126014553,way,surface,MISSING,Surface tag is recommended to assess accessibility
126073472,way,surface,MISSING,Surface tag is recommended to assess accessibility
126073474,way,surface,MISSING,Surface tag is recommended to assess accessibility
126073479,way,surface,MISSING,Surface tag is recommended to assess accessibility
126073481,way,surface,MISSING,Surface tag is recommended to assess accessibility
126073484,way,surface,MISSING,Surface tag is recommended to assess accessibility
126073486,way,surface,MISSING,Surface tag is recommended to assess accessibility
126073488,way,surface,MISSING,Surface tag is recommended to assess accessibility
126073491,way,surface,MISSING,Surface tag is recommended to assess accessibility
126073493,way,surface,MISSING,Surface tag is recommended to assess accessibility
126073498,way,surface,MISSING,Surface tag is recommended to assess accessibility
126073500,way,surface,MISSING,Surface tag is recommended to assess accessibility
126073502,way,surface,MISSING,Surface tag is recommended to assess accessibility
126073506,way,surface,MISSING,Surface tag is recommended to assess accessibility
126073509,way,surface,MISSING,Surface tag is recommended to assess accessibility
126073511,way,surface,MISSING,Surface tag is recommended to assess accessibility
126073513,way,surface,MISSING,Surface tag is recommended to assess accessibility
126073516,way,surface,MISSING,Surface tag is recommended to assess accessibility
126073517,way,surface,MISSING,Surface tag is recommended to assess accessibility
126073519,way,surface,MISSING,Surface tag is recommended to assess accessibility
126073523,way,surface,MISSING,Surface tag is recommended to assess accessibility
126073525,way,surface,MISSING,Surface tag is recommended to assess accessibility
126073528,way,surface,MISSING,Surface tag is recommended to assess accessibility
126073530,way,surface,MISSING,Surface tag is recommended to assess accessibility
126073532,way,surface,MISSING,Surface tag is recommended to assess accessibility
126073537,way,surface,MISSING,Surface tag is recommended to assess accessibility
126073539,way,surface,MISSING,Surface tag is recommended to assess accessibility
126073542,way,surface,MISSING,Surface tag is recommended to assess accessibility
126073544,way,surface,MISSING,Surface tag is recommended to assess accessibility
126073547,way,surface,MISSING,Surface tag is recommended to assess accessibility
126073549,way,surface,MISSING,Surface tag is recommended to assess accessibility
126073551,way,surface,MISSING,Surface tag is recommended to assess accessibility
126073554,way,surface,MISSING,Surface tag is recommended to assess accessibility
126073556,way,surface,MISSING,Surface tag is recommended to assess accessibility
126073558,way,surface,MISSING,Surface tag is recommended to assess accessibility
126073561,way,surface,MISSING,Surface tag is recommended to assess accessibility
126073564,way,surface,MISSING,Surface tag is recommended to assess accessibility
126073566,way,surface,MISSING,Surface tag is recommended to assess accessibility
126073568,way,surface,MISSING,Surface tag is recommended to assess accessibility
126073569,way,surface,MISSING,Surface tag is recommended to assess accessibility
126073571,way,surface,MISSING,Surface tag is recommended to assess accessibility
126073572,way,surface,MISSING,Surface tag is recommended to assess accessibility
126073573,way,surface,MISSING,Surface tag is recommended to assess accessibility
126073574,way,surface,MISSING,Surface tag is recommended to assess accessibility
126073575,way,surface,MISSING,Surface tag is recommended to assess accessibility
126073576,way,surface,MISSING,Surface tag is recommended to assess accessibility
126073577,way,surface,MISSING,Surface tag is recommended to assess accessibility
126073578,way,surface,MISSING,Surface tag is recommended to assess accessibility
126073579,way,surface,MISSING,Surface tag is recommended to assess accessibility
126073580,way,surface,MISSING,Surface tag is recommended to assess accessibility
126073581,way,surface,MISSING,Surface tag is recommended to assess accessibility
126073582,way,surface,MISSING,Surface tag is recommended to assess accessibility
126073583,way,surface,MISSING,Surface tag is recommended to assess accessibility
126073584,way,surface,MISSING,Surface tag is recommended to assess accessibility
126073585,way,surface,MISSING,Surface tag is recommended to assess accessibility
126073586,way,surface,MISSING,Surface tag is recommended to assess accessibility
126073587,way,surface,MISSING,Surface tag is recommended to assess accessibility
126073588,way,surface,MISSING,Surface tag is recommended to assess accessibility
126073589,way,surface,MISSING,Surface tag is recommended to assess accessibility
126073590,way,surface,MISSING,Surface tag is recommended to assess accessibility
126073591,way,surface,MISSING,Surface tag is recommended to assess accessibility
126073592,way,surface,MISSING,Surface tag is recommended to assess accessibility
126073593,way,surface,MISSING,Surface tag is recommended to assess accessibility
126073594,way,surface,MISSING,Surface tag is recommended to assess accessibility
126073595,way,surface,MISSING,Surface tag is recommended to assess accessibility
126073596,way,surface,MISSING,Surface tag is recommended to assess accessibility
126073597,way,surface,MISSING,Surface tag is recommended to assess accessibility
126073598,way,surface,MISSING,Surface tag is recommended to assess accessibility
126073599,way,surface,MISSING,Surface tag is recommended to assess accessibility
126073600,way,surface,MISSING,Surface tag is recommended to assess accessibility
126073602,way,surface,MISSING,Surface tag is recommended to assess accessibility
126073604,way,surface,MISSING,Surface tag is recommended to assess accessibility
126073605,way,surface,MISSING,Surface tag is recommended to assess accessibility
126073606,way,surface,MISSING,Surface tag is recommended to assess accessibility
126073607,way,surface,MISSING,Surface tag is recommended to assess accessibility
126073608,way,surface,MISSING,Surface tag is recommended to assess accessibility
126073609,way,surface,MISSING,Surface tag is recommended to assess accessibility
126073610,way,surface,MISSING,Surface tag is recommended to assess accessibility
126073611,way,surface,MISSING,Surface tag is recommended to assess accessibility
126073612,way,surface,MISSING,Surface tag is recommended to assess accessibility
126073613,way,surface,MISSING,Surface tag is recommended to assess accessibility
126073614,way,surface,MISSING,Surface tag is recommended to assess accessibility
126073615,way,surface,MISSING,Surface tag is recommended to assess accessibility
126073616,way,surface,MISSING,Surface tag is recommended to assess accessibility
126073617,way,surface,MISSING,Surface tag is recommended to assess accessibility
126073618,way,surface,MISSING,Surface tag is recommended to assess accessibility
126073619,way,surface,MISSING,Surface tag is recommended to assess accessibility
126073623,way,surface,MISSING,Surface tag is recommended to assess accessibility
126073627,way,surface,MISSING,Surface tag is recommended to assess accessibility
126073645,way,surface,MISSING,Surface tag is recommended to assess accessibility
126073646,way,surface,MISSING,Surface tag is recommended to assess accessibility
126073661,way,surface,MISSING,Surface tag is recommended to assess accessibility
126073662,way,surface,MISSING,Surface tag is recommended to assess accessibility
126073674,way,surface,MISSING,Surface tag is recommended to assess accessibility
126073677,way,surface,MISSING,Surface tag is recommended to assess accessibility
126073679,way,surface,MISSING,Surface tag is recommended to assess accessibility
126073698,way,surface,MISSING,Surface tag is recommended to assess accessibility
126073700,way,surface,MISSING,Surface tag is recommended to assess accessibility
126073702,way,surface,MISSING,Surface tag is recommended to assess accessibility
126073706,way,surface,MISSING,Surface tag is recommended to assess accessibility
126073720,way,surface,MISSING,Surface tag is recommended to assess accessibility
126073721,way,surface,MISSING,Surface tag is recommended to assess accessibility
126073722,way,surface,MISSING,Surface tag is recommended to assess accessibility
126073723,way,surface,MISSING,Surface tag is recommended to assess accessibility
126073724,way,surface,MISSING,Surface tag is recommended to assess accessibility
126073726,way,surface,MISSING,Surface tag is recommended to assess accessibility
126073728,way,surface,MISSING,Surface tag is recommended to assess accessibility
126073729,way,surface,MISSING,Surface tag is recommended to assess accessibility
126073732,way,surface,MISSING,Surface tag is recommended to assess accessibility
126073735,way,surface,MISSING,Surface tag is recommended to assess accessibility
126073736,way,surface,MISSING,Surface tag is recommended to assess accessibility
126073738,way,surface,MISSING,Surface tag is recommended to assess accessibility
126073740,way,surface,MISSING,Surface tag is recommended to assess accessibility
126073741,way,surface,MISSING,Surface tag is recommended to assess accessibility
126073746,way,surface,MISSING,Surface tag is recommended to assess accessibility
126073751,way,surface,MISSING,Surface tag is recommended to assess accessibility
126073752,way,surface,MISSING,Surface tag is recommended to assess accessibility
126073754,way,surface,MISSING,Surface tag is recommended to assess accessibility
126073756,way,surface,MISSING,Surface tag is recommended to assess accessibility
126073757,way,surface,MISSING,Surface tag is recommended to assess accessibility
126073760,way,surface,MISSING,Surface tag is recommended to assess accessibility
126073762,way,surface,MISSING,Surface tag is recommended to assess accessibility
126073764,way,surface,MISSING,Surface tag is recommended to assess accessibility
126073766,way,surface,MISSING,Surface tag is recommended to assess accessibility
126073767,way,surface,MISSING,Surface tag is recommended to assess accessibility
126073769,way,surface,MISSING,Surface tag is recommended to assess accessibility
126309970,way,surface,MISSING,Surface tag is recommended to assess accessibility
126309971,way,surface,MISSING,Surface tag is recommended to assess accessibility
126309972,way,surface,MISSING,Surface tag is recommended to assess accessibility
126309973,way,surface,MISSING,Surface tag is recommended to assess accessibility
126309974,way,surface,MISSING,Surface tag is recommended to assess accessibility
126309975,way,surface,MISSING,Surface tag is recommended to assess accessibility
126309976,way,surface,MISSING,Surface tag is recommended to assess accessibility
126309977,way,surface,MISSING,Surface tag is recommended to assess accessibility
126309978,way,surface,MISSING,Surface tag is recommended to assess accessibility
126309979,way,surface,MISSING,Surface tag is recommended to assess accessibility
126309980,way,surface,MISSING,Surface tag is recommended to assess accessibility
126309981,way,surface,MISSING,Surface tag is recommended to assess accessibility
126309982,way,surface,MISSING,Surface tag is recommended to assess accessibility
126309983,way,surface,MISSING,Surface tag is recommended to assess accessibility
126309984,way,surface,MISSING,Surface tag is recommended to assess accessibility
126309986,way,surface,MISSING,Surface tag is recommended to assess accessibility
126309988,way,surface,MISSING,Surface tag is recommended to assess accessibility
126309989,way,surface,MISSING,Surface tag is recommended to assess accessibility
126309990,way,surface,MISSING,Surface tag is recommended to assess accessibility
126309991,way,surface,MISSING,Surface tag is recommended to assess accessibility
126309992,way,surface,MISSING,Surface tag is recommended to assess accessibility
126309993,way,surface,MISSING,Surface tag is recommended to assess accessibility
126309994,way,surface,MISSING,Surface tag is recommended to assess accessibility
126309995,way,surface,MISSING,Surface tag is recommended to assess accessibility
126309997,way,surface,MISSING,Surface tag is recommended to assess accessibility
126309998,way,surface,MISSING,Surface tag is recommended to assess accessibility
126309999,way,surface,MISSING,Surface tag is recommended to assess accessibility
126310000,way,surface,MISSING,Surface tag is recommended to assess accessibility
126310001,way,surface,MISSING,Surface tag is recommended to assess accessibility
126310002,way,surface,MISSING,Surface tag is recommended to assess accessibility
126310003,way,surface,MISSING,Surface tag is recommended to assess accessibility
126310004,way,surface,MISSING,Surface tag is recommended to assess accessibility
126310005,way,surface,MISSING,Surface tag is recommended to assess accessibility
126310006,way,surface,MISSING,Surface tag is recommended to assess accessibility
126310008,way,surface,MISSING,Surface tag is recommended to assess accessibility
126310009,way,surface,MISSING,Surface tag is recommended to assess accessibility
126310010,way,surface,MISSING,Surface tag is recommended to assess accessibility
126310011,way,surface,MISSING,Surface tag is recommended to assess accessibility
126310012,way,surface,MISSING,Surface tag is recommended to assess accessibility
126310013,way,surface,MISSING,Surface tag is recommended to assess accessibility
126310014,way,surface,MISSING,Surface tag is recommended to assess accessibility
126310015,way,surface,MISSING,Surface tag is recommended to assess accessibility
126310016,way,surface,MISSING,Surface tag is recommended to assess accessibility
126310018,way,surface,MISSING,Surface tag is recommended to assess accessibility
126310019,way,surface,MISSING,Surface tag is recommended to assess accessibility
126310020,way,surface,MISSING,Surface tag is recommended to assess accessibility
126310021,way,surface,MISSING,Surface tag is recommended to assess accessibility
126310023,way,surface,MISSING,Surface tag is recommended to assess accessibility
126310024,way,surface,MISSING,Surface tag is recommended to assess accessibility
126310025,way,surface,MISSING,Surface tag is recommended to assess accessibility
126310026,way,surface,MISSING,Surface tag is recommended to assess accessibility
126310027,way,surface,MISSING,Surface tag is recommended to assess accessibility
126310028,way,surface,MISSING,Surface tag is recommended to assess accessibility
126310030,way,surface,MISSING,Surface tag is recommended to assess accessibility
126310031,way,surface,MISSING,Surface tag is recommended to assess accessibility
126310032,way,surface,MISSING,Surface tag is recommended to assess accessibility
126310033,way,surface,MISSING,Surface tag is recommended to assess accessibility
126310034,way,surface,MISSING,Surface tag is recommended to assess accessibility
126310035,way,surface,MISSING,Surface tag is recommended to assess accessibility
126310036,way,surface,MISSING,Surface tag is recommended to assess accessibility
126310037,way,surface,MISSING,Surface tag is recommended to assess accessibility
126310038,way,surface,MISSING,Surface tag is recommended to assess accessibility
126310040,way,surface,MISSING,Surface tag is recommended to assess accessibility
126310041,way,surface,MISSING,Surface tag is recommended to assess accessibility
126310042,way,surface,MISSING,Surface tag is recommended to assess accessibility
126310043,way,surface,MISSING,Surface tag is recommended to assess accessibility
126310044,way,surface,MISSING,Surface tag is recommended to assess accessibility
126310045,way,surface,MISSING,Surface tag is recommended to assess accessibility
126310046,way,surface,MISSING,Surface tag is recommended to assess accessibility
126310047,way,surface,MISSING,Surface tag is recommended to assess accessibility
126310048,way,surface,MISSING,Surface tag is recommended to assess accessibility
126310049,way,surface,MISSING,Surface tag is recommended to assess accessibility
126310051,way,surface,MISSING,Surface tag is recommended to assess accessibility
126310052,way,surface,MISSING,Surface tag is recommended to assess accessibility
126310053,way,surface,MISSING,Surface tag is recommended to assess accessibility
126310054,way,surface,MISSING,Surface tag is recommended to assess accessibility
126310055,way,surface,MISSING,Surface tag is recommended to assess accessibility
126310057,way,surface,MISSING,Surface tag is recommended to assess accessibility
126310058,way,surface,MISSING,Surface tag is recommended to assess accessibility
126310059,way,surface,MISSING,Surface tag is recommended to assess accessibility
126310066,way,surface,MISSING,Surface tag is recommended to assess accessibility
126310070,way,surface,MISSING,Surface tag is recommended to assess accessibility
126310072,way,surface,MISSING,Surface tag is recommended to assess accessibility
126310073,way,surface,MISSING,Surface tag is recommended to assess accessibility
126310076,way,surface,MISSING,Surface tag is recommended to assess accessibility
126310085,way,surface,MISSING,Surface tag is recommended to assess accessibility
126310093,way,surface,MISSING,Surface tag is recommended to assess accessibility
126310096,way,surface,MISSING,Surface tag is recommended to assess accessibility
126310098,way,surface,MISSING,Surface tag is recommended to assess accessibility
126310099,way,surface,MISSING,Surface tag is recommended to assess accessibility
126310104,way,surface,MISSING,Surface tag is recommended to assess accessibility
126310119,way,surface,MISSING,Surface tag is recommended to assess accessibility
126310127,way,surface,MISSING,Surface tag is recommended to assess accessibility
126310129,way,surface,MISSING,Surface tag is recommended to assess accessibility
126310130,way,surface,MISSING,Surface tag is recommended to assess accessibility
126310133,way,surface,MISSING,Surface tag is recommended to assess accessibility
126310147,way,surface,MISSING,Surface tag is recommended to assess accessibility
126310148,way,surface,MISSING,Surface tag is recommended to assess accessibility
126310154,way,surface,MISSING,Surface tag is recommended to assess accessibility
126310155,way,surface,MISSING,Surface tag is recommended to assess accessibility
126310157,way,surface,MISSING,Surface tag is recommended to assess accessibility
126310161,way,surface,MISSING,Surface tag is recommended to assess accessibility
126310162,way,surface,MISSING,Surface tag is recommended to assess accessibility
126310166,way,surface,MISSING,Surface tag is recommended to assess accessibility
126310167,way,surface,MISSING,Surface tag is recommended to assess accessibility
126310169,way,surface,MISSING,Surface tag is recommended to assess accessibility
126310170,way,surface,MISSING,Surface tag is recommended to assess accessibility
126310174,way,surface,MISSING,Surface tag is recommended to assess accessibility
126310175,way,surface,MISSING,Surface tag is recommended to assess accessibility
126310176,way,surface,MISSING,Surface tag is recommended to assess accessibility
126310177,way,surface,MISSING,Surface tag is recommended to assess accessibility
126310178,way,surface,MISSING,Surface tag is recommended to assess accessibility
126310179,way,surface,MISSING,Surface tag is recommended to assess accessibility
126310182,way,surface,MISSING,Surface tag is recommended to assess accessibility
126310183,way,surface,MISSING,Surface tag is recommended to assess accessibility
126310184,way,surface,MISSING,Surface tag is recommended to assess accessibility
126310185,way,surface,MISSING,Surface tag is recommended to assess accessibility
126310186,way,surface,MISSING,Surface tag is recommended to assess accessibility
126310187,way,surface,MISSING,Surface tag is recommended to assess accessibility
126310188,way,surface,MISSING,Surface tag is recommended to assess accessibility
126310191,way,surface,MISSING,Surface tag is recommended to assess accessibility
126310192,way,surface,MISSING,Surface tag is recommended to assess accessibility
126310193,way,surface,MISSING,Surface tag is recommended to assess accessibility
126310194,way,surface,MISSING,Surface tag is recommended to assess accessibility
126310195,way,surface,MISSING,Surface tag is recommended to assess accessibility
126310196,way,surface,MISSING,Surface tag is recommended to assess accessibility
126310197,way,surface,MISSING,Surface tag is recommended to assess accessibility
126310198,way,surface,MISSING,Surface tag is recommended to assess accessibility
126310199,way,surface,MISSING,Surface tag is recommended to assess accessibility
126310200,way,surface,MISSING,Surface tag is recommended to assess accessibility
126319844,way,surface,MISSING,Surface tag is recommended to assess accessibility
126319848,way,surface,MISSING,Surface tag is recommended to assess accessibility
126319855,way,surface,MISSING,Surface tag is recommended to assess accessibility
126319857,way,surface,MISSING,Surface tag is recommended to assess accessibility
126319859,way,surface,MISSING,Surface tag is recommended to assess accessibility
126319861,way,surface,MISSING,Surface tag is recommended to assess accessibility
126319863,way,surface,MISSING,Surface tag is recommended to assess accessibility
126319864,way,surface,MISSING,Surface tag is recommended to assess accessibility
126319865,way,surface,MISSING,Surface tag is recommended to assess accessibility
126319868,way,surface,MISSING,Surface tag is recommended to assess accessibility
126319869,way,surface,MISSING,Surface tag is recommended to assess accessibility
126319871,way,surface,MISSING,Surface tag is recommended to assess accessibility
126319872,way,surface,MISSING,Surface tag is recommended to assess accessibility
126319875,way,surface,MISSING,Surface tag is recommended to assess accessibility
126319877,way,surface,MISSING,Surface tag is recommended to assess accessibility
126319878,way,surface,MISSING,Surface tag is recommended to assess accessibility
126319880,way,surface,MISSING,Surface tag is recommended to assess accessibility
126319883,way,surface,MISSING,Surface tag is recommended to assess accessibility
126319884,way,surface,MISSING,Surface tag is recommended to assess accessibility
126319885,way,surface,MISSING,Surface tag is recommended to assess accessibility
126319886,way,surface,MISSING,Surface tag is recommended to assess accessibility
126319889,way,surface,MISSING,Surface tag is recommended to assess accessibility
126319892,way,surface,MISSING,Surface tag is recommended to assess accessibility
126319894,way,surface,MISSING,Surface tag is recommended to assess accessibility
126319896,way,surface,MISSING,Surface tag is recommended to assess accessibility
126319898,way,surface,MISSING,Surface tag is recommended to assess accessibility
126319899,way,surface,MISSING,Surface tag is recommended to assess accessibility
126319900,way,surface,MISSING,Surface tag is recommended to assess accessibility
126319904,way,surface,MISSING,Surface tag is recommended to assess accessibility
126319905,way,surface,MISSING,Surface tag is recommended to assess accessibility
126319906,way,surface,MISSING,Surface tag is recommended to assess accessibility
126319907,way,surface,MISSING,Surface tag is recommended to assess accessibility
126319910,way,surface,MISSING,Surface tag is recommended to assess accessibility
126319911,way,surface,MISSING,Surface tag is recommended to assess accessibility
126319913,way,surface,MISSING,Surface tag is recommended to assess accessibility
126319915,way,surface,MISSING,Surface tag is recommended to assess accessibility
126319918,way,surface,MISSING,Surface tag is recommended to assess accessibility
126319920,way,surface,MISSING,Surface tag is recommended to assess accessibility
126319921,way,surface,MISSING,Surface tag is recommended to assess accessibility
126319922,way,surface,MISSING,Surface tag is recommended to assess accessibility
126319951,way,surface,MISSING,Surface tag is recommended to assess accessibility
126319959,way,surface,MISSING,Surface tag is recommended to assess accessibility
126319965,way,surface,MISSING,Surface tag is recommended to assess accessibility
126319984,way,surface,MISSING,Surface tag is recommended to assess accessibility
126319986,way,surface,MISSING,Surface tag is recommended to assess accessibility
126319992,way,surface,MISSING,Surface tag is recommended to assess accessibility
126319993,way,surface,MISSING,Surface tag is recommended to assess accessibility
126320005,way,surface,MISSING,Surface tag is recommended to assess accessibility
126320009,way,surface,MISSING,Surface tag is recommended to assess accessibility
126320015,way,surface,MISSING,Surface tag is recommended to assess accessibility
126320018,way,surface,MISSING,Surface tag is recommended to assess accessibility
126320020,way,surface,MISSING,Surface tag is recommended to assess accessibility
126320028,way,surface,MISSING,Surface tag is recommended to assess accessibility
126320031,way,surface,MISSING,Surface tag is recommended to assess accessibility
126320036,way,surface,MISSING,Surface tag is recommended to assess accessibility
126320041,way,surface,MISSING,Surface tag is recommended to assess accessibility
126320048,way,surface,MISSING,Surface tag is recommended to assess accessibility
126320051,way,surface,MISSING,Surface tag is recommended to assess accessibility
126320053,way,surface,MISSING,Surface tag is recommended to assess accessibility
126320055,way,surface,MISSING,Surface tag is recommended to assess accessibility
126618176,way,surface,MISSING,Surface tag is recommended to assess accessibility
126618177,way,surface,MISSING,Surface tag is recommended to assess accessibility
126618179,way,surface,MISSING,Surface tag is recommended to assess accessibility
126618181,way,surface,MISSING,Surface tag is recommended to assess accessibility
126618182,way,surface,MISSING,Surface tag is recommended to assess accessibility
126618184,way,surface,MISSING,Surface tag is recommended to assess accessibility
126618185,way,surface,MISSING,Surface tag is recommended to assess accessibility
126618188,way,surface,MISSING,Surface tag is recommended to assess accessibility
126618190,way,surface,MISSING,Surface tag is recommended to assess accessibility
126618191,way,surface,MISSING,Surface tag is recommended to assess accessibility
126618194,way,surface,MISSING,Surface tag is recommended to assess accessibility
126618195,way,surface,MISSING,Surface tag is recommended to assess accessibility
126618196,way,surface,MISSING,Surface tag is recommended to assess accessibility
126618198,way,surface,MISSING,Surface tag is recommended to assess accessibility
126618200,way,surface,MISSING,Surface tag is recommended to assess accessibility
126618201,way,surface,MISSING,Surface tag is recommended to assess accessibility
126618204,way,surface,MISSING,Surface tag is recommended to assess accessibility
126618205,way,surface,MISSING,Surface tag is recommended to assess accessibility
126618206,way,surface,MISSING,Surface tag is recommended to assess accessibility
126618208,way,surface,MISSING,Surface tag is recommended to assess accessibility
126618209,way,surface,MISSING,Surface tag is recommended to assess accessibility
126618211,way,surface,MISSING,Surface tag is recommended to assess accessibility
126618212,way,surface,MISSING,Surface tag is recommended to assess accessibility
126618213,way,surface,MISSING,Surface tag is recommended to assess accessibility
126618215,way,surface,MISSING,Surface tag is recommended to assess accessibility
126618217,way,surface,MISSING,Surface tag is recommended to assess accessibility
126618218,way,surface,MISSING,Surface tag is recommended to assess accessibility
126618221,way,surface,MISSING,Surface tag is recommended to assess accessibility
126618223,way,surface,MISSING,Surface tag is recommended to assess accessibility
126618225,way,surface,MISSING,Surface tag is recommended to assess accessibility
126618226,way,surface,MISSING,Surface tag is recommended to assess accessibility
126618229,way,surface,MISSING,Surface tag is recommended to assess accessibility
126618230,way,surface,MISSING,Surface tag is recommended to assess accessibility
126618231,way,surface,MISSING,Surface tag is recommended to assess accessibility
126618233,way,surface,MISSING,Surface tag is recommended to assess accessibility
126618235,way,surface,MISSING,Surface tag is recommended to assess accessibility
126618236,way,surface,MISSING,Surface tag is recommended to assess accessibility
126618239,way,surface,MISSING,Surface tag is recommended to assess accessibility
126618241,way,surface,MISSING,Surface tag is recommended to assess accessibility
126618243,way,surface,MISSING,Surface tag is recommended to assess accessibility
126618245,way,surface,MISSING,Surface tag is recommended to assess accessibility
126618247,way,surface,MISSING,Surface tag is recommended to assess accessibility
126618248,way,surface,MISSING,Surface tag is recommended to assess accessibility
126618249,way,surface,MISSING,Surface tag is recommended to assess accessibility
126618252,way,surface,MISSING,Surface tag is recommended to assess accessibility
126618277,way,surface,MISSING,Surface tag is recommended to assess accessibility
126618283,way,surface,MISSING,Surface tag is recommended to assess accessibility
126618287,way,surface,MISSING,Surface tag is recommended to assess accessibility
126618305,way,surface,MISSING,Surface tag is recommended to assess accessibility
126618312,way,surface,MISSING,Surface tag is recommended to assess accessibility
126618324,way,surface,MISSING,Surface tag is recommended to assess accessibility
126618325,way,surface,MISSING,Surface tag is recommended to assess accessibility
126618342,way,surface,MISSING,Surface tag is recommended to assess accessibility
126618344,way,surface,MISSING,Surface tag is recommended to assess accessibility
126618345,way,surface,MISSING,Surface tag is recommended to assess accessibility
126618346,way,surface,MISSING,Surface tag is recommended to assess accessibility
126618349,way,surface,MISSING,Surface tag is recommended to assess accessibility
126618352,way,surface,MISSING,Surface tag is recommended to assess accessibility
126618353,way,surface,MISSING,Surface tag is recommended to assess accessibility
126618354,way,surface,MISSING,Surface tag is recommended to assess accessibility
126618356,way,surface,MISSING,Surface tag is recommended to assess accessibility
126618358,way,surface,MISSING,Surface tag is recommended to assess accessibility
126618360,way,surface,MISSING,Surface tag is recommended to assess accessibility
126618361,way,surface,MISSING,Surface tag is recommended to assess accessibility
126618363,way,surface,MISSING,Surface tag is recommended to assess accessibility
126618365,way,surface,MISSING,Surface tag is recommended to assess accessibility
126618367,way,surface,MISSING,Surface tag is recommended to assess accessibility
126618369,way,surface,MISSING,Surface tag is recommended to assess accessibility
126618370,way,surface,MISSING,Surface tag is recommended to assess accessibility
126618372,way,surface,MISSING,Surface tag is recommended to assess accessibility
126618374,way,surface,MISSING,Surface tag is recommended to assess accessibility
126774565,way,surface,MISSING,Surface tag is recommended to assess accessibility
126774566,way,surface,MISSING,Surface tag is recommended to assess accessibility
126774567,way,surface,MISSING,Surface tag is recommended to assess accessibility
126774568,way,surface,MISSING,Surface tag is recommended to assess accessibility
126774569,way,surface,MISSING,Surface tag is recommended to assess accessibility
126774570,way,surface,MISSING,Surface tag is recommended to assess accessibility
126774571,way,surface,MISSING,Surface tag is recommended to assess accessibility
126774572,way,surface,MISSING,Surface tag is recommended to assess accessibility
126774573,way,surface,MISSING,Surface tag is recommended to assess accessibility
126774574,way,surface,MISSING,Surface tag is recommended to assess accessibility
126774575,way,surface,MISSING,Surface tag is recommended to assess accessibility
126774576,way,surface,MISSING,Surface tag is recommended to assess accessibility
126774577,way,surface,MISSING,Surface tag is recommended to assess accessibility
126774578,way,surface,MISSING,Surface tag is recommended to assess accessibility
126774579,way,surface,MISSING,Surface tag is recommended to assess accessibility
126774580,way,surface,MISSING,Surface tag is recommended to assess accessibility
126774581,way,surface,MISSING,Surface tag is recommended to assess accessibility
126774582,way,surface,MISSING,Surface tag is recommended to assess accessibility
126774583,way,surface,MISSING,Surface tag is recommended to assess accessibility
126774584,way,surface,MISSING,Surface tag is recommended to assess accessibility
126774585,way,surface,MISSING,Surface tag is recommended to assess accessibility
126774586,way,surface,MISSING,Surface tag is recommended to assess accessibility
126774587,way,surface,MISSING,Surface tag is recommended to assess accessibility
126774588,way,surface,MISSING,Surface tag is recommended to assess accessibility
126774589,way,surface,MISSING,Surface tag is recommended to assess accessibility
126774590,way,surface,MISSING,Surface tag is recommended to assess accessibility
126774591,way,surface,MISSING,Surface tag is recommended to assess accessibility
126774592,way,surface,MISSING,Surface tag is recommended to assess accessibility
126774593,way,surface,MISSING,Surface tag is recommended to assess accessibility
126774594,way,surface,MISSING,Surface tag is recommended to assess accessibility
126774595,way,surface,MISSING,Surface tag is recommended to assess accessibility
126774596,way,surface,MISSING,Surface tag is recommended to assess accessibility
126774597,way,surface,MISSING,Surface tag is recommended to assess accessibility
126774598,way,surface,MISSING,Surface tag is recommended to assess accessibility
126774599,way,surface,MISSING,Surface tag is recommended to assess accessibility
126774600,way,surface,MISSING,Surface tag is recommended to assess accessibility
126774601,way,surface,MISSING,Surface tag is recommended to assess accessibility
126774602,way,surface,MISSING,Surface tag is recommended to assess accessibility
126774603,way,surface,MISSING,Surface tag is recommended to assess accessibility
126774604,way,surface,MISSING,Surface tag is recommended to assess accessibility
126774605,way,surface,MISSING,Surface tag is recommended to assess accessibility
126774606,way,surface,MISSING,Surface tag is recommended to assess accessibility
126774607,way,surface,MISSING,Surface tag is recommended to assess accessibility
126774608,way,surface,MISSING,Surface tag is recommended to assess accessibility
126774609,way,surface,MISSING,Surface tag is recommended to assess accessibility
126774610,way,surface,MISSING,Surface tag is recommended to assess accessibility
126774611,way,surface,MISSING,Surface tag is recommended to assess accessibility
126774612,way,surface,MISSING,Surface tag is recommended to assess accessibility
126774613,way,surface,MISSING,Surface tag is recommended to assess accessibility
126774614,way,surface,MISSING,Surface tag is recommended to assess accessibility
126774615,way,surface,MISSING,Surface tag is recommended to assess accessibility
126774616,way,surface,MISSING,Surface tag is recommended to assess accessibility
126774617,way,surface,MISSING,Surface tag is recommended to assess accessibility
126774618,way,surface,MISSING,Surface tag is recommended to assess accessibility
126774619,way,surface,MISSING,Surface tag is recommended to assess accessibility
126774620,way,surface,MISSING,Surface tag is recommended to assess accessibility
126774621,way,surface,MISSING,Surface tag is recommended to assess accessibility
126774622,way,surface,MISSING,Surface tag is recommended to assess accessibility
126774623,way,surface,MISSING,Surface tag is recommended to assess accessibility
126774624,way,surface,MISSING,Surface tag is recommended to assess accessibility
126774625,way,surface,MISSING,Surface tag is recommended to assess accessibility
126774626,way,surface,MISSING,Surface tag is recommended to assess accessibility
126774627,way,surface,MISSING,Surface tag is recommended to assess accessibility
126774628,way,surface,MISSING,Surface tag is recommended to assess accessibility
126774629,way,surface,MISSING,Surface tag is recommended to assess accessibility
126774630,way,surface,MISSING,Surface tag is recommended to assess accessibility
126774631,way,surface,MISSING,Surface tag is recommended to assess accessibility
126774632,way,surface,MISSING,Surface tag is recommended to assess accessibility
126774633,way,surface,MISSING,Surface tag is recommended to assess accessibility
126774634,way,surface,MISSING,Surface tag is recommended to assess accessibility
126774635,way,surface,MISSING,Surface tag is recommended to assess accessibility
126774636,way,surface,MISSING,Surface tag is recommended to assess accessibility
126774637,way,surface,MISSING,Surface tag is recommended to assess accessibility
126774638,way,surface,MISSING,Surface tag is recommended to assess accessibility
126774641,way,surface,MISSING,Surface tag is recommended to assess accessibility
126774650,way,surface,MISSING,Surface tag is recommended to assess accessibility
126774654,way,surface,MISSING,Surface tag is recommended to assess accessibility
126774656,way,surface,MISSING,Surface tag is recommended to assess accessibility
126774665,way,surface,MISSING,Surface tag is recommended to assess accessibility
126774673,way,surface,MISSING,Surface tag is recommended to assess accessibility
126774685,way,surface,MISSING,Surface tag is recommended to assess accessibility
126774697,way,surface,MISSING,Surface tag is recommended to assess accessibility
126774700,way,surface,MISSING,Surface tag is recommended to assess accessibility
126774701,way,surface,MISSING,Surface tag is recommended to assess accessibility
126774702,way,surface,MISSING,Surface tag is recommended to assess accessibility
126774708,way,surface,MISSING,Surface tag is recommended to assess accessibility
126774712,way,surface,MISSING,Surface tag is recommended to assess accessibility
126774715,way,surface,MISSING,Surface tag is recommended to assess accessibility
126774731,way,surface,MISSING,Surface tag is recommended to assess accessibility
126774732,way,surface,MISSING,Surface tag is recommended to assess accessibility
126774733,way,surface,MISSING,Surface tag is recommended to assess accessibility
126774734,way,surface,MISSING,Surface tag is recommended to assess accessibility
126774736,way,surface,MISSING,Surface tag is recommended to assess accessibility
126774737,way,surface,MISSING,Surface tag is recommended to assess accessibility
126774739,way,surface,MISSING,Surface tag is recommended to assess accessibility
126774740,way,surface,MISSING,Surface tag is recommended to assess accessibility
126774744,way,surface,MISSING,Surface tag is recommended to assess accessibility
126774745,way,surface,MISSING,Surface tag is recommended to assess accessibility
126774746,way,surface,MISSING,Surface tag is recommended to assess accessibility
126774747,way,surface,MISSING,Surface tag is recommended to assess accessibility
126774749,way,surface,MISSING,Surface tag is recommended to assess accessibility
126774750,way,surface,MISSING,Surface tag is recommended to assess accessibility
126774751,way,surface,MISSING,Surface tag is recommended to assess accessibility
126774752,way,surface,MISSING,Surface tag is recommended to assess accessibility
126774753,way,surface,MISSING,Surface tag is recommended to assess accessibility
126774754,way,surface,MISSING,Surface tag is recommended to assess accessibility
126774755,way,surface,MISSING,Surface tag is recommended to assess accessibility
126774758,way,surface,MISSING,Surface tag is recommended to assess accessibility
126774759,way,surface,MISSING,Surface tag is recommended to assess accessibility
126774761,way,surface,MISSING,Surface tag is recommended to assess accessibility
126774762,way,surface,MISSING,Surface tag is recommended to assess accessibility
126774769,way,surface,MISSING,Surface tag is recommended to assess accessibility
126774771,way,surface,MISSING,Surface tag is recommended to assess accessibility
126774773,way,surface,MISSING,Surface tag is recommended to assess accessibility
126774777,way,surface,MISSING,Surface tag is recommended to assess accessibility
126774779,way,surface,MISSING,Surface tag is recommended to assess accessibility
126774780,way,surface,MISSING,Surface tag is recommended to assess accessibility
126774781,way,surface,MISSING,Surface tag is recommended to assess accessibility
126774785,way,surface,MISSING,Surface tag is recommended to assess accessibility
126867862,way,surface,MISSING,Surface tag is recommended to assess accessibility
126867863,way,surface,MISSING,Surface tag is recommended to assess accessibility
126867864,way,surface,MISSING,Surface tag is recommended to assess accessibility
126867865,way,surface,MISSING,Surface tag is recommended to assess accessibility
126867866,way,surface,MISSING,Surface tag is recommended to assess accessibility
126867867,way,surface,MISSING,Surface tag is recommended to assess accessibility
126867868,way,surface,MISSING,Surface tag is recommended to assess accessibility
126867869,way,surface,MISSING,Surface tag is recommended to assess accessibility
126867871,way,surface,MISSING,Surface tag is recommended to assess accessibility
126867874,way,surface,MISSING,Surface tag is recommended to assess accessibility
126867875,way,surface,MISSING,Surface tag is recommended to assess accessibility
126867876,way,surface,MISSING,Surface tag is recommended to assess accessibility
126867877,way,surface,MISSING,Surface tag is recommended to assess accessibility
126867879,way,surface,MISSING,Surface tag is recommended to assess accessibility
126867880,way,surface,MISSING,Surface tag is recommended to assess accessibility
126867883,way,surface,MISSING,Surface tag is recommended to assess accessibility
126867884,way,surface,MISSING,Surface tag is recommended to assess accessibility
126867885,way,surface,MISSING,Surface tag is recommended to assess accessibility
126867886,way,surface,MISSING,Surface tag is recommended to assess accessibility
126867887,way,surface,MISSING,Surface tag is recommended to assess accessibility
126867890,way,surface,MISSING,Surface tag is recommended to assess accessibility
126867891,way,surface,MISSING,Surface tag is recommended to assess accessibility
126867893,way,surface,MISSING,Surface tag is recommended to assess accessibility
126867894,way,surface,MISSING,Surface tag is recommended to assess accessibility
126867895,way,surface,MISSING,Surface tag is recommended to assess accessibility
126867896,way,surface,MISSING,Surface tag is recommended to assess accessibility
126867898,way,surface,MISSING,Surface tag is recommended to assess accessibility
126867899,way,surface,MISSING,Surface tag is recommended to assess accessibility
126867900,way,surface,MISSING,Surface tag is recommended to assess accessibility
126867902,way,surface,MISSING,Surface tag is recommended to assess accessibility
126867903,way,surface,MISSING,Surface tag is recommended to assess accessibility
126867904,way,surface,MISSING,Surface tag is recommended to assess accessibility
126867906,way,surface,MISSING,Surface tag is recommended to assess accessibility
126867915,way,surface,MISSING,Surface tag is recommended to assess accessibility
126867924,way,surface,MISSING,Surface tag is recommended to assess accessibility
126867933,way,surface,MISSING,Surface tag is recommended to assess accessibility
126867934,way,surface,MISSING,Surface tag is recommended to assess accessibility
126867935,way,surface,MISSING,Surface tag is recommended to assess accessibility
126867940,way,surface,MISSING,Surface tag is recommended to assess accessibility
126867943,way,surface,MISSING,Surface tag is recommended to assess accessibility
126867946,way,surface,MISSING,Surface tag is recommended to assess accessibility
126867949,way,surface,MISSING,Surface tag is recommended to assess accessibility
126867950,way,surface,MISSING,Surface tag is recommended to assess accessibility
126867951,way,surface,MISSING,Surface tag is recommended to assess accessibility
127018618,way,surface,MISSING,Surface tag is recommended to assess accessibility
127018619,way,surface,MISSING,Surface tag is recommended to assess accessibility
127018620,way,surface,MISSING,Surface tag is recommended to assess accessibility
127018621,way,surface,MISSING,Surface tag is recommended to assess accessibility
127018622,way,surface,MISSING,Surface tag is recommended to assess accessibility
127018623,way,surface,MISSING,Surface tag is recommended to assess accessibility
127018624,way,surface,MISSING,Surface tag is recommended to assess accessibility
127018626,way,surface,MISSING,Surface tag is recommended to assess accessibility
127018627,way,surface,MISSING,Surface tag is recommended to assess accessibility
127018628,way,surface,MISSING,Surface tag is recommended to assess accessibility
127018629,way,surface,MISSING,Surface tag is recommended to assess accessibility
127018630,way,surface,MISSING,Surface tag is recommended to assess accessibility
127018631,way,surface,MISSING,Surface tag is recommended to assess accessibility
127018632,way,surface,MISSING,Surface tag is recommended to assess accessibility
127018633,way,surface,MISSING,Surface tag is recommended to assess accessibility
127018634,way,surface,MISSING,Surface tag is recommended to assess accessibility
127018635,way,surface,MISSING,Surface tag is recommended to assess accessibility
127018636,way,surface,MISSING,Surface tag is recommended to assess accessibility
127018637,way,surface,MISSING,Surface tag is recommended to assess accessibility
127018638,way,surface,MISSING,Surface tag is recommended to assess accessibility
127018639,way,surface,MISSING,Surface tag is recommended to assess accessibility
127018640,way,surface,MISSING,Surface tag is recommended to assess accessibility
127018641,way,surface,MISSING,Surface tag is recommended to assess accessibility
127018642,way,surface,MISSING,Surface tag is recommended to assess accessibility
127018643,way,surface,MISSING,Surface tag is recommended to assess accessibility
127018644,way,surface,MISSING,Surface tag is recommended to assess accessibility
127018646,way,surface,MISSING,Surface tag is recommended to assess accessibility
127018647,way,surface,MISSING,Surface tag is recommended to assess accessibility
127018648,way,surface,MISSING,Surface tag is recommended to assess accessibility
127018649,way,surface,MISSING,Surface tag is recommended to assess accessibility
127018651,way,surface,MISSING,Surface tag is recommended to assess accessibility
127018652,way,surface,MISSING,Surface tag is recommended to assess accessibility
127018653,way,surface,MISSING,Surface tag is recommended to assess accessibility
127018654,way,surface,MISSING,Surface tag is recommended to assess accessibility
127018655,way,surface,MISSING,Surface tag is recommended to assess accessibility
127018656,way,surface,MISSING,Surface tag is recommended to assess accessibility
127018657,way,surface,MISSING,Surface tag is recommended to assess accessibility
127018658,way,surface,MISSING,Surface tag is recommended to assess accessibility
127018659,way,surface,MISSING,Surface tag is recommended to assess accessibility
127018660,way,surface,MISSING,Surface tag is recommended to assess accessibility
127018661,way,surface,MISSING,Surface tag is recommended to assess accessibility
127018662,way,surface,MISSING,Surface tag is recommended to assess accessibility
127018663,way,surface,MISSING,Surface tag is recommended to assess accessibility
127018664,way,surface,MISSING,Surface tag is recommended to assess accessibility
127018665,way,surface,MISSING,Surface tag is recommended to assess accessibility
127018666,way,surface,MISSING,Surface tag is recommended to assess accessibility
127018667,way,surface,MISSING,Surface tag is recommended to assess accessibility
127018668,way,surface,MISSING,Surface tag is recommended to assess accessibility
127018669,way,surface,MISSING,Surface tag is recommended to assess accessibility
127018671,way,surface,MISSING,Surface tag is recommended to assess accessibility
127018673,way,surface,MISSING,Surface tag is recommended to assess accessibility
127018674,way,surface,MISSING,Surface tag is recommended to assess accessibility
127018675,way,surface,MISSING,Surface tag is recommended to assess accessibility
127018676,way,surface,MISSING,Surface tag is recommended to assess accessibility
127018677,way,surface,MISSING,Surface tag is recommended to assess accessibility
127018678,way,surface,MISSING,Surface tag is recommended to assess accessibility
127018679,way,surface,MISSING,Surface tag is recommended to assess accessibility
127018680,way,surface,MISSING,Surface tag is recommended to assess accessibility
127018681,way,surface,MISSING,Surface tag is recommended to assess accessibility
127018682,way,surface,MISSING,Surface tag is recommended to assess accessibility
127018683,way,surface,MISSING,Surface tag is recommended to assess accessibility
127018684,way,surface,MISSING,Surface tag is recommended to assess accessibility
127018685,way,surface,MISSING,Surface tag is recommended to assess accessibility
127018686,way,surface,MISSING,Surface tag is recommended to assess accessibility
127018687,way,surface,MISSING,Surface tag is recommended to assess accessibility
127018688,way,surface,MISSING,Surface tag is recommended to assess accessibility
127018689,way,surface,MISSING,Surface tag is recommended to assess accessibility
127018690,way,surface,MISSING,Surface tag is recommended to assess accessibility
127018691,way,surface,MISSING,Surface tag is recommended to assess accessibility
127018692,way,surface,MISSING,Surface tag is recommended to assess accessibility
127018693,way,surface,MISSING,Surface tag is recommended to assess accessibility
127018694,way,surface,MISSING,Surface tag is recommended to assess accessibility
127018695,way,surface,MISSING,Surface tag is recommended to assess accessibility
127018696,way,surface,MISSING,Surface tag is recommended to assess accessibility
127018697,way,surface,MISSING,Surface tag is recommended to assess accessibility
127018698,way,surface,MISSING,Surface tag is recommended to assess accessibility
127018699,way,surface,MISSING,Surface tag is recommended to assess accessibility
127018700,way,surface,MISSING,Surface tag is recommended to assess accessibility
127018701,way,surface,MISSING,Surface tag is recommended to assess accessibility
127018706,way,surface,MISSING,Surface tag is recommended to assess accessibility
127018714,way,surface,MISSING,Surface tag is recommended to assess accessibility
127018720,way,surface,MISSING,Surface tag is recommended to assess accessibility
127018733,way,surface,MISSING,Surface tag is recommended to assess accessibility
127018734,way,surface,MISSING,Surface tag is recommended to assess accessibility
127018737,way,surface,MISSING,Surface tag is recommended to assess accessibility
127018739,way,surface,MISSING,Surface tag is recommended to assess accessibility
127018742,way,surface,MISSING,Surface tag is recommended to assess accessibility
127018747,way,surface,MISSING,Surface tag is recommended to assess accessibility
127018749,way,surface,MISSING,Surface tag is recommended to assess accessibility
127018755,way,surface,MISSING,Surface tag is recommended to assess accessibility
127018757,way,surface,MISSING,Surface tag is recommended to assess accessibility
127018760,way,surface,MISSING,Surface tag is recommended to assess accessibility
127018761,way,surface,MISSING,Surface tag is recommended to assess accessibility
127018773,way,surface,MISSING,Surface tag is recommended to assess accessibility
127018775,way,surface,MISSING,Surface tag is recommended to assess accessibility
127018778,way,surface,MISSING,Surface tag is recommended to assess accessibility
127018782,way,surface,MISSING,Surface tag is recommended to assess accessibility
127018784,way,surface,MISSING,Surface tag is recommended to assess accessibility
127018785,way,surface,MISSING,Surface tag is recommended to assess accessibility
127018786,way,surface,MISSING,Surface tag is recommended to assess accessibility
127018787,way,surface,MISSING,Surface tag is recommended to assess accessibility
127018792,way,surface,MISSING,Surface tag is recommended to assess accessibility
127018793,way,surface,MISSING,Surface tag is recommended to assess accessibility
127018794,way,surface,MISSING,Surface tag is recommended to assess accessibility
127018796,way,surface,MISSING,Surface tag is recommended to assess accessibility
127018799,way,surface,MISSING,Surface tag is recommended to assess accessibility
127018803,way,surface,MISSING,Surface tag is recommended to assess accessibility
127018804,way,surface,MISSING,Surface tag is recommended to assess accessibility
127018807,way,surface,MISSING,Surface tag is recommended to assess accessibility
127018809,way,surface,MISSING,Surface tag is recommended to assess accessibility
127018815,way,surface,MISSING,Surface tag is recommended to assess accessibility
127018816,way,surface,MISSING,Surface tag is recommended to assess accessibility
127018817,way,surface,MISSING,Surface tag is recommended to assess accessibility
127018818,way,surface,MISSING,Surface tag is recommended to assess accessibility
127018819,way,surface,MISSING,Surface tag is recommended to assess accessibility
127018821,way,surface,MISSING,Surface tag is recommended to assess accessibility
127018823,way,surface,MISSING,Surface tag is recommended to assess accessibility
127018824,way,surface,MISSING,Surface tag is recommended to assess accessibility
127018825,way,surface,MISSING,Surface tag is recommended to assess accessibility
127018826,way,surface,MISSING,Surface tag is recommended to assess accessibility
127018827,way,surface,MISSING,Surface tag is recommended to assess accessibility
127018828,way,surface,MISSING,Surface tag is recommended to assess accessibility
127018829,way,surface,MISSING,Surface tag is recommended to assess accessibility
127018830,way,surface,MISSING,Surface tag is recommended to assess accessibility
127018831,way,surface,MISSING,Surface tag is recommended to assess accessibility
127018832,way,surface,MISSING,Surface tag is recommended to assess accessibility
127190239,way,surface,MISSING,Surface tag is recommended to assess accessibility
127190240,way,surface,MISSING,Surface tag is recommended to assess accessibility
127190241,way,surface,MISSING,Surface tag is recommended to assess accessibility
127190242,way,surface,MISSING,Surface tag is recommended to assess accessibility
127190243,way,surface,MISSING,Surface tag is recommended to assess accessibility
127190245,way,surface,MISSING,Surface tag is recommended to assess accessibility
127190246,way,surface,MISSING,Surface tag is recommended to assess accessibility
127190249,way,surface,MISSING,Surface tag is recommended to assess accessibility
127190251,way,surface,MISSING,Surface tag is recommended to assess accessibility
127190252,way,surface,MISSING,Surface tag is recommended to assess accessibility
127190253,way,surface,MISSING,Surface tag is recommended to assess accessibility
127190254,way,surface,MISSING,Surface tag is recommended to assess accessibility
127190256,way,surface,MISSING,Surface tag is recommended to assess accessibility
127190257,way,surface,MISSING,Surface tag is recommended to assess accessibility
127190260,way,surface,MISSING,Surface tag is recommended to assess accessibility
127190262,way,surface,MISSING,Surface tag is recommended to assess accessibility
127190265,way,surface,MISSING,Surface tag is recommended to assess accessibility
127190267,way,surface,MISSING,Surface tag is recommended to assess accessibility
127190269,way,surface,MISSING,Surface tag is recommended to assess accessibility
127190271,way,surface,MISSING,Surface tag is recommended to assess accessibility
127190272,way,surface,MISSING,Surface tag is recommended to assess accessibility
127190277,way,surface,MISSING,Surface tag is recommended to assess accessibility
127190280,way,surface,MISSING,Surface tag is recommended to assess accessibility
127190287,way,surface,MISSING,Surface tag is recommended to assess accessibility
127190292,way,surface,MISSING,Surface tag is recommended to assess accessibility
127190302,way,surface,MISSING,Surface tag is recommended to assess accessibility
127190311,way,surface,MISSING,Surface tag is recommended to assess accessibility
127190320,way,surface,MISSING,Surface tag is recommended to assess accessibility
127190323,way,surface,MISSING,Surface tag is recommended to assess accessibility
127190329,way,surface,MISSING,Surface tag is recommended to assess accessibility
127190341,way,surface,MISSING,Surface tag is recommended to assess accessibility
127190342,way,surface,MISSING,Surface tag is recommended to assess accessibility
127190348,way,surface,MISSING,Surface tag is recommended to assess accessibility
127190349,way,surface,MISSING,Surface tag is recommended to assess accessibility
127190350,way,surface,MISSING,Surface tag is recommended to assess accessibility
127330202,way,surface,MISSING,Surface tag is recommended to assess accessibility
127330204,way,surface,MISSING,Surface tag is recommended to assess accessibility
127330205,way,surface,MISSING,Surface tag is recommended to assess accessibility
127330207,way,surface,MISSING,Surface tag is recommended to assess accessibility
127330208,way,surface,MISSING,Surface tag is recommended to assess accessibility
127330209,way,surface,MISSING,Surface tag is recommended to assess accessibility
127330211,way,surface,MISSING,Surface tag is recommended to assess accessibility
127330212,way,surface,MISSING,Surface tag is recommended to assess accessibility
127330214,way,surface,MISSING,Surface tag is recommended to assess accessibility
127330215,way,surface,MISSING,Surface tag is recommended to assess accessibility
127330216,way,surface,MISSING,Surface tag is recommended to assess accessibility
127330218,way,surface,MISSING,Surface tag is recommended to assess accessibility
127330219,way,surface,MISSING,Surface tag is recommended to assess accessibility
127330220,way,surface,MISSING,Surface tag is recommended to assess accessibility
127330222,way,surface,MISSING,Surface tag is recommended to assess accessibility
127330225,way,surface,MISSING,Surface tag is recommended to assess accessibility
127330227,way,surface,MISSING,Surface tag is recommended to assess accessibility
127330228,way,surface,MISSING,Surface tag is recommended to assess accessibility
127330229,way,surface,MISSING,Surface tag is recommended to assess accessibility
127330231,way,surface,MISSING,Surface tag is recommended to assess accessibility
127330232,way,surface,MISSING,Surface tag is recommended to assess accessibility
127330234,way,surface,MISSING,Surface tag is recommended to assess accessibility
127330236,way,surface,MISSING,Surface tag is recommended to assess accessibility
127330238,way,surface,MISSING,Surface tag is recommended to assess accessibility
127330239,way,surface,MISSING,Surface tag is recommended to assess accessibility
127330240,way,surface,MISSING,Surface tag is recommended to assess accessibility
127330242,way,surface,MISSING,Surface tag is recommended to assess accessibility
127330243,way,surface,MISSING,Surface tag is recommended to assess accessibility
127330245,way,surface,MISSING,Surface tag is recommended to assess accessibility
127330246,way,surface,MISSING,Surface tag is recommended to assess accessibility
127330247,way,surface,MISSING,Surface tag is recommended to assess accessibility
127330249,way,surface,MISSING,Surface tag is recommended to assess accessibility
127330250,way,surface,MISSING,Surface tag is recommended to assess accessibility
127330251,way,surface,MISSING,Surface tag is recommended to assess accessibility
127330254,way,surface,MISSING,Surface tag is recommended to assess accessibility
127330255,way,surface,MISSING,Surface tag is recommended to assess accessibility
127330258,way,surface,MISSING,Surface tag is recommended to assess accessibility
127330260,way,surface,MISSING,Surface tag is recommended to assess accessibility
127330261,way,surface,MISSING,Surface tag is recommended to assess accessibility
127330267,way,surface,MISSING,Surface tag is recommended to assess accessibility
127330268,way,surface,MISSING,Surface tag is recommended to assess accessibility
127330269,way,surface,MISSING,Surface tag is recommended to assess accessibility
127330273,way,surface,MISSING,Surface tag is recommended to assess accessibility
127330277,way,surface,MISSING,Surface tag is recommended to assess accessibility
127330278,way,surface,MISSING,Surface tag is recommended to assess accessibility
127330279,way,surface,MISSING,Surface tag is recommended to assess accessibility
127330282,way,surface,MISSING,Surface tag is recommended to assess accessibility
127330283,way,surface,MISSING,Surface tag is recommended to assess accessibility
127330284,way,surface,MISSING,Surface tag is recommended to assess accessibility
127330287,way,surface,MISSING,Surface tag is recommended to assess accessibility
127330288,way,surface,MISSING,Surface tag is recommended to assess accessibility
127330291,way,surface,MISSING,Surface tag is recommended to assess accessibility
127330292,way,surface,MISSING,Surface tag is recommended to assess accessibility
127330293,way,surface,MISSING,Surface tag is recommended to assess accessibility
127330297,way,surface,MISSING,Surface tag is recommended to assess accessibility
127330300,way,surface,MISSING,Surface tag is recommended to assess accessibility
127330302,way,surface,MISSING,Surface tag is recommended to assess accessibility
127330303,way,surface,MISSING,Surface tag is recommended to assess accessibility
127330311,way,surface,MISSING,Surface tag is recommended to assess accessibility
127330327,way,surface,MISSING,Surface tag is recommended to assess accessibility
127330337,way,surface,MISSING,Surface tag is recommended to assess accessibility
127330342,way,surface,MISSING,Surface tag is recommended to assess accessibility
127330343,way,surface,MISSING,Surface tag is recommended to assess accessibility
127330350,way,surface,MISSING,Surface tag is recommended to assess accessibility
127330351,way,surface,MISSING,Surface tag is recommended to assess accessibility
127330352,way,surface,MISSING,Surface tag is recommended to assess accessibility
127330355,way,surface,MISSING,Surface tag is recommended to assess accessibility
127330358,way,surface,MISSING,Surface tag is recommended to assess accessibility
127330366,way,surface,MISSING,Surface tag is recommended to assess accessibility
127330368,way,surface,MISSING,Surface tag is recommended to assess accessibility
127330369,way,surface,MISSING,Surface tag is recommended to assess accessibility
127330370,way,surface,MISSING,Surface tag is recommended to assess accessibility
127330371,way,surface,MISSING,Surface tag is recommended to assess accessibility
127330374,way,surface,MISSING,Surface tag is recommended to assess accessibility
127330375,way,surface,MISSING,Surface tag is recommended to assess accessibility
127330376,way,surface,MISSING,Surface tag is recommended to assess accessibility
127330377,way,surface,MISSING,Surface tag is recommended to assess accessibility
127330378,way,surface,MISSING,Surface tag is recommended to assess accessibility
127330379,way,surface,MISSING,Surface tag is recommended to assess accessibility
127330380,way,surface,MISSING,Surface tag is recommended to assess accessibility
127330381,way,surface,MISSING,Surface tag is recommended to assess accessibility
128008580,way,surface,MISSING,Surface tag is recommended to assess accessibility
128008581,way,surface,MISSING,Surface tag is recommended to assess accessibility
128008582,way,surface,MISSING,Surface tag is recommended to assess accessibility
128008583,way,surface,MISSING,Surface tag is recommended to assess accessibility
128008584,way,surface,MISSING,Surface tag is recommended to assess accessibility
128008585,way,surface,MISSING,Surface tag is recommended to assess accessibility
128008586,way,surface,MISSING,Surface tag is recommended to assess accessibility
128008587,way,surface,MISSING,Surface tag is recommended to assess accessibility
128008588,way,surface,MISSING,Surface tag is recommended to assess accessibility
128008589,way,surface,MISSING,Surface tag is recommended to assess accessibility
128008590,way,surface,MISSING,Surface tag is recommended to assess accessibility
128008591,way,surface,MISSING,Surface tag is recommended to assess accessibility
128008592,way,surface,MISSING,Surface tag is recommended to assess accessibility
128008593,way,surface,MISSING,Surface tag is recommended to assess accessibility
128008594,way,surface,MISSING,Surface tag is recommended to assess accessibility
128008596,way,surface,MISSING,Surface tag is recommended to assess accessibility
128008597,way,surface,MISSING,Surface tag is recommended to assess accessibility
128008598,way,surface,MISSING,Surface tag is recommended to assess accessibility
128008599,way,surface,MISSING,Surface tag is recommended to assess accessibility
128008600,way,surface,MISSING,Surface tag is recommended to assess accessibility
128008601,way,surface,MISSING,Surface tag is recommended to assess accessibility
128008602,way,surface,MISSING,Surface tag is recommended to assess accessibility
128008604,way,surface,MISSING,Surface tag is recommended to assess accessibility
128008605,way,surface,MISSING,Surface tag is recommended to assess accessibility
128008606,way,surface,MISSING,Surface tag is recommended to assess accessibility
128008608,way,surface,MISSING,Surface tag is recommended to assess accessibility
128008609,way,surface,MISSING,Surface tag is recommended to assess accessibility
128008611,way,surface,MISSING,Surface tag is recommended to assess accessibility
128008612,way,surface,MISSING,Surface tag is recommended to assess accessibility
128008613,way,surface,MISSING,Surface tag is recommended to assess accessibility
128008614,way,surface,MISSING,Surface tag is recommended to assess accessibility
128008615,way,surface,MISSING,Surface tag is recommended to assess accessibility
128008616,way,surface,MISSING,Surface tag is recommended to assess accessibility
128008617,way,surface,MISSING,Surface tag is recommended to assess accessibility
128008618,way,surface,MISSING,Surface tag is recommended to assess accessibility
128008620,way,surface,MISSING,Surface tag is recommended to assess accessibility
128008621,way,surface,MISSING,Surface tag is recommended to assess accessibility
128008622,way,surface,MISSING,Surface tag is recommended to assess accessibility
128008623,way,surface,MISSING,Surface tag is recommended to assess accessibility
128008624,way,surface,MISSING,Surface tag is recommended to assess accessibility
128008626,way,surface,MISSING,Surface tag is recommended to assess accessibility
128008627,way,surface,MISSING,Surface tag is recommended to assess accessibility
128008628,way,surface,MISSING,Surface tag is recommended to assess accessibility
128008629,way,surface,MISSING,Surface tag is recommended to assess accessibility
128008630,way,surface,MISSING,Surface tag is recommended to assess accessibility
128008632,way,surface,MISSING,Surface tag is recommended to assess accessibility
128008633,way,surface,MISSING,Surface tag is recommended to assess accessibility
128008634,way,surface,MISSING,Surface tag is recommended to assess accessibility
128008635,way,surface,MISSING,Surface tag is recommended to assess accessibility
128008636,way,surface,MISSING,Surface tag is recommended to assess accessibility
128008637,way,surface,MISSING,Surface tag is recommended to assess accessibility
128008638,way,surface,MISSING,Surface tag is recommended to assess accessibility
128008639,way,surface,MISSING,Surface tag is recommended to assess accessibility
128008640,way,surface,MISSING,Surface tag is recommended to assess accessibility
128008641,way,surface,MISSING,Surface tag is recommended to assess accessibility
128008642,way,surface,MISSING,Surface tag is recommended to assess accessibility
128008645,way,surface,MISSING,Surface tag is recommended to assess accessibility
128008650,way,surface,MISSING,Surface tag is recommended to assess accessibility
128008652,way,surface,MISSING,Surface tag is recommended to assess accessibility
128008658,way,surface,MISSING,Surface tag is recommended to assess accessibility
128008660,way,surface,MISSING,Surface tag is recommended to assess accessibility
128008661,way,surface,MISSING,Surface tag is recommended to assess accessibility
128008664,way,surface,MISSING,Surface tag is recommended to assess accessibility
128008665,way,surface,MISSING,Surface tag is recommended to assess accessibility
128008666,way,surface,MISSING,Surface tag is recommended to assess accessibility
128008668,way,surface,MISSING,Surface tag is recommended to assess accessibility
128008677,way,surface,MISSING,Surface tag is recommended to assess accessibility
128008688,way,surface,MISSING,Surface tag is recommended to assess accessibility
128008689,way,surface,MISSING,Surface tag is recommended to assess accessibility
128008690,way,surface,MISSING,Surface tag is recommended to assess accessibility
128008695,way,surface,MISSING,Surface tag is recommended to assess accessibility
128008696,way,surface,MISSING,Surface tag is recommended to assess accessibility
128008697,way,surface,MISSING,Surface tag is recommended to assess accessibility
128008698,way,surface,MISSING,Surface tag is recommended to assess accessibility
128008699,way,surface,MISSING,Surface tag is recommended to assess accessibility
128008704,way,surface,MISSING,Surface tag is recommended to assess accessibility
128008706,way,surface,MISSING,Surface tag is recommended to assess accessibility
128008708,way,surface,MISSING,Surface tag is recommended to assess accessibility
128008709,way,surface,MISSING,Surface tag is recommended to assess accessibility
128008710,way,surface,MISSING,Surface tag is recommended to assess accessibility
128008711,way,surface,MISSING,Surface tag is recommended to assess accessibility
128046272,way,surface,MISSING,Surface tag is recommended to assess accessibility
128046275,way,surface,MISSING,Surface tag is recommended to assess accessibility
128046277,way,surface,MISSING,Surface tag is recommended to assess accessibility
128046280,way,surface,MISSING,Surface tag is recommended to assess accessibility
128046285,way,surface,MISSING,Surface tag is recommended to assess accessibility
128046287,way,surface,MISSING,Surface tag is recommended to assess accessibility
128046288,way,surface,MISSING,Surface tag is recommended to assess accessibility
128046291,way,surface,MISSING,Surface tag is recommended to assess accessibility
128046293,way,surface,MISSING,Surface tag is recommended to assess accessibility
128046294,way,surface,MISSING,Surface tag is recommended to assess accessibility
128046297,way,surface,MISSING,Surface tag is recommended to assess accessibility
128046302,way,surface,MISSING,Surface tag is recommended to assess accessibility
128046303,way,surface,MISSING,Surface tag is recommended to assess accessibility
128046304,way,surface,MISSING,Surface tag is recommended to assess accessibility
128046308,way,surface,MISSING,Surface tag is recommended to assess accessibility
128046310,way,surface,MISSING,Surface tag is recommended to assess accessibility
128046313,way,surface,MISSING,Surface tag is recommended to assess accessibility
128046314,way,surface,MISSING,Surface tag is recommended to assess accessibility
128046315,way,surface,MISSING,Surface tag is recommended to assess accessibility
128046318,way,surface,MISSING,Surface tag is recommended to assess accessibility
128046319,way,surface,MISSING,Surface tag is recommended to assess accessibility
128046323,way,surface,MISSING,Surface tag is recommended to assess accessibility
128046324,way,surface,MISSING,Surface tag is recommended to assess accessibility
128046325,way,surface,MISSING,Surface tag is recommended to assess accessibility
128046329,way,surface,MISSING,Surface tag is recommended to assess accessibility
128046331,way,surface,MISSING,Surface tag is recommended to assess accessibility
128046333,way,surface,MISSING,Surface tag is recommended to assess accessibility
128046335,way,surface,MISSING,Surface tag is recommended to assess accessibility
128046337,way,surface,MISSING,Surface tag is recommended to assess accessibility
128046340,way,surface,MISSING,Surface tag is recommended to assess accessibility
128046342,way,surface,MISSING,Surface tag is recommended to assess accessibility
128046346,way,surface,MISSING,Surface tag is recommended to assess accessibility
128046347,way,surface,MISSING,Surface tag is recommended to assess accessibility
128046352,way,surface,MISSING,Surface tag is recommended to assess accessibility
128046353,way,surface,MISSING,Surface tag is recommended to assess accessibility
128046357,way,surface,MISSING,Surface tag is recommended to assess accessibility
128046358,way,surface,MISSING,Surface tag is recommended to assess accessibility
128046360,way,surface,MISSING,Surface tag is recommended to assess accessibility
128046363,way,surface,MISSING,Surface tag is recommended to assess accessibility
128046366,way,surface,MISSING,Surface tag is recommended to assess accessibility
128046367,way,surface,MISSING,Surface tag is recommended to assess accessibility
128046370,way,surface,MISSING,Surface tag is recommended to assess accessibility
128046371,way,surface,MISSING,Surface tag is recommended to assess accessibility
128046373,way,surface,MISSING,Surface tag is recommended to assess accessibility
128046376,way,surface,MISSING,Surface tag is recommended to assess accessibility
128046377,way,surface,MISSING,Surface tag is recommended to assess accessibility
128046379,way,surface,MISSING,Surface tag is recommended to assess accessibility
128046381,way,surface,MISSING,Surface tag is recommended to assess accessibility
128046383,way,surface,MISSING,Surface tag is recommended to assess accessibility
128046385,way,surface,MISSING,Surface tag is recommended to assess accessibility
128046387,way,surface,MISSING,Surface tag is recommended to assess accessibility
128046390,way,surface,MISSING,Surface tag is recommended to assess accessibility
128046393,way,surface,MISSING,Surface tag is recommended to assess accessibility
128046394,way,surface,MISSING,Surface tag is recommended to assess accessibility
128046397,way,surface,MISSING,Surface tag is recommended to assess accessibility
128046443,way,surface,MISSING,Surface tag is recommended to assess accessibility
128046483,way,surface,MISSING,Surface tag is recommended to assess accessibility
128046488,way,surface,MISSING,Surface tag is recommended to assess accessibility
128046493,way,surface,MISSING,Surface tag is recommended to assess accessibility
128046495,way,surface,MISSING,Surface tag is recommended to assess accessibility
128046501,way,surface,MISSING,Surface tag is recommended to assess accessibility
128046511,way,surface,MISSING,Surface tag is recommended to assess accessibility
128046532,way,surface,MISSING,Surface tag is recommended to assess accessibility
128046538,way,surface,MISSING,Surface tag is recommended to assess accessibility
128046540,way,surface,MISSING,Surface tag is recommended to assess accessibility
128046544,way,surface,MISSING,Surface tag is recommended to assess accessibility
128046547,way,surface,MISSING,Surface tag is recommended to assess accessibility
128046550,way,surface,MISSING,Surface tag is recommended to assess accessibility
128046555,way,surface,MISSING,Surface tag is recommended to assess accessibility
128046557,way,surface,MISSING,Surface tag is recommended to assess accessibility
128046565,way,surface,MISSING,Surface tag is recommended to assess accessibility
128171046,way,surface,MISSING,Surface tag is recommended to assess accessibility
128171047,way,surface,MISSING,Surface tag is recommended to assess accessibility
128171048,way,surface,MISSING,Surface tag is recommended to assess accessibility
128171049,way,surface,MISSING,Surface tag is recommended to assess accessibility
128171050,way,surface,MISSING,Surface tag is recommended to assess accessibility
128171051,way,surface,MISSING,Surface tag is recommended to assess accessibility
128171052,way,surface,MISSING,Surface tag is recommended to assess accessibility
128171053,way,surface,MISSING,Surface tag is recommended to assess accessibility
128171055,way,surface,MISSING,Surface tag is recommended to assess accessibility
128171056,way,surface,MISSING,Surface tag is recommended to assess accessibility
128171057,way,surface,MISSING,Surface tag is recommended to assess accessibility
128171058,way,surface,MISSING,Surface tag is recommended to assess accessibility
128171059,way,surface,MISSING,Surface tag is recommended to assess accessibility
128171060,way,surface,MISSING,Surface tag is recommended to assess accessibility
128171061,way,surface,MISSING,Surface tag is recommended to assess accessibility
128171062,way,surface,MISSING,Surface tag is recommended to assess accessibility
128171063,way,surface,MISSING,Surface tag is recommended to assess accessibility
128171064,way,surface,MISSING,Surface tag is recommended to assess accessibility
128171067,way,surface,MISSING,Surface tag is recommended to assess accessibility
128171068,way,surface,MISSING,Surface tag is recommended to assess accessibility
128171069,way,surface,MISSING,Surface tag is recommended to assess accessibility
128171070,way,surface,MISSING,Surface tag is recommended to assess accessibility
128171071,way,surface,MISSING,Surface tag is recommended to assess accessibility
128171072,way,surface,MISSING,Surface tag is recommended to assess accessibility
128171073,way,surface,MISSING,Surface tag is recommended to assess accessibility
128171074,way,surface,MISSING,Surface tag is recommended to assess accessibility
128171075,way,surface,MISSING,Surface tag is recommended to assess accessibility
128171076,way,surface,MISSING,Surface tag is recommended to assess accessibility
128171077,way,surface,MISSING,Surface tag is recommended to assess accessibility
128171078,way,surface,MISSING,Surface tag is recommended to assess accessibility
128171079,way,surface,MISSING,Surface tag is recommended to assess accessibility
128171091,way,surface,MISSING,Surface tag is recommended to assess accessibility
128171096,way,surface,MISSING,Surface tag is recommended to assess accessibility
128171098,way,surface,MISSING,Surface tag is recommended to assess accessibility
128171101,way,surface,MISSING,Surface tag is recommended to assess accessibility
128171102,way,surface,MISSING,Surface tag is recommended to assess accessibility
128171103,way,surface,MISSING,Surface tag is recommended to assess accessibility
128171112,way,surface,MISSING,Surface tag is recommended to assess accessibility
128171113,way,surface,MISSING,Surface tag is recommended to assess accessibility
128171116,way,surface,MISSING,Surface tag is recommended to assess accessibility
128171118,way,surface,MISSING,Surface tag is recommended to assess accessibility
128171120,way,surface,MISSING,Surface tag is recommended to assess accessibility
128171121,way,surface,MISSING,Surface tag is recommended to assess accessibility
128171122,way,surface,MISSING,Surface tag is recommended to assess accessibility
128171124,way,surface,MISSING,Surface tag is recommended to assess accessibility
128171125,way,surface,MISSING,Surface tag is recommended to assess accessibility
128171127,way,surface,MISSING,Surface tag is recommended to assess accessibility
128171128,way,surface,MISSING,Surface tag is recommended to assess accessibility
128171131,way,surface,MISSING,Surface tag is recommended to assess accessibility
128171132,way,surface,MISSING,Surface tag is recommended to assess accessibility
128171134,way,surface,MISSING,Surface tag is recommended to assess accessibility
128171136,way,surface,MISSING,Surface tag is recommended to assess accessibility
128183757,way,surface,MISSING,Surface tag is recommended to assess accessibility
128183760,way,surface,MISSING,Surface tag is recommended to assess accessibility
128183761,way,surface,MISSING,Surface tag is recommended to assess accessibility
128183762,way,surface,MISSING,Surface tag is recommended to assess accessibility
128183764,way,surface,MISSING,Surface tag is recommended to assess accessibility
128183766,way,surface,MISSING,Surface tag is recommended to assess accessibility
128183767,way,surface,MISSING,Surface tag is recommended to assess accessibility
128183769,way,surface,MISSING,Surface tag is recommended to assess accessibility
128183772,way,surface,MISSING,Surface tag is recommended to assess accessibility
128183774,way,surface,MISSING,Surface tag is recommended to assess accessibility
128183776,way,surface,MISSING,Surface tag is recommended to assess accessibility
128183777,way,surface,MISSING,Surface tag is recommended to assess accessibility
128183778,way,surface,MISSING,Surface tag is recommended to assess accessibility
128183779,way,surface,MISSING,Surface tag is recommended to assess accessibility
128183780,way,surface,MISSING,Surface tag is recommended to assess accessibility
128183782,way,surface,MISSING,Surface tag is recommended to assess accessibility
128183784,way,surface,MISSING,Surface tag is recommended to assess accessibility
128183787,way,surface,MISSING,Surface tag is recommended to assess accessibility
128183789,way,surface,MISSING,Surface tag is recommended to assess accessibility
128183795,way,surface,MISSING,Surface tag is recommended to assess accessibility
128183796,way,surface,MISSING,Surface tag is recommended to assess accessibility
128183797,way,surface,MISSING,Surface tag is recommended to assess accessibility
128183807,way,surface,MISSING,Surface tag is recommended to assess accessibility
128183815,way,surface,MISSING,Surface tag is recommended to assess accessibility
128183816,way,surface,MISSING,Surface tag is recommended to assess accessibility
128183817,way,surface,MISSING,Surface tag is recommended to assess accessibility
128183818,way,surface,MISSING,Surface tag is recommended to assess accessibility
128183819,way,surface,MISSING,Surface tag is recommended to assess accessibility
128183820,way,surface,MISSING,Surface tag is recommended to assess accessibility
128277984,way,surface,MISSING,Surface tag is recommended to assess accessibility
128277987,way,surface,MISSING,Surface tag is recommended to assess accessibility
128277989,way,surface,MISSING,Surface tag is recommended to assess accessibility
128277992,way,surface,MISSING,Surface tag is recommended to assess accessibility
128277993,way,surface,MISSING,Surface tag is recommended to assess accessibility
128277995,way,surface,MISSING,Surface tag is recommended to assess accessibility
128278000,way,surface,MISSING,Surface tag is recommended to assess accessibility
128278001,way,surface,MISSING,Surface tag is recommended to assess accessibility
128278005,way,surface,MISSING,Surface tag is recommended to assess accessibility
128278007,way,surface,MISSING,Surface tag is recommended to assess accessibility
128278009,way,surface,MISSING,Surface tag is recommended to assess accessibility
128278010,way,surface,MISSING,Surface tag is recommended to assess accessibility
128278011,way,surface,MISSING,Surface tag is recommended to assess accessibility
128278012,way,surface,MISSING,Surface tag is recommended to assess accessibility
128278014,way,surface,MISSING,Surface tag is recommended to assess accessibility
128278015,way,surface,MISSING,Surface tag is recommended to assess accessibility
128278016,way,surface,MISSING,Surface tag is recommended to assess accessibility
128278017,way,surface,MISSING,Surface tag is recommended to assess accessibility
128278018,way,surface,MISSING,Surface tag is recommended to assess accessibility
128278019,way,surface,MISSING,Surface tag is recommended to assess accessibility
128278020,way,surface,MISSING,Surface tag is recommended to assess accessibility
128278021,way,surface,MISSING,Surface tag is recommended to assess accessibility
128278022,way,surface,MISSING,Surface tag is recommended to assess accessibility
128278023,way,surface,MISSING,Surface tag is recommended to assess accessibility
128278024,way,surface,MISSING,Surface tag is recommended to assess accessibility
128278025,way,surface,MISSING,Surface tag is recommended to assess accessibility
128278026,way,surface,MISSING,Surface tag is recommended to assess accessibility
128278027,way,surface,MISSING,Surface tag is recommended to assess accessibility
128278028,way,surface,MISSING,Surface tag is recommended to assess accessibility
128278029,way,surface,MISSING,Surface tag is recommended to assess accessibility
128278031,way,surface,MISSING,Surface tag is recommended to assess accessibility
128278032,way,surface,MISSING,Surface tag is recommended to assess accessibility
128278033,way,surface,MISSING,Surface tag is recommended to assess accessibility
128278035,way,surface,MISSING,Surface tag is recommended to assess accessibility
128278036,way,surface,MISSING,Surface tag is recommended to assess accessibility
128278037,way,surface,MISSING,Surface tag is recommended to assess accessibility
128278039,way,surface,MISSING,Surface tag is recommended to assess accessibility
128278042,way,surface,MISSING,Surface tag is recommended to assess accessibility
128278047,way,surface,MISSING,Surface tag is recommended to assess accessibility
128278049,way,surface,MISSING,Surface tag is recommended to assess accessibility
128278050,way,surface,MISSING,Surface tag is recommended to assess accessibility
128278052,way,surface,MISSING,Surface tag is recommended to assess accessibility
128278053,way,surface,MISSING,Surface tag is recommended to assess accessibility
128278065,way,surface,MISSING,Surface tag is recommended to assess accessibility
128278070,way,surface,MISSING,Surface tag is recommended to assess accessibility
128278072,way,surface,MISSING,Surface tag is recommended to assess accessibility
128278079,way,surface,MISSING,Surface tag is recommended to assess accessibility
128278087,way,surface,MISSING,Surface tag is recommended to assess accessibility
128278088,way,surface,MISSING,Surface tag is recommended to assess accessibility
128278091,way,surface,MISSING,Surface tag is recommended to assess accessibility
128278093,way,surface,MISSING,Surface tag is recommended to assess accessibility
128278094,way,surface,MISSING,Surface tag is recommended to assess accessibility
128278098,way,surface,MISSING,Surface tag is recommended to assess accessibility
128278099,way,surface,MISSING,Surface tag is recommended to assess accessibility
128278101,way,surface,MISSING,Surface tag is recommended to assess accessibility
128278106,way,surface,MISSING,Surface tag is recommended to assess accessibility
128278108,way,surface,MISSING,Surface tag is recommended to assess accessibility
128278109,way,surface,MISSING,Surface tag is recommended to assess accessibility
128278110,way,surface,MISSING,Surface tag is recommended to assess accessibility
128278112,way,surface,MISSING,Surface tag is recommended to assess accessibility
128278113,way,surface,MISSING,Surface tag is recommended to assess accessibility
128278114,way,surface,MISSING,Surface tag is recommended to assess accessibility
128396359,way,surface,MISSING,Surface tag is recommended to assess accessibility
128396360,way,surface,MISSING,Surface tag is recommended to assess accessibility
128396373,way,surface,MISSING,Surface tag is recommended to assess accessibility
128396379,way,surface,MISSING,Surface tag is recommended to assess accessibility
128396382,way,surface,MISSING,Surface tag is recommended to assess accessibility
128396385,way,surface,MISSING,Surface tag is recommended to assess accessibility
128396386,way,surface,MISSING,Surface tag is recommended to assess accessibility
128396387,way,surface,MISSING,Surface tag is recommended to assess accessibility
128396388,way,surface,MISSING,Surface tag is recommended to assess accessibility
128396390,way,surface,MISSING,Surface tag is recommended to assess accessibility
128396391,way,surface,MISSING,Surface tag is recommended to assess accessibility
128396392,way,surface,MISSING,Surface tag is recommended to assess accessibility
128396393,way,surface,MISSING,Surface tag is recommended to assess accessibility
128396395,way,surface,MISSING,Surface tag is recommended to assess accessibility
128396396,way,surface,MISSING,Surface tag is recommended to assess accessibility
128396397,way,surface,MISSING,Surface tag is recommended to assess accessibility
128396398,way,surface,MISSING,Surface tag is recommended to assess accessibility
128396399,way,surface,MISSING,Surface tag is recommended to assess accessibility
128396400,way,surface,MISSING,Surface tag is recommended to assess accessibility
128396401,way,surface,MISSING,Surface tag is recommended to assess accessibility
128396403,way,surface,MISSING,Surface tag is recommended to assess accessibility
128396404,way,surface,MISSING,Surface tag is recommended to assess accessibility
128396405,way,surface,MISSING,Surface tag is recommended to assess accessibility
128396406,way,surface,MISSING,Surface tag is recommended to assess accessibility
128396407,way,surface,MISSING,Surface tag is recommended to assess accessibility
128396409,way,surface,MISSING,Surface tag is recommended to assess accessibility
128396410,way,surface,MISSING,Surface tag is recommended to assess accessibility
128396411,way,surface,MISSING,Surface tag is recommended to assess accessibility
128396415,way,surface,MISSING,Surface tag is recommended to assess accessibility
128396416,way,surface,MISSING,Surface tag is recommended to assess accessibility
128396417,way,surface,MISSING,Surface tag is recommended to assess accessibility
128396418,way,surface,MISSING,Surface tag is recommended to assess accessibility
128396419,way,surface,MISSING,Surface tag is recommended to assess accessibility
128396420,way,surface,MISSING,Surface tag is recommended to assess accessibility
128396421,way,surface,MISSING,Surface tag is recommended to assess accessibility
128396422,way,surface,MISSING,Surface tag is recommended to assess accessibility
128396424,way,surface,MISSING,Surface tag is recommended to assess accessibility
128396425,way,surface,MISSING,Surface tag is recommended to assess accessibility
128396426,way,surface,MISSING,Surface tag is recommended to assess accessibility
128396427,way,surface,MISSING,Surface tag is recommended to assess accessibility
128396432,way,surface,MISSING,Surface tag is recommended to assess accessibility
128396452,way,surface,MISSING,Surface tag is recommended to assess accessibility
128396453,way,surface,MISSING,Surface tag is recommended to assess accessibility
128396455,way,surface,MISSING,Surface tag is recommended to assess accessibility
128396460,way,surface,MISSING,Surface tag is recommended to assess accessibility
128396462,way,surface,MISSING,Surface tag is recommended to assess accessibility
128396464,way,surface,MISSING,Surface tag is recommended to assess accessibility
128396468,way,surface,MISSING,Surface tag is recommended to assess accessibility
128396469,way,surface,MISSING,Surface tag is recommended to assess accessibility
128396471,way,surface,MISSING,Surface tag is recommended to assess accessibility
128396474,way,surface,MISSING,Surface tag is recommended to assess accessibility
128396475,way,surface,MISSING,Surface tag is recommended to assess accessibility
128396485,way,surface,MISSING,Surface tag is recommended to assess accessibility
128396487,way,surface,MISSING,Surface tag is recommended to assess accessibility
128396489,way,surface,MISSING,Surface tag is recommended to assess accessibility
128396491,way,surface,MISSING,Surface tag is recommended to assess accessibility
128396493,way,surface,MISSING,Surface tag is recommended to assess accessibility
128396494,way,surface,MISSING,Surface tag is recommended to assess accessibility
128396500,way,surface,MISSING,Surface tag is recommended to assess accessibility
128396509,way,surface,MISSING,Surface tag is recommended to assess accessibility
128396514,way,surface,MISSING,Surface tag is recommended to assess accessibility
128396523,way,surface,MISSING,Surface tag is recommended to assess accessibility
128396529,way,surface,MISSING,Surface tag is recommended to assess accessibility
128396531,way,surface,MISSING,Surface tag is recommended to assess accessibility
128396532,way,surface,MISSING,Surface tag is recommended to assess accessibility
128396533,way,surface,MISSING,Surface tag is recommended to assess accessibility
128396534,way,surface,MISSING,Surface tag is recommended to assess accessibility
128396535,way,surface,MISSING,Surface tag is recommended to assess accessibility
128396537,way,surface,MISSING,Surface tag is recommended to assess accessibility
128486374,way,surface,MISSING,Surface tag is recommended to assess accessibility
128486387,way,surface,MISSING,Surface tag is recommended to assess accessibility
128486394,way,surface,MISSING,Surface tag is recommended to assess accessibility
128486396,way,surface,MISSING,Surface tag is recommended to assess accessibility
128486401,way,surface,MISSING,Surface tag is recommended to assess accessibility
128486404,way,surface,MISSING,Surface tag is recommended to assess accessibility
128486407,way,surface,MISSING,Surface tag is recommended to assess accessibility
128486410,way,surface,MISSING,Surface tag is recommended to assess accessibility
128486414,way,surface,MISSING,Surface tag is recommended to assess accessibility
128486424,way,surface,MISSING,Surface tag is recommended to assess accessibility
128486433,way,surface,MISSING,Surface tag is recommended to assess accessibility
128486436,way,surface,MISSING,Surface tag is recommended to assess accessibility
128486446,way,surface,MISSING,Surface tag is recommended to assess accessibility
128486451,way,surface,MISSING,Surface tag is recommended to assess accessibility
128486460,way,surface,MISSING,Surface tag is recommended to assess accessibility
128486465,way,surface,MISSING,Surface tag is recommended to assess accessibility
128486470,way,surface,MISSING,Surface tag is recommended to assess accessibility
128486487,way,surface,MISSING,Surface tag is recommended to assess accessibility
128486492,way,surface,MISSING,Surface tag is recommended to assess accessibility
128486495,way,surface,MISSING,Surface tag is recommended to assess accessibility
128486496,way,surface,MISSING,Surface tag is recommended to assess accessibility
128486500,way,surface,MISSING,Surface tag is recommended to assess accessibility
128486507,way,surface,MISSING,Surface tag is recommended to assess accessibility
128486508,way,surface,MISSING,Surface tag is recommended to assess accessibility
128486520,way,surface,MISSING,Surface tag is recommended to assess accessibility
128486522,way,surface,MISSING,Surface tag is recommended to assess accessibility
128489363,way,surface,MISSING,Surface tag is recommended to assess accessibility
128576014,way,surface,MISSING,Surface tag is recommended to assess accessibility
128576015,way,surface,MISSING,Surface tag is recommended to assess accessibility
128576016,way,surface,MISSING,Surface tag is recommended to assess accessibility
128576022,way,surface,MISSING,Surface tag is recommended to assess accessibility
128576025,way,surface,MISSING,Surface tag is recommended to assess accessibility
128576026,way,surface,MISSING,Surface tag is recommended to assess accessibility
128576027,way,surface,MISSING,Surface tag is recommended to assess accessibility
128576028,way,surface,MISSING,Surface tag is recommended to assess accessibility
128600773,way,surface,MISSING,Surface tag is recommended to assess accessibility
128600774,way,surface,MISSING,Surface tag is recommended to assess accessibility
128600775,way,surface,MISSING,Surface tag is recommended to assess accessibility
128600785,way,surface,MISSING,Surface tag is recommended to assess accessibility
128600792,way,surface,MISSING,Surface tag is recommended to assess accessibility
128600793,way,surface,MISSING,Surface tag is recommended to assess accessibility
128600804,way,surface,MISSING,Surface tag is recommended to assess accessibility
128600815,way,surface,MISSING,Surface tag is recommended to assess accessibility
128600829,way,surface,MISSING,Surface tag is recommended to assess accessibility
128600833,way,surface,MISSING,Surface tag is recommended to assess accessibility
128600836,way,surface,MISSING,Surface tag is recommended to assess accessibility
128600838,way,surface,MISSING,Surface tag is recommended to assess accessibility
128600845,way,surface,MISSING,Surface tag is recommended to assess accessibility
128600848,way,surface,MISSING,Surface tag is recommended to assess accessibility
128714854,way,surface,MISSING,Surface tag is recommended to assess accessibility
128714855,way,surface,MISSING,Surface tag is recommended to assess accessibility
128714857,way,surface,MISSING,Surface tag is recommended to assess accessibility
128714859,way,surface,MISSING,Surface tag is recommended to assess accessibility
128714868,way,surface,MISSING,Surface tag is recommended to assess accessibility
128714880,way,surface,MISSING,Surface tag is recommended to assess accessibility
128714896,way,surface,MISSING,Surface tag is recommended to assess accessibility
128714899,way,surface,MISSING,Surface tag is recommended to assess accessibility
128714918,way,surface,MISSING,Surface tag is recommended to assess accessibility
128714948,way,surface,MISSING,Surface tag is recommended to assess accessibility
128714957,way,surface,MISSING,Surface tag is recommended to assess accessibility
128714965,way,surface,MISSING,Surface tag is recommended to assess accessibility
129077841,way,surface,MISSING,Surface tag is recommended to assess accessibility
129077842,way,surface,MISSING,Surface tag is recommended to assess accessibility
129077843,way,surface,MISSING,Surface tag is recommended to assess accessibility
129077846,way,surface,MISSING,Surface tag is recommended to assess accessibility
129077847,way,surface,MISSING,Surface tag is recommended to assess accessibility
129077848,way,surface,MISSING,Surface tag is recommended to assess accessibility
129077850,way,surface,MISSING,Surface tag is recommended to assess accessibility
129077859,way,surface,MISSING,Surface tag is recommended to assess accessibility
129209773,way,surface,MISSING,Surface tag is recommended to assess accessibility
129209774,way,surface,MISSING,Surface tag is recommended to assess accessibility
129209775,way,surface,MISSING,Surface tag is recommended to assess accessibility
129209777,way,surface,MISSING,Surface tag is recommended to assess accessibility
129209778,way,surface,MISSING,Surface tag is recommended to assess accessibility
129209780,way,surface,MISSING,Surface tag is recommended to assess accessibility
129209781,way,surface,MISSING,Surface tag is recommended to assess accessibility
129209782,way,surface,MISSING,Surface tag is recommended to assess accessibility
129209783,way,surface,MISSING,Surface tag is recommended to assess accessibility
129209784,way,surface,MISSING,Surface tag is recommended to assess accessibility
129209785,way,surface,MISSING,Surface tag is recommended to assess accessibility
129209787,way,surface,MISSING,Surface tag is recommended to assess accessibility
129209789,way,surface,MISSING,Surface tag is recommended to assess accessibility
129209790,way,surface,MISSING,Surface tag is recommended to assess accessibility
129209792,way,surface,MISSING,Surface tag is recommended to assess accessibility
129209796,way,surface,MISSING,Surface tag is recommended to assess accessibility
129209797,way,surface,MISSING,Surface tag is recommended to assess accessibility
129209801,way,surface,MISSING,Surface tag is recommended to assess accessibility
129209802,way,surface,MISSING,Surface tag is recommended to assess accessibility
129209803,way,surface,MISSING,Surface tag is recommended to assess accessibility
129209805,way,surface,MISSING,Surface tag is recommended to assess accessibility
129209807,way,surface,MISSING,Surface tag is recommended to assess accessibility
129209808,way,surface,MISSING,Surface tag is recommended to assess accessibility
129209809,way,surface,MISSING,Surface tag is recommended to assess accessibility
129209814,way,surface,MISSING,Surface tag is recommended to assess accessibility
129209816,way,surface,MISSING,Surface tag is recommended to assess accessibility
129209818,way,surface,MISSING,Surface tag is recommended to assess accessibility
129209819,way,surface,MISSING,Surface tag is recommended to assess accessibility
129209820,way,surface,MISSING,Surface tag is recommended to assess accessibility
129209822,way,surface,MISSING,Surface tag is recommended to assess accessibility
129209824,way,surface,MISSING,Surface tag is recommended to assess accessibility
129209826,way,surface,MISSING,Surface tag is recommended to assess accessibility
129209830,way,surface,MISSING,Surface tag is recommended to assess accessibility
129209831,way,surface,MISSING,Surface tag is recommended to assess accessibility
129209832,way,surface,MISSING,Surface tag is recommended to assess accessibility
129209833,way,surface,MISSING,Surface tag is recommended to assess accessibility
129209836,way,surface,MISSING,Surface tag is recommended to assess accessibility
129209837,way,surface,MISSING,Surface tag is recommended to assess accessibility
129209838,way,surface,MISSING,Surface tag is recommended to assess accessibility
129209839,way,surface,MISSING,Surface tag is recommended to assess accessibility
129209843,way,surface,MISSING,Surface tag is recommended to assess accessibility
129209844,way,surface,MISSING,Surface tag is recommended to assess accessibility
129209847,way,surface,MISSING,Surface tag is recommended to assess accessibility
129209849,way,surface,MISSING,Surface tag is recommended to assess accessibility
129209850,way,surface,MISSING,Surface tag is recommended to assess accessibility
129209851,way,surface,MISSING,Surface tag is recommended to assess accessibility
129209853,way,surface,MISSING,Surface tag is recommended to assess accessibility
129209855,way,surface,MISSING,Surface tag is recommended to assess accessibility
129209856,way,surface,MISSING,Surface tag is recommended to assess accessibility
129209857,way,surface,MISSING,Surface tag is recommended to assess accessibility
129209858,way,surface,MISSING,Surface tag is recommended to assess accessibility
129209859,way,surface,MISSING,Surface tag is recommended to assess accessibility
129209860,way,surface,MISSING,Surface tag is recommended to assess accessibility
129209861,way,surface,MISSING,Surface tag is recommended to assess accessibility
129209862,way,surface,MISSING,Surface tag is recommended to assess accessibility
129209863,way,surface,MISSING,Surface tag is recommended to assess accessibility
129209866,way,surface,MISSING,Surface tag is recommended to assess accessibility
129209867,way,surface,MISSING,Surface tag is recommended to assess accessibility
129209868,way,surface,MISSING,Surface tag is recommended to assess accessibility
129209869,way,surface,MISSING,Surface tag is recommended to assess accessibility
129209870,way,surface,MISSING,Surface tag is recommended to assess accessibility
129209872,way,surface,MISSING,Surface tag is recommended to assess accessibility
129209873,way,surface,MISSING,Surface tag is recommended to assess accessibility
129209874,way,surface,MISSING,Surface tag is recommended to assess accessibility
129209876,way,surface,MISSING,Surface tag is recommended to assess accessibility
129209882,way,surface,MISSING,Surface tag is recommended to assess accessibility
129209889,way,surface,MISSING,Surface tag is recommended to assess accessibility
129209898,way,surface,MISSING,Surface tag is recommended to assess accessibility
129209910,way,surface,MISSING,Surface tag is recommended to assess accessibility
129209924,way,surface,MISSING,Surface tag is recommended to assess accessibility
129209925,way,surface,MISSING,Surface tag is recommended to assess accessibility
129209927,way,surface,MISSING,Surface tag is recommended to assess accessibility
129209928,way,surface,MISSING,Surface tag is recommended to assess accessibility
129209929,way,surface,MISSING,Surface tag is recommended to assess accessibility
129209930,way,surface,MISSING,Surface tag is recommended to assess accessibility
129209931,way,surface,MISSING,Surface tag is recommended to assess accessibility
129209932,way,surface,MISSING,Surface tag is recommended to assess accessibility
129209933,way,surface,MISSING,Surface tag is recommended to assess accessibility
129209934,way,surface,MISSING,Surface tag is recommended to assess accessibility
129209935,way,surface,MISSING,Surface tag is recommended to assess accessibility
129209936,way,surface,MISSING,Surface tag is recommended to assess accessibility
129209937,way,surface,MISSING,Surface tag is recommended to assess accessibility
129209938,way,surface,MISSING,Surface tag is recommended to assess accessibility
129209939,way,surface,MISSING,Surface tag is recommended to assess accessibility
129209940,way,surface,MISSING,Surface tag is recommended to assess accessibility
129614136,way,surface,MISSING,Surface tag is recommended to assess accessibility
129614139,way,surface,MISSING,Surface tag is recommended to assess accessibility
129614144,way,surface,MISSING,Surface tag is recommended to assess accessibility
129614153,way,surface,MISSING,Surface tag is recommended to assess accessibility
129614155,way,surface,MISSING,Surface tag is recommended to assess accessibility
129751728,way,surface,MISSING,Surface tag is recommended to assess accessibility
129751729,way,surface,MISSING,Surface tag is recommended to assess accessibility
129751731,way,surface,MISSING,Surface tag is recommended to assess accessibility
129751732,way,surface,MISSING,Surface tag is recommended to assess accessibility
129751736,way,surface,MISSING,Surface tag is recommended to assess accessibility
129751737,way,surface,MISSING,Surface tag is recommended to assess accessibility
129751738,way,surface,MISSING,Surface tag is recommended to assess accessibility
129751740,way,surface,MISSING,Surface tag is recommended to assess accessibility
129751747,way,surface,MISSING,Surface tag is recommended to assess accessibility
129751751,way,surface,MISSING,Surface tag is recommended to assess accessibility
129751752,way,surface,MISSING,Surface tag is recommended to assess accessibility
129751753,way,surface,MISSING,Surface tag is recommended to assess accessibility
129751755,way,surface,MISSING,Surface tag is recommended to assess accessibility
129751756,way,surface,MISSING,Surface tag is recommended to assess accessibility
129751757,way,surface,MISSING,Surface tag is recommended to assess accessibility
129751759,way,surface,MISSING,Surface tag is recommended to assess accessibility
129765641,way,surface,MISSING,Surface tag is recommended to assess accessibility
129765643,way,surface,MISSING,Surface tag is recommended to assess accessibility
129765645,way,surface,MISSING,Surface tag is recommended to assess accessibility
129765649,way,surface,MISSING,Surface tag is recommended to assess accessibility
129765652,way,surface,MISSING,Surface tag is recommended to assess accessibility
129765653,way,surface,MISSING,Surface tag is recommended to assess accessibility
129765659,way,surface,MISSING,Surface tag is recommended to assess accessibility
129765661,way,surface,MISSING,Surface tag is recommended to assess accessibility
129765664,way,surface,MISSING,Surface tag is recommended to assess accessibility
129765665,way,surface,MISSING,Surface tag is recommended to assess accessibility
129765670,way,surface,MISSING,Surface tag is recommended to assess accessibility
129765679,way,surface,MISSING,Surface tag is recommended to assess accessibility
129765680,way,surface,MISSING,Surface tag is recommended to assess accessibility
129765681,way,surface,MISSING,Surface tag is recommended to assess accessibility
129765683,way,surface,MISSING,Surface tag is recommended to assess accessibility
129765687,way,surface,MISSING,Surface tag is recommended to assess accessibility
129765690,way,surface,MISSING,Surface tag is recommended to assess accessibility
129765691,way,surface,MISSING,Surface tag is recommended to assess accessibility
129765692,way,surface,MISSING,Surface tag is recommended to assess accessibility
129765694,way,surface,MISSING,Surface tag is recommended to assess accessibility
129765697,way,surface,MISSING,Surface tag is recommended to assess accessibility
129765699,way,surface,MISSING,Surface tag is recommended to assess accessibility
129765703,way,surface,MISSING,Surface tag is recommended to assess accessibility
129765704,way,surface,MISSING,Surface tag is recommended to assess accessibility
129765709,way,surface,MISSING,Surface tag is recommended to assess accessibility
129765711,way,surface,MISSING,Surface tag is recommended to assess accessibility
129765712,way,surface,MISSING,Surface tag is recommended to assess accessibility
129765713,way,surface,MISSING,Surface tag is recommended to assess accessibility
129765714,way,surface,MISSING,Surface tag is recommended to assess accessibility
129765717,way,surface,MISSING,Surface tag is recommended to assess accessibility
129765722,way,surface,MISSING,Surface tag is recommended to assess accessibility
129765728,way,surface,MISSING,Surface tag is recommended to assess accessibility
129765729,way,surface,MISSING,Surface tag is recommended to assess accessibility
129765730,way,surface,MISSING,Surface tag is recommended to assess accessibility
129765736,way,surface,MISSING,Surface tag is recommended to assess accessibility
129765739,way,surface,MISSING,Surface tag is recommended to assess accessibility
129765748,way,surface,MISSING,Surface tag is recommended to assess accessibility
129765753,way,surface,MISSING,Surface tag is recommended to assess accessibility
129765754,way,surface,MISSING,Surface tag is recommended to assess accessibility
129765760,way,surface,MISSING,Surface tag is recommended to assess accessibility
129765768,way,surface,MISSING,Surface tag is recommended to assess accessibility
129765769,way,surface,MISSING,Surface tag is recommended to assess accessibility
129765770,way,surface,MISSING,Surface tag is recommended to assess accessibility
129765773,way,surface,MISSING,Surface tag is recommended to assess accessibility
129765775,way,surface,MISSING,Surface tag is recommended to assess accessibility
129765776,way,surface,MISSING,Surface tag is recommended to assess accessibility
129765780,way,surface,MISSING,Surface tag is recommended to assess accessibility
129765783,way,surface,MISSING,Surface tag is recommended to assess accessibility
129765787,way,surface,MISSING,Surface tag is recommended to assess accessibility
129765790,way,surface,MISSING,Surface tag is recommended to assess accessibility
129765792,way,surface,MISSING,Surface tag is recommended to assess accessibility
129765794,way,surface,MISSING,Surface tag is recommended to assess accessibility
129765795,way,surface,MISSING,Surface tag is recommended to assess accessibility
129836032,way,surface,MISSING,Surface tag is recommended to assess accessibility
129836034,way,surface,MISSING,Surface tag is recommended to assess accessibility
129836036,way,surface,MISSING,Surface tag is recommended to assess accessibility
129836037,way,surface,MISSING,Surface tag is recommended to assess accessibility
129836039,way,surface,MISSING,Surface tag is recommended to assess accessibility
129836040,way,surface,MISSING,Surface tag is recommended to assess accessibility
129836041,way,surface,MISSING,Surface tag is recommended to assess accessibility
129836043,way,surface,MISSING,Surface tag is recommended to assess accessibility
129836044,way,surface,MISSING,Surface tag is recommended to assess accessibility
129836045,way,surface,MISSING,Surface tag is recommended to assess accessibility
129836046,way,surface,MISSING,Surface tag is recommended to assess accessibility
129836047,way,surface,MISSING,Surface tag is recommended to assess accessibility
129836048,way,surface,MISSING,Surface tag is recommended to assess accessibility
129836049,way,surface,MISSING,Surface tag is recommended to assess accessibility
129836052,way,surface,MISSING,Surface tag is recommended to assess accessibility
129836053,way,surface,MISSING,Surface tag is recommended to assess accessibility
129836054,way,surface,MISSING,Surface tag is recommended to assess accessibility
129836055,way,surface,MISSING,Surface tag is recommended to assess accessibility
129836056,way,surface,MISSING,Surface tag is recommended to assess accessibility
129836057,way,surface,MISSING,Surface tag is recommended to assess accessibility
129836060,way,surface,MISSING,Surface tag is recommended to assess accessibility
129836061,way,surface,MISSING,Surface tag is recommended to assess accessibility
129836063,way,surface,MISSING,Surface tag is recommended to assess accessibility
129836064,way,surface,MISSING,Surface tag is recommended to assess accessibility
129836067,way,surface,MISSING,Surface tag is recommended to assess accessibility
129836069,way,surface,MISSING,Surface tag is recommended to assess accessibility
129836070,way,surface,MISSING,Surface tag is recommended to assess accessibility
129836072,way,surface,MISSING,Surface tag is recommended to assess accessibility
129836073,way,surface,MISSING,Surface tag is recommended to assess accessibility
129836074,way,surface,MISSING,Surface tag is recommended to assess accessibility
129836075,way,surface,MISSING,Surface tag is recommended to assess accessibility
129836078,way,surface,MISSING,Surface tag is recommended to assess accessibility
129836079,way,surface,MISSING,Surface tag is recommended to assess accessibility
129836081,way,surface,MISSING,Surface tag is recommended to assess accessibility
129836082,way,surface,MISSING,Surface tag is recommended to assess accessibility
129836084,way,surface,MISSING,Surface tag is recommended to assess accessibility
129836086,way,surface,MISSING,Surface tag is recommended to assess accessibility
129836087,way,surface,MISSING,Surface tag is recommended to assess accessibility
129836091,way,surface,MISSING,Surface tag is recommended to assess accessibility
129836093,way,surface,MISSING,Surface tag is recommended to assess accessibility
129836099,way,surface,MISSING,Surface tag is recommended to assess accessibility
129836100,way,surface,MISSING,Surface tag is recommended to assess accessibility
129836105,way,surface,MISSING,Surface tag is recommended to assess accessibility
129836107,way,surface,MISSING,Surface tag is recommended to assess accessibility
129836115,way,surface,MISSING,Surface tag is recommended to assess accessibility
129836116,way,surface,MISSING,Surface tag is recommended to assess accessibility
129836119,way,surface,MISSING,Surface tag is recommended to assess accessibility
129836120,way,surface,MISSING,Surface tag is recommended to assess accessibility
129836123,way,surface,MISSING,Surface tag is recommended to assess accessibility
129836132,way,surface,MISSING,Surface tag is recommended to assess accessibility
129836134,way,surface,MISSING,Surface tag is recommended to assess accessibility
129836136,way,surface,MISSING,Surface tag is recommended to assess accessibility
130371492,way,surface,MISSING,Surface tag is recommended to assess accessibility
130371493,way,surface,MISSING,Surface tag is recommended to assess accessibility
130371495,way,surface,MISSING,Surface tag is recommended to assess accessibility
130371500,way,surface,MISSING,Surface tag is recommended to assess accessibility
130371502,way,surface,MISSING,Surface tag is recommended to assess accessibility
130371504,way,surface,MISSING,Surface tag is recommended to assess accessibility
130371512,way,surface,MISSING,Surface tag is recommended to assess accessibility
130371517,way,surface,MISSING,Surface tag is recommended to assess accessibility
130371521,way,surface,MISSING,Surface tag is recommended to assess accessibility
130404284,way,surface,MISSING,Surface tag is recommended to assess accessibility
130404286,way,surface,MISSING,Surface tag is recommended to assess accessibility
130404287,way,surface,MISSING,Surface tag is recommended to assess accessibility
130404288,way,surface,MISSING,Surface tag is recommended to assess accessibility
130404289,way,surface,MISSING,Surface tag is recommended to assess accessibility
130404290,way,surface,MISSING,Surface tag is recommended to assess accessibility
130404292,way,surface,MISSING,Surface tag is recommended to assess accessibility
130404293,way,surface,MISSING,Surface tag is recommended to assess accessibility
130404294,way,surface,MISSING,Surface tag is recommended to assess accessibility
130404296,way,surface,MISSING,Surface tag is recommended to assess accessibility
130404297,way,surface,MISSING,Surface tag is recommended to assess accessibility
130404298,way,surface,MISSING,Surface tag is recommended to assess accessibility
130404299,way,surface,MISSING,Surface tag is recommended to assess accessibility
130404300,way,surface,MISSING,Surface tag is recommended to assess accessibility
130404301,way,surface,MISSING,Surface tag is recommended to assess accessibility
130404302,way,surface,MISSING,Surface tag is recommended to assess accessibility
130404303,way,surface,MISSING,Surface tag is recommended to assess accessibility
130404304,way,surface,MISSING,Surface tag is recommended to assess accessibility
130404305,way,surface,MISSING,Surface tag is recommended to assess accessibility
130404306,way,surface,MISSING,Surface tag is recommended to assess accessibility
130404307,way,surface,MISSING,Surface tag is recommended to assess accessibility
130404308,way,surface,MISSING,Surface tag is recommended to assess accessibility
130404310,way,surface,MISSING,Surface tag is recommended to assess accessibility
130404311,way,surface,MISSING,Surface tag is recommended to assess accessibility
130404312,way,surface,MISSING,Surface tag is recommended to assess accessibility
130404313,way,surface,MISSING,Surface tag is recommended to assess accessibility
130404314,way,surface,MISSING,Surface tag is recommended to assess accessibility
130404315,way,surface,MISSING,Surface tag is recommended to assess accessibility
130404316,way,surface,MISSING,Surface tag is recommended to assess accessibility
130404317,way,surface,MISSING,Surface tag is recommended to assess accessibility
130404318,way,surface,MISSING,Surface tag is recommended to assess accessibility
130404319,way,surface,MISSING,Surface tag is recommended to assess accessibility
130404321,way,surface,MISSING,Surface tag is recommended to assess accessibility
130404323,way,surface,MISSING,Surface tag is recommended to assess accessibility
130404324,way,surface,MISSING,Surface tag is recommended to assess accessibility
130404325,way,surface,MISSING,Surface tag is recommended to assess accessibility
130404326,way,surface,MISSING,Surface tag is recommended to assess accessibility
130404327,way,surface,MISSING,Surface tag is recommended to assess accessibility
130404328,way,surface,MISSING,Surface tag is recommended to assess accessibility
130404329,way,surface,MISSING,Surface tag is recommended to assess accessibility
130404330,way,surface,MISSING,Surface tag is recommended to assess accessibility
130404331,way,surface,MISSING,Surface tag is recommended to assess accessibility
130404332,way,surface,MISSING,Surface tag is recommended to assess accessibility
130404333,way,surface,MISSING,Surface tag is recommended to assess accessibility
130404334,way,surface,MISSING,Surface tag is recommended to assess accessibility
130404335,way,surface,MISSING,Surface tag is recommended to assess accessibility
130404336,way,surface,MISSING,Surface tag is recommended to assess accessibility
130404337,way,surface,MISSING,Surface tag is recommended to assess accessibility
130404338,way,surface,MISSING,Surface tag is recommended to assess accessibility
130404339,way,surface,MISSING,Surface tag is recommended to assess accessibility
130404340,way,surface,MISSING,Surface tag is recommended to assess accessibility
130404341,way,surface,MISSING,Surface tag is recommended to assess accessibility
130404342,way,surface,MISSING,Surface tag is recommended to assess accessibility
130404347,way,surface,MISSING,Surface tag is recommended to assess accessibility
130404348,way,surface,MISSING,Surface tag is recommended to assess accessibility
130404352,way,surface,MISSING,Surface tag is recommended to assess accessibility
130404354,way,surface,MISSING,Surface tag is recommended to assess accessibility
130404355,way,surface,MISSING,Surface tag is recommended to assess accessibility
130404357,way,surface,MISSING,Surface tag is recommended to assess accessibility
130404359,way,surface,MISSING,Surface tag is recommended to assess accessibility
130404363,way,surface,MISSING,Surface tag is recommended to assess accessibility
130404364,way,surface,MISSING,Surface tag is recommended to assess accessibility
130404369,way,surface,MISSING,Surface tag is recommended to assess accessibility
130404372,way,surface,MISSING,Surface tag is recommended to assess accessibility
130404375,way,surface,MISSING,Surface tag is recommended to assess accessibility
130404380,way,surface,MISSING,Surface tag is recommended to assess accessibility
130404391,way,surface,MISSING,Surface tag is recommended to assess accessibility
130404402,way,surface,MISSING,Surface tag is recommended to assess accessibility
130404404,way,surface,MISSING,Surface tag is recommended to assess accessibility
130404406,way,surface,MISSING,Surface tag is recommended to assess accessibility
130404407,way,surface,MISSING,Surface tag is recommended to assess accessibility
130404410,way,surface,MISSING,Surface tag is recommended to assess accessibility
130404419,way,surface,MISSING,Surface tag is recommended to assess accessibility
130404420,way,surface,MISSING,Surface tag is recommended to assess accessibility
130404421,way,surface,MISSING,Surface tag is recommended to assess accessibility
130404422,way,surface,MISSING,Surface tag is recommended to assess accessibility
130404423,way,surface,MISSING,Surface tag is recommended to assess accessibility
130404424,way,surface,MISSING,Surface tag is recommended to assess accessibility
130404425,way,surface,MISSING,Surface tag is recommended to assess accessibility
130404426,way,surface,MISSING,Surface tag is recommended to assess accessibility
130404427,way,surface,MISSING,Surface tag is recommended to assess accessibility
130404428,way,surface,MISSING,Surface tag is recommended to assess accessibility
130523763,way,surface,MISSING,Surface tag is recommended to assess accessibility
130523764,way,surface,MISSING,Surface tag is recommended to assess accessibility
130523766,way,surface,MISSING,Surface tag is recommended to assess accessibility
130523767,way,surface,MISSING,Surface tag is recommended to assess accessibility
130523768,way,surface,MISSING,Surface tag is recommended to assess accessibility
130523769,way,surface,MISSING,Surface tag is recommended to assess accessibility
130523771,way,surface,MISSING,Surface tag is recommended to assess accessibility
130523775,way,surface,MISSING,Surface tag is recommended to assess accessibility
130523776,way,surface,MISSING,Surface tag is recommended to assess accessibility
130523778,way,surface,MISSING,Surface tag is recommended to assess accessibility
130523779,way,surface,MISSING,Surface tag is recommended to assess accessibility
130523780,way,surface,MISSING,Surface tag is recommended to assess accessibility
130523781,way,surface,MISSING,Surface tag is recommended to assess accessibility
130523782,way,surface,MISSING,Surface tag is recommended to assess accessibility
130523783,way,surface,MISSING,Surface tag is recommended to assess accessibility
130523784,way,surface,MISSING,Surface tag is recommended to assess accessibility
130523785,way,surface,MISSING,Surface tag is recommended to assess accessibility
130523786,way,surface,MISSING,Surface tag is recommended to assess accessibility
130523787,way,surface,MISSING,Surface tag is recommended to assess accessibility
130523788,way,surface,MISSING,Surface tag is recommended to assess accessibility
130523789,way,surface,MISSING,Surface tag is recommended to assess accessibility
130523790,way,surface,MISSING,Surface tag is recommended to assess accessibility
130523794,way,surface,MISSING,Surface tag is recommended to assess accessibility
130523796,way,surface,MISSING,Surface tag is recommended to assess accessibility
130523797,way,surface,MISSING,Surface tag is recommended to assess accessibility
130523800,way,surface,MISSING,Surface tag is recommended to assess accessibility
130523801,way,surface,MISSING,Surface tag is recommended to assess accessibility
130523802,way,surface,MISSING,Surface tag is recommended to assess accessibility
130523803,way,surface,MISSING,Surface tag is recommended to assess accessibility
130523804,way,surface,MISSING,Surface tag is recommended to assess accessibility
130523807,way,surface,MISSING,Surface tag is recommended to assess accessibility
130523808,way,surface,MISSING,Surface tag is recommended to assess accessibility
130523809,way,surface,MISSING,Surface tag is recommended to assess accessibility
130523810,way,surface,MISSING,Surface tag is recommended to assess accessibility
130523811,way,surface,MISSING,Surface tag is recommended to assess accessibility
130523812,way,surface,MISSING,Surface tag is recommended to assess accessibility
130523813,way,surface,MISSING,Surface tag is recommended to assess accessibility
130523814,way,surface,MISSING,Surface tag is recommended to assess accessibility
130523815,way,surface,MISSING,Surface tag is recommended to assess accessibility
130523816,way,surface,MISSING,Surface tag is recommended to assess accessibility
130523817,way,surface,MISSING,Surface tag is recommended to assess accessibility
130523818,way,surface,MISSING,Surface tag is recommended to assess accessibility
130523819,way,surface,MISSING,Surface tag is recommended to assess accessibility
130523820,way,surface,MISSING,Surface tag is recommended to assess accessibility
130523822,way,surface,MISSING,Surface tag is recommended to assess accessibility
130523824,way,surface,MISSING,Surface tag is recommended to assess accessibility
130523826,way,surface,MISSING,Surface tag is recommended to assess accessibility
130523827,way,surface,MISSING,Surface tag is recommended to assess accessibility
130523828,way,surface,MISSING,Surface tag is recommended to assess accessibility
130523830,way,surface,MISSING,Surface tag is recommended to assess accessibility
130523831,way,surface,MISSING,Surface tag is recommended to assess accessibility
130523833,way,surface,MISSING,Surface tag is recommended to assess accessibility
130523834,way,surface,MISSING,Surface tag is recommended to assess accessibility
130523835,way,surface,MISSING,Surface tag is recommended to assess accessibility
130523836,way,surface,MISSING,Surface tag is recommended to assess accessibility
130523837,way,surface,MISSING,Surface tag is recommended to assess accessibility
130523838,way,surface,MISSING,Surface tag is recommended to assess accessibility
130523840,way,surface,MISSING,Surface tag is recommended to assess accessibility
130523841,way,surface,MISSING,Surface tag is recommended to assess accessibility
130523842,way,surface,MISSING,Surface tag is recommended to assess accessibility
130523844,way,surface,MISSING,Surface tag is recommended to assess accessibility
130523851,way,surface,MISSING,Surface tag is recommended to assess accessibility
130523853,way,surface,MISSING,Surface tag is recommended to assess accessibility
130523860,way,surface,MISSING,Surface tag is recommended to assess accessibility
130523866,way,surface,MISSING,Surface tag is recommended to assess accessibility
130523869,way,surface,MISSING,Surface tag is recommended to assess accessibility
130523873,way,surface,MISSING,Surface tag is recommended to assess accessibility
130523893,way,surface,MISSING,Surface tag is recommended to assess accessibility
130523896,way,surface,MISSING,Surface tag is recommended to assess accessibility
130523899,way,surface,MISSING,Surface tag is recommended to assess accessibility
130523902,way,surface,MISSING,Surface tag is recommended to assess accessibility
130523904,way,surface,MISSING,Surface tag is recommended to assess accessibility
130523905,way,surface,MISSING,Surface tag is recommended to assess accessibility
130523906,way,surface,MISSING,Surface tag is recommended to assess accessibility
130523908,way,surface,MISSING,Surface tag is recommended to assess accessibility
130523909,way,surface,MISSING,Surface tag is recommended to assess accessibility
130523910,way,surface,MISSING,Surface tag is recommended to assess accessibility
130523913,way,surface,MISSING,Surface tag is recommended to assess accessibility
130523914,way,surface,MISSING,Surface tag is recommended to assess accessibility
130523916,way,surface,MISSING,Surface tag is recommended to assess accessibility
130523924,way,surface,MISSING,Surface tag is recommended to assess accessibility
130523925,way,surface,MISSING,Surface tag is recommended to assess accessibility
130523934,way,surface,MISSING,Surface tag is recommended to assess accessibility
130523937,way,surface,MISSING,Surface tag is recommended to assess accessibility
130523938,way,surface,MISSING,Surface tag is recommended to assess accessibility
130523943,way,surface,MISSING,Surface tag is recommended to assess accessibility
130523948,way,surface,MISSING,Surface tag is recommended to assess accessibility
130523949,way,surface,MISSING,Surface tag is recommended to assess accessibility
130523951,way,surface,MISSING,Surface tag is recommended to assess accessibility
130523953,way,surface,MISSING,Surface tag is recommended to assess accessibility
130523954,way,surface,MISSING,Surface tag is recommended to assess accessibility
130523955,way,surface,MISSING,Surface tag is recommended to assess accessibility
130523957,way,surface,MISSING,Surface tag is recommended to assess accessibility
130523959,way,surface,MISSING,Surface tag is recommended to assess accessibility
130523960,way,surface,MISSING,Surface tag is recommended to assess accessibility
130523961,way,surface,MISSING,Surface tag is recommended to assess accessibility
130523962,way,surface,MISSING,Surface tag is recommended to assess accessibility
130523963,way,surface,MISSING,Surface tag is recommended to assess accessibility
130523964,way,surface,MISSING,Surface tag is recommended to assess accessibility
130523965,way,surface,MISSING,Surface tag is recommended to assess accessibility
130523967,way,surface,MISSING,Surface tag is recommended to assess accessibility
130946549,way,surface,MISSING,Surface tag is recommended to assess accessibility
130946551,way,surface,MISSING,Surface tag is recommended to assess accessibility
130946553,way,surface,MISSING,Surface tag is recommended to assess accessibility
130946555,way,surface,MISSING,Surface tag is recommended to assess accessibility
130946558,way,surface,MISSING,Surface tag is recommended to assess accessibility
130946561,way,surface,MISSING,Surface tag is recommended to assess accessibility
130946562,way,surface,MISSING,Surface tag is recommended to assess accessibility
130946563,way,surface,MISSING,Surface tag is recommended to assess accessibility
130946566,way,surface,MISSING,Surface tag is recommended to assess accessibility
130946569,way,surface,MISSING,Surface tag is recommended to assess accessibility
130946571,way,surface,MISSING,Surface tag is recommended to assess accessibility
130946572,way,surface,MISSING,Surface tag is recommended to assess accessibility
130946575,way,surface,MISSING,Surface tag is recommended to assess accessibility
130946576,way,surface,MISSING,Surface tag is recommended to assess accessibility
130946577,way,surface,MISSING,Surface tag is recommended to assess accessibility
130946578,way,surface,MISSING,Surface tag is recommended to assess accessibility
130946581,way,surface,MISSING,Surface tag is recommended to assess accessibility
130946583,way,surface,MISSING,Surface tag is recommended to assess accessibility
130946586,way,surface,MISSING,Surface tag is recommended to assess accessibility
130946590,way,surface,MISSING,Surface tag is recommended to assess accessibility
130946592,way,surface,MISSING,Surface tag is recommended to assess accessibility
130946596,way,surface,MISSING,Surface tag is recommended to assess accessibility
130946599,way,surface,MISSING,Surface tag is recommended to assess accessibility
130946601,way,surface,MISSING,Surface tag is recommended to assess accessibility
130946634,way,surface,MISSING,Surface tag is recommended to assess accessibility
130946635,way,surface,MISSING,Surface tag is recommended to assess accessibility
130946636,way,surface,MISSING,Surface tag is recommended to assess accessibility
130946641,way,surface,MISSING,Surface tag is recommended to assess accessibility
130976843,way,surface,MISSING,Surface tag is recommended to assess accessibility
130976846,way,surface,MISSING,Surface tag is recommended to assess accessibility
130976848,way,surface,MISSING,Surface tag is recommended to assess accessibility
130976855,way,surface,MISSING,Surface tag is recommended to assess accessibility
130976859,way,surface,MISSING,Surface tag is recommended to assess accessibility
130976864,way,surface,MISSING,Surface tag is recommended to assess accessibility
130976868,way,surface,MISSING,Surface tag is recommended to assess accessibility
130976870,way,surface,MISSING,Surface tag is recommended to assess accessibility
130976876,way,surface,MISSING,Surface tag is recommended to assess accessibility
130976900,way,surface,MISSING,Surface tag is recommended to assess accessibility
130976914,way,surface,MISSING,Surface tag is recommended to assess accessibility
130976919,way,surface,MISSING,Surface tag is recommended to assess accessibility
131158017,way,surface,MISSING,Surface tag is recommended to assess accessibility
131158018,way,surface,MISSING,Surface tag is recommended to assess accessibility
131158019,way,surface,MISSING,Surface tag is recommended to assess accessibility
131158020,way,surface,MISSING,Surface tag is recommended to assess accessibility
131158022,way,surface,MISSING,Surface tag is recommended to assess accessibility
131158025,way,surface,MISSING,Surface tag is recommended to assess accessibility
131158026,way,surface,MISSING,Surface tag is recommended to assess accessibility
131414273,way,surface,MISSING,Surface tag is recommended to assess accessibility
131414360,way,surface,MISSING,Surface tag is recommended to assess accessibility
131414361,way,surface,MISSING,Surface tag is recommended to assess accessibility
131414362,way,surface,MISSING,Surface tag is recommended to assess accessibility
131737727,way,surface,MISSING,Surface tag is recommended to assess accessibility
131737730,way,surface,MISSING,Surface tag is recommended to assess accessibility
131737732,way,surface,MISSING,Surface tag is recommended to assess accessibility
131737734,way,surface,MISSING,Surface tag is recommended to assess accessibility
131737735,way,surface,MISSING,Surface tag is recommended to assess accessibility
131737737,way,surface,MISSING,Surface tag is recommended to assess accessibility
131737740,way,surface,MISSING,Surface tag is recommended to assess accessibility
131737742,way,surface,MISSING,Surface tag is recommended to assess accessibility
131737744,way,surface,MISSING,Surface tag is recommended to assess accessibility
131737745,way,surface,MISSING,Surface tag is recommended to assess accessibility
131737746,way,surface,MISSING,Surface tag is recommended to assess accessibility
131737747,way,surface,MISSING,Surface tag is recommended to assess accessibility
131737748,way,surface,MISSING,Surface tag is recommended to assess accessibility
131737749,way,surface,MISSING,Surface tag is recommended to assess accessibility
131737751,way,surface,MISSING,Surface tag is recommended to assess accessibility
131737752,way,surface,MISSING,Surface tag is recommended to assess accessibility
131737753,way,surface,MISSING,Surface tag is recommended to assess accessibility
131737754,way,surface,MISSING,Surface tag is recommended to assess accessibility
131737755,way,surface,MISSING,Surface tag is recommended to assess accessibility
131737769,way,surface,MISSING,Surface tag is recommended to assess accessibility
131737777,way,surface,MISSING,Surface tag is recommended to assess accessibility
131737778,way,surface,MISSING,Surface tag is recommended to assess accessibility
131876465,way,surface,MISSING,Surface tag is recommended to assess accessibility
131876467,way,surface,MISSING,Surface tag is recommended to assess accessibility
131876468,way,surface,MISSING,Surface tag is recommended to assess accessibility
131876469,way,surface,MISSING,Surface tag is recommended to assess accessibility
131876471,way,surface,MISSING,Surface tag is recommended to assess accessibility
131876472,way,surface,MISSING,Surface tag is recommended to assess accessibility
131876473,way,surface,MISSING,Surface tag is recommended to assess accessibility
131876474,way,surface,MISSING,Surface tag is recommended to assess accessibility
131876475,way,surface,MISSING,Surface tag is recommended to assess accessibility
131876476,way,surface,MISSING,Surface tag is recommended to assess accessibility
131876477,way,surface,MISSING,Surface tag is recommended to assess accessibility
131876478,way,surface,MISSING,Surface tag is recommended to assess accessibility
131876479,way,surface,MISSING,Surface tag is recommended to assess accessibility
131876480,way,surface,MISSING,Surface tag is recommended to assess accessibility
131876481,way,surface,MISSING,Surface tag is recommended to assess accessibility
131876482,way,surface,MISSING,Surface tag is recommended to assess accessibility
131876483,way,surface,MISSING,Surface tag is recommended to assess accessibility
131876484,way,surface,MISSING,Surface tag is recommended to assess accessibility
131876485,way,surface,MISSING,Surface tag is recommended to assess accessibility
131876486,way,surface,MISSING,Surface tag is recommended to assess accessibility
131876487,way,surface,MISSING,Surface tag is recommended to assess accessibility
131876488,way,surface,MISSING,Surface tag is recommended to assess accessibility
131876490,way,surface,MISSING,Surface tag is recommended to assess accessibility
131876497,way,surface,MISSING,Surface tag is recommended to assess accessibility
131876502,way,surface,MISSING,Surface tag is recommended to assess accessibility
131876512,way,surface,MISSING,Surface tag is recommended to assess accessibility
131876514,way,surface,MISSING,Surface tag is recommended to assess accessibility
131876515,way,surface,MISSING,Surface tag is recommended to assess accessibility
131876516,way,surface,MISSING,Surface tag is recommended to assess accessibility
131876517,way,surface,MISSING,Surface tag is recommended to assess accessibility
131937611,way,surface,MISSING,Surface tag is recommended to assess accessibility
131937612,way,surface,MISSING,Surface tag is recommended to assess accessibility
131937613,way,surface,MISSING,Surface tag is recommended to assess accessibility
131937614,way,surface,MISSING,Surface tag is recommended to assess accessibility
131937615,way,surface,MISSING,Surface tag is recommended to assess accessibility
131937616,way,surface,MISSING,Surface tag is recommended to assess accessibility
131937617,way,surface,MISSING,Surface tag is recommended to assess accessibility
131937618,way,surface,MISSING,Surface tag is recommended to assess accessibility
131937619,way,surface,MISSING,Surface tag is recommended to assess accessibility
131937621,way,surface,MISSING,Surface tag is recommended to assess accessibility
131937622,way,surface,MISSING,Surface tag is recommended to assess accessibility
131937623,way,surface,MISSING,Surface tag is recommended to assess accessibility
131937624,way,surface,MISSING,Surface tag is recommended to assess accessibility
131937625,way,surface,MISSING,Surface tag is recommended to assess accessibility
131937631,way,surface,MISSING,Surface tag is recommended to assess accessibility
131937632,way,surface,MISSING,Surface tag is recommended to assess accessibility
131937639,way,surface,MISSING,Surface tag is recommended to assess accessibility
131937640,way,surface,MISSING,Surface tag is recommended to assess accessibility
131937641,way,surface,MISSING,Surface tag is recommended to assess accessibility
132078269,way,surface,MISSING,Surface tag is recommended to assess accessibility
132078274,way,surface,MISSING,Surface tag is recommended to assess accessibility
132078275,way,surface,MISSING,Surface tag is recommended to assess accessibility
132078276,way,surface,MISSING,Surface tag is recommended to assess accessibility
132204427,way,surface,MISSING,Surface tag is recommended to assess accessibility
132204428,way,surface,MISSING,Surface tag is recommended to assess accessibility
132204429,way,surface,MISSING,Surface tag is recommended to assess accessibility
132204431,way,surface,MISSING,Surface tag is recommended to assess accessibility
132204433,way,surface,MISSING,Surface tag is recommended to assess accessibility
132204435,way,surface,MISSING,Surface tag is recommended to assess accessibility
132204436,way,surface,MISSING,Surface tag is recommended to assess accessibility
132204438,way,surface,MISSING,Surface tag is recommended to assess accessibility
132204439,way,surface,MISSING,Surface tag is recommended to assess accessibility
132204441,way,surface,MISSING,Surface tag is recommended to assess accessibility
132204442,way,surface,MISSING,Surface tag is recommended to assess accessibility
132204443,way,surface,MISSING,Surface tag is recommended to assess accessibility
132204444,way,surface,MISSING,Surface tag is recommended to assess accessibility
132204447,way,surface,MISSING,Surface tag is recommended to assess accessibility
132204448,way,surface,MISSING,Surface tag is recommended to assess accessibility
132204449,way,surface,MISSING,Surface tag is recommended to assess accessibility
132204452,way,surface,MISSING,Surface tag is recommended to assess accessibility
132204453,way,surface,MISSING,Surface tag is recommended to assess accessibility
132204454,way,surface,MISSING,Surface tag is recommended to assess accessibility
132204463,way,surface,MISSING,Surface tag is recommended to assess accessibility
132204466,way,surface,MISSING,Surface tag is recommended to assess accessibility
132204470,way,surface,MISSING,Surface tag is recommended to assess accessibility
132204471,way,surface,MISSING,Surface tag is recommended to assess accessibility
132204472,way,surface,MISSING,Surface tag is recommended to assess accessibility
132310094,way,surface,MISSING,Surface tag is recommended to assess accessibility
132310095,way,surface,MISSING,Surface tag is recommended to assess accessibility
132310096,way,surface,MISSING,Surface tag is recommended to assess accessibility
132310097,way,surface,MISSING,Surface tag is recommended to assess accessibility
132310098,way,surface,MISSING,Surface tag is recommended to assess accessibility
132310100,way,surface,MISSING,Surface tag is recommended to assess accessibility
132310103,way,surface,MISSING,Surface tag is recommended to assess accessibility
132310104,way,surface,MISSING,Surface tag is recommended to assess accessibility
132310107,way,surface,MISSING,Surface tag is recommended to assess accessibility
132310114,way,surface,MISSING,Surface tag is recommended to assess accessibility
132314479,way,surface,MISSING,Surface tag is recommended to assess accessibility
132314480,way,surface,MISSING,Surface tag is recommended to assess accessibility
132314481,way,surface,MISSING,Surface tag is recommended to assess accessibility
132314482,way,surface,MISSING,Surface tag is recommended to assess accessibility
132314484,way,surface,MISSING,Surface tag is recommended to assess accessibility
132314485,way,surface,MISSING,Surface tag is recommended to assess accessibility
132314486,way,surface,MISSING,Surface tag is recommended to assess accessibility
132314488,way,surface,MISSING,Surface tag is recommended to assess accessibility
132314489,way,surface,MISSING,Surface tag is recommended to assess accessibility
132314490,way,surface,MISSING,Surface tag is recommended to assess accessibility
132314493,way,surface,MISSING,Surface tag is recommended to assess accessibility
132314503,way,surface,MISSING,Surface tag is recommended to assess accessibility
132314507,way,surface,MISSING,Surface tag is recommended to assess accessibility
132314513,way,surface,MISSING,Surface tag is recommended to assess accessibility
132314525,way,surface,MISSING,Surface tag is recommended to assess accessibility
132314530,way,surface,MISSING,Surface tag is recommended to assess accessibility
132325588,way,surface,MISSING,Surface tag is recommended to assess accessibility
132325589,way,surface,MISSING,Surface tag is recommended to assess accessibility
132325590,way,surface,MISSING,Surface tag is recommended to assess accessibility
132325591,way,surface,MISSING,Surface tag is recommended to assess accessibility
132325592,way,surface,MISSING,Surface tag is recommended to assess accessibility
132325593,way,surface,MISSING,Surface tag is recommended to assess accessibility
132325594,way,surface,MISSING,Surface tag is recommended to assess accessibility
132325595,way,surface,MISSING,Surface tag is recommended to assess accessibility
132325596,way,surface,MISSING,Surface tag is recommended to assess accessibility
132325597,way,surface,MISSING,Surface tag is recommended to assess accessibility
132325598,way,surface,MISSING,Surface tag is recommended to assess accessibility
132325603,way,surface,MISSING,Surface tag is recommended to assess accessibility
132325611,way,surface,MISSING,Surface tag is recommended to assess accessibility
132325613,way,surface,MISSING,Surface tag is recommended to assess accessibility
132325616,way,surface,MISSING,Surface tag is recommended to assess accessibility
132325618,way,surface,MISSING,Surface tag is recommended to assess accessibility
132325619,way,surface,MISSING,Surface tag is recommended to assess accessibility
132325620,way,surface,MISSING,Surface tag is recommended to assess accessibility
132407235,way,surface,MISSING,Surface tag is recommended to assess accessibility
132527477,way,surface,MISSING,Surface tag is recommended to assess accessibility
132527483,way,surface,MISSING,Surface tag is recommended to assess accessibility
132527486,way,surface,MISSING,Surface tag is recommended to assess accessibility
132527487,way,surface,MISSING,Surface tag is recommended to assess accessibility
132527491,way,surface,MISSING,Surface tag is recommended to assess accessibility
132527492,way,surface,MISSING,Surface tag is recommended to assess accessibility
132527496,way,surface,MISSING,Surface tag is recommended to assess accessibility
132527497,way,surface,MISSING,Surface tag is recommended to assess accessibility
132527498,way,surface,MISSING,Surface tag is recommended to assess accessibility
132527502,way,surface,MISSING,Surface tag is recommended to assess accessibility
132527504,way,surface,MISSING,Surface tag is recommended to assess accessibility
132527506,way,surface,MISSING,Surface tag is recommended to assess accessibility
132527508,way,surface,MISSING,Surface tag is recommended to assess accessibility
132527510,way,surface,MISSING,Surface tag is recommended to assess accessibility
132527512,way,surface,MISSING,Surface tag is recommended to assess accessibility
132527514,way,surface,MISSING,Surface tag is recommended to assess accessibility
132527516,way,surface,MISSING,Surface tag is recommended to assess accessibility
132527518,way,surface,MISSING,Surface tag is recommended to assess accessibility
132527519,way,surface,MISSING,Surface tag is recommended to assess accessibility
132527521,way,surface,MISSING,Surface tag is recommended to assess accessibility
132527524,way,surface,MISSING,Surface tag is recommended to assess accessibility
132527526,way,surface,MISSING,Surface tag is recommended to assess accessibility
132527528,way,surface,MISSING,Surface tag is recommended to assess accessibility
132527529,way,surface,MISSING,Surface tag is recommended to assess accessibility
132527531,way,surface,MISSING,Surface tag is recommended to assess accessibility
132527534,way,surface,MISSING,Surface tag is recommended to assess accessibility
132527535,way,surface,MISSING,Surface tag is recommended to assess accessibility
132527537,way,surface,MISSING,Surface tag is recommended to assess accessibility
132527540,way,surface,MISSING,Surface tag is recommended to assess accessibility
132527542,way,surface,MISSING,Surface tag is recommended to assess accessibility
132527547,way,surface,MISSING,Surface tag is recommended to assess accessibility
132527548,way,surface,MISSING,Surface tag is recommended to assess accessibility
132527550,way,surface,MISSING,Surface tag is recommended to assess accessibility
132527556,way,surface,MISSING,Surface tag is recommended to assess accessibility
132527557,way,surface,MISSING,Surface tag is recommended to assess accessibility
132527559,way,surface,MISSING,Surface tag is recommended to assess accessibility
132527563,way,surface,MISSING,Surface tag is recommended to assess accessibility
132527565,way,surface,MISSING,Surface tag is recommended to assess accessibility
132527568,way,surface,MISSING,Surface tag is recommended to assess accessibility
132527570,way,surface,MISSING,Surface tag is recommended to assess accessibility
132527575,way,surface,MISSING,Surface tag is recommended to assess accessibility
132527593,way,surface,MISSING,Surface tag is recommended to assess accessibility
132527626,way,surface,MISSING,Surface tag is recommended to assess accessibility
132527629,way,surface,MISSING,Surface tag is recommended to assess accessibility
132527632,way,surface,MISSING,Surface tag is recommended to assess accessibility
132527636,way,surface,MISSING,Surface tag is recommended to assess accessibility
132527641,way,surface,MISSING,Surface tag is recommended to assess accessibility
132527642,way,surface,MISSING,Surface tag is recommended to assess accessibility
132527643,way,surface,MISSING,Surface tag is recommended to assess accessibility
132527644,way,surface,MISSING,Surface tag is recommended to assess accessibility
132527645,way,surface,MISSING,Surface tag is recommended to assess accessibility
132921442,way,surface,MISSING,Surface tag is recommended to assess accessibility
132921444,way,surface,MISSING,Surface tag is recommended to assess accessibility
132921445,way,surface,MISSING,Surface tag is recommended to assess accessibility
132921446,way,surface,MISSING,Surface tag is recommended to assess accessibility
132921447,way,surface,MISSING,Surface tag is recommended to assess accessibility
132921448,way,surface,MISSING,Surface tag is recommended to assess accessibility
132921449,way,surface,MISSING,Surface tag is recommended to assess accessibility
132921450,way,surface,MISSING,Surface tag is recommended to assess accessibility
132921454,way,surface,MISSING,Surface tag is recommended to assess accessibility
132921455,way,surface,MISSING,Surface tag is recommended to assess accessibility
132921456,way,surface,MISSING,Surface tag is recommended to assess accessibility
132921457,way,surface,MISSING,Surface tag is recommended to assess accessibility
132921458,way,surface,MISSING,Surface tag is recommended to assess accessibility
132921459,way,surface,MISSING,Surface tag is recommended to assess accessibility
132921462,way,surface,MISSING,Surface tag is recommended to assess accessibility
132921466,way,surface,MISSING,Surface tag is recommended to assess accessibility
132921473,way,surface,MISSING,Surface tag is recommended to assess accessibility
132921474,way,surface,MISSING,Surface tag is recommended to assess accessibility
132921475,way,surface,MISSING,Surface tag is recommended to assess accessibility
132921478,way,surface,MISSING,Surface tag is recommended to assess accessibility
133031897,way,surface,MISSING,Surface tag is recommended to assess accessibility
133037638,way,surface,MISSING,Surface tag is recommended to assess accessibility
133037640,way,surface,MISSING,Surface tag is recommended to assess accessibility
133037641,way,surface,MISSING,Surface tag is recommended to assess accessibility
133037642,way,surface,MISSING,Surface tag is recommended to assess accessibility
133037644,way,surface,MISSING,Surface tag is recommended to assess accessibility
133037645,way,surface,MISSING,Surface tag is recommended to assess accessibility
133037646,way,surface,MISSING,Surface tag is recommended to assess accessibility
133037647,way,surface,MISSING,Surface tag is recommended to assess accessibility
133037648,way,surface,MISSING,Surface tag is recommended to assess accessibility
133037649,way,surface,MISSING,Surface tag is recommended to assess accessibility
133037650,way,surface,MISSING,Surface tag is recommended to assess accessibility
133037651,way,surface,MISSING,Surface tag is recommended to assess accessibility
133037652,way,surface,MISSING,Surface tag is recommended to assess accessibility
133037654,way,surface,MISSING,Surface tag is recommended to assess accessibility
133037655,way,surface,MISSING,Surface tag is recommended to assess accessibility
133037656,way,surface,MISSING,Surface tag is recommended to assess accessibility
133037657,way,surface,MISSING,Surface tag is recommended to assess accessibility
133037658,way,surface,MISSING,Surface tag is recommended to assess accessibility
133037659,way,surface,MISSING,Surface tag is recommended to assess accessibility
133037660,way,surface,MISSING,Surface tag is recommended to assess accessibility
133037662,way,surface,MISSING,Surface tag is recommended to assess accessibility
133037669,way,surface,MISSING,Surface tag is recommended to assess accessibility
133476628,way,surface,MISSING,Surface tag is recommended to assess accessibility
133476631,way,surface,MISSING,Surface tag is recommended to assess accessibility
133476633,way,surface,MISSING,Surface tag is recommended to assess accessibility
133476638,way,surface,MISSING,Surface tag is recommended to assess accessibility
133476640,way,surface,MISSING,Surface tag is recommended to assess accessibility
133476642,way,surface,MISSING,Surface tag is recommended to assess accessibility
133476643,way,surface,MISSING,Surface tag is recommended to assess accessibility
133476644,way,surface,MISSING,Surface tag is recommended to assess accessibility
133476646,way,surface,MISSING,Surface tag is recommended to assess accessibility
133476647,way,surface,MISSING,Surface tag is recommended to assess accessibility
133476653,way,surface,MISSING,Surface tag is recommended to assess accessibility
133476659,way,surface,MISSING,Surface tag is recommended to assess accessibility
133476660,way,surface,MISSING,Surface tag is recommended to assess accessibility
133476661,way,surface,MISSING,Surface tag is recommended to assess accessibility
133476664,way,surface,MISSING,Surface tag is recommended to assess accessibility
133476666,way,surface,MISSING,Surface tag is recommended to assess accessibility
133476667,way,surface,MISSING,Surface tag is recommended to assess accessibility
133476669,way,surface,MISSING,Surface tag is recommended to assess accessibility
133476672,way,surface,MISSING,Surface tag is recommended to assess accessibility
133476674,way,surface,MISSING,Surface tag is recommended to assess accessibility
133476676,way,surface,MISSING,Surface tag is recommended to assess accessibility
133476680,way,surface,MISSING,Surface tag is recommended to assess accessibility
133476683,way,surface,MISSING,Surface tag is recommended to assess accessibility
133476685,way,surface,MISSING,Surface tag is recommended to assess accessibility
133476692,way,surface,MISSING,Surface tag is recommended to assess accessibility
133476694,way,surface,MISSING,Surface tag is recommended to assess accessibility
133476700,way,surface,MISSING,Surface tag is recommended to assess accessibility
133476702,way,surface,MISSING,Surface tag is recommended to assess accessibility
133476704,way,surface,MISSING,Surface tag is recommended to assess accessibility
133476707,way,surface,MISSING,Surface tag is recommended to assess accessibility
133476709,way,surface,MISSING,Surface tag is recommended to assess accessibility
133476713,way,surface,MISSING,Surface tag is recommended to assess accessibility
133476714,way,surface,MISSING,Surface tag is recommended to assess accessibility
133476719,way,surface,MISSING,Surface tag is recommended to assess accessibility
133476721,way,surface,MISSING,Surface tag is recommended to assess accessibility
133476722,way,surface,MISSING,Surface tag is recommended to assess accessibility
133476727,way,surface,MISSING,Surface tag is recommended to assess accessibility
133476741,way,surface,MISSING,Surface tag is recommended to assess accessibility
133476756,way,surface,MISSING,Surface tag is recommended to assess accessibility
133476763,way,surface,MISSING,Surface tag is recommended to assess accessibility
133476780,way,surface,MISSING,Surface tag is recommended to assess accessibility
133476809,way,surface,MISSING,Surface tag is recommended to assess accessibility
133476815,way,surface,MISSING,Surface tag is recommended to assess accessibility
133476827,way,surface,MISSING,Surface tag is recommended to assess accessibility
133476831,way,surface,MISSING,Surface tag is recommended to assess accessibility
133476834,way,surface,MISSING,Surface tag is recommended to assess accessibility
133476845,way,surface,MISSING,Surface tag is recommended to assess accessibility
133476850,way,surface,MISSING,Surface tag is recommended to assess accessibility
133476855,way,surface,MISSING,Surface tag is recommended to assess accessibility
133476857,way,surface,MISSING,Surface tag is recommended to assess accessibility
133476865,way,surface,MISSING,Surface tag is recommended to assess accessibility
133476873,way,surface,MISSING,Surface tag is recommended to assess accessibility
133476876,way,surface,MISSING,Surface tag is recommended to assess accessibility
133476879,way,surface,MISSING,Surface tag is recommended to assess accessibility
133476880,way,surface,MISSING,Surface tag is recommended to assess accessibility
133731713,way,surface,MISSING,Surface tag is recommended to assess accessibility
133731714,way,surface,MISSING,Surface tag is recommended to assess accessibility
133731715,way,surface,MISSING,Surface tag is recommended to assess accessibility
133731716,way,surface,MISSING,Surface tag is recommended to assess accessibility
133731718,way,surface,MISSING,Surface tag is recommended to assess accessibility
133731720,way,surface,MISSING,Surface tag is recommended to assess accessibility
133731722,way,surface,MISSING,Surface tag is recommended to assess accessibility
133731723,way,surface,MISSING,Surface tag is recommended to assess accessibility
133731724,way,surface,MISSING,Surface tag is recommended to assess accessibility
133731726,way,surface,MISSING,Surface tag is recommended to assess accessibility
133731736,way,surface,MISSING,Surface tag is recommended to assess accessibility
133813808,way,surface,MISSING,Surface tag is recommended to assess accessibility
133813819,way,surface,MISSING,Surface tag is recommended to assess accessibility
133831486,way,surface,MISSING,Surface tag is recommended to assess accessibility
133831490,way,surface,MISSING,Surface tag is recommended to assess accessibility
133831494,way,surface,MISSING,Surface tag is recommended to assess accessibility
133831495,way,surface,MISSING,Surface tag is recommended to assess accessibility
133831496,way,surface,MISSING,Surface tag is recommended to assess accessibility
133831498,way,surface,MISSING,Surface tag is recommended to assess accessibility
133831503,way,surface,MISSING,Surface tag is recommended to assess accessibility
133831504,way,surface,MISSING,Surface tag is recommended to assess accessibility
133831505,way,surface,MISSING,Surface tag is recommended to assess accessibility
133831508,way,surface,MISSING,Surface tag is recommended to assess accessibility
133831510,way,surface,MISSING,Surface tag is recommended to assess accessibility
133831512,way,surface,MISSING,Surface tag is recommended to assess accessibility
133831525,way,surface,MISSING,Surface tag is recommended to assess accessibility
133831542,way,surface,MISSING,Surface tag is recommended to assess accessibility
133831545,way,surface,MISSING,Surface tag is recommended to assess accessibility
133953126,way,surface,MISSING,Surface tag is recommended to assess accessibility
133953136,way,surface,MISSING,Surface tag is recommended to assess accessibility
134102232,way,surface,MISSING,Surface tag is recommended to assess accessibility
134102241,way,surface,MISSING,Surface tag is recommended to assess accessibility
134191597,way,surface,MISSING,Surface tag is recommended to assess accessibility
134191598,way,surface,MISSING,Surface tag is recommended to assess accessibility
134191600,way,surface,MISSING,Surface tag is recommended to assess accessibility
134191601,way,surface,MISSING,Surface tag is recommended to assess accessibility
134191602,way,surface,MISSING,Surface tag is recommended to assess accessibility
134191603,way,surface,MISSING,Surface tag is recommended to assess accessibility
134191606,way,surface,MISSING,Surface tag is recommended to assess accessibility
134191609,way,surface,MISSING,Surface tag is recommended to assess accessibility
134191614,way,surface,MISSING,Surface tag is recommended to assess accessibility
134210096,way,surface,MISSING,Surface tag is recommended to assess accessibility
134210105,way,surface,MISSING,Surface tag is recommended to assess accessibility
134210111,way,surface,MISSING,Surface tag is recommended to assess accessibility
134210117,way,surface,MISSING,Surface tag is recommended to assess accessibility
134302512,way,surface,MISSING,Surface tag is recommended to assess accessibility
134302513,way,surface,MISSING,Surface tag is recommended to assess accessibility
134992443,way,surface,MISSING,Surface tag is recommended to assess accessibility
135942538,way,surface,MISSING,Surface tag is recommended to assess accessibility
135942539,way,surface,MISSING,Surface tag is recommended to assess accessibility
135942543,way,surface,MISSING,Surface tag is recommended to assess accessibility
135942545,way,surface,MISSING,Surface tag is recommended to assess accessibility
135942547,way,surface,MISSING,Surface tag is recommended to assess accessibility
135942548,way,surface,MISSING,Surface tag is recommended to assess accessibility
135942549,way,surface,MISSING,Surface tag is recommended to assess accessibility
135942550,way,surface,MISSING,Surface tag is recommended to assess accessibility
135942552,way,surface,MISSING,Surface tag is recommended to assess accessibility
135942555,way,surface,MISSING,Surface tag is recommended to assess accessibility
135942556,way,surface,MISSING,Surface tag is recommended to assess accessibility
135942557,way,surface,MISSING,Surface tag is recommended to assess accessibility
135942559,way,surface,MISSING,Surface tag is recommended to assess accessibility
135942561,way,surface,MISSING,Surface tag is recommended to assess accessibility
135942562,way,surface,MISSING,Surface tag is recommended to assess accessibility
135942563,way,surface,MISSING,Surface tag is recommended to assess accessibility
135942564,way,surface,MISSING,Surface tag is recommended to assess accessibility
135942567,way,surface,MISSING,Surface tag is recommended to assess accessibility
135942568,way,surface,MISSING,Surface tag is recommended to assess accessibility
135942569,way,surface,MISSING,Surface tag is recommended to assess accessibility
135942571,way,surface,MISSING,Surface tag is recommended to assess accessibility
135942580,way,surface,MISSING,Surface tag is recommended to assess accessibility
135942581,way,surface,MISSING,Surface tag is recommended to assess accessibility
135942607,way,surface,MISSING,Surface tag is recommended to assess accessibility
135942608,way,surface,MISSING,Surface tag is recommended to assess accessibility
135942611,way,surface,MISSING,Surface tag is recommended to assess accessibility
135942612,way,surface,MISSING,Surface tag is recommended to assess accessibility
135942614,way,surface,MISSING,Surface tag is recommended to assess accessibility
135942615,way,surface,MISSING,Surface tag is recommended to assess accessibility
135942616,way,surface,MISSING,Surface tag is recommended to assess accessibility
135942617,way,surface,MISSING,Surface tag is recommended to assess accessibility
135942618,way,surface,MISSING,Surface tag is recommended to assess accessibility
136396720,way,surface,MISSING,Surface tag is recommended to assess accessibility
136396721,way,surface,MISSING,Surface tag is recommended to assess accessibility
136396722,way,surface,MISSING,Surface tag is recommended to assess accessibility
136396723,way,surface,MISSING,Surface tag is recommended to assess accessibility
136396724,way,surface,MISSING,Surface tag is recommended to assess accessibility
136396725,way,surface,MISSING,Surface tag is recommended to assess accessibility
136396727,way,surface,MISSING,Surface tag is recommended to assess accessibility
136396728,way,surface,MISSING,Surface tag is recommended to assess accessibility
136396729,way,surface,MISSING,Surface tag is recommended to assess accessibility
136396730,way,surface,MISSING,Surface tag is recommended to assess accessibility
136396731,way,surface,MISSING,Surface tag is recommended to assess accessibility
136396732,way,surface,MISSING,Surface tag is recommended to assess accessibility
136396733,way,surface,MISSING,Surface tag is recommended to assess accessibility
136396734,way,surface,MISSING,Surface tag is recommended to assess accessibility
136396735,way,surface,MISSING,Surface tag is recommended to assess accessibility
136396737,way,surface,MISSING,Surface tag is recommended to assess accessibility
136396738,way,surface,MISSING,Surface tag is recommended to assess accessibility
136396739,way,surface,MISSING,Surface tag is recommended to assess accessibility
136396740,way,surface,MISSING,Surface tag is recommended to assess accessibility
136396741,way,surface,MISSING,Surface tag is recommended to assess accessibility
136396742,way,surface,MISSING,Surface tag is recommended to assess accessibility
136396744,way,surface,MISSING,Surface tag is recommended to assess accessibility
136396746,way,surface,MISSING,Surface tag is recommended to assess accessibility
136396747,way,surface,MISSING,Surface tag is recommended to assess accessibility
136396748,way,surface,MISSING,Surface tag is recommended to assess accessibility
136396749,way,surface,MISSING,Surface tag is recommended to assess accessibility
136396750,way,surface,MISSING,Surface tag is recommended to assess accessibility
136396752,way,surface,MISSING,Surface tag is recommended to assess accessibility
136396753,way,surface,MISSING,Surface tag is recommended to assess accessibility
136396754,way,surface,MISSING,Surface tag is recommended to assess accessibility
136396756,way,surface,MISSING,Surface tag is recommended to assess accessibility
136396757,way,surface,MISSING,Surface tag is recommended to assess accessibility
136396758,way,surface,MISSING,Surface tag is recommended to assess accessibility
136396759,way,surface,MISSING,Surface tag is recommended to assess accessibility
136396760,way,surface,MISSING,Surface tag is recommended to assess accessibility
136396761,way,surface,MISSING,Surface tag is recommended to assess accessibility
136396762,way,surface,MISSING,Surface tag is recommended to assess accessibility
136396763,way,surface,MISSING,Surface tag is recommended to assess accessibility
136396764,way,surface,MISSING,Surface tag is recommended to assess accessibility
136396765,way,surface,MISSING,Surface tag is recommended to assess accessibility
136396766,way,surface,MISSING,Surface tag is recommended to assess accessibility
136396767,way,surface,MISSING,Surface tag is recommended to assess accessibility
136396769,way,surface,MISSING,Surface tag is recommended to assess accessibility
136396784,way,surface,MISSING,Surface tag is recommended to assess accessibility
136396786,way,surface,MISSING,Surface tag is recommended to assess accessibility
136396793,way,surface,MISSING,Surface tag is recommended to assess accessibility
136396796,way,surface,MISSING,Surface tag is recommended to assess accessibility
136396798,way,surface,MISSING,Surface tag is recommended to assess accessibility
136396803,way,surface,MISSING,Surface tag is recommended to assess accessibility
136396806,way,surface,MISSING,Surface tag is recommended to assess accessibility
136396807,way,surface,MISSING,Surface tag is recommended to assess accessibility
136396808,way,surface,MISSING,Surface tag is recommended to assess accessibility
136396809,way,surface,MISSING,Surface tag is recommended to assess accessibility
136396810,way,surface,MISSING,Surface tag is recommended to assess accessibility
136482482,way,surface,MISSING,Surface tag is recommended to assess accessibility
136482483,way,surface,MISSING,Surface tag is recommended to assess accessibility
136482484,way,surface,MISSING,Surface tag is recommended to assess accessibility
136482485,way,surface,MISSING,Surface tag is recommended to assess accessibility
136482486,way,surface,MISSING,Surface tag is recommended to assess accessibility
136482487,way,surface,MISSING,Surface tag is recommended to assess accessibility
136482488,way,surface,MISSING,Surface tag is recommended to assess accessibility
136482489,way,surface,MISSING,Surface tag is recommended to assess accessibility
136482490,way,surface,MISSING,Surface tag is recommended to assess accessibility
136482491,way,surface,MISSING,Surface tag is recommended to assess accessibility
136482492,way,surface,MISSING,Surface tag is recommended to assess accessibility
136482493,way,surface,MISSING,Surface tag is recommended to assess accessibility
136482494,way,surface,MISSING,Surface tag is recommended to assess accessibility
136482495,way,surface,MISSING,Surface tag is recommended to assess accessibility
136482496,way,surface,MISSING,Surface tag is recommended to assess accessibility
136482497,way,surface,MISSING,Surface tag is recommended to assess accessibility
136482498,way,surface,MISSING,Surface tag is recommended to assess accessibility
136482499,way,surface,MISSING,Surface tag is recommended to assess accessibility
136482500,way,surface,MISSING,Surface tag is recommended to assess accessibility
136482501,way,surface,MISSING,Surface tag is recommended to assess accessibility
136482502,way,surface,MISSING,Surface tag is recommended to assess accessibility
136482503,way,surface,MISSING,Surface tag is recommended to assess accessibility
136482504,way,surface,MISSING,Surface tag is recommended to assess accessibility
136482505,way,surface,MISSING,Surface tag is recommended to assess accessibility
136482506,way,surface,MISSING,Surface tag is recommended to assess accessibility
136482507,way,surface,MISSING,Surface tag is recommended to assess accessibility
136482508,way,surface,MISSING,Surface tag is recommended to assess accessibility
136482509,way,surface,MISSING,Surface tag is recommended to assess accessibility
136482510,way,surface,MISSING,Surface tag is recommended to assess accessibility
136482511,way,surface,MISSING,Surface tag is recommended to assess accessibility
136482521,way,surface,MISSING,Surface tag is recommended to assess accessibility
136482526,way,surface,MISSING,Surface tag is recommended to assess accessibility
136482531,way,surface,MISSING,Surface tag is recommended to assess accessibility
136482550,way,surface,MISSING,Surface tag is recommended to assess accessibility
136482551,way,surface,MISSING,Surface tag is recommended to assess accessibility
136482553,way,surface,MISSING,Surface tag is recommended to assess accessibility
136482554,way,surface,MISSING,Surface tag is recommended to assess accessibility
136482555,way,surface,MISSING,Surface tag is recommended to assess accessibility
136482557,way,surface,MISSING,Surface tag is recommended to assess accessibility
136482558,way,surface,MISSING,Surface tag is recommended to assess accessibility
136482559,way,surface,MISSING,Surface tag is recommended to assess accessibility
136482560,way,surface,MISSING,Surface tag is recommended to assess accessibility
136482561,way,surface,MISSING,Surface tag is recommended to assess accessibility
136482562,way,surface,MISSING,Surface tag is recommended to assess accessibility
136482563,way,surface,MISSING,Surface tag is recommended to assess accessibility
136482564,way,surface,MISSING,Surface tag is recommended to assess accessibility
136482565,way,surface,MISSING,Surface tag is recommended to assess accessibility
136598975,way,surface,MISSING,Surface tag is recommended to assess accessibility
136598976,way,surface,MISSING,Surface tag is recommended to assess accessibility
136598978,way,surface,MISSING,Surface tag is recommended to assess accessibility
136598979,way,surface,MISSING,Surface tag is recommended to assess accessibility
136598981,way,surface,MISSING,Surface tag is recommended to assess accessibility
136598982,way,surface,MISSING,Surface tag is recommended to assess accessibility
136598984,way,surface,MISSING,Surface tag is recommended to assess accessibility
136598985,way,surface,MISSING,Surface tag is recommended to assess accessibility
136598987,way,surface,MISSING,Surface tag is recommended to assess accessibility
136598989,way,surface,MISSING,Surface tag is recommended to assess accessibility
136598990,way,surface,MISSING,Surface tag is recommended to assess accessibility
136598991,way,surface,MISSING,Surface tag is recommended to assess accessibility
136598993,way,surface,MISSING,Surface tag is recommended to assess accessibility
136598994,way,surface,MISSING,Surface tag is recommended to assess accessibility
136598995,way,surface,MISSING,Surface tag is recommended to assess accessibility
136598996,way,surface,MISSING,Surface tag is recommended to assess accessibility
136598997,way,surface,MISSING,Surface tag is recommended to assess accessibility
136598998,way,surface,MISSING,Surface tag is recommended to assess accessibility
136599001,way,surface,MISSING,Surface tag is recommended to assess accessibility
136599002,way,surface,MISSING,Surface tag is recommended to assess accessibility
136599003,way,surface,MISSING,Surface tag is recommended to assess accessibility
136599004,way,surface,MISSING,Surface tag is recommended to assess accessibility
136599005,way,surface,MISSING,Surface tag is recommended to assess accessibility
136599006,way,surface,MISSING,Surface tag is recommended to assess accessibility
136599007,way,surface,MISSING,Surface tag is recommended to assess accessibility
136599010,way,surface,MISSING,Surface tag is recommended to assess accessibility
136599028,way,surface,MISSING,Surface tag is recommended to assess accessibility
136599029,way,surface,MISSING,Surface tag is recommended to assess accessibility
136599030,way,surface,MISSING,Surface tag is recommended to assess accessibility
136599032,way,surface,MISSING,Surface tag is recommended to assess accessibility
136599033,way,surface,MISSING,Surface tag is recommended to assess accessibility
136599034,way,surface,MISSING,Surface tag is recommended to assess accessibility
136706247,way,surface,MISSING,Surface tag is recommended to assess accessibility
136706249,way,surface,MISSING,Surface tag is recommended to assess accessibility
136706250,way,surface,MISSING,Surface tag is recommended to assess accessibility
136706251,way,surface,MISSING,Surface tag is recommended to assess accessibility
136706252,way,surface,MISSING,Surface tag is recommended to assess accessibility
136706253,way,surface,MISSING,Surface tag is recommended to assess accessibility
136706254,way,surface,MISSING,Surface tag is recommended to assess accessibility
136706255,way,surface,MISSING,Surface tag is recommended to assess accessibility
136706256,way,surface,MISSING,Surface tag is recommended to assess accessibility
136706257,way,surface,MISSING,Surface tag is recommended to assess accessibility
136706258,way,surface,MISSING,Surface tag is recommended to assess accessibility
136706259,way,surface,MISSING,Surface tag is recommended to assess accessibility
136706260,way,surface,MISSING,Surface tag is recommended to assess accessibility
136706262,way,surface,MISSING,Surface tag is recommended to assess accessibility
136706264,way,surface,MISSING,Surface tag is recommended to assess accessibility
136706265,way,surface,MISSING,Surface tag is recommended to assess accessibility
136706266,way,surface,MISSING,Surface tag is recommended to assess accessibility
136706270,way,surface,MISSING,Surface tag is recommended to assess accessibility
136706274,way,surface,MISSING,Surface tag is recommended to assess accessibility
136706278,way,surface,MISSING,Surface tag is recommended to assess accessibility
136706281,way,surface,MISSING,Surface tag is recommended to assess accessibility
136706283,way,surface,MISSING,Surface tag is recommended to assess accessibility
136706284,way,surface,MISSING,Surface tag is recommended to assess accessibility
136706287,way,surface,MISSING,Surface tag is recommended to assess accessibility
136706288,way,surface,MISSING,Surface tag is recommended to assess accessibility
136706289,way,surface,MISSING,Surface tag is recommended to assess accessibility
136706290,way,surface,MISSING,Surface tag is recommended to assess accessibility
136706292,way,surface,MISSING,Surface tag is recommended to assess accessibility
136706293,way,surface,MISSING,Surface tag is recommended to assess accessibility
136706294,way,surface,MISSING,Surface tag is recommended to assess accessibility
136706295,way,surface,MISSING,Surface tag is recommended to assess accessibility
136706296,way,surface,MISSING,Surface tag is recommended to assess accessibility
136706298,way,surface,MISSING,Surface tag is recommended to assess accessibility
136706299,way,surface,MISSING,Surface tag is recommended to assess accessibility
136706300,way,surface,MISSING,Surface tag is recommended to assess accessibility
136706301,way,surface,MISSING,Surface tag is recommended to assess accessibility
136706302,way,surface,MISSING,Surface tag is recommended to assess accessibility
136706303,way,surface,MISSING,Surface tag is recommended to assess accessibility
136706304,way,surface,MISSING,Surface tag is recommended to assess accessibility
136706305,way,surface,MISSING,Surface tag is recommended to assess accessibility
136706306,way,surface,MISSING,Surface tag is recommended to assess accessibility
136706307,way,surface,MISSING,Surface tag is recommended to assess accessibility
136706309,way,surface,MISSING,Surface tag is recommended to assess accessibility
136706310,way,surface,MISSING,Surface tag is recommended to assess accessibility
136706312,way,surface,MISSING,Surface tag is recommended to assess accessibility
136706313,way,surface,MISSING,Surface tag is recommended to assess accessibility
136706314,way,surface,MISSING,Surface tag is recommended to assess accessibility
136706315,way,surface,MISSING,Surface tag is recommended to assess accessibility
136706316,way,surface,MISSING,Surface tag is recommended to assess accessibility
136706317,way,surface,MISSING,Surface tag is recommended to assess accessibility
136706323,way,surface,MISSING,Surface tag is recommended to assess accessibility
136706324,way,surface,MISSING,Surface tag is recommended to assess accessibility
136706332,way,surface,MISSING,Surface tag is recommended to assess accessibility
136706337,way,surface,MISSING,Surface tag is recommended to assess accessibility
136706344,way,surface,MISSING,Surface tag is recommended to assess accessibility
136706350,way,surface,MISSING,Surface tag is recommended to assess accessibility
136706351,way,surface,MISSING,Surface tag is recommended to assess accessibility
136706352,way,surface,MISSING,Surface tag is recommended to assess accessibility
136706353,way,surface,MISSING,Surface tag is recommended to assess accessibility
136706355,way,surface,MISSING,Surface tag is recommended to assess accessibility
136706356,way,surface,MISSING,Surface tag is recommended to assess accessibility
136706357,way,surface,MISSING,Surface tag is recommended to assess accessibility
136706358,way,surface,MISSING,Surface tag is recommended to assess accessibility
136706360,way,surface,MISSING,Surface tag is recommended to assess accessibility
136706361,way,surface,MISSING,Surface tag is recommended to assess accessibility
136717692,way,surface,MISSING,Surface tag is recommended to assess accessibility
136717695,way,surface,MISSING,Surface tag is recommended to assess accessibility
136717702,way,surface,MISSING,Surface tag is recommended to assess accessibility
136717706,way,surface,MISSING,Surface tag is recommended to assess accessibility
136717709,way,surface,MISSING,Surface tag is recommended to assess accessibility
136717713,way,surface,MISSING,Surface tag is recommended to assess accessibility
136717715,way,surface,MISSING,Surface tag is recommended to assess accessibility
136717720,way,surface,MISSING,Surface tag is recommended to assess accessibility
136717721,way,surface,MISSING,Surface tag is recommended to assess accessibility
136717733,way,surface,MISSING,Surface tag is recommended to assess accessibility
136717738,way,surface,MISSING,Surface tag is recommended to assess accessibility
136717741,way,surface,MISSING,Surface tag is recommended to assess accessibility
136717745,way,surface,MISSING,Surface tag is recommended to assess accessibility
136717746,way,surface,MISSING,Surface tag is recommended to assess accessibility
136717752,way,surface,MISSING,Surface tag is recommended to assess accessibility
136717754,way,surface,MISSING,Surface tag is recommended to assess accessibility
136717758,way,surface,MISSING,Surface tag is recommended to assess accessibility
136717764,way,surface,MISSING,Surface tag is recommended to assess accessibility
136717768,way,surface,MISSING,Surface tag is recommended to assess accessibility
136717771,way,surface,MISSING,Surface tag is recommended to assess accessibility
136717773,way,surface,MISSING,Surface tag is recommended to assess accessibility
136717775,way,surface,MISSING,Surface tag is recommended to assess accessibility
136717781,way,surface,MISSING,Surface tag is recommended to assess accessibility
136717783,way,surface,MISSING,Surface tag is recommended to assess accessibility
136717786,way,surface,MISSING,Surface tag is recommended to assess accessibility
136717787,way,surface,MISSING,Surface tag is recommended to assess accessibility
136717791,way,surface,MISSING,Surface tag is recommended to assess accessibility
136717793,way,surface,MISSING,Surface tag is recommended to assess accessibility
136717802,way,surface,MISSING,Surface tag is recommended to assess accessibility
136717814,way,surface,MISSING,Surface tag is recommended to assess accessibility
136717858,way,surface,MISSING,Surface tag is recommended to assess accessibility
136717868,way,surface,MISSING,Surface tag is recommended to assess accessibility
136717869,way,surface,MISSING,Surface tag is recommended to assess accessibility
136717879,way,surface,MISSING,Surface tag is recommended to assess accessibility
136808979,way,surface,MISSING,Surface tag is recommended to assess accessibility
136808980,way,surface,MISSING,Surface tag is recommended to assess accessibility
136808981,way,surface,MISSING,Surface tag is recommended to assess accessibility
136808982,way,surface,MISSING,Surface tag is recommended to assess accessibility
136808983,way,surface,MISSING,Surface tag is recommended to assess accessibility
136808984,way,surface,MISSING,Surface tag is recommended to assess accessibility
136808986,way,surface,MISSING,Surface tag is recommended to assess accessibility
136808987,way,surface,MISSING,Surface tag is recommended to assess accessibility
136808988,way,surface,MISSING,Surface tag is recommended to assess accessibility
136808989,way,surface,MISSING,Surface tag is recommended to assess accessibility
136808990,way,surface,MISSING,Surface tag is recommended to assess accessibility
136808991,way,surface,MISSING,Surface tag is recommended to assess accessibility
136808992,way,surface,MISSING,Surface tag is recommended to assess accessibility
136808993,way,surface,MISSING,Surface tag is recommended to assess accessibility
136808994,way,surface,MISSING,Surface tag is recommended to assess accessibility
136808995,way,surface,MISSING,Surface tag is recommended to assess accessibility
136808996,way,surface,MISSING,Surface tag is recommended to assess accessibility
136808997,way,surface,MISSING,Surface tag is recommended to assess accessibility
136808998,way,surface,MISSING,Surface tag is recommended to assess accessibility
136809000,way,surface,MISSING,Surface tag is recommended to assess accessibility
136809001,way,surface,MISSING,Surface tag is recommended to assess accessibility
136809002,way,surface,MISSING,Surface tag is recommended to assess accessibility
136809003,way,surface,MISSING,Surface tag is recommended to assess accessibility
136809004,way,surface,MISSING,Surface tag is recommended to assess accessibility
136809005,way,surface,MISSING,Surface tag is recommended to assess accessibility
136809006,way,surface,MISSING,Surface tag is recommended to assess accessibility
136809007,way,surface,MISSING,Surface tag is recommended to assess accessibility
136809008,way,surface,MISSING,Surface tag is recommended to assess accessibility
136809009,way,surface,MISSING,Surface tag is recommended to assess accessibility
136809010,way,surface,MISSING,Surface tag is recommended to assess accessibility
136809011,way,surface,MISSING,Surface tag is recommended to assess accessibility
136809012,way,surface,MISSING,Surface tag is recommended to assess accessibility
136809013,way,surface,MISSING,Surface tag is recommended to assess accessibility
136809014,way,surface,MISSING,Surface tag is recommended to assess accessibility
136809015,way,surface,MISSING,Surface tag is recommended to assess accessibility
136809017,way,surface,MISSING,Surface tag is recommended to assess accessibility
136809018,way,surface,MISSING,Surface tag is recommended to assess accessibility
136809019,way,surface,MISSING,Surface tag is recommended to assess accessibility
136809020,way,surface,MISSING,Surface tag is recommended to assess accessibility
136809021,way,surface,MISSING,Surface tag is recommended to assess accessibility
136809022,way,surface,MISSING,Surface tag is recommended to assess accessibility
136809023,way,surface,MISSING,Surface tag is recommended to assess accessibility
136809024,way,surface,MISSING,Surface tag is recommended to assess accessibility
136809025,way,surface,MISSING,Surface tag is recommended to assess accessibility
136809026,way,surface,MISSING,Surface tag is recommended to assess accessibility
136809028,way,surface,MISSING,Surface tag is recommended to assess accessibility
136809029,way,surface,MISSING,Surface tag is recommended to assess accessibility
136809030,way,surface,MISSING,Surface tag is recommended to assess accessibility
136809031,way,surface,MISSING,Surface tag is recommended to assess accessibility
136809032,way,surface,MISSING,Surface tag is recommended to assess accessibility
136809033,way,surface,MISSING,Surface tag is recommended to assess accessibility
136809034,way,surface,MISSING,Surface tag is recommended to assess accessibility
136809035,way,surface,MISSING,Surface tag is recommended to assess accessibility
136809037,way,surface,MISSING,Surface tag is recommended to assess accessibility
136809044,way,surface,MISSING,Surface tag is recommended to assess accessibility
136809046,way,surface,MISSING,Surface tag is recommended to assess accessibility
136809052,way,surface,MISSING,Surface tag is recommended to assess accessibility
136809054,way,surface,MISSING,Surface tag is recommended to assess accessibility
136809058,way,surface,MISSING,Surface tag is recommended to assess accessibility
136809062,way,surface,MISSING,Surface tag is recommended to assess accessibility
136809064,way,surface,MISSING,Surface tag is recommended to assess accessibility
136809077,way,surface,MISSING,Surface tag is recommended to assess accessibility
136809079,way,surface,MISSING,Surface tag is recommended to assess accessibility
136809085,way,surface,MISSING,Surface tag is recommended to assess accessibility
136809086,way,surface,MISSING,Surface tag is recommended to assess accessibility
136809091,way,surface,MISSING,Surface tag is recommended to assess accessibility
136809092,way,surface,MISSING,Surface tag is recommended to assess accessibility
136809093,way,surface,MISSING,Surface tag is recommended to assess accessibility
136809096,way,surface,MISSING,Surface tag is recommended to assess accessibility
136809098,way,surface,MISSING,Surface tag is recommended to assess accessibility
136809099,way,surface,MISSING,Surface tag is recommended to assess accessibility
136809100,way,surface,MISSING,Surface tag is recommended to assess accessibility
136809101,way,surface,MISSING,Surface tag is recommended to assess accessibility
136809102,way,surface,MISSING,Surface tag is recommended to assess accessibility
136809103,way,surface,MISSING,Surface tag is recommended to assess accessibility
136809104,way,surface,MISSING,Surface tag is recommended to assess accessibility
136809105,way,surface,MISSING,Surface tag is recommended to assess accessibility
136809106,way,surface,MISSING,Surface tag is recommended to assess accessibility
136809107,way,surface,MISSING,Surface tag is recommended to assess accessibility
136809108,way,surface,MISSING,Surface tag is recommended to assess accessibility
136809109,way,surface,MISSING,Surface tag is recommended to assess accessibility
136809110,way,surface,MISSING,Surface tag is recommended to assess accessibility
136962769,way,surface,MISSING,Surface tag is recommended to assess accessibility
136962770,way,surface,MISSING,Surface tag is recommended to assess accessibility
136962772,way,surface,MISSING,Surface tag is recommended to assess accessibility
136962777,way,surface,MISSING,Surface tag is recommended to assess accessibility
136962778,way,surface,MISSING,Surface tag is recommended to assess accessibility
136962779,way,surface,MISSING,Surface tag is recommended to assess accessibility
136962780,way,surface,MISSING,Surface tag is recommended to assess accessibility
136962781,way,surface,MISSING,Surface tag is recommended to assess accessibility
136962782,way,surface,MISSING,Surface tag is recommended to assess accessibility
136962783,way,surface,MISSING,Surface tag is recommended to assess accessibility
136962785,way,surface,MISSING,Surface tag is recommended to assess accessibility
136962786,way,surface,MISSING,Surface tag is recommended to assess accessibility
136962787,way,surface,MISSING,Surface tag is recommended to assess accessibility
136962788,way,surface,MISSING,Surface tag is recommended to assess accessibility
136962789,way,surface,MISSING,Surface tag is recommended to assess accessibility
136962791,way,surface,MISSING,Surface tag is recommended to assess accessibility
136962793,way,surface,MISSING,Surface tag is recommended to assess accessibility
136962794,way,surface,MISSING,Surface tag is recommended to assess accessibility
136962795,way,surface,MISSING,Surface tag is recommended to assess accessibility
136962796,way,surface,MISSING,Surface tag is recommended to assess accessibility
136962797,way,surface,MISSING,Surface tag is recommended to assess accessibility
136962800,way,surface,MISSING,Surface tag is recommended to assess accessibility
136962801,way,surface,MISSING,Surface tag is recommended to assess accessibility
136962803,way,surface,MISSING,Surface tag is recommended to assess accessibility
136962804,way,surface,MISSING,Surface tag is recommended to assess accessibility
136962808,way,surface,MISSING,Surface tag is recommended to assess accessibility
136962809,way,surface,MISSING,Surface tag is recommended to assess accessibility
136962811,way,surface,MISSING,Surface tag is recommended to assess accessibility
136962813,way,surface,MISSING,Surface tag is recommended to assess accessibility
136962814,way,surface,MISSING,Surface tag is recommended to assess accessibility
136962815,way,surface,MISSING,Surface tag is recommended to assess accessibility
136962819,way,surface,MISSING,Surface tag is recommended to assess accessibility
136962820,way,surface,MISSING,Surface tag is recommended to assess accessibility
136962821,way,surface,MISSING,Surface tag is recommended to assess accessibility
136962822,way,surface,MISSING,Surface tag is recommended to assess accessibility
136962825,way,surface,MISSING,Surface tag is recommended to assess accessibility
136962826,way,surface,MISSING,Surface tag is recommended to assess accessibility
136962827,way,surface,MISSING,Surface tag is recommended to assess accessibility
136962831,way,surface,MISSING,Surface tag is recommended to assess accessibility
136962833,way,surface,MISSING,Surface tag is recommended to assess accessibility
136962835,way,surface,MISSING,Surface tag is recommended to assess accessibility
136962836,way,surface,MISSING,Surface tag is recommended to assess accessibility
136962837,way,surface,MISSING,Surface tag is recommended to assess accessibility
136962838,way,surface,MISSING,Surface tag is recommended to assess accessibility
136962839,way,surface,MISSING,Surface tag is recommended to assess accessibility
136962840,way,surface,MISSING,Surface tag is recommended to assess accessibility
136962841,way,surface,MISSING,Surface tag is recommended to assess accessibility
136962842,way,surface,MISSING,Surface tag is recommended to assess accessibility
136962844,way,surface,MISSING,Surface tag is recommended to assess accessibility
136962845,way,surface,MISSING,Surface tag is recommended to assess accessibility
136962847,way,surface,MISSING,Surface tag is recommended to assess accessibility
136962848,way,surface,MISSING,Surface tag is recommended to assess accessibility
136962849,way,surface,MISSING,Surface tag is recommended to assess accessibility
136962851,way,surface,MISSING,Surface tag is recommended to assess accessibility
136962857,way,surface,MISSING,Surface tag is recommended to assess accessibility
136962863,way,surface,MISSING,Surface tag is recommended to assess accessibility
136962867,way,surface,MISSING,Surface tag is recommended to assess accessibility
136962875,way,surface,MISSING,Surface tag is recommended to assess accessibility
136962879,way,surface,MISSING,Surface tag is recommended to assess accessibility
136962881,way,surface,MISSING,Surface tag is recommended to assess accessibility
136962885,way,surface,MISSING,Surface tag is recommended to assess accessibility
136962893,way,surface,MISSING,Surface tag is recommended to assess accessibility
136962896,way,surface,MISSING,Surface tag is recommended to assess accessibility
136962897,way,surface,MISSING,Surface tag is recommended to assess accessibility
136962906,way,surface,MISSING,Surface tag is recommended to assess accessibility
136962907,way,surface,MISSING,Surface tag is recommended to assess accessibility
136962921,way,surface,MISSING,Surface tag is recommended to assess accessibility
136962923,way,surface,MISSING,Surface tag is recommended to assess accessibility
136962925,way,surface,MISSING,Surface tag is recommended to assess accessibility
136962928,way,surface,MISSING,Surface tag is recommended to assess accessibility
136962929,way,surface,MISSING,Surface tag is recommended to assess accessibility
136962930,way,surface,MISSING,Surface tag is recommended to assess accessibility
136962931,way,surface,MISSING,Surface tag is recommended to assess accessibility
136962933,way,surface,MISSING,Surface tag is recommended to assess accessibility
136962935,way,surface,MISSING,Surface tag is recommended to assess accessibility
136962936,way,surface,MISSING,Surface tag is recommended to assess accessibility
136962937,way,surface,MISSING,Surface tag is recommended to assess accessibility
136962938,way,surface,MISSING,Surface tag is recommended to assess accessibility
136962941,way,surface,MISSING,Surface tag is recommended to assess accessibility
136962943,way,surface,MISSING,Surface tag is recommended to assess accessibility
136962945,way,surface,MISSING,Surface tag is recommended to assess accessibility
136962949,way,surface,MISSING,Surface tag is recommended to assess accessibility
136962951,way,surface,MISSING,Surface tag is recommended to assess accessibility
136962952,way,surface,MISSING,Surface tag is recommended to assess accessibility
136962953,way,surface,MISSING,Surface tag is recommended to assess accessibility
136962954,way,surface,MISSING,Surface tag is recommended to assess accessibility
136962955,way,surface,MISSING,Surface tag is recommended to assess accessibility
136962956,way,surface,MISSING,Surface tag is recommended to assess accessibility
136962957,way,surface,MISSING,Surface tag is recommended to assess accessibility
136962962,way,surface,MISSING,Surface tag is recommended to assess accessibility
136962963,way,surface,MISSING,Surface tag is recommended to assess accessibility
136962964,way,surface,MISSING,Surface tag is recommended to assess accessibility
136962965,way,surface,MISSING,Surface tag is recommended to assess accessibility
136962966,way,surface,MISSING,Surface tag is recommended to assess accessibility
136962968,way,surface,MISSING,Surface tag is recommended to assess accessibility
136962969,way,surface,MISSING,Surface tag is recommended to assess accessibility
136962970,way,surface,MISSING,Surface tag is recommended to assess accessibility
136973638,way,surface,MISSING,Surface tag is recommended to assess accessibility
136973639,way,surface,MISSING,Surface tag is recommended to assess accessibility
136973641,way,surface,MISSING,Surface tag is recommended to assess accessibility
136973642,way,surface,MISSING,Surface tag is recommended to assess accessibility
136973644,way,surface,MISSING,Surface tag is recommended to assess accessibility
136973645,way,surface,MISSING,Surface tag is recommended to assess accessibility
136973646,way,surface,MISSING,Surface tag is recommended to assess accessibility
136973648,way,surface,MISSING,Surface tag is recommended to assess accessibility
136973649,way,surface,MISSING,Surface tag is recommended to assess accessibility
136973650,way,surface,MISSING,Surface tag is recommended to assess accessibility
136973662,way,surface,MISSING,Surface tag is recommended to assess accessibility
136973665,way,surface,MISSING,Surface tag is recommended to assess accessibility
136973673,way,surface,MISSING,Surface tag is recommended to assess accessibility
136973675,way,surface,MISSING,Surface tag is recommended to assess accessibility
136973676,way,surface,MISSING,Surface tag is recommended to assess accessibility
137071321,way,surface,MISSING,Surface tag is recommended to assess accessibility
137071324,way,surface,MISSING,Surface tag is recommended to assess accessibility
137071325,way,surface,MISSING,Surface tag is recommended to assess accessibility
137071326,way,surface,MISSING,Surface tag is recommended to assess accessibility
137071327,way,surface,MISSING,Surface tag is recommended to assess accessibility
137071328,way,surface,MISSING,Surface tag is recommended to assess accessibility
137071329,way,surface,MISSING,Surface tag is recommended to assess accessibility
137071331,way,surface,MISSING,Surface tag is recommended to assess accessibility
137071332,way,surface,MISSING,Surface tag is recommended to assess accessibility
137071333,way,surface,MISSING,Surface tag is recommended to assess accessibility
137071335,way,surface,MISSING,Surface tag is recommended to assess accessibility
137071336,way,surface,MISSING,Surface tag is recommended to assess accessibility
137071338,way,surface,MISSING,Surface tag is recommended to assess accessibility
137071339,way,surface,MISSING,Surface tag is recommended to assess accessibility
137071342,way,surface,MISSING,Surface tag is recommended to assess accessibility
137071346,way,surface,MISSING,Surface tag is recommended to assess accessibility
137071348,way,surface,MISSING,Surface tag is recommended to assess accessibility
137071350,way,surface,MISSING,Surface tag is recommended to assess accessibility
137071352,way,surface,MISSING,Surface tag is recommended to assess accessibility
137071353,way,surface,MISSING,Surface tag is recommended to assess accessibility
137071355,way,surface,MISSING,Surface tag is recommended to assess accessibility
137071358,way,surface,MISSING,Surface tag is recommended to assess accessibility
137071364,way,surface,MISSING,Surface tag is recommended to assess accessibility
137071366,way,surface,MISSING,Surface tag is recommended to assess accessibility
137071376,way,surface,MISSING,Surface tag is recommended to assess accessibility
137071385,way,surface,MISSING,Surface tag is recommended to assess accessibility
137071387,way,surface,MISSING,Surface tag is recommended to assess accessibility
137071389,way,surface,MISSING,Surface tag is recommended to assess accessibility
137071390,way,surface,MISSING,Surface tag is recommended to assess accessibility
137071391,way,surface,MISSING,Surface tag is recommended to assess accessibility
137071393,way,surface,MISSING,Surface tag is recommended to assess accessibility
137071396,way,surface,MISSING,Surface tag is recommended to assess accessibility
137283346,way,surface,MISSING,Surface tag is recommended to assess accessibility
139216558,way,surface,MISSING,Surface tag is recommended to assess accessibility
139216565,way,surface,MISSING,Surface tag is recommended to assess accessibility
139216568,way,surface,MISSING,Surface tag is recommended to assess accessibility
139216570,way,surface,MISSING,Surface tag is recommended to assess accessibility
139216575,way,surface,MISSING,Surface tag is recommended to assess accessibility
139216582,way,surface,MISSING,Surface tag is recommended to assess accessibility
139216594,way,surface,MISSING,Surface tag is recommended to assess accessibility
139216604,way,surface,MISSING,Surface tag is recommended to assess accessibility
139216640,way,surface,MISSING,Surface tag is recommended to assess accessibility
139216658,way,surface,MISSING,Surface tag is recommended to assess accessibility
139216663,way,surface,MISSING,Surface tag is recommended to assess accessibility
139334050,way,surface,MISSING,Surface tag is recommended to assess accessibility
139334051,way,surface,MISSING,Surface tag is recommended to assess accessibility
139334055,way,surface,MISSING,Surface tag is recommended to assess accessibility
139334056,way,surface,MISSING,Surface tag is recommended to assess accessibility
139334059,way,surface,MISSING,Surface tag is recommended to assess accessibility
139334060,way,surface,MISSING,Surface tag is recommended to assess accessibility
139334062,way,surface,MISSING,Surface tag is recommended to assess accessibility
139334067,way,surface,MISSING,Surface tag is recommended to assess accessibility
139334076,way,surface,MISSING,Surface tag is recommended to assess accessibility
139334078,way,surface,MISSING,Surface tag is recommended to assess accessibility
139334079,way,surface,MISSING,Surface tag is recommended to assess accessibility
139334082,way,surface,MISSING,Surface tag is recommended to assess accessibility
139334084,way,surface,MISSING,Surface tag is recommended to assess accessibility
139334085,way,surface,MISSING,Surface tag is recommended to assess accessibility
139334086,way,surface,MISSING,Surface tag is recommended to assess accessibility
139334088,way,surface,MISSING,Surface tag is recommended to assess accessibility
139334089,way,surface,MISSING,Surface tag is recommended to assess accessibility
139334090,way,surface,MISSING,Surface tag is recommended to assess accessibility
139334091,way,surface,MISSING,Surface tag is recommended to assess accessibility
139334096,way,surface,MISSING,Surface tag is recommended to assess accessibility
139334109,way,surface,MISSING,Surface tag is recommended to assess accessibility
139334129,way,surface,MISSING,Surface tag is recommended to assess accessibility
139334130,way,surface,MISSING,Surface tag is recommended to assess accessibility
139334131,way,surface,MISSING,Surface tag is recommended to assess accessibility
139334132,way,surface,MISSING,Surface tag is recommended to assess accessibility
139334133,way,surface,MISSING,Surface tag is recommended to assess accessibility
139487988,way,surface,MISSING,Surface tag is recommended to assess accessibility
139487990,way,surface,MISSING,Surface tag is recommended to assess accessibility
139487993,way,surface,MISSING,Surface tag is recommended to assess accessibility
139487994,way,surface,MISSING,Surface tag is recommended to assess accessibility
139487995,way,surface,MISSING,Surface tag is recommended to assess accessibility
139487996,way,surface,MISSING,Surface tag is recommended to assess accessibility
139487997,way,surface,MISSING,Surface tag is recommended to assess accessibility
139487998,way,surface,MISSING,Surface tag is recommended to assess accessibility
139487999,way,surface,MISSING,Surface tag is recommended to assess accessibility
139488003,way,surface,MISSING,Surface tag is recommended to assess accessibility
139488004,way,surface,MISSING,Surface tag is recommended to assess accessibility
139488005,way,surface,MISSING,Surface tag is recommended to assess accessibility
139488007,way,surface,MISSING,Surface tag is recommended to assess accessibility
139488008,way,surface,MISSING,Surface tag is recommended to assess accessibility
139488013,way,surface,MISSING,Surface tag is recommended to assess accessibility
139488014,way,surface,MISSING,Surface tag is recommended to assess accessibility
139488015,way,surface,MISSING,Surface tag is recommended to assess accessibility
139488016,way,surface,MISSING,Surface tag is recommended to assess accessibility
139488017,way,surface,MISSING,Surface tag is recommended to assess accessibility
139488018,way,surface,MISSING,Surface tag is recommended to assess accessibility
139488019,way,surface,MISSING,Surface tag is recommended to assess accessibility
139488022,way,surface,MISSING,Surface tag is recommended to assess accessibility
139488024,way,surface,MISSING,Surface tag is recommended to assess accessibility
139488025,way,surface,MISSING,Surface tag is recommended to assess accessibility
139488026,way,surface,MISSING,Surface tag is recommended to assess accessibility
139488028,way,surface,MISSING,Surface tag is recommended to assess accessibility
139488031,way,surface,MISSING,Surface tag is recommended to assess accessibility
139488032,way,surface,MISSING,Surface tag is recommended to assess accessibility
139488033,way,surface,MISSING,Surface tag is recommended to assess accessibility
139488034,way,surface,MISSING,Surface tag is recommended to assess accessibility
139488036,way,surface,MISSING,Surface tag is recommended to assess accessibility
139488039,way,surface,MISSING,Surface tag is recommended to assess accessibility
139488043,way,surface,MISSING,Surface tag is recommended to assess accessibility
139488085,way,surface,MISSING,Surface tag is recommended to assess accessibility
139488088,way,surface,MISSING,Surface tag is recommended to assess accessibility
139488091,way,surface,MISSING,Surface tag is recommended to assess accessibility
139488094,way,surface,MISSING,Surface tag is recommended to assess accessibility
139488098,way,surface,MISSING,Surface tag is recommended to assess accessibility
139488099,way,surface,MISSING,Surface tag is recommended to assess accessibility
139488100,way,surface,MISSING,Surface tag is recommended to assess accessibility
139488102,way,surface,MISSING,Surface tag is recommended to assess accessibility
139488108,way,surface,MISSING,Surface tag is recommended to assess accessibility
139493175,way,surface,MISSING,Surface tag is recommended to assess accessibility
139493179,way,surface,MISSING,Surface tag is recommended to assess accessibility
139493181,way,surface,MISSING,Surface tag is recommended to assess accessibility
139493182,way,surface,MISSING,Surface tag is recommended to assess accessibility
139493185,way,surface,MISSING,Surface tag is recommended to assess accessibility
139493186,way,surface,MISSING,Surface tag is recommended to assess accessibility
139493187,way,surface,MISSING,Surface tag is recommended to assess accessibility
139493188,way,surface,MISSING,Surface tag is recommended to assess accessibility
139493192,way,surface,MISSING,Surface tag is recommended to assess accessibility
139493205,way,surface,MISSING,Surface tag is recommended to assess accessibility
139493210,way,surface,MISSING,Surface tag is recommended to assess accessibility
139498580,way,surface,MISSING,Surface tag is recommended to assess accessibility
139498584,way,surface,MISSING,Surface tag is recommended to assess accessibility
139498585,way,surface,MISSING,Surface tag is recommended to assess accessibility
139498588,way,surface,MISSING,Surface tag is recommended to assess accessibility
139498590,way,surface,MISSING,Surface tag is recommended to assess accessibility
139498593,way,surface,MISSING,Surface tag is recommended to assess accessibility
139498596,way,surface,MISSING,Surface tag is recommended to assess accessibility
139498597,way,surface,MISSING,Surface tag is recommended to assess accessibility
139498599,way,surface,MISSING,Surface tag is recommended to assess accessibility
139498601,way,surface,MISSING,Surface tag is recommended to assess accessibility
139498602,way,surface,MISSING,Surface tag is recommended to assess accessibility
139498606,way,surface,MISSING,Surface tag is recommended to assess accessibility
139498607,way,surface,MISSING,Surface tag is recommended to assess accessibility
139498608,way,surface,MISSING,Surface tag is recommended to assess accessibility
139498611,way,surface,MISSING,Surface tag is recommended to assess accessibility
139498612,way,surface,MISSING,Surface tag is recommended to assess accessibility
139498616,way,surface,MISSING,Surface tag is recommended to assess accessibility
139498617,way,surface,MISSING,Surface tag is recommended to assess accessibility
139498619,way,surface,MISSING,Surface tag is recommended to assess accessibility
139498621,way,surface,MISSING,Surface tag is recommended to assess accessibility
139498622,way,surface,MISSING,Surface tag is recommended to assess accessibility
139498625,way,surface,MISSING,Surface tag is recommended to assess accessibility
139498626,way,surface,MISSING,Surface tag is recommended to assess accessibility
139498629,way,surface,MISSING,Surface tag is recommended to assess accessibility
139498630,way,surface,MISSING,Surface tag is recommended to assess accessibility
139498633,way,surface,MISSING,Surface tag is recommended to assess accessibility
139498634,way,surface,MISSING,Surface tag is recommended to assess accessibility
139498637,way,surface,MISSING,Surface tag is recommended to assess accessibility
139498639,way,surface,MISSING,Surface tag is recommended to assess accessibility
139498640,way,surface,MISSING,Surface tag is recommended to assess accessibility
139498642,way,surface,MISSING,Surface tag is recommended to assess accessibility
139498646,way,surface,MISSING,Surface tag is recommended to assess accessibility
139498648,way,surface,MISSING,Surface tag is recommended to assess accessibility
139498649,way,surface,MISSING,Surface tag is recommended to assess accessibility
139498653,way,surface,MISSING,Surface tag is recommended to assess accessibility
139498654,way,surface,MISSING,Surface tag is recommended to assess accessibility
139498657,way,surface,MISSING,Surface tag is recommended to assess accessibility
139498658,way,surface,MISSING,Surface tag is recommended to assess accessibility
139498660,way,surface,MISSING,Surface tag is recommended to assess accessibility
139498662,way,surface,MISSING,Surface tag is recommended to assess accessibility
139498663,way,surface,MISSING,Surface tag is recommended to assess accessibility
139498667,way,surface,MISSING,Surface tag is recommended to assess accessibility
139498668,way,surface,MISSING,Surface tag is recommended to assess accessibility
139498671,way,surface,MISSING,Surface tag is recommended to assess accessibility
139498673,way,surface,MISSING,Surface tag is recommended to assess accessibility
139498675,way,surface,MISSING,Surface tag is recommended to assess accessibility
139498678,way,surface,MISSING,Surface tag is recommended to assess accessibility
139498679,way,surface,MISSING,Surface tag is recommended to assess accessibility
139498681,way,surface,MISSING,Surface tag is recommended to assess accessibility
139498684,way,surface,MISSING,Surface tag is recommended to assess accessibility
139498760,way,surface,MISSING,Surface tag is recommended to assess accessibility
139498767,way,surface,MISSING,Surface tag is recommended to assess accessibility
139498770,way,surface,MISSING,Surface tag is recommended to assess accessibility
139498777,way,surface,MISSING,Surface tag is recommended to assess accessibility
139498779,way,surface,MISSING,Surface tag is recommended to assess accessibility
139498789,way,surface,MISSING,Surface tag is recommended to assess accessibility
139498790,way,surface,MISSING,Surface tag is recommended to assess accessibility
139498796,way,surface,MISSING,Surface tag is recommended to assess accessibility
139498797,way,surface,MISSING,Surface tag is recommended to assess accessibility
139498803,way,surface,MISSING,Surface tag is recommended to assess accessibility
139498804,way,surface,MISSING,Surface tag is recommended to assess accessibility
139498807,way,surface,MISSING,Surface tag is recommended to assess accessibility
139498808,way,surface,MISSING,Surface tag is recommended to assess accessibility
140215429,way,surface,MISSING,Surface tag is recommended to assess accessibility
140215431,way,surface,MISSING,Surface tag is recommended to assess accessibility
140216745,way,surface,MISSING,Surface tag is recommended to assess accessibility
140216746,way,surface,MISSING,Surface tag is recommended to assess accessibility
140216747,way,surface,MISSING,Surface tag is recommended to assess accessibility
140216748,way,surface,MISSING,Surface tag is recommended to assess accessibility
140216749,way,surface,MISSING,Surface tag is recommended to assess accessibility
140216751,way,surface,MISSING,Surface tag is recommended to assess accessibility
140216753,way,surface,MISSING,Surface tag is recommended to assess accessibility
140216754,way,surface,MISSING,Surface tag is recommended to assess accessibility
140216755,way,surface,MISSING,Surface tag is recommended to assess accessibility
140216756,way,surface,MISSING,Surface tag is recommended to assess accessibility
140216758,way,surface,MISSING,Surface tag is recommended to assess accessibility
140216759,way,surface,MISSING,Surface tag is recommended to assess accessibility
140216762,way,surface,MISSING,Surface tag is recommended to assess accessibility
140216763,way,surface,MISSING,Surface tag is recommended to assess accessibility
140216764,way,surface,MISSING,Surface tag is recommended to assess accessibility
140216765,way,surface,MISSING,Surface tag is recommended to assess accessibility
140216766,way,surface,MISSING,Surface tag is recommended to assess accessibility
140216768,way,surface,MISSING,Surface tag is recommended to assess accessibility
140216770,way,surface,MISSING,Surface tag is recommended to assess accessibility
140216772,way,surface,MISSING,Surface tag is recommended to assess accessibility
140216775,way,surface,MISSING,Surface tag is recommended to assess accessibility
140216777,way,surface,MISSING,Surface tag is recommended to assess accessibility
140216778,way,surface,MISSING,Surface tag is recommended to assess accessibility
140216779,way,surface,MISSING,Surface tag is recommended to assess accessibility
140216781,way,surface,MISSING,Surface tag is recommended to assess accessibility
140216782,way,surface,MISSING,Surface tag is recommended to assess accessibility
140216783,way,surface,MISSING,Surface tag is recommended to assess accessibility
140216784,way,surface,MISSING,Surface tag is recommended to assess accessibility
140216785,way,surface,MISSING,Surface tag is recommended to assess accessibility
140216786,way,surface,MISSING,Surface tag is recommended to assess accessibility
140216787,way,surface,MISSING,Surface tag is recommended to assess accessibility
140216788,way,surface,MISSING,Surface tag is recommended to assess accessibility
140216789,way,surface,MISSING,Surface tag is recommended to assess accessibility
140216790,way,surface,MISSING,Surface tag is recommended to assess accessibility
140216800,way,surface,MISSING,Surface tag is recommended to assess accessibility
140216810,way,surface,MISSING,Surface tag is recommended to assess accessibility
140216811,way,surface,MISSING,Surface tag is recommended to assess accessibility
140216821,way,surface,MISSING,Surface tag is recommended to assess accessibility
140216824,way,surface,MISSING,Surface tag is recommended to assess accessibility
140216831,way,surface,MISSING,Surface tag is recommended to assess accessibility
140216834,way,surface,MISSING,Surface tag is recommended to assess accessibility
140216836,way,surface,MISSING,Surface tag is recommended to assess accessibility
140216837,way,surface,MISSING,Surface tag is recommended to assess accessibility
140352793,way,surface,MISSING,Surface tag is recommended to assess accessibility
140352794,way,surface,MISSING,Surface tag is recommended to assess accessibility
140352795,way,surface,MISSING,Surface tag is recommended to assess accessibility
140352797,way,surface,MISSING,Surface tag is recommended to assess accessibility
140352798,way,surface,MISSING,Surface tag is recommended to assess accessibility
140352799,way,surface,MISSING,Surface tag is recommended to assess accessibility
140352800,way,surface,MISSING,Surface tag is recommended to assess accessibility
140352801,way,surface,MISSING,Surface tag is recommended to assess accessibility
140352802,way,surface,MISSING,Surface tag is recommended to assess accessibility
140352803,way,surface,MISSING,Surface tag is recommended to assess accessibility
140352804,way,surface,MISSING,Surface tag is recommended to assess accessibility
140352805,way,surface,MISSING,Surface tag is recommended to assess accessibility
140352806,way,surface,MISSING,Surface tag is recommended to assess accessibility
140352807,way,surface,MISSING,Surface tag is recommended to assess accessibility
140352808,way,surface,MISSING,Surface tag is recommended to assess accessibility
140352809,way,surface,MISSING,Surface tag is recommended to assess accessibility
140352811,way,surface,MISSING,Surface tag is recommended to assess accessibility
140352812,way,surface,MISSING,Surface tag is recommended to assess accessibility
140352813,way,surface,MISSING,Surface tag is recommended to assess accessibility
140352814,way,surface,MISSING,Surface tag is recommended to assess accessibility
140352815,way,surface,MISSING,Surface tag is recommended to assess accessibility
140352816,way,surface,MISSING,Surface tag is recommended to assess accessibility
140352817,way,surface,MISSING,Surface tag is recommended to assess accessibility
140352818,way,surface,MISSING,Surface tag is recommended to assess accessibility
140352819,way,surface,MISSING,Surface tag is recommended to assess accessibility
140352820,way,surface,MISSING,Surface tag is recommended to assess accessibility
140352821,way,surface,MISSING,Surface tag is recommended to assess accessibility
140352822,way,surface,MISSING,Surface tag is recommended to assess accessibility
140352823,way,surface,MISSING,Surface tag is recommended to assess accessibility
140352824,way,surface,MISSING,Surface tag is recommended to assess accessibility
140352825,way,surface,MISSING,Surface tag is recommended to assess accessibility
140352826,way,surface,MISSING,Surface tag is recommended to assess accessibility
140352827,way,surface,MISSING,Surface tag is recommended to assess accessibility
140352828,way,surface,MISSING,Surface tag is recommended to assess accessibility
140352829,way,surface,MISSING,Surface tag is recommended to assess accessibility
140352830,way,surface,MISSING,Surface tag is recommended to assess accessibility
140352831,way,surface,MISSING,Surface tag is recommended to assess accessibility
140352832,way,surface,MISSING,Surface tag is recommended to assess accessibility
140352833,way,surface,MISSING,Surface tag is recommended to assess accessibility
140352834,way,surface,MISSING,Surface tag is recommended to assess accessibility
140352835,way,surface,MISSING,Surface tag is recommended to assess accessibility
140352836,way,surface,MISSING,Surface tag is recommended to assess accessibility
140352837,way,surface,MISSING,Surface tag is recommended to assess accessibility
140352838,way,surface,MISSING,Surface tag is recommended to assess accessibility
140352839,way,surface,MISSING,Surface tag is recommended to assess accessibility
140352840,way,surface,MISSING,Surface tag is recommended to assess accessibility
140352841,way,surface,MISSING,Surface tag is recommended to assess accessibility
140352842,way,surface,MISSING,Surface tag is recommended to assess accessibility
140352843,way,surface,MISSING,Surface tag is recommended to assess accessibility
140352844,way,surface,MISSING,Surface tag is recommended to assess accessibility
140352845,way,surface,MISSING,Surface tag is recommended to assess accessibility
140352847,way,surface,MISSING,Surface tag is recommended to assess accessibility
140352851,way,surface,MISSING,Surface tag is recommended to assess accessibility
140352866,way,surface,MISSING,Surface tag is recommended to assess accessibility
140352877,way,surface,MISSING,Surface tag is recommended to assess accessibility
140352880,way,surface,MISSING,Surface tag is recommended to assess accessibility
140352881,way,surface,MISSING,Surface tag is recommended to assess accessibility
140352882,way,surface,MISSING,Surface tag is recommended to assess accessibility
140352884,way,surface,MISSING,Surface tag is recommended to assess accessibility
140352885,way,surface,MISSING,Surface tag is recommended to assess accessibility
140352886,way,surface,MISSING,Surface tag is recommended to assess accessibility
140352887,way,surface,MISSING,Surface tag is recommended to assess accessibility
140478014,way,surface,MISSING,Surface tag is recommended to assess accessibility
140478016,way,surface,MISSING,Surface tag is recommended to assess accessibility
140478017,way,surface,MISSING,Surface tag is recommended to assess accessibility
140478018,way,surface,MISSING,Surface tag is recommended to assess accessibility
140478024,way,surface,MISSING,Surface tag is recommended to assess accessibility
140478026,way,surface,MISSING,Surface tag is recommended to assess accessibility
140478027,way,surface,MISSING,Surface tag is recommended to assess accessibility
140478029,way,surface,MISSING,Surface tag is recommended to assess accessibility
140478030,way,surface,MISSING,Surface tag is recommended to assess accessibility
140478031,way,surface,MISSING,Surface tag is recommended to assess accessibility
140478033,way,surface,MISSING,Surface tag is recommended to assess accessibility
140478037,way,surface,MISSING,Surface tag is recommended to assess accessibility
140478038,way,surface,MISSING,Surface tag is recommended to assess accessibility
140478039,way,surface,MISSING,Surface tag is recommended to assess accessibility
140478042,way,surface,MISSING,Surface tag is recommended to assess accessibility
140478045,way,surface,MISSING,Surface tag is recommended to assess accessibility
140478046,way,surface,MISSING,Surface tag is recommended to assess accessibility
140478047,way,surface,MISSING,Surface tag is recommended to assess accessibility
140478049,way,surface,MISSING,Surface tag is recommended to assess accessibility
140478051,way,surface,MISSING,Surface tag is recommended to assess accessibility
140478052,way,surface,MISSING,Surface tag is recommended to assess accessibility
140478053,way,surface,MISSING,Surface tag is recommended to assess accessibility
140478055,way,surface,MISSING,Surface tag is recommended to assess accessibility
140478056,way,surface,MISSING,Surface tag is recommended to assess accessibility
140478057,way,surface,MISSING,Surface tag is recommended to assess accessibility
140478062,way,surface,MISSING,Surface tag is recommended to assess accessibility
140478070,way,surface,MISSING,Surface tag is recommended to assess accessibility
140478088,way,surface,MISSING,Surface tag is recommended to assess accessibility
140478089,way,surface,MISSING,Surface tag is recommended to assess accessibility
140478092,way,surface,MISSING,Surface tag is recommended to assess accessibility
140478094,way,surface,MISSING,Surface tag is recommended to assess accessibility
140500352,way,surface,MISSING,Surface tag is recommended to assess accessibility
140500353,way,surface,MISSING,Surface tag is recommended to assess accessibility
140500354,way,surface,MISSING,Surface tag is recommended to assess accessibility
140500355,way,surface,MISSING,Surface tag is recommended to assess accessibility
140500356,way,surface,MISSING,Surface tag is recommended to assess accessibility
140500359,way,surface,MISSING,Surface tag is recommended to assess accessibility
140500360,way,surface,MISSING,Surface tag is recommended to assess accessibility
140500361,way,surface,MISSING,Surface tag is recommended to assess accessibility
140500364,way,surface,MISSING,Surface tag is recommended to assess accessibility
140500365,way,surface,MISSING,Surface tag is recommended to assess accessibility
140500366,way,surface,MISSING,Surface tag is recommended to assess accessibility
140500367,way,surface,MISSING,Surface tag is recommended to assess accessibility
140500368,way,surface,MISSING,Surface tag is recommended to assess accessibility
140500369,way,surface,MISSING,Surface tag is recommended to assess accessibility
140500370,way,surface,MISSING,Surface tag is recommended to assess accessibility
140500371,way,surface,MISSING,Surface tag is recommended to assess accessibility
140500372,way,surface,MISSING,Surface tag is recommended to assess accessibility
140500373,way,surface,MISSING,Surface tag is recommended to assess accessibility
140500374,way,surface,MISSING,Surface tag is recommended to assess accessibility
140500375,way,surface,MISSING,Surface tag is recommended to assess accessibility
140500376,way,surface,MISSING,Surface tag is recommended to assess accessibility
140500377,way,surface,MISSING,Surface tag is recommended to assess accessibility
140500389,way,surface,MISSING,Surface tag is recommended to assess accessibility
140500397,way,surface,MISSING,Surface tag is recommended to assess accessibility
140512486,way,surface,MISSING,Surface tag is recommended to assess accessibility
140512489,way,surface,MISSING,Surface tag is recommended to assess accessibility
140512498,way,surface,MISSING,Surface tag is recommended to assess accessibility
140512499,way,surface,MISSING,Surface tag is recommended to assess accessibility
140512501,way,surface,MISSING,Surface tag is recommended to assess accessibility
140512503,way,surface,MISSING,Surface tag is recommended to assess accessibility
140512506,way,surface,MISSING,Surface tag is recommended to assess accessibility
140512511,way,surface,MISSING,Surface tag is recommended to assess accessibility
140512529,way,surface,MISSING,Surface tag is recommended to assess accessibility
140512530,way,surface,MISSING,Surface tag is recommended to assess accessibility
140512534,way,surface,MISSING,Surface tag is recommended to assess accessibility
140633629,way,surface,MISSING,Surface tag is recommended to assess accessibility
140633630,way,surface,MISSING,Surface tag is recommended to assess accessibility
140633632,way,surface,MISSING,Surface tag is recommended to assess accessibility
140633636,way,surface,MISSING,Surface tag is recommended to assess accessibility
141030812,way,surface,MISSING,Surface tag is recommended to assess accessibility
141030814,way,surface,MISSING,Surface tag is recommended to assess accessibility
141030815,way,surface,MISSING,Surface tag is recommended to assess accessibility
141030817,way,surface,MISSING,Surface tag is recommended to assess accessibility
141030819,way,surface,MISSING,Surface tag is recommended to assess accessibility
141030820,way,surface,MISSING,Surface tag is recommended to assess accessibility
141030821,way,surface,MISSING,Surface tag is recommended to assess accessibility
141030822,way,surface,MISSING,Surface tag is recommended to assess accessibility
141030823,way,surface,MISSING,Surface tag is recommended to assess accessibility
141030828,way,surface,MISSING,Surface tag is recommended to assess accessibility
141300283,way,surface,MISSING,Surface tag is recommended to assess accessibility
141300284,way,surface,MISSING,Surface tag is recommended to assess accessibility
141300287,way,surface,MISSING,Surface tag is recommended to assess accessibility
141300289,way,surface,MISSING,Surface tag is recommended to assess accessibility
141300290,way,surface,MISSING,Surface tag is recommended to assess accessibility
141300291,way,surface,MISSING,Surface tag is recommended to assess accessibility
141300292,way,surface,MISSING,Surface tag is recommended to assess accessibility
141300295,way,surface,MISSING,Surface tag is recommended to assess accessibility
141300296,way,surface,MISSING,Surface tag is recommended to assess accessibility
141300297,way,surface,MISSING,Surface tag is recommended to assess accessibility
141300298,way,surface,MISSING,Surface tag is recommended to assess accessibility
141300299,way,surface,MISSING,Surface tag is recommended to assess accessibility
141300300,way,surface,MISSING,Surface tag is recommended to assess accessibility
141300301,way,surface,MISSING,Surface tag is recommended to assess accessibility
141300302,way,surface,MISSING,Surface tag is recommended to assess accessibility
141300303,way,surface,MISSING,Surface tag is recommended to assess accessibility
141300304,way,surface,MISSING,Surface tag is recommended to assess accessibility
141300305,way,surface,MISSING,Surface tag is recommended to assess accessibility
141300306,way,surface,MISSING,Surface tag is recommended to assess accessibility
141300307,way,surface,MISSING,Surface tag is recommended to assess accessibility
141300308,way,surface,MISSING,Surface tag is recommended to assess accessibility
141300328,way,surface,MISSING,Surface tag is recommended to assess accessibility
141300334,way,surface,MISSING,Surface tag is recommended to assess accessibility
141300335,way,surface,MISSING,Surface tag is recommended to assess accessibility
142392193,way,surface,MISSING,Surface tag is recommended to assess accessibility
142392195,way,surface,MISSING,Surface tag is recommended to assess accessibility
142392199,way,surface,MISSING,Surface tag is recommended to assess accessibility
142392200,way,surface,MISSING,Surface tag is recommended to assess accessibility
142392204,way,surface,MISSING,Surface tag is recommended to assess accessibility
142392212,way,surface,MISSING,Surface tag is recommended to assess accessibility
142392221,way,surface,MISSING,Surface tag is recommended to assess accessibility
142392224,way,surface,MISSING,Surface tag is recommended to assess accessibility
142392229,way,surface,MISSING,Surface tag is recommended to assess accessibility
142441015,way,surface,MISSING,Surface tag is recommended to assess accessibility
144718758,way,surface,MISSING,Surface tag is recommended to assess accessibility
144718759,way,surface,MISSING,Surface tag is recommended to assess accessibility
144718760,way,surface,MISSING,Surface tag is recommended to assess accessibility
144718761,way,surface,MISSING,Surface tag is recommended to assess accessibility
144718762,way,surface,MISSING,Surface tag is recommended to assess accessibility
144718764,way,surface,MISSING,Surface tag is recommended to assess accessibility
144718767,way,surface,MISSING,Surface tag is recommended to assess accessibility
144718772,way,surface,MISSING,Surface tag is recommended to assess accessibility
144718776,way,surface,MISSING,Surface tag is recommended to assess accessibility
144718778,way,surface,MISSING,Surface tag is recommended to assess accessibility
144718779,way,surface,MISSING,Surface tag is recommended to assess accessibility
144718780,way,surface,MISSING,Surface tag is recommended to assess accessibility
144718781,way,surface,MISSING,Surface tag is recommended to assess accessibility
144847218,way,surface,MISSING,Surface tag is recommended to assess accessibility
144847219,way,surface,MISSING,Surface tag is recommended to assess accessibility
144847221,way,surface,MISSING,Surface tag is recommended to assess accessibility
144847222,way,surface,MISSING,Surface tag is recommended to assess accessibility
144847223,way,surface,MISSING,Surface tag is recommended to assess accessibility
144847224,way,surface,MISSING,Surface tag is recommended to assess accessibility
144847225,way,surface,MISSING,Surface tag is recommended to assess accessibility
144847226,way,surface,MISSING,Surface tag is recommended to assess accessibility
144847229,way,surface,MISSING,Surface tag is recommended to assess accessibility
144864077,way,surface,MISSING,Surface tag is recommended to assess accessibility
144864080,way,surface,MISSING,Surface tag is recommended to assess accessibility
144864082,way,surface,MISSING,Surface tag is recommended to assess accessibility
144864083,way,surface,MISSING,Surface tag is recommended to assess accessibility
144864084,way,surface,MISSING,Surface tag is recommended to assess accessibility
144864085,way,surface,MISSING,Surface tag is recommended to assess accessibility
144864087,way,surface,MISSING,Surface tag is recommended to assess accessibility
144864088,way,surface,MISSING,Surface tag is recommended to assess accessibility
144864090,way,surface,MISSING,Surface tag is recommended to assess accessibility
144864092,way,surface,MISSING,Surface tag is recommended to assess accessibility
144864094,way,surface,MISSING,Surface tag is recommended to assess accessibility
144864096,way,surface,MISSING,Surface tag is recommended to assess accessibility
144864105,way,surface,MISSING,Surface tag is recommended to assess accessibility
144864117,way,surface,MISSING,Surface tag is recommended to assess accessibility
144864122,way,surface,MISSING,Surface tag is recommended to assess accessibility
147510978,way,surface,MISSING,Surface tag is recommended to assess accessibility
147510980,way,surface,MISSING,Surface tag is recommended to assess accessibility
147510981,way,surface,MISSING,Surface tag is recommended to assess accessibility
147510982,way,surface,MISSING,Surface tag is recommended to assess accessibility
147510983,way,surface,MISSING,Surface tag is recommended to assess accessibility
147510984,way,surface,MISSING,Surface tag is recommended to assess accessibility
147510985,way,surface,MISSING,Surface tag is recommended to assess accessibility
147510986,way,surface,MISSING,Surface tag is recommended to assess accessibility
147510987,way,surface,MISSING,Surface tag is recommended to assess accessibility
147510988,way,surface,MISSING,Surface tag is recommended to assess accessibility
147510989,way,surface,MISSING,Surface tag is recommended to assess accessibility
147510991,way,surface,MISSING,Surface tag is recommended to assess accessibility
147510992,way,surface,MISSING,Surface tag is recommended to assess accessibility
147510993,way,surface,MISSING,Surface tag is recommended to assess accessibility
147510994,way,surface,MISSING,Surface tag is recommended to assess accessibility
147510995,way,surface,MISSING,Surface tag is recommended to assess accessibility
147510996,way,surface,MISSING,Surface tag is recommended to assess accessibility
147511002,way,surface,MISSING,Surface tag is recommended to assess accessibility
147511012,way,surface,MISSING,Surface tag is recommended to assess accessibility
147670031,way,surface,MISSING,Surface tag is recommended to assess accessibility
147670032,way,surface,MISSING,Surface tag is recommended to assess accessibility
147670040,way,surface,MISSING,Surface tag is recommended to assess accessibility
147670048,way,surface,MISSING,Surface tag is recommended to assess accessibility
147670050,way,surface,MISSING,Surface tag is recommended to assess accessibility
147670055,way,surface,MISSING,Surface tag is recommended to assess accessibility
147670063,way,surface,MISSING,Surface tag is recommended to assess accessibility
147670066,way,surface,MISSING,Surface tag is recommended to assess accessibility
148172939,way,surface,MISSING,Surface tag is recommended to assess accessibility
148172940,way,surface,MISSING,Surface tag is recommended to assess accessibility
148172941,way,surface,MISSING,Surface tag is recommended to assess accessibility
148172942,way,surface,MISSING,Surface tag is recommended to assess accessibility
148172943,way,surface,MISSING,Surface tag is recommended to assess accessibility
148172944,way,surface,MISSING,Surface tag is recommended to assess accessibility
148172945,way,surface,MISSING,Surface tag is recommended to assess accessibility
148172946,way,surface,MISSING,Surface tag is recommended to assess accessibility
148172947,way,surface,MISSING,Surface tag is recommended to assess accessibility
148172948,way,surface,MISSING,Surface tag is recommended to assess accessibility
148172949,way,surface,MISSING,Surface tag is recommended to assess accessibility
148172951,way,surface,MISSING,Surface tag is recommended to assess accessibility
148172953,way,surface,MISSING,Surface tag is recommended to assess accessibility
148172954,way,surface,MISSING,Surface tag is recommended to assess accessibility
148172955,way,surface,MISSING,Surface tag is recommended to assess accessibility
148172956,way,surface,MISSING,Surface tag is recommended to assess accessibility
148172958,way,surface,MISSING,Surface tag is recommended to assess accessibility
148172959,way,surface,MISSING,Surface tag is recommended to assess accessibility
148172960,way,surface,MISSING,Surface tag is recommended to assess accessibility
148172961,way,surface,MISSING,Surface tag is recommended to assess accessibility
148172962,way,surface,MISSING,Surface tag is recommended to assess accessibility
148172964,way,surface,MISSING,Surface tag is recommended to assess accessibility
148172966,way,surface,MISSING,Surface tag is recommended to assess accessibility
148172967,way,surface,MISSING,Surface tag is recommended to assess accessibility
148172968,way,surface,MISSING,Surface tag is recommended to assess accessibility
148172971,way,surface,MISSING,Surface tag is recommended to assess accessibility
148172972,way,surface,MISSING,Surface tag is recommended to assess accessibility
148172973,way,surface,MISSING,Surface tag is recommended to assess accessibility
148172974,way,surface,MISSING,Surface tag is recommended to assess accessibility
148172976,way,surface,MISSING,Surface tag is recommended to assess accessibility
148172977,way,surface,MISSING,Surface tag is recommended to assess accessibility
148172978,way,surface,MISSING,Surface tag is recommended to assess accessibility
148172979,way,surface,MISSING,Surface tag is recommended to assess accessibility
148172980,way,surface,MISSING,Surface tag is recommended to assess accessibility
148172981,way,surface,MISSING,Surface tag is recommended to assess accessibility
148172982,way,surface,MISSING,Surface tag is recommended to assess accessibility
148172984,way,surface,MISSING,Surface tag is recommended to assess accessibility
148172985,way,surface,MISSING,Surface tag is recommended to assess accessibility
148172986,way,surface,MISSING,Surface tag is recommended to assess accessibility
148172989,way,surface,MISSING,Surface tag is recommended to assess accessibility
148173000,way,surface,MISSING,Surface tag is recommended to assess accessibility
148173011,way,surface,MISSING,Surface tag is recommended to assess accessibility
148173014,way,surface,MISSING,Surface tag is recommended to assess accessibility
148173019,way,surface,MISSING,Surface tag is recommended to assess accessibility
148173021,way,surface,MISSING,Surface tag is recommended to assess accessibility
148173027,way,surface,MISSING,Surface tag is recommended to assess accessibility
148173040,way,surface,MISSING,Surface tag is recommended to assess accessibility
148173041,way,surface,MISSING,Surface tag is recommended to assess accessibility
148173043,way,surface,MISSING,Surface tag is recommended to assess accessibility
148173047,way,surface,MISSING,Surface tag is recommended to assess accessibility
148173053,way,surface,MISSING,Surface tag is recommended to assess accessibility
148173054,way,surface,MISSING,Surface tag is recommended to assess accessibility
148173055,way,surface,MISSING,Surface tag is recommended to assess accessibility
148173056,way,surface,MISSING,Surface tag is recommended to assess accessibility
148173058,way,surface,MISSING,Surface tag is recommended to assess accessibility
148173059,way,surface,MISSING,Surface tag is recommended to assess accessibility
148173060,way,surface,MISSING,Surface tag is recommended to assess accessibility
148173061,way,surface,MISSING,Surface tag is recommended to assess accessibility
148173062,way,surface,MISSING,Surface tag is recommended to assess accessibility
148173063,way,surface,MISSING,Surface tag is recommended to assess accessibility
148173064,way,surface,MISSING,Surface tag is recommended to assess accessibility
148291886,way,surface,MISSING,Surface tag is recommended to assess accessibility
148291890,way,surface,MISSING,Surface tag is recommended to assess accessibility
148291892,way,surface,MISSING,Surface tag is recommended to assess accessibility
148291895,way,surface,MISSING,Surface tag is recommended to assess accessibility
148399307,way,surface,MISSING,Surface tag is recommended to assess accessibility
148399308,way,surface,MISSING,Surface tag is recommended to assess accessibility
148578976,way,surface,MISSING,Surface tag is recommended to assess accessibility
148578982,way,surface,MISSING,Surface tag is recommended to assess accessibility
148578985,way,surface,MISSING,Surface tag is recommended to assess accessibility
148578999,way,surface,MISSING,Surface tag is recommended to assess accessibility
148579001,way,surface,MISSING,Surface tag is recommended to assess accessibility
148579021,way,surface,MISSING,Surface tag is recommended to assess accessibility
148579036,way,surface,MISSING,Surface tag is recommended to assess accessibility
148658244,way,surface,MISSING,Surface tag is recommended to assess accessibility
148658245,way,surface,MISSING,Surface tag is recommended to assess accessibility
148658246,way,surface,MISSING,Surface tag is recommended to assess accessibility
148658249,way,surface,MISSING,Surface tag is recommended to assess accessibility
148658250,way,surface,MISSING,Surface tag is recommended to assess accessibility
148658255,way,surface,MISSING,Surface tag is recommended to assess accessibility
148658256,way,surface,MISSING,Surface tag is recommended to assess accessibility
148658257,way,surface,MISSING,Surface tag is recommended to assess accessibility
148658258,way,surface,MISSING,Surface tag is recommended to assess accessibility
148658259,way,surface,MISSING,Surface tag is recommended to assess accessibility
148658260,way,surface,MISSING,Surface tag is recommended to assess accessibility
148658262,way,surface,MISSING,Surface tag is recommended to assess accessibility
148658263,way,surface,MISSING,Surface tag is recommended to assess accessibility
148658264,way,surface,MISSING,Surface tag is recommended to assess accessibility
148658265,way,surface,MISSING,Surface tag is recommended to assess accessibility
148658266,way,surface,MISSING,Surface tag is recommended to assess accessibility
148658267,way,surface,MISSING,Surface tag is recommended to assess accessibility
148658270,way,surface,MISSING,Surface tag is recommended to assess accessibility
148658271,way,surface,MISSING,Surface tag is recommended to assess accessibility
148658272,way,surface,MISSING,Surface tag is recommended to assess accessibility
148658273,way,surface,MISSING,Surface tag is recommended to assess accessibility
148658274,way,surface,MISSING,Surface tag is recommended to assess accessibility
148658275,way,surface,MISSING,Surface tag is recommended to assess accessibility
148658278,way,surface,MISSING,Surface tag is recommended to assess accessibility
148658280,way,surface,MISSING,Surface tag is recommended to assess accessibility
148658282,way,surface,MISSING,Surface tag is recommended to assess accessibility
148658283,way,surface,MISSING,Surface tag is recommended to assess accessibility
148658285,way,surface,MISSING,Surface tag is recommended to assess accessibility
148658286,way,surface,MISSING,Surface tag is recommended to assess accessibility
148658287,way,surface,MISSING,Surface tag is recommended to assess accessibility
148658288,way,surface,MISSING,Surface tag is recommended to assess accessibility
148658290,way,surface,MISSING,Surface tag is recommended to assess accessibility
148658319,way,surface,MISSING,Surface tag is recommended to assess accessibility
148658322,way,surface,MISSING,Surface tag is recommended to assess accessibility
148658326,way,surface,MISSING,Surface tag is recommended to assess accessibility
148658327,way,surface,MISSING,Surface tag is recommended to assess accessibility
148658329,way,surface,MISSING,Surface tag is recommended to assess accessibility
148658331,way,surface,MISSING,Surface tag is recommended to assess accessibility
148658332,way,surface,MISSING,Surface tag is recommended to assess accessibility
148658333,way,surface,MISSING,Surface tag is recommended to assess accessibility
149373288,way,surface,MISSING,Surface tag is recommended to assess accessibility
149373291,way,surface,MISSING,Surface tag is recommended to assess accessibility
149373296,way,surface,MISSING,Surface tag is recommended to assess accessibility
149373299,way,surface,MISSING,Surface tag is recommended to assess accessibility
149373301,way,surface,MISSING,Surface tag is recommended to assess accessibility
149373303,way,surface,MISSING,Surface tag is recommended to assess accessibility
149373305,way,surface,MISSING,Surface tag is recommended to assess accessibility
149373307,way,surface,MISSING,Surface tag is recommended to assess accessibility
149373310,way,surface,MISSING,Surface tag is recommended to assess accessibility
149373312,way,surface,MISSING,Surface tag is recommended to assess accessibility
149373314,way,surface,MISSING,Surface tag is recommended to assess accessibility
149373316,way,surface,MISSING,Surface tag is recommended to assess accessibility
149373319,way,surface,MISSING,Surface tag is recommended to assess accessibility
149373320,way,surface,MISSING,Surface tag is recommended to assess accessibility
149373321,way,surface,MISSING,Surface tag is recommended to assess accessibility
149373324,way,surface,MISSING,Surface tag is recommended to assess accessibility
149373325,way,surface,MISSING,Surface tag is recommended to assess accessibility
149373329,way,surface,MISSING,Surface tag is recommended to assess accessibility
149373331,way,surface,MISSING,Surface tag is recommended to assess accessibility
149373332,way,surface,MISSING,Surface tag is recommended to assess accessibility
149373337,way,surface,MISSING,Surface tag is recommended to assess accessibility
149373338,way,surface,MISSING,Surface tag is recommended to assess accessibility
149373342,way,surface,MISSING,Surface tag is recommended to assess accessibility
149373343,way,surface,MISSING,Surface tag is recommended to assess accessibility
149373345,way,surface,MISSING,Surface tag is recommended to assess accessibility
149373347,way,surface,MISSING,Surface tag is recommended to assess accessibility
149373349,way,surface,MISSING,Surface tag is recommended to assess accessibility
149373351,way,surface,MISSING,Surface tag is recommended to assess accessibility
149373354,way,surface,MISSING,Surface tag is recommended to assess accessibility
149373355,way,surface,MISSING,Surface tag is recommended to assess accessibility
149373358,way,surface,MISSING,Surface tag is recommended to assess accessibility
149373359,way,surface,MISSING,Surface tag is recommended to assess accessibility
149373361,way,surface,MISSING,Surface tag is recommended to assess accessibility
149373365,way,surface,MISSING,Surface tag is recommended to assess accessibility
149373366,way,surface,MISSING,Surface tag is recommended to assess accessibility
149373368,way,surface,MISSING,Surface tag is recommended to assess accessibility
149373370,way,surface,MISSING,Surface tag is recommended to assess accessibility
149373382,way,surface,MISSING,Surface tag is recommended to assess accessibility
149373459,way,surface,MISSING,Surface tag is recommended to assess accessibility
149373460,way,surface,MISSING,Surface tag is recommended to assess accessibility
149373464,way,surface,MISSING,Surface tag is recommended to assess accessibility
149373470,way,surface,MISSING,Surface tag is recommended to assess accessibility
149373479,way,surface,MISSING,Surface tag is recommended to assess accessibility
149373482,way,surface,MISSING,Surface tag is recommended to assess accessibility
149373488,way,surface,MISSING,Surface tag is recommended to assess accessibility
149544418,way,surface,MISSING,Surface tag is recommended to assess accessibility
149544464,way,surface,MISSING,Surface tag is recommended to assess accessibility
149872280,way,surface,MISSING,Surface tag is recommended to assess accessibility
149872311,way,surface,MISSING,Surface tag is recommended to assess accessibility
150722421,way,surface,MISSING,Surface tag is recommended to assess accessibility
150722423,way,surface,MISSING,Surface tag is recommended to assess accessibility
150722424,way,surface,MISSING,Surface tag is recommended to assess accessibility
150722425,way,surface,MISSING,Surface tag is recommended to assess accessibility
150722428,way,surface,MISSING,Surface tag is recommended to assess accessibility
150722429,way,surface,MISSING,Surface tag is recommended to assess accessibility
150722431,way,surface,MISSING,Surface tag is recommended to assess accessibility
150722432,way,surface,MISSING,Surface tag is recommended to assess accessibility
150722436,way,surface,MISSING,Surface tag is recommended to assess accessibility
150722439,way,surface,MISSING,Surface tag is recommended to assess accessibility
150722440,way,surface,MISSING,Surface tag is recommended to assess accessibility
150722445,way,surface,MISSING,Surface tag is recommended to assess accessibility
150722448,way,surface,MISSING,Surface tag is recommended to assess accessibility
150722451,way,surface,MISSING,Surface tag is recommended to assess accessibility
150722454,way,surface,MISSING,Surface tag is recommended to assess accessibility
150722455,way,surface,MISSING,Surface tag is recommended to assess accessibility
150722471,way,surface,MISSING,Surface tag is recommended to assess accessibility
150893948,way,surface,MISSING,Surface tag is recommended to assess accessibility
150893957,way,surface,MISSING,Surface tag is recommended to assess accessibility
150893961,way,surface,MISSING,Surface tag is recommended to assess accessibility
150893976,way,surface,MISSING,Surface tag is recommended to assess accessibility
150893977,way,surface,MISSING,Surface tag is recommended to assess accessibility
152296611,way,surface,MISSING,Surface tag is recommended to assess accessibility
152296623,way,surface,MISSING,Surface tag is recommended to assess accessibility
152296624,way,surface,MISSING,Surface tag is recommended to assess accessibility
152296625,way,surface,MISSING,Surface tag is recommended to assess accessibility
152296627,way,surface,MISSING,Surface tag is recommended to assess accessibility
152296629,way,surface,MISSING,Surface tag is recommended to assess accessibility
152296632,way,surface,MISSING,Surface tag is recommended to assess accessibility
152296639,way,surface,MISSING,Surface tag is recommended to assess accessibility
152296640,way,surface,MISSING,Surface tag is recommended to assess accessibility
152296644,way,surface,MISSING,Surface tag is recommended to assess accessibility
152296646,way,surface,MISSING,Surface tag is recommended to assess accessibility
152296649,way,surface,MISSING,Surface tag is recommended to assess accessibility
152296650,way,surface,MISSING,Surface tag is recommended to assess accessibility
152296652,way,surface,MISSING,Surface tag is recommended to assess accessibility
152296682,way,surface,MISSING,Surface tag is recommended to assess accessibility
152296691,way,surface,MISSING,Surface tag is recommended to assess accessibility
152312719,way,surface,MISSING,Surface tag is recommended to assess accessibility
152312722,way,surface,MISSING,Surface tag is recommended to assess accessibility
152312725,way,surface,MISSING,Surface tag is recommended to assess accessibility
152312728,way,surface,MISSING,Surface tag is recommended to assess accessibility
152312729,way,surface,MISSING,Surface tag is recommended to assess accessibility
152312731,way,surface,MISSING,Surface tag is recommended to assess accessibility
152312736,way,surface,MISSING,Surface tag is recommended to assess accessibility
152439427,way,surface,MISSING,Surface tag is recommended to assess accessibility
152439453,way,surface,MISSING,Surface tag is recommended to assess accessibility
152439465,way,surface,MISSING,Surface tag is recommended to assess accessibility
152439555,way,surface,MISSING,Surface tag is recommended to assess accessibility
152439615,way,surface,MISSING,Surface tag is recommended to assess accessibility
153779580,way,surface,MISSING,Surface tag is recommended to assess accessibility
153779581,way,surface,MISSING,Surface tag is recommended to assess accessibility
153779583,way,surface,MISSING,Surface tag is recommended to assess accessibility
153779584,way,surface,MISSING,Surface tag is recommended to assess accessibility
153779587,way,surface,MISSING,Surface tag is recommended to assess accessibility
153779590,way,surface,MISSING,Surface tag is recommended to assess accessibility
153779592,way,surface,MISSING,Surface tag is recommended to assess accessibility
153779594,way,surface,MISSING,Surface tag is recommended to assess accessibility
153779598,way,surface,MISSING,Surface tag is recommended to assess accessibility
153779599,way,surface,MISSING,Surface tag is recommended to assess accessibility
153779601,way,surface,MISSING,Surface tag is recommended to assess accessibility
153779603,way,surface,MISSING,Surface tag is recommended to assess accessibility
153779604,way,surface,MISSING,Surface tag is recommended to assess accessibility
153779606,way,surface,MISSING,Surface tag is recommended to assess accessibility
153779607,way,surface,MISSING,Surface tag is recommended to assess accessibility
153779608,way,surface,MISSING,Surface tag is recommended to assess accessibility
153779609,way,surface,MISSING,Surface tag is recommended to assess accessibility
153779610,way,surface,MISSING,Surface tag is recommended to assess accessibility
153779611,way,surface,MISSING,Surface tag is recommended to assess accessibility
153779614,way,surface,MISSING,Surface tag is recommended to assess accessibility
153779617,way,surface,MISSING,Surface tag is recommended to assess accessibility
153779618,way,surface,MISSING,Surface tag is recommended to assess accessibility
153779621,way,surface,MISSING,Surface tag is recommended to assess accessibility
153779626,way,surface,MISSING,Surface tag is recommended to assess accessibility
153779627,way,surface,MISSING,Surface tag is recommended to assess accessibility
153779630,way,surface,MISSING,Surface tag is recommended to assess accessibility
153779633,way,surface,MISSING,Surface tag is recommended to assess accessibility
153779638,way,surface,MISSING,Surface tag is recommended to assess accessibility
153779648,way,surface,MISSING,Surface tag is recommended to assess accessibility
153779663,way,surface,MISSING,Surface tag is recommended to assess accessibility
153779665,way,surface,MISSING,Surface tag is recommended to assess accessibility
153779669,way,surface,MISSING,Surface tag is recommended to assess accessibility
153779677,way,surface,MISSING,Surface tag is recommended to assess accessibility
153779681,way,surface,MISSING,Surface tag is recommended to assess accessibility
153779684,way,surface,MISSING,Surface tag is recommended to assess accessibility
153779686,way,surface,MISSING,Surface tag is recommended to assess accessibility
153779687,way,surface,MISSING,Surface tag is recommended to assess accessibility
153779688,way,surface,MISSING,Surface tag is recommended to assess accessibility
153779689,way,surface,MISSING,Surface tag is recommended to assess accessibility
154864200,way,surface,MISSING,Surface tag is recommended to assess accessibility
154864201,way,surface,MISSING,Surface tag is recommended to assess accessibility
154864202,way,surface,MISSING,Surface tag is recommended to assess accessibility
154864203,way,surface,MISSING,Surface tag is recommended to assess accessibility
154864204,way,surface,MISSING,Surface tag is recommended to assess accessibility
154864206,way,surface,MISSING,Surface tag is recommended to assess accessibility
154864207,way,surface,MISSING,Surface tag is recommended to assess accessibility
154864208,way,surface,MISSING,Surface tag is recommended to assess accessibility
154864210,way,surface,MISSING,Surface tag is recommended to assess accessibility
154864211,way,surface,MISSING,Surface tag is recommended to assess accessibility
154864212,way,surface,MISSING,Surface tag is recommended to assess accessibility
154864213,way,surface,MISSING,Surface tag is recommended to assess accessibility
154864214,way,surface,MISSING,Surface tag is recommended to assess accessibility
154864216,way,surface,MISSING,Surface tag is recommended to assess accessibility
154864217,way,surface,MISSING,Surface tag is recommended to assess accessibility
154864218,way,surface,MISSING,Surface tag is recommended to assess accessibility
154864223,way,surface,MISSING,Surface tag is recommended to assess accessibility
154864225,way,surface,MISSING,Surface tag is recommended to assess accessibility
154864226,way,surface,MISSING,Surface tag is recommended to assess accessibility
154864227,way,surface,MISSING,Surface tag is recommended to assess accessibility
154864228,way,surface,MISSING,Surface tag is recommended to assess accessibility
154864230,way,surface,MISSING,Surface tag is recommended to assess accessibility
154864233,way,surface,MISSING,Surface tag is recommended to assess accessibility
154864234,way,surface,MISSING,Surface tag is recommended to assess accessibility
154864236,way,surface,MISSING,Surface tag is recommended to assess accessibility
154864238,way,surface,MISSING,Surface tag is recommended to assess accessibility
154864250,way,surface,MISSING,Surface tag is recommended to assess accessibility
154864251,way,surface,MISSING,Surface tag is recommended to assess accessibility
154864279,way,surface,MISSING,Surface tag is recommended to assess accessibility
154864304,way,surface,MISSING,Surface tag is recommended to assess accessibility
154864334,way,surface,MISSING,Surface tag is recommended to assess accessibility
154864345,way,surface,MISSING,Surface tag is recommended to assess accessibility
154864347,way,surface,MISSING,Surface tag is recommended to assess accessibility
154864350,way,surface,MISSING,Surface tag is recommended to assess accessibility
154864363,way,surface,MISSING,Surface tag is recommended to assess accessibility
154864364,way,surface,MISSING,Surface tag is recommended to assess accessibility
155145612,way,surface,MISSING,Surface tag is recommended to assess accessibility
155145618,way,surface,MISSING,Surface tag is recommended to assess accessibility
155145619,way,surface,MISSING,Surface tag is recommended to assess accessibility
155145621,way,surface,MISSING,Surface tag is recommended to assess accessibility
155145622,way,surface,MISSING,Surface tag is recommended to assess accessibility
155145626,way,surface,MISSING,Surface tag is recommended to assess accessibility
155145627,way,surface,MISSING,Surface tag is recommended to assess accessibility
155145628,way,surface,MISSING,Surface tag is recommended to assess accessibility
155145633,way,surface,MISSING,Surface tag is recommended to assess accessibility
155145638,way,surface,MISSING,Surface tag is recommended to assess accessibility
155145640,way,surface,MISSING,Surface tag is recommended to assess accessibility
155145643,way,surface,MISSING,Surface tag is recommended to assess accessibility
155145645,way,surface,MISSING,Surface tag is recommended to assess accessibility
155145651,way,surface,MISSING,Surface tag is recommended to assess accessibility
155145661,way,surface,MISSING,Surface tag is recommended to assess accessibility
155145663,way,surface,MISSING,Surface tag is recommended to assess accessibility
155145664,way,surface,MISSING,Surface tag is recommended to assess accessibility
155145666,way,surface,MISSING,Surface tag is recommended to assess accessibility
155249164,way,surface,MISSING,Surface tag is recommended to assess accessibility
155249166,way,surface,MISSING,Surface tag is recommended to assess accessibility
155249167,way,surface,MISSING,Surface tag is recommended to assess accessibility
155249168,way,surface,MISSING,Surface tag is recommended to assess accessibility
155249169,way,surface,MISSING,Surface tag is recommended to assess accessibility
155249170,way,surface,MISSING,Surface tag is recommended to assess accessibility
155249171,way,surface,MISSING,Surface tag is recommended to assess accessibility
155249172,way,surface,MISSING,Surface tag is recommended to assess accessibility
155249174,way,surface,MISSING,Surface tag is recommended to assess accessibility
155249175,way,surface,MISSING,Surface tag is recommended to assess accessibility
155249186,way,surface,MISSING,Surface tag is recommended to assess accessibility
155249189,way,surface,MISSING,Surface tag is recommended to assess accessibility
155371196,way,surface,MISSING,Surface tag is recommended to assess accessibility
155371197,way,surface,MISSING,Surface tag is recommended to assess accessibility
155371198,way,surface,MISSING,Surface tag is recommended to assess accessibility
155371201,way,surface,MISSING,Surface tag is recommended to assess accessibility
157665236,way,surface,MISSING,Surface tag is recommended to assess accessibility
157665238,way,surface,MISSING,Surface tag is recommended to assess accessibility
157665241,way,surface,MISSING,Surface tag is recommended to assess accessibility
157665246,way,surface,MISSING,Surface tag is recommended to assess accessibility
157665262,way,surface,MISSING,Surface tag is recommended to assess accessibility
158198159,way,surface,MISSING,Surface tag is recommended to assess accessibility
158198162,way,surface,MISSING,Surface tag is recommended to assess accessibility
158198163,way,surface,MISSING,Surface tag is recommended to assess accessibility
158198165,way,surface,MISSING,Surface tag is recommended to assess accessibility
158198166,way,surface,MISSING,Surface tag is recommended to assess accessibility
158198168,way,surface,MISSING,Surface tag is recommended to assess accessibility
158198169,way,surface,MISSING,Surface tag is recommended to assess accessibility
158198170,way,surface,MISSING,Surface tag is recommended to assess accessibility
158198171,way,surface,MISSING,Surface tag is recommended to assess accessibility
158198172,way,surface,MISSING,Surface tag is recommended to assess accessibility
158198173,way,surface,MISSING,Surface tag is recommended to assess accessibility
158198174,way,surface,MISSING,Surface tag is recommended to assess accessibility
158198175,way,surface,MISSING,Surface tag is recommended to assess accessibility
158198176,way,surface,MISSING,Surface tag is recommended to assess accessibility
158198180,way,surface,MISSING,Surface tag is recommended to assess accessibility
158198182,way,surface,MISSING,Surface tag is recommended to assess accessibility
158198187,way,surface,MISSING,Surface tag is recommended to assess accessibility
158198189,way,surface,MISSING,Surface tag is recommended to assess accessibility
158198191,way,surface,MISSING,Surface tag is recommended to assess accessibility
158198193,way,surface,MISSING,Surface tag is recommended to assess accessibility
158198194,way,surface,MISSING,Surface tag is recommended to assess accessibility
158198195,way,surface,MISSING,Surface tag is recommended to assess accessibility
158198197,way,surface,MISSING,Surface tag is recommended to assess accessibility
158198198,way,surface,MISSING,Surface tag is recommended to assess accessibility
158198199,way,surface,MISSING,Surface tag is recommended to assess accessibility
158198201,way,surface,MISSING,Surface tag is recommended to assess accessibility
158198226,way,surface,MISSING,Surface tag is recommended to assess accessibility
158198248,way,surface,MISSING,Surface tag is recommended to assess accessibility
158306851,way,surface,MISSING,Surface tag is recommended to assess accessibility
158310287,way,surface,MISSING,Surface tag is recommended to assess accessibility
158319523,way,surface,MISSING,Surface tag is recommended to assess accessibility
158319531,way,surface,MISSING,Surface tag is recommended to assess accessibility
158319532,way,surface,MISSING,Surface tag is recommended to assess accessibility
158319538,way,surface,MISSING,Surface tag is recommended to assess accessibility
158647683,way,surface,MISSING,Surface tag is recommended to assess accessibility
158647684,way,surface,MISSING,Surface tag is recommended to assess accessibility
158647685,way,surface,MISSING,Surface tag is recommended to assess accessibility
158647687,way,surface,MISSING,Surface tag is recommended to assess accessibility
158647688,way,surface,MISSING,Surface tag is recommended to assess accessibility
158647689,way,surface,MISSING,Surface tag is recommended to assess accessibility
158647690,way,surface,MISSING,Surface tag is recommended to assess accessibility
158647691,way,surface,MISSING,Surface tag is recommended to assess accessibility
158647692,way,surface,MISSING,Surface tag is recommended to assess accessibility
158647699,way,surface,MISSING,Surface tag is recommended to assess accessibility
158647701,way,surface,MISSING,Surface tag is recommended to assess accessibility
158647702,way,surface,MISSING,Surface tag is recommended to assess accessibility
158647703,way,surface,MISSING,Surface tag is recommended to assess accessibility
158647704,way,surface,MISSING,Surface tag is recommended to assess accessibility
158647705,way,surface,MISSING,Surface tag is recommended to assess accessibility
158647706,way,surface,MISSING,Surface tag is recommended to assess accessibility
158647707,way,surface,MISSING,Surface tag is recommended to assess accessibility
158647708,way,surface,MISSING,Surface tag is recommended to assess accessibility
158647710,way,surface,MISSING,Surface tag is recommended to assess accessibility
158647715,way,surface,MISSING,Surface tag is recommended to assess accessibility
158647727,way,surface,MISSING,Surface tag is recommended to assess accessibility
158647730,way,surface,MISSING,Surface tag is recommended to assess accessibility
158647732,way,surface,MISSING,Surface tag is recommended to assess accessibility
158808847,way,surface,MISSING,Surface tag is recommended to assess accessibility
158808848,way,surface,MISSING,Surface tag is recommended to assess accessibility
158808849,way,surface,MISSING,Surface tag is recommended to assess accessibility
158808851,way,surface,MISSING,Surface tag is recommended to assess accessibility
158808852,way,surface,MISSING,Surface tag is recommended to assess accessibility
158808853,way,surface,MISSING,Surface tag is recommended to assess accessibility
158808854,way,surface,MISSING,Surface tag is recommended to assess accessibility
158808855,way,surface,MISSING,Surface tag is recommended to assess accessibility
158808856,way,surface,MISSING,Surface tag is recommended to assess accessibility
158808858,way,surface,MISSING,Surface tag is recommended to assess accessibility
158808859,way,surface,MISSING,Surface tag is recommended to assess accessibility
158808860,way,surface,MISSING,Surface tag is recommended to assess accessibility
158808861,way,surface,MISSING,Surface tag is recommended to assess accessibility
158808862,way,surface,MISSING,Surface tag is recommended to assess accessibility
158808863,way,surface,MISSING,Surface tag is recommended to assess accessibility
158808864,way,surface,MISSING,Surface tag is recommended to assess accessibility
158808866,way,surface,MISSING,Surface tag is recommended to assess accessibility
158808867,way,surface,MISSING,Surface tag is recommended to assess accessibility
158808868,way,surface,MISSING,Surface tag is recommended to assess accessibility
158808870,way,surface,MISSING,Surface tag is recommended to assess accessibility
158808871,way,surface,MISSING,Surface tag is recommended to assess accessibility
158808872,way,surface,MISSING,Surface tag is recommended to assess accessibility
158808873,way,surface,MISSING,Surface tag is recommended to assess accessibility
158808874,way,surface,MISSING,Surface tag is recommended to assess accessibility
158808875,way,surface,MISSING,Surface tag is recommended to assess accessibility
158808876,way,surface,MISSING,Surface tag is recommended to assess accessibility
158808877,way,surface,MISSING,Surface tag is recommended to assess accessibility
158808879,way,surface,MISSING,Surface tag is recommended to assess accessibility
158808880,way,surface,MISSING,Surface tag is recommended to assess accessibility
158808884,way,surface,MISSING,Surface tag is recommended to assess accessibility
158808886,way,surface,MISSING,Surface tag is recommended to assess accessibility
158808891,way,surface,MISSING,Surface tag is recommended to assess accessibility
158808893,way,surface,MISSING,Surface tag is recommended to assess accessibility
158808897,way,surface,MISSING,Surface tag is recommended to assess accessibility
158808901,way,surface,MISSING,Surface tag is recommended to assess accessibility
158808910,way,surface,MISSING,Surface tag is recommended to assess accessibility
158808911,way,surface,MISSING,Surface tag is recommended to assess accessibility
158808913,way,surface,MISSING,Surface tag is recommended to assess accessibility
158808918,way,surface,MISSING,Surface tag is recommended to assess accessibility
158808919,way,surface,MISSING,Surface tag is recommended to assess accessibility
158808920,way,surface,MISSING,Surface tag is recommended to assess accessibility
158808921,way,surface,MISSING,Surface tag is recommended to assess accessibility
158808922,way,surface,MISSING,Surface tag is recommended to assess accessibility
158808923,way,surface,MISSING,Surface tag is recommended to assess accessibility
158808925,way,surface,MISSING,Surface tag is recommended to assess accessibility
158808927,way,surface,MISSING,Surface tag is recommended to assess accessibility
158808929,way,surface,MISSING,Surface tag is recommended to assess accessibility
158808930,way,surface,MISSING,Surface tag is recommended to assess accessibility
158808931,way,surface,MISSING,Surface tag is recommended to assess accessibility
158808934,way,surface,MISSING,Surface tag is recommended to assess accessibility
158812893,way,surface,MISSING,Surface tag is recommended to assess accessibility
158812894,way,surface,MISSING,Surface tag is recommended to assess accessibility
158812896,way,surface,MISSING,Surface tag is recommended to assess accessibility
158812897,way,surface,MISSING,Surface tag is recommended to assess accessibility
158812898,way,surface,MISSING,Surface tag is recommended to assess accessibility
158812899,way,surface,MISSING,Surface tag is recommended to assess accessibility
158812900,way,surface,MISSING,Surface tag is recommended to assess accessibility
158812901,way,surface,MISSING,Surface tag is recommended to assess accessibility
158812905,way,surface,MISSING,Surface tag is recommended to assess accessibility
158812908,way,surface,MISSING,Surface tag is recommended to assess accessibility
158812912,way,surface,MISSING,Surface tag is recommended to assess accessibility
158812913,way,surface,MISSING,Surface tag is recommended to assess accessibility
158812914,way,surface,MISSING,Surface tag is recommended to assess accessibility
158812916,way,surface,MISSING,Surface tag is recommended to assess accessibility
158815779,way,surface,MISSING,Surface tag is recommended to assess accessibility
158815780,way,surface,MISSING,Surface tag is recommended to assess accessibility
158815781,way,surface,MISSING,Surface tag is recommended to assess accessibility
158815782,way,surface,MISSING,Surface tag is recommended to assess accessibility
158815783,way,surface,MISSING,Surface tag is recommended to assess accessibility
158815784,way,surface,MISSING,Surface tag is recommended to assess accessibility
158815785,way,surface,MISSING,Surface tag is recommended to assess accessibility
158815786,way,surface,MISSING,Surface tag is recommended to assess accessibility
158815787,way,surface,MISSING,Surface tag is recommended to assess accessibility
158815789,way,surface,MISSING,Surface tag is recommended to assess accessibility
158815792,way,surface,MISSING,Surface tag is recommended to assess accessibility
158815795,way,surface,MISSING,Surface tag is recommended to assess accessibility
158815799,way,surface,MISSING,Surface tag is recommended to assess accessibility
158815800,way,surface,MISSING,Surface tag is recommended to assess accessibility
158815803,way,surface,MISSING,Surface tag is recommended to assess accessibility
158815804,way,surface,MISSING,Surface tag is recommended to assess accessibility
158815805,way,surface,MISSING,Surface tag is recommended to assess accessibility
158821073,way,surface,MISSING,Surface tag is recommended to assess accessibility
158821074,way,surface,MISSING,Surface tag is recommended to assess accessibility
158821075,way,surface,MISSING,Surface tag is recommended to assess accessibility
158821086,way,surface,MISSING,Surface tag is recommended to assess accessibility
158821089,way,surface,MISSING,Surface tag is recommended to assess accessibility
158821090,way,surface,MISSING,Surface tag is recommended to assess accessibility
158821091,way,surface,MISSING,Surface tag is recommended to assess accessibility
158821092,way,surface,MISSING,Surface tag is recommended to assess accessibility
158821093,way,surface,MISSING,Surface tag is recommended to assess accessibility
158823015,way,surface,MISSING,Surface tag is recommended to assess accessibility
158823017,way,surface,MISSING,Surface tag is recommended to assess accessibility
158823019,way,surface,MISSING,Surface tag is recommended to assess accessibility
158823020,way,surface,MISSING,Surface tag is recommended to assess accessibility
158823023,way,surface,MISSING,Surface tag is recommended to assess accessibility
158823024,way,surface,MISSING,Surface tag is recommended to assess accessibility
158823027,way,surface,MISSING,Surface tag is recommended to assess accessibility
158823028,way,surface,MISSING,Surface tag is recommended to assess accessibility
158823029,way,surface,MISSING,Surface tag is recommended to assess accessibility
158823032,way,surface,MISSING,Surface tag is recommended to assess accessibility
158823034,way,surface,MISSING,Surface tag is recommended to assess accessibility
158823035,way,surface,MISSING,Surface tag is recommended to assess accessibility
158823037,way,surface,MISSING,Surface tag is recommended to assess accessibility
158823039,way,surface,MISSING,Surface tag is recommended to assess accessibility
158823040,way,surface,MISSING,Surface tag is recommended to assess accessibility
158823042,way,surface,MISSING,Surface tag is recommended to assess accessibility
158823044,way,surface,MISSING,Surface tag is recommended to assess accessibility
158823045,way,surface,MISSING,Surface tag is recommended to assess accessibility
158823047,way,surface,MISSING,Surface tag is recommended to assess accessibility
158823048,way,surface,MISSING,Surface tag is recommended to assess accessibility
158823050,way,surface,MISSING,Surface tag is recommended to assess accessibility
158823052,way,surface,MISSING,Surface tag is recommended to assess accessibility
158823053,way,surface,MISSING,Surface tag is recommended to assess accessibility
158823055,way,surface,MISSING,Surface tag is recommended to assess accessibility
158823057,way,surface,MISSING,Surface tag is recommended to assess accessibility
158823059,way,surface,MISSING,Surface tag is recommended to assess accessibility
158823060,way,surface,MISSING,Surface tag is recommended to assess accessibility
158823062,way,surface,MISSING,Surface tag is recommended to assess accessibility
158823064,way,surface,MISSING,Surface tag is recommended to assess accessibility
158823065,way,surface,MISSING,Surface tag is recommended to assess accessibility
158823067,way,surface,MISSING,Surface tag is recommended to assess accessibility
158823068,way,surface,MISSING,Surface tag is recommended to assess accessibility
158823071,way,surface,MISSING,Surface tag is recommended to assess accessibility
158823072,way,surface,MISSING,Surface tag is recommended to assess accessibility
158823073,way,surface,MISSING,Surface tag is recommended to assess accessibility
158823076,way,surface,MISSING,Surface tag is recommended to assess accessibility
158823077,way,surface,MISSING,Surface tag is recommended to assess accessibility
158823079,way,surface,MISSING,Surface tag is recommended to assess accessibility
158823081,way,surface,MISSING,Surface tag is recommended to assess accessibility
158823083,way,surface,MISSING,Surface tag is recommended to assess accessibility
158823110,way,surface,MISSING,Surface tag is recommended to assess accessibility
158823113,way,surface,MISSING,Surface tag is recommended to assess accessibility
158823117,way,surface,MISSING,Surface tag is recommended to assess accessibility
158823120,way,surface,MISSING,Surface tag is recommended to assess accessibility
158823128,way,surface,MISSING,Surface tag is recommended to assess accessibility
158823132,way,surface,MISSING,Surface tag is recommended to assess accessibility
158823137,way,surface,MISSING,Surface tag is recommended to assess accessibility
158823139,way,surface,MISSING,Surface tag is recommended to assess accessibility
158823140,way,surface,MISSING,Surface tag is recommended to assess accessibility
158823141,way,surface,MISSING,Surface tag is recommended to assess accessibility
158823142,way,surface,MISSING,Surface tag is recommended to assess accessibility
158823143,way,surface,MISSING,Surface tag is recommended to assess accessibility
158823147,way,surface,MISSING,Surface tag is recommended to assess accessibility
158823148,way,surface,MISSING,Surface tag is recommended to assess accessibility
158823149,way,surface,MISSING,Surface tag is recommended to assess accessibility
158823150,way,surface,MISSING,Surface tag is recommended to assess accessibility
158825820,way,surface,MISSING,Surface tag is recommended to assess accessibility
158825821,way,surface,MISSING,Surface tag is recommended to assess accessibility
158825825,way,surface,MISSING,Surface tag is recommended to assess accessibility
158825827,way,surface,MISSING,Surface tag is recommended to assess accessibility
158825828,way,surface,MISSING,Surface tag is recommended to assess accessibility
158825829,way,surface,MISSING,Surface tag is recommended to assess accessibility
158975598,way,surface,MISSING,Surface tag is recommended to assess accessibility
158975599,way,surface,MISSING,Surface tag is recommended to assess accessibility
158975603,way,surface,MISSING,Surface tag is recommended to assess accessibility
158975604,way,surface,MISSING,Surface tag is recommended to assess accessibility
158975605,way,surface,MISSING,Surface tag is recommended to assess accessibility
158975609,way,surface,MISSING,Surface tag is recommended to assess accessibility
158975611,way,surface,MISSING,Surface tag is recommended to assess accessibility
158975612,way,surface,MISSING,Surface tag is recommended to assess accessibility
158975615,way,surface,MISSING,Surface tag is recommended to assess accessibility
158975616,way,surface,MISSING,Surface tag is recommended to assess accessibility
158975617,way,surface,MISSING,Surface tag is recommended to assess accessibility
158975620,way,surface,MISSING,Surface tag is recommended to assess accessibility
158975621,way,surface,MISSING,Surface tag is recommended to assess accessibility
158975622,way,surface,MISSING,Surface tag is recommended to assess accessibility
158975624,way,surface,MISSING,Surface tag is recommended to assess accessibility
158975625,way,surface,MISSING,Surface tag is recommended to assess accessibility
158975626,way,surface,MISSING,Surface tag is recommended to assess accessibility
158975627,way,surface,MISSING,Surface tag is recommended to assess accessibility
158975628,way,surface,MISSING,Surface tag is recommended to assess accessibility
158975630,way,surface,MISSING,Surface tag is recommended to assess accessibility
158975631,way,surface,MISSING,Surface tag is recommended to assess accessibility
158975656,way,surface,MISSING,Surface tag is recommended to assess accessibility
158975659,way,surface,MISSING,Surface tag is recommended to assess accessibility
158975665,way,surface,MISSING,Surface tag is recommended to assess accessibility
158975669,way,surface,MISSING,Surface tag is recommended to assess accessibility
158975670,way,surface,MISSING,Surface tag is recommended to assess accessibility
158975671,way,surface,MISSING,Surface tag is recommended to assess accessibility
158978697,way,surface,MISSING,Surface tag is recommended to assess accessibility
158978702,way,surface,MISSING,Surface tag is recommended to assess accessibility
158978703,way,surface,MISSING,Surface tag is recommended to assess accessibility
158980550,way,surface,MISSING,Surface tag is recommended to assess accessibility
158980551,way,surface,MISSING,Surface tag is recommended to assess accessibility
158980552,way,surface,MISSING,Surface tag is recommended to assess accessibility
158980553,way,surface,MISSING,Surface tag is recommended to assess accessibility
158980554,way,surface,MISSING,Surface tag is recommended to assess accessibility
158980555,way,surface,MISSING,Surface tag is recommended to assess accessibility
158980556,way,surface,MISSING,Surface tag is recommended to assess accessibility
158980557,way,surface,MISSING,Surface tag is recommended to assess accessibility
158980558,way,surface,MISSING,Surface tag is recommended to assess accessibility
158980559,way,surface,MISSING,Surface tag is recommended to assess accessibility
158980560,way,surface,MISSING,Surface tag is recommended to assess accessibility
158980561,way,surface,MISSING,Surface tag is recommended to assess accessibility
158980562,way,surface,MISSING,Surface tag is recommended to assess accessibility
158980563,way,surface,MISSING,Surface tag is recommended to assess accessibility
158980564,way,surface,MISSING,Surface tag is recommended to assess accessibility
158980565,way,surface,MISSING,Surface tag is recommended to assess accessibility
158980566,way,surface,MISSING,Surface tag is recommended to assess accessibility
158980567,way,surface,MISSING,Surface tag is recommended to assess accessibility
158980568,way,surface,MISSING,Surface tag is recommended to assess accessibility
158980569,way,surface,MISSING,Surface tag is recommended to assess accessibility
158980570,way,surface,MISSING,Surface tag is recommended to assess accessibility
158980571,way,surface,MISSING,Surface tag is recommended to assess accessibility
158980572,way,surface,MISSING,Surface tag is recommended to assess accessibility
158980573,way,surface,MISSING,Surface tag is recommended to assess accessibility
158980574,way,surface,MISSING,Surface tag is recommended to assess accessibility
158980575,way,surface,MISSING,Surface tag is recommended to assess accessibility
158980576,way,surface,MISSING,Surface tag is recommended to assess accessibility
158980577,way,surface,MISSING,Surface tag is recommended to assess accessibility
158980596,way,surface,MISSING,Surface tag is recommended to assess accessibility
158980597,way,surface,MISSING,Surface tag is recommended to assess accessibility
158980598,way,surface,MISSING,Surface tag is recommended to assess accessibility
158980599,way,surface,MISSING,Surface tag is recommended to assess accessibility
159290678,way,surface,MISSING,Surface tag is recommended to assess accessibility
159290694,way,surface,MISSING,Surface tag is recommended to assess accessibility
159290696,way,surface,MISSING,Surface tag is recommended to assess accessibility
159953139,way,surface,MISSING,Surface tag is recommended to assess accessibility
159953140,way,surface,MISSING,Surface tag is recommended to assess accessibility
159953143,way,surface,MISSING,Surface tag is recommended to assess accessibility
159953145,way,surface,MISSING,Surface tag is recommended to assess accessibility
159953146,way,surface,MISSING,Surface tag is recommended to assess accessibility
159953149,way,surface,MISSING,Surface tag is recommended to assess accessibility
159953155,way,surface,MISSING,Surface tag is recommended to assess accessibility
159953189,way,surface,MISSING,Surface tag is recommended to assess accessibility
159953192,way,surface,MISSING,Surface tag is recommended to assess accessibility
159953198,way,surface,MISSING,Surface tag is recommended to assess accessibility
159955338,way,surface,MISSING,Surface tag is recommended to assess accessibility
159955339,way,surface,MISSING,Surface tag is recommended to assess accessibility
159955340,way,surface,MISSING,Surface tag is recommended to assess accessibility
159955341,way,surface,MISSING,Surface tag is recommended to assess accessibility
159955342,way,surface,MISSING,Surface tag is recommended to assess accessibility
159955343,way,surface,MISSING,Surface tag is recommended to assess accessibility
159955344,way,surface,MISSING,Surface tag is recommended to assess accessibility
159955345,way,surface,MISSING,Surface tag is recommended to assess accessibility
159955346,way,surface,MISSING,Surface tag is recommended to assess accessibility
159955347,way,surface,MISSING,Surface tag is recommended to assess accessibility
159955349,way,surface,MISSING,Surface tag is recommended to assess accessibility
159955350,way,surface,MISSING,Surface tag is recommended to assess accessibility
159955352,way,surface,MISSING,Surface tag is recommended to assess accessibility
159955353,way,surface,MISSING,Surface tag is recommended to assess accessibility
159955354,way,surface,MISSING,Surface tag is recommended to assess accessibility
159955355,way,surface,MISSING,Surface tag is recommended to assess accessibility
159955356,way,surface,MISSING,Surface tag is recommended to assess accessibility
159955357,way,surface,MISSING,Surface tag is recommended to assess accessibility
159955358,way,surface,MISSING,Surface tag is recommended to assess accessibility
159955359,way,surface,MISSING,Surface tag is recommended to assess accessibility
159955360,way,surface,MISSING,Surface tag is recommended to assess accessibility
159955361,way,surface,MISSING,Surface tag is recommended to assess accessibility
159955363,way,surface,MISSING,Surface tag is recommended to assess accessibility
159955372,way,surface,MISSING,Surface tag is recommended to assess accessibility
159955378,way,surface,MISSING,Surface tag is recommended to assess accessibility
159955388,way,surface,MISSING,Surface tag is recommended to assess accessibility
159955394,way,surface,MISSING,Surface tag is recommended to assess accessibility
160190652,way,surface,MISSING,Surface tag is recommended to assess accessibility
160190657,way,surface,MISSING,Surface tag is recommended to assess accessibility
160190664,way,surface,MISSING,Surface tag is recommended to assess accessibility
160190666,way,surface,MISSING,Surface tag is recommended to assess accessibility
160190669,way,surface,MISSING,Surface tag is recommended to assess accessibility
160190681,way,surface,MISSING,Surface tag is recommended to assess accessibility
160190683,way,surface,MISSING,Surface tag is recommended to assess accessibility
160190684,way,surface,MISSING,Surface tag is recommended to assess accessibility
160190699,way,surface,MISSING,Surface tag is recommended to assess accessibility
160190703,way,surface,MISSING,Surface tag is recommended to assess accessibility
160190705,way,surface,MISSING,Surface tag is recommended to assess accessibility
160190714,way,surface,MISSING,Surface tag is recommended to assess accessibility
160301291,way,surface,MISSING,Surface tag is recommended to assess accessibility
160301294,way,surface,MISSING,Surface tag is recommended to assess accessibility
160301296,way,surface,MISSING,Surface tag is recommended to assess accessibility
160301297,way,surface,MISSING,Surface tag is recommended to assess accessibility
160301305,way,surface,MISSING,Surface tag is recommended to assess accessibility
160301311,way,surface,MISSING,Surface tag is recommended to assess accessibility
160301314,way,surface,MISSING,Surface tag is recommended to assess accessibility
160301319,way,surface,MISSING,Surface tag is recommended to assess accessibility
160301322,way,surface,MISSING,Surface tag is recommended to assess accessibility
160301331,way,surface,MISSING,Surface tag is recommended to assess accessibility
160301332,way,surface,MISSING,Surface tag is recommended to assess accessibility
160301337,way,surface,MISSING,Surface tag is recommended to assess accessibility
160301339,way,surface,MISSING,Surface tag is recommended to assess accessibility
160301340,way,surface,MISSING,Surface tag is recommended to assess accessibility
160301344,way,surface,MISSING,Surface tag is recommended to assess accessibility
160301347,way,surface,MISSING,Surface tag is recommended to assess accessibility
160301349,way,surface,MISSING,Surface tag is recommended to assess accessibility
160301353,way,surface,MISSING,Surface tag is recommended to assess accessibility
160301356,way,surface,MISSING,Surface tag is recommended to assess accessibility
160301358,way,surface,MISSING,Surface tag is recommended to assess accessibility
160301362,way,surface,MISSING,Surface tag is recommended to assess accessibility
160301370,way,surface,MISSING,Surface tag is recommended to assess accessibility
160301380,way,surface,MISSING,Surface tag is recommended to assess accessibility
160301381,way,surface,MISSING,Surface tag is recommended to assess accessibility
160301388,way,surface,MISSING,Surface tag is recommended to assess accessibility
160301389,way,surface,MISSING,Surface tag is recommended to assess accessibility
160301390,way,surface,MISSING,Surface tag is recommended to assess accessibility
160301414,way,surface,MISSING,Surface tag is recommended to assess accessibility
160301418,way,surface,MISSING,Surface tag is recommended to assess accessibility
160301420,way,surface,MISSING,Surface tag is recommended to assess accessibility
160301423,way,surface,MISSING,Surface tag is recommended to assess accessibility
160301424,way,surface,MISSING,Surface tag is recommended to assess accessibility
160301425,way,surface,MISSING,Surface tag is recommended to assess accessibility
160301427,way,surface,MISSING,Surface tag is recommended to assess accessibility
160301428,way,surface,MISSING,Surface tag is recommended to assess accessibility
160301429,way,surface,MISSING,Surface tag is recommended to assess accessibility
160301431,way,surface,MISSING,Surface tag is recommended to assess accessibility
160301432,way,surface,MISSING,Surface tag is recommended to assess accessibility
160305997,way,surface,MISSING,Surface tag is recommended to assess accessibility
161272369,way,surface,MISSING,Surface tag is recommended to assess accessibility
161273635,way,surface,MISSING,Surface tag is recommended to assess accessibility
161273636,way,surface,MISSING,Surface tag is recommended to assess accessibility
161747376,way,surface,MISSING,Surface tag is recommended to assess accessibility
161747377,way,surface,MISSING,Surface tag is recommended to assess accessibility
161747383,way,surface,MISSING,Surface tag is recommended to assess accessibility
161841373,way,surface,MISSING,Surface tag is recommended to assess accessibility
161841374,way,surface,MISSING,Surface tag is recommended to assess accessibility
161841375,way,surface,MISSING,Surface tag is recommended to assess accessibility
161841376,way,surface,MISSING,Surface tag is recommended to assess accessibility
161841377,way,surface,MISSING,Surface tag is recommended to assess accessibility
161841378,way,surface,MISSING,Surface tag is recommended to assess accessibility
161841380,way,surface,MISSING,Surface tag is recommended to assess accessibility
161841381,way,surface,MISSING,Surface tag is recommended to assess accessibility
161841382,way,surface,MISSING,Surface tag is recommended to assess accessibility
161841383,way,surface,MISSING,Surface tag is recommended to assess accessibility
161841384,way,surface,MISSING,Surface tag is recommended to assess accessibility
161841385,way,surface,MISSING,Surface tag is recommended to assess accessibility
161841387,way,surface,MISSING,Surface tag is recommended to assess accessibility
161841388,way,surface,MISSING,Surface tag is recommended to assess accessibility
161841389,way,surface,MISSING,Surface tag is recommended to assess accessibility
161841390,way,surface,MISSING,Surface tag is recommended to assess accessibility
161841392,way,surface,MISSING,Surface tag is recommended to assess accessibility
161841396,way,surface,MISSING,Surface tag is recommended to assess accessibility
161841401,way,surface,MISSING,Surface tag is recommended to assess accessibility
161841403,way,surface,MISSING,Surface tag is recommended to assess accessibility
161841408,way,surface,MISSING,Surface tag is recommended to assess accessibility
161841413,way,surface,MISSING,Surface tag is recommended to assess accessibility
161841417,way,surface,MISSING,Surface tag is recommended to assess accessibility
161841418,way,surface,MISSING,Surface tag is recommended to assess accessibility
161841419,way,surface,MISSING,Surface tag is recommended to assess accessibility
161841421,way,surface,MISSING,Surface tag is recommended to assess accessibility
161841422,way,surface,MISSING,Surface tag is recommended to assess accessibility
161841423,way,surface,MISSING,Surface tag is recommended to assess accessibility
161841424,way,surface,MISSING,Surface tag is recommended to assess accessibility
161841425,way,surface,MISSING,Surface tag is recommended to assess accessibility
161841426,way,surface,MISSING,Surface tag is recommended to assess accessibility
161841427,way,surface,MISSING,Surface tag is recommended to assess accessibility
161841429,way,surface,MISSING,Surface tag is recommended to assess accessibility
161841430,way,surface,MISSING,Surface tag is recommended to assess accessibility
161841725,way,surface,MISSING,Surface tag is recommended to assess accessibility
161841726,way,surface,MISSING,Surface tag is recommended to assess accessibility
161841727,way,surface,MISSING,Surface tag is recommended to assess accessibility
161841728,way,surface,MISSING,Surface tag is recommended to assess accessibility
161841729,way,surface,MISSING,Surface tag is recommended to assess accessibility
161841730,way,surface,MISSING,Surface tag is recommended to assess accessibility
161841731,way,surface,MISSING,Surface tag is recommended to assess accessibility
161841732,way,surface,MISSING,Surface tag is recommended to assess accessibility
161841733,way,surface,MISSING,Surface tag is recommended to assess accessibility
161841734,way,surface,MISSING,Surface tag is recommended to assess accessibility
161841735,way,surface,MISSING,Surface tag is recommended to assess accessibility
161841736,way,surface,MISSING,Surface tag is recommended to assess accessibility
161841737,way,surface,MISSING,Surface tag is recommended to assess accessibility
161841747,way,surface,MISSING,Surface tag is recommended to assess accessibility
161841882,way,surface,MISSING,Surface tag is recommended to assess accessibility
161841883,way,surface,MISSING,Surface tag is recommended to assess accessibility
161841884,way,surface,MISSING,Surface tag is recommended to assess accessibility
164813118,way,surface,MISSING,Surface tag is recommended to assess accessibility
164813119,way,surface,MISSING,Surface tag is recommended to assess accessibility
164813121,way,surface,MISSING,Surface tag is recommended to assess accessibility
164813122,way,surface,MISSING,Surface tag is recommended to assess accessibility
164813123,way,surface,MISSING,Surface tag is recommended to assess accessibility
164813124,way,surface,MISSING,Surface tag is recommended to assess accessibility
164813125,way,surface,MISSING,Surface tag is recommended to assess accessibility
164813126,way,surface,MISSING,Surface tag is recommended to assess accessibility
164813127,way,surface,MISSING,Surface tag is recommended to assess accessibility
164813131,way,surface,MISSING,Surface tag is recommended to assess accessibility
164813132,way,surface,MISSING,Surface tag is recommended to assess accessibility
164813133,way,surface,MISSING,Surface tag is recommended to assess accessibility
164813134,way,surface,MISSING,Surface tag is recommended to assess accessibility
164813136,way,surface,MISSING,Surface tag is recommended to assess accessibility
164813138,way,surface,MISSING,Surface tag is recommended to assess accessibility
164813139,way,surface,MISSING,Surface tag is recommended to assess accessibility
164813149,way,surface,MISSING,Surface tag is recommended to assess accessibility
164813152,way,surface,MISSING,Surface tag is recommended to assess accessibility
164813158,way,surface,MISSING,Surface tag is recommended to assess accessibility
164813161,way,surface,MISSING,Surface tag is recommended to assess accessibility
164813167,way,surface,MISSING,Surface tag is recommended to assess accessibility
164813172,way,surface,MISSING,Surface tag is recommended to assess accessibility
164815151,way,surface,MISSING,Surface tag is recommended to assess accessibility
164815152,way,surface,MISSING,Surface tag is recommended to assess accessibility
165029526,way,surface,MISSING,Surface tag is recommended to assess accessibility
165029529,way,surface,MISSING,Surface tag is recommended to assess accessibility
165029530,way,surface,MISSING,Surface tag is recommended to assess accessibility
165029533,way,surface,MISSING,Surface tag is recommended to assess accessibility
165029540,way,surface,MISSING,Surface tag is recommended to assess accessibility
165029548,way,surface,MISSING,Surface tag is recommended to assess accessibility
165029556,way,surface,MISSING,Surface tag is recommended to assess accessibility
165029558,way,surface,MISSING,Surface tag is recommended to assess accessibility
165029561,way,surface,MISSING,Surface tag is recommended to assess accessibility
165029562,way,surface,MISSING,Surface tag is recommended to assess accessibility
165029569,way,surface,MISSING,Surface tag is recommended to assess accessibility
165029577,way,surface,MISSING,Surface tag is recommended to assess accessibility
165029581,way,surface,MISSING,Surface tag is recommended to assess accessibility
165029583,way,surface,MISSING,Surface tag is recommended to assess accessibility
165029632,way,surface,MISSING,Surface tag is recommended to assess accessibility
165029659,way,surface,MISSING,Surface tag is recommended to assess accessibility
165029683,way,surface,MISSING,Surface tag is recommended to assess accessibility
165029688,way,surface,MISSING,Surface tag is recommended to assess accessibility
165146014,way,surface,MISSING,Surface tag is recommended to assess accessibility
165146021,way,surface,MISSING,Surface tag is recommended to assess accessibility
165146028,way,surface,MISSING,Surface tag is recommended to assess accessibility
165313105,way,surface,MISSING,Surface tag is recommended to assess accessibility
165313110,way,surface,MISSING,Surface tag is recommended to assess accessibility
165313117,way,surface,MISSING,Surface tag is recommended to assess accessibility
165313119,way,surface,MISSING,Surface tag is recommended to assess accessibility
165313121,way,surface,MISSING,Surface tag is recommended to assess accessibility
165313123,way,surface,MISSING,Surface tag is recommended to assess accessibility
165313125,way,surface,MISSING,Surface tag is recommended to assess accessibility
165313130,way,surface,MISSING,Surface tag is recommended to assess accessibility
165313134,way,surface,MISSING,Surface tag is recommended to assess accessibility
165313137,way,surface,MISSING,Surface tag is recommended to assess accessibility
165313141,way,surface,MISSING,Surface tag is recommended to assess accessibility
165313143,way,surface,MISSING,Surface tag is recommended to assess accessibility
165313145,way,surface,MISSING,Surface tag is recommended to assess accessibility
165313165,way,surface,MISSING,Surface tag is recommended to assess accessibility
165313190,way,surface,MISSING,Surface tag is recommended to assess accessibility
165313196,way,surface,MISSING,Surface tag is recommended to assess accessibility
165313202,way,surface,MISSING,Surface tag is recommended to assess accessibility
166355911,way,surface,MISSING,Surface tag is recommended to assess accessibility
166355913,way,surface,MISSING,Surface tag is recommended to assess accessibility
166355916,way,surface,MISSING,Surface tag is recommended to assess accessibility
166355919,way,surface,MISSING,Surface tag is recommended to assess accessibility
166355924,way,surface,MISSING,Surface tag is recommended to assess accessibility
166355925,way,surface,MISSING,Surface tag is recommended to assess accessibility
166355926,way,surface,MISSING,Surface tag is recommended to assess accessibility
166355927,way,surface,MISSING,Surface tag is recommended to assess accessibility
166355928,way,surface,MISSING,Surface tag is recommended to assess accessibility
166355929,way,surface,MISSING,Surface tag is recommended to assess accessibility
166355930,way,surface,MISSING,Surface tag is recommended to assess accessibility
166355931,way,surface,MISSING,Surface tag is recommended to assess accessibility
166355932,way,surface,MISSING,Surface tag is recommended to assess accessibility
166355933,way,surface,MISSING,Surface tag is recommended to assess accessibility
166355938,way,surface,MISSING,Surface tag is recommended to assess accessibility
166355940,way,surface,MISSING,Surface tag is recommended to assess accessibility
166355941,way,surface,MISSING,Surface tag is recommended to assess accessibility
166355942,way,surface,MISSING,Surface tag is recommended to assess accessibility
166355943,way,surface,MISSING,Surface tag is recommended to assess accessibility
166355948,way,surface,MISSING,Surface tag is recommended to assess accessibility
166355950,way,surface,MISSING,Surface tag is recommended to assess accessibility
166355951,way,surface,MISSING,Surface tag is recommended to assess accessibility
166355952,way,surface,MISSING,Surface tag is recommended to assess accessibility
166355954,way,surface,MISSING,Surface tag is recommended to assess accessibility
166355955,way,surface,MISSING,Surface tag is recommended to assess accessibility
166355981,way,surface,MISSING,Surface tag is recommended to assess accessibility
166356001,way,surface,MISSING,Surface tag is recommended to assess accessibility
166356005,way,surface,MISSING,Surface tag is recommended to assess accessibility
166356007,way,surface,MISSING,Surface tag is recommended to assess accessibility
166356008,way,surface,MISSING,Surface tag is recommended to assess accessibility
166356009,way,surface,MISSING,Surface tag is recommended to assess accessibility
166356025,way,surface,MISSING,Surface tag is recommended to assess accessibility
166356034,way,surface,MISSING,Surface tag is recommended to assess accessibility
166476054,way,surface,MISSING,Surface tag is recommended to assess accessibility
166476056,way,surface,MISSING,Surface tag is recommended to assess accessibility
166476057,way,surface,MISSING,Surface tag is recommended to assess accessibility
166476058,way,surface,MISSING,Surface tag is recommended to assess accessibility
166476059,way,surface,MISSING,Surface tag is recommended to assess accessibility
166476060,way,surface,MISSING,Surface tag is recommended to assess accessibility
166476061,way,surface,MISSING,Surface tag is recommended to assess accessibility
166476062,way,surface,MISSING,Surface tag is recommended to assess accessibility
166476063,way,surface,MISSING,Surface tag is recommended to assess accessibility
166476083,way,surface,MISSING,Surface tag is recommended to assess accessibility
166476084,way,surface,MISSING,Surface tag is recommended to assess accessibility
166476087,way,surface,MISSING,Surface tag is recommended to assess accessibility
166476088,way,surface,MISSING,Surface tag is recommended to assess accessibility
166476093,way,surface,MISSING,Surface tag is recommended to assess accessibility
166476094,way,surface,MISSING,Surface tag is recommended to assess accessibility
166476095,way,surface,MISSING,Surface tag is recommended to assess accessibility
166476096,way,surface,MISSING,Surface tag is recommended to assess accessibility
166476098,way,surface,MISSING,Surface tag is recommended to assess accessibility
166477623,way,surface,MISSING,Surface tag is recommended to assess accessibility
166477624,way,surface,MISSING,Surface tag is recommended to assess accessibility
166477625,way,surface,MISSING,Surface tag is recommended to assess accessibility
166477626,way,surface,MISSING,Surface tag is recommended to assess accessibility
166477627,way,surface,MISSING,Surface tag is recommended to assess accessibility
166477628,way,surface,MISSING,Surface tag is recommended to assess accessibility
166477629,way,surface,MISSING,Surface tag is recommended to assess accessibility
166477630,way,surface,MISSING,Surface tag is recommended to assess accessibility
166477631,way,surface,MISSING,Surface tag is recommended to assess accessibility
166477632,way,surface,MISSING,Surface tag is recommended to assess accessibility
166477633,way,surface,MISSING,Surface tag is recommended to assess accessibility
166477634,way,surface,MISSING,Surface tag is recommended to assess accessibility
166477637,way,surface,MISSING,Surface tag is recommended to assess accessibility
166477640,way,surface,MISSING,Surface tag is recommended to assess accessibility
166477644,way,surface,MISSING,Surface tag is recommended to assess accessibility
166675496,way,surface,MISSING,Surface tag is recommended to assess accessibility
166675499,way,surface,MISSING,Surface tag is recommended to assess accessibility
166675502,way,surface,MISSING,Surface tag is recommended to assess accessibility
166675504,way,surface,MISSING,Surface tag is recommended to assess accessibility
166675505,way,surface,MISSING,Surface tag is recommended to assess accessibility
166675508,way,surface,MISSING,Surface tag is recommended to assess accessibility
166675516,way,surface,MISSING,Surface tag is recommended to assess accessibility
166675521,way,surface,MISSING,Surface tag is recommended to assess accessibility
166675526,way,surface,MISSING,Surface tag is recommended to assess accessibility
166675527,way,surface,MISSING,Surface tag is recommended to assess accessibility
166675531,way,surface,MISSING,Surface tag is recommended to assess accessibility
166675548,way,surface,MISSING,Surface tag is recommended to assess accessibility
166681759,way,surface,MISSING,Surface tag is recommended to assess accessibility
166681760,way,surface,MISSING,Surface tag is recommended to assess accessibility
166681762,way,surface,MISSING,Surface tag is recommended to assess accessibility
166681763,way,surface,MISSING,Surface tag is recommended to assess accessibility
166681764,way,surface,MISSING,Surface tag is recommended to assess accessibility
166811582,way,surface,MISSING,Surface tag is recommended to assess accessibility
167448856,way,surface,MISSING,Surface tag is recommended to assess accessibility
167448857,way,surface,MISSING,Surface tag is recommended to assess accessibility
167863160,way,surface,MISSING,Surface tag is recommended to assess accessibility
167863163,way,surface,MISSING,Surface tag is recommended to assess accessibility
167863165,way,surface,MISSING,Surface tag is recommended to assess accessibility
167863166,way,surface,MISSING,Surface tag is recommended to assess accessibility
167863167,way,surface,MISSING,Surface tag is recommended to assess accessibility
167863171,way,surface,MISSING,Surface tag is recommended to assess accessibility
167863172,way,surface,MISSING,Surface tag is recommended to assess accessibility
167863173,way,surface,MISSING,Surface tag is recommended to assess accessibility
167863176,way,surface,MISSING,Surface tag is recommended to assess accessibility
167863178,way,surface,MISSING,Surface tag is recommended to assess accessibility
167863182,way,surface,MISSING,Surface tag is recommended to assess accessibility
167863194,way,surface,MISSING,Surface tag is recommended to assess accessibility
167863195,way,surface,MISSING,Surface tag is recommended to assess accessibility
167863205,way,surface,MISSING,Surface tag is recommended to assess accessibility
167941589,way,surface,MISSING,Surface tag is recommended to assess accessibility
168297141,way,surface,MISSING,Surface tag is recommended to assess accessibility
168437445,way,surface,MISSING,Surface tag is recommended to assess accessibility
168437447,way,surface,MISSING,Surface tag is recommended to assess accessibility
168704291,way,surface,MISSING,Surface tag is recommended to assess accessibility
168852826,way,surface,MISSING,Surface tag is recommended to assess accessibility
168852828,way,surface,MISSING,Surface tag is recommended to assess accessibility
168860048,way,surface,MISSING,Surface tag is recommended to assess accessibility
168860049,way,surface,MISSING,Surface tag is recommended to assess accessibility
168860050,way,surface,MISSING,Surface tag is recommended to assess accessibility
168860051,way,surface,MISSING,Surface tag is recommended to assess accessibility
168860052,way,surface,MISSING,Surface tag is recommended to assess accessibility
169445868,way,surface,MISSING,Surface tag is recommended to assess accessibility
169445874,way,surface,MISSING,Surface tag is recommended to assess accessibility
169445879,way,surface,MISSING,Surface tag is recommended to assess accessibility
169445881,way,surface,MISSING,Surface tag is recommended to assess accessibility
169445883,way,surface,MISSING,Surface tag is recommended to assess accessibility
169445906,way,surface,MISSING,Surface tag is recommended to assess accessibility
169518345,way,surface,MISSING,Surface tag is recommended to assess accessibility
169518346,way,surface,MISSING,Surface tag is recommended to assess accessibility
169518347,way,surface,MISSING,Surface tag is recommended to assess accessibility
169518348,way,surface,MISSING,Surface tag is recommended to assess accessibility
169518349,way,surface,MISSING,Surface tag is recommended to assess accessibility
169518350,way,surface,MISSING,Surface tag is recommended to assess accessibility
169518351,way,surface,MISSING,Surface tag is recommended to assess accessibility
169518353,way,surface,MISSING,Surface tag is recommended to assess accessibility
169518355,way,surface,MISSING,Surface tag is recommended to assess accessibility
169518357,way,surface,MISSING,Surface tag is recommended to assess accessibility
169518358,way,surface,MISSING,Surface tag is recommended to assess accessibility
169518359,way,surface,MISSING,Surface tag is recommended to assess accessibility
169518366,way,surface,MISSING,Surface tag is recommended to assess accessibility
169518369,way,surface,MISSING,Surface tag is recommended to assess accessibility
169518376,way,surface,MISSING,Surface tag is recommended to assess accessibility
169518380,way,surface,MISSING,Surface tag is recommended to assess accessibility
169518381,way,surface,MISSING,Surface tag is recommended to assess accessibility
169518386,way,surface,MISSING,Surface tag is recommended to assess accessibility
169518392,way,surface,MISSING,Surface tag is recommended to assess accessibility
169518393,way,surface,MISSING,Surface tag is recommended to assess accessibility
169518399,way,surface,MISSING,Surface tag is recommended to assess accessibility
169518400,way,surface,MISSING,Surface tag is recommended to assess accessibility
169518406,way,surface,MISSING,Surface tag is recommended to assess accessibility
169518414,way,surface,MISSING,Surface tag is recommended to assess accessibility
169518415,way,surface,MISSING,Surface tag is recommended to assess accessibility
169518421,way,surface,MISSING,Surface tag is recommended to assess accessibility
169518425,way,surface,MISSING,Surface tag is recommended to assess accessibility
169518429,way,surface,MISSING,Surface tag is recommended to assess accessibility
169518468,way,surface,MISSING,Surface tag is recommended to assess accessibility
169518471,way,surface,MISSING,Surface tag is recommended to assess accessibility
169518473,way,surface,MISSING,Surface tag is recommended to assess accessibility
169518474,way,surface,MISSING,Surface tag is recommended to assess accessibility
169518475,way,surface,MISSING,Surface tag is recommended to assess accessibility
169518476,way,surface,MISSING,Surface tag is recommended to assess accessibility
169518477,way,surface,MISSING,Surface tag is recommended to assess accessibility
169518478,way,surface,MISSING,Surface tag is recommended to assess accessibility
169518479,way,surface,MISSING,Surface tag is recommended to assess accessibility
169518480,way,surface,MISSING,Surface tag is recommended to assess accessibility
169520328,way,surface,MISSING,Surface tag is recommended to assess accessibility
169672585,way,surface,MISSING,Surface tag is recommended to assess accessibility
169672587,way,surface,MISSING,Surface tag is recommended to assess accessibility
169672588,way,surface,MISSING,Surface tag is recommended to assess accessibility
169672589,way,surface,MISSING,Surface tag is recommended to assess accessibility
169672590,way,surface,MISSING,Surface tag is recommended to assess accessibility
169672595,way,surface,MISSING,Surface tag is recommended to assess accessibility
169672598,way,surface,MISSING,Surface tag is recommended to assess accessibility
169672607,way,surface,MISSING,Surface tag is recommended to assess accessibility
169672613,way,surface,MISSING,Surface tag is recommended to assess accessibility
169672615,way,surface,MISSING,Surface tag is recommended to assess accessibility
169672617,way,surface,MISSING,Surface tag is recommended to assess accessibility
169672618,way,surface,MISSING,Surface tag is recommended to assess accessibility
169672620,way,surface,MISSING,Surface tag is recommended to assess accessibility
169672621,way,surface,MISSING,Surface tag is recommended to assess accessibility
169673002,way,surface,MISSING,Surface tag is recommended to assess accessibility
169673009,way,surface,MISSING,Surface tag is recommended to assess accessibility
169673018,way,surface,MISSING,Surface tag is recommended to assess accessibility
169673020,way,surface,MISSING,Surface tag is recommended to assess accessibility
169673027,way,surface,MISSING,Surface tag is recommended to assess accessibility
170088388,way,surface,MISSING,Surface tag is recommended to assess accessibility
170088394,way,surface,MISSING,Surface tag is recommended to assess accessibility
170192185,way,surface,MISSING,Surface tag is recommended to assess accessibility
170192186,way,surface,MISSING,Surface tag is recommended to assess accessibility
170192187,way,surface,MISSING,Surface tag is recommended to assess accessibility
170192190,way,surface,MISSING,Surface tag is recommended to assess accessibility
170192197,way,surface,MISSING,Surface tag is recommended to assess accessibility
170192198,way,surface,MISSING,Surface tag is recommended to assess accessibility
170192208,way,surface,MISSING,Surface tag is recommended to assess accessibility
170192211,way,surface,MISSING,Surface tag is recommended to assess accessibility
170192217,way,surface,MISSING,Surface tag is recommended to assess accessibility
170192223,way,surface,MISSING,Surface tag is recommended to assess accessibility
170192246,way,surface,MISSING,Surface tag is recommended to assess accessibility
170192250,way,surface,MISSING,Surface tag is recommended to assess accessibility
170300015,way,surface,MISSING,Surface tag is recommended to assess accessibility
170724819,way,surface,MISSING,Surface tag is recommended to assess accessibility
170724824,way,surface,MISSING,Surface tag is recommended to assess accessibility
170724826,way,surface,MISSING,Surface tag is recommended to assess accessibility
170724828,way,surface,MISSING,Surface tag is recommended to assess accessibility
170724830,way,surface,MISSING,Surface tag is recommended to assess accessibility
170724831,way,surface,MISSING,Surface tag is recommended to assess accessibility
170724836,way,surface,MISSING,Surface tag is recommended to assess accessibility
170724840,way,surface,MISSING,Surface tag is recommended to assess accessibility
170724842,way,surface,MISSING,Surface tag is recommended to assess accessibility
170724846,way,surface,MISSING,Surface tag is recommended to assess accessibility
171848625,way,surface,MISSING,Surface tag is recommended to assess accessibility
171848628,way,surface,MISSING,Surface tag is recommended to assess accessibility
171848636,way,surface,MISSING,Surface tag is recommended to assess accessibility
171848639,way,surface,MISSING,Surface tag is recommended to assess accessibility
171848641,way,surface,MISSING,Surface tag is recommended to assess accessibility
171848647,way,surface,MISSING,Surface tag is recommended to assess accessibility
171848649,way,surface,MISSING,Surface tag is recommended to assess accessibility
171848651,way,surface,MISSING,Surface tag is recommended to assess accessibility
171848656,way,surface,MISSING,Surface tag is recommended to assess accessibility
171848659,way,surface,MISSING,Surface tag is recommended to assess accessibility
171848662,way,surface,MISSING,Surface tag is recommended to assess accessibility
171848668,way,surface,MISSING,Surface tag is recommended to assess accessibility
171848687,way,surface,MISSING,Surface tag is recommended to assess accessibility
171848700,way,surface,MISSING,Surface tag is recommended to assess accessibility
171848710,way,surface,MISSING,Surface tag is recommended to assess accessibility
171848715,way,surface,MISSING,Surface tag is recommended to assess accessibility
171848716,way,surface,MISSING,Surface tag is recommended to assess accessibility
171848720,way,surface,MISSING,Surface tag is recommended to assess accessibility
172739633,way,surface,MISSING,Surface tag is recommended to assess accessibility
172739634,way,surface,MISSING,Surface tag is recommended to assess accessibility
172739635,way,surface,MISSING,Surface tag is recommended to assess accessibility
172904320,way,surface,MISSING,Surface tag is recommended to assess accessibility
172904324,way,surface,MISSING,Surface tag is recommended to assess accessibility
172904344,way,surface,MISSING,Surface tag is recommended to assess accessibility
172906514,way,surface,MISSING,Surface tag is recommended to assess accessibility
172906516,way,surface,MISSING,Surface tag is recommended to assess accessibility
172906522,way,surface,MISSING,Surface tag is recommended to assess accessibility
172906524,way,surface,MISSING,Surface tag is recommended to assess accessibility
173145211,way,surface,MISSING,Surface tag is recommended to assess accessibility
173564663,way,surface,MISSING,Surface tag is recommended to assess accessibility
173564665,way,surface,MISSING,Surface tag is recommended to assess accessibility
173564666,way,surface,MISSING,Surface tag is recommended to assess accessibility
173564670,way,surface,MISSING,Surface tag is recommended to assess accessibility
173564671,way,surface,MISSING,Surface tag is recommended to assess accessibility
173564672,way,surface,MISSING,Surface tag is recommended to assess accessibility
173564673,way,surface,MISSING,Surface tag is recommended to assess accessibility
173564675,way,surface,MISSING,Surface tag is recommended to assess accessibility
173564679,way,surface,MISSING,Surface tag is recommended to assess accessibility
173564680,way,surface,MISSING,Surface tag is recommended to assess accessibility
173757039,way,surface,MISSING,Surface tag is recommended to assess accessibility
173757040,way,surface,MISSING,Surface tag is recommended to assess accessibility
173757041,way,surface,MISSING,Surface tag is recommended to assess accessibility
173757042,way,surface,MISSING,Surface tag is recommended to assess accessibility
173757043,way,surface,MISSING,Surface tag is recommended to assess accessibility
173757044,way,surface,MISSING,Surface tag is recommended to assess accessibility
173757045,way,surface,MISSING,Surface tag is recommended to assess accessibility
173757046,way,surface,MISSING,Surface tag is recommended to assess accessibility
173757047,way,surface,MISSING,Surface tag is recommended to assess accessibility
173757048,way,surface,MISSING,Surface tag is recommended to assess accessibility
173757049,way,surface,MISSING,Surface tag is recommended to assess accessibility
173757050,way,surface,MISSING,Surface tag is recommended to assess accessibility
173757051,way,surface,MISSING,Surface tag is recommended to assess accessibility
173757052,way,surface,MISSING,Surface tag is recommended to assess accessibility
173757053,way,surface,MISSING,Surface tag is recommended to assess accessibility
173757054,way,surface,MISSING,Surface tag is recommended to assess accessibility
173757055,way,surface,MISSING,Surface tag is recommended to assess accessibility
173757056,way,surface,MISSING,Surface tag is recommended to assess accessibility
173757057,way,surface,MISSING,Surface tag is recommended to assess accessibility
173757068,way,surface,MISSING,Surface tag is recommended to assess accessibility
173757072,way,surface,MISSING,Surface tag is recommended to assess accessibility
173757073,way,surface,MISSING,Surface tag is recommended to assess accessibility
173760195,way,surface,MISSING,Surface tag is recommended to assess accessibility
173760196,way,surface,MISSING,Surface tag is recommended to assess accessibility
173760197,way,surface,MISSING,Surface tag is recommended to assess accessibility
173760198,way,surface,MISSING,Surface tag is recommended to assess accessibility
173760199,way,surface,MISSING,Surface tag is recommended to assess accessibility
173760200,way,surface,MISSING,Surface tag is recommended to assess accessibility
173760201,way,surface,MISSING,Surface tag is recommended to assess accessibility
173760202,way,surface,MISSING,Surface tag is recommended to assess accessibility
173760203,way,surface,MISSING,Surface tag is recommended to assess accessibility
173760205,way,surface,MISSING,Surface tag is recommended to assess accessibility
173760207,way,surface,MISSING,Surface tag is recommended to assess accessibility
173760208,way,surface,MISSING,Surface tag is recommended to assess accessibility
173760213,way,surface,MISSING,Surface tag is recommended to assess accessibility
173760215,way,surface,MISSING,Surface tag is recommended to assess accessibility
173760217,way,surface,MISSING,Surface tag is recommended to assess accessibility
173760220,way,surface,MISSING,Surface tag is recommended to assess accessibility
173760222,way,surface,MISSING,Surface tag is recommended to assess accessibility
173760224,way,surface,MISSING,Surface tag is recommended to assess accessibility
173760226,way,surface,MISSING,Surface tag is recommended to assess accessibility
173760229,way,surface,MISSING,Surface tag is recommended to assess accessibility
173760231,way,surface,MISSING,Surface tag is recommended to assess accessibility
173760233,way,surface,MISSING,Surface tag is recommended to assess accessibility
173760235,way,surface,MISSING,Surface tag is recommended to assess accessibility
173760237,way,surface,MISSING,Surface tag is recommended to assess accessibility
173760239,way,surface,MISSING,Surface tag is recommended to assess accessibility
173760242,way,surface,MISSING,Surface tag is recommended to assess accessibility
173760244,way,surface,MISSING,Surface tag is recommended to assess accessibility
173760246,way,surface,MISSING,Surface tag is recommended to assess accessibility
173760248,way,surface,MISSING,Surface tag is recommended to assess accessibility
173760250,way,surface,MISSING,Surface tag is recommended to assess accessibility
173760252,way,surface,MISSING,Surface tag is recommended to assess accessibility
173760255,way,surface,MISSING,Surface tag is recommended to assess accessibility
173760272,way,surface,MISSING,Surface tag is recommended to assess accessibility
173760282,way,surface,MISSING,Surface tag is recommended to assess accessibility
173760293,way,surface,MISSING,Surface tag is recommended to assess accessibility
173760305,way,surface,MISSING,Surface tag is recommended to assess accessibility
173760313,way,surface,MISSING,Surface tag is recommended to assess accessibility
173760330,way,surface,MISSING,Surface tag is recommended to assess accessibility
173760331,way,surface,MISSING,Surface tag is recommended to assess accessibility
173760336,way,surface,MISSING,Surface tag is recommended to assess accessibility
173760341,way,surface,MISSING,Surface tag is recommended to assess accessibility
173760342,way,surface,MISSING,Surface tag is recommended to assess accessibility
173760344,way,surface,MISSING,Surface tag is recommended to assess accessibility
173760349,way,surface,MISSING,Surface tag is recommended to assess accessibility
173760350,way,surface,MISSING,Surface tag is recommended to assess accessibility
174420250,way,surface,MISSING,Surface tag is recommended to assess accessibility
174420251,way,surface,MISSING,Surface tag is recommended to assess accessibility
174420255,way,surface,MISSING,Surface tag is recommended to assess accessibility
174420256,way,surface,MISSING,Surface tag is recommended to assess accessibility
174420270,way,surface,MISSING,Surface tag is recommended to assess accessibility
174420271,way,surface,MISSING,Surface tag is recommended to assess accessibility
174420272,way,surface,MISSING,Surface tag is recommended to assess accessibility
174420273,way,surface,MISSING,Surface tag is recommended to assess accessibility
174420274,way,surface,MISSING,Surface tag is recommended to assess accessibility
174420276,way,surface,MISSING,Surface tag is recommended to assess accessibility
174420277,way,surface,MISSING,Surface tag is recommended to assess accessibility
176114404,way,surface,MISSING,Surface tag is recommended to assess accessibility
176114405,way,surface,MISSING,Surface tag is recommended to assess accessibility
176114406,way,surface,MISSING,Surface tag is recommended to assess accessibility
176114407,way,surface,MISSING,Surface tag is recommended to assess accessibility
176114413,way,surface,MISSING,Surface tag is recommended to assess accessibility
176115200,way,surface,MISSING,Surface tag is recommended to assess accessibility
176115201,way,surface,MISSING,Surface tag is recommended to assess accessibility
176115202,way,surface,MISSING,Surface tag is recommended to assess accessibility
176115203,way,surface,MISSING,Surface tag is recommended to assess accessibility
176115205,way,surface,MISSING,Surface tag is recommended to assess accessibility
176115206,way,surface,MISSING,Surface tag is recommended to assess accessibility
176115207,way,surface,MISSING,Surface tag is recommended to assess accessibility
176115208,way,surface,MISSING,Surface tag is recommended to assess accessibility
176115209,way,surface,MISSING,Surface tag is recommended to assess accessibility
176115210,way,surface,MISSING,Surface tag is recommended to assess accessibility
176115211,way,surface,MISSING,Surface tag is recommended to assess accessibility
176115212,way,surface,MISSING,Surface tag is recommended to assess accessibility
176115214,way,surface,MISSING,Surface tag is recommended to assess accessibility
176115215,way,surface,MISSING,Surface tag is recommended to assess accessibility
176115216,way,surface,MISSING,Surface tag is recommended to assess accessibility
176115217,way,surface,MISSING,Surface tag is recommended to assess accessibility
176115218,way,surface,MISSING,Surface tag is recommended to assess accessibility
176115219,way,surface,MISSING,Surface tag is recommended to assess accessibility
176115220,way,surface,MISSING,Surface tag is recommended to assess accessibility
176115221,way,surface,MISSING,Surface tag is recommended to assess accessibility
176115222,way,surface,MISSING,Surface tag is recommended to assess accessibility
176115223,way,surface,MISSING,Surface tag is recommended to assess accessibility
176115224,way,surface,MISSING,Surface tag is recommended to assess accessibility
176115225,way,surface,MISSING,Surface tag is recommended to assess accessibility
176115226,way,surface,MISSING,Surface tag is recommended to assess accessibility
176115227,way,surface,MISSING,Surface tag is recommended to assess accessibility
176115228,way,surface,MISSING,Surface tag is recommended to assess accessibility
176115229,way,surface,MISSING,Surface tag is recommended to assess accessibility
176115230,way,surface,MISSING,Surface tag is recommended to assess accessibility
176115241,way,surface,MISSING,Surface tag is recommended to assess accessibility
176115251,way,surface,MISSING,Surface tag is recommended to assess accessibility
176115255,way,surface,MISSING,Surface tag is recommended to assess accessibility
176115256,way,surface,MISSING,Surface tag is recommended to assess accessibility
176115257,way,surface,MISSING,Surface tag is recommended to assess accessibility
176115260,way,surface,MISSING,Surface tag is recommended to assess accessibility
176115261,way,surface,MISSING,Surface tag is recommended to assess accessibility
176115263,way,surface,MISSING,Surface tag is recommended to assess accessibility
176115266,way,surface,MISSING,Surface tag is recommended to assess accessibility
176115267,way,surface,MISSING,Surface tag is recommended to assess accessibility
176118958,way,surface,MISSING,Surface tag is recommended to assess accessibility
176118960,way,surface,MISSING,Surface tag is recommended to assess accessibility
176118961,way,surface,MISSING,Surface tag is recommended to assess accessibility
176118963,way,surface,MISSING,Surface tag is recommended to assess accessibility
176118965,way,surface,MISSING,Surface tag is recommended to assess accessibility
176118967,way,surface,MISSING,Surface tag is recommended to assess accessibility
176118972,way,surface,MISSING,Surface tag is recommended to assess accessibility
176118973,way,surface,MISSING,Surface tag is recommended to assess accessibility
176118974,way,surface,MISSING,Surface tag is recommended to assess accessibility
176118978,way,surface,MISSING,Surface tag is recommended to assess accessibility
176118979,way,surface,MISSING,Surface tag is recommended to assess accessibility
176118983,way,surface,MISSING,Surface tag is recommended to assess accessibility
176118987,way,surface,MISSING,Surface tag is recommended to assess accessibility
176118992,way,surface,MISSING,Surface tag is recommended to assess accessibility
176118998,way,surface,MISSING,Surface tag is recommended to assess accessibility
176119001,way,surface,MISSING,Surface tag is recommended to assess accessibility
176119006,way,surface,MISSING,Surface tag is recommended to assess accessibility
176119010,way,surface,MISSING,Surface tag is recommended to assess accessibility
176119015,way,surface,MISSING,Surface tag is recommended to assess accessibility
176119018,way,surface,MISSING,Surface tag is recommended to assess accessibility
176123428,way,surface,MISSING,Surface tag is recommended to assess accessibility
176123433,way,surface,MISSING,Surface tag is recommended to assess accessibility
176123434,way,surface,MISSING,Surface tag is recommended to assess accessibility
176123435,way,surface,MISSING,Surface tag is recommended to assess accessibility
176123438,way,surface,MISSING,Surface tag is recommended to assess accessibility
176123440,way,surface,MISSING,Surface tag is recommended to assess accessibility
176123441,way,surface,MISSING,Surface tag is recommended to assess accessibility
176123442,way,surface,MISSING,Surface tag is recommended to assess accessibility
176123443,way,surface,MISSING,Surface tag is recommended to assess accessibility
176123447,way,surface,MISSING,Surface tag is recommended to assess accessibility
176123448,way,surface,MISSING,Surface tag is recommended to assess accessibility
176123455,way,surface,MISSING,Surface tag is recommended to assess accessibility
176123460,way,surface,MISSING,Surface tag is recommended to assess accessibility
176123463,way,surface,MISSING,Surface tag is recommended to assess accessibility
176123464,way,surface,MISSING,Surface tag is recommended to assess accessibility
176123465,way,surface,MISSING,Surface tag is recommended to assess accessibility
176125088,way,surface,MISSING,Surface tag is recommended to assess accessibility
176125089,way,surface,MISSING,Surface tag is recommended to assess accessibility
176125090,way,surface,MISSING,Surface tag is recommended to assess accessibility
176125091,way,surface,MISSING,Surface tag is recommended to assess accessibility
176125092,way,surface,MISSING,Surface tag is recommended to assess accessibility
176125093,way,surface,MISSING,Surface tag is recommended to assess accessibility
176125094,way,surface,MISSING,Surface tag is recommended to assess accessibility
176125095,way,surface,MISSING,Surface tag is recommended to assess accessibility
176125096,way,surface,MISSING,Surface tag is recommended to assess accessibility
176125097,way,surface,MISSING,Surface tag is recommended to assess accessibility
176125098,way,surface,MISSING,Surface tag is recommended to assess accessibility
176125099,way,surface,MISSING,Surface tag is recommended to assess accessibility
176125100,way,surface,MISSING,Surface tag is recommended to assess accessibility
176125101,way,surface,MISSING,Surface tag is recommended to assess accessibility
176125102,way,surface,MISSING,Surface tag is recommended to assess accessibility
176125109,way,surface,MISSING,Surface tag is recommended to assess accessibility
176125143,way,surface,MISSING,Surface tag is recommended to assess accessibility
176125144,way,surface,MISSING,Surface tag is recommended to assess accessibility
176125147,way,surface,MISSING,Surface tag is recommended to assess accessibility
176125148,way,surface,MISSING,Surface tag is recommended to assess accessibility
176125149,way,surface,MISSING,Surface tag is recommended to assess accessibility
176179929,way,surface,MISSING,Surface tag is recommended to assess accessibility
176179930,way,surface,MISSING,Surface tag is recommended to assess accessibility
176179931,way,surface,MISSING,Surface tag is recommended to assess accessibility
176179932,way,surface,MISSING,Surface tag is recommended to assess accessibility
176179933,way,surface,MISSING,Surface tag is recommended to assess accessibility
176179934,way,surface,MISSING,Surface tag is recommended to assess accessibility
176179937,way,surface,MISSING,Surface tag is recommended to assess accessibility
176179939,way,surface,MISSING,Surface tag is recommended to assess accessibility
176179940,way,surface,MISSING,Surface tag is recommended to assess accessibility
176319936,way,surface,MISSING,Surface tag is recommended to assess accessibility
176319937,way,surface,MISSING,Surface tag is recommended to assess accessibility
176319945,way,surface,MISSING,Surface tag is recommended to assess accessibility
176319947,way,surface,MISSING,Surface tag is recommended to assess accessibility
176321794,way,surface,MISSING,Surface tag is recommended to assess accessibility
176322528,way,surface,MISSING,Surface tag is recommended to assess accessibility
176322529,way,surface,MISSING,Surface tag is recommended to assess accessibility
176322530,way,surface,MISSING,Surface tag is recommended to assess accessibility
176322537,way,surface,MISSING,Surface tag is recommended to assess accessibility
176322538,way,surface,MISSING,Surface tag is recommended to assess accessibility
176646077,way,surface,MISSING,Surface tag is recommended to assess accessibility
176646079,way,surface,MISSING,Surface tag is recommended to assess accessibility
176650537,way,surface,MISSING,Surface tag is recommended to assess accessibility
176650539,way,surface,MISSING,Surface tag is recommended to assess accessibility
176650540,way,surface,MISSING,Surface tag is recommended to assess accessibility
176650541,way,surface,MISSING,Surface tag is recommended to assess accessibility
176650542,way,surface,MISSING,Surface tag is recommended to assess accessibility
176650543,way,surface,MISSING,Surface tag is recommended to assess accessibility
176650544,way,surface,MISSING,Surface tag is recommended to assess accessibility
176650545,way,surface,MISSING,Surface tag is recommended to assess accessibility
176650546,way,surface,MISSING,Surface tag is recommended to assess accessibility
176650547,way,surface,MISSING,Surface tag is recommended to assess accessibility
176650548,way,surface,MISSING,Surface tag is recommended to assess accessibility
176650549,way,surface,MISSING,Surface tag is recommended to assess accessibility
176650550,way,surface,MISSING,Surface tag is recommended to assess accessibility
176650558,way,surface,MISSING,Surface tag is recommended to assess accessibility
176650559,way,surface,MISSING,Surface tag is recommended to assess accessibility
176650560,way,surface,MISSING,Surface tag is recommended to assess accessibility
176652876,way,surface,MISSING,Surface tag is recommended to assess accessibility
176652877,way,surface,MISSING,Surface tag is recommended to assess accessibility
176652879,way,surface,MISSING,Surface tag is recommended to assess accessibility
176652881,way,surface,MISSING,Surface tag is recommended to assess accessibility
176652884,way,surface,MISSING,Surface tag is recommended to assess accessibility
176652885,way,surface,MISSING,Surface tag is recommended to assess accessibility
176652886,way,surface,MISSING,Surface tag is recommended to assess accessibility
176652887,way,surface,MISSING,Surface tag is recommended to assess accessibility
176652888,way,surface,MISSING,Surface tag is recommended to assess accessibility
176652889,way,surface,MISSING,Surface tag is recommended to assess accessibility
176652890,way,surface,MISSING,Surface tag is recommended to assess accessibility
176652891,way,surface,MISSING,Surface tag is recommended to assess accessibility
176652892,way,surface,MISSING,Surface tag is recommended to assess accessibility
176652893,way,surface,MISSING,Surface tag is recommended to assess accessibility
176652903,way,surface,MISSING,Surface tag is recommended to assess accessibility
177621438,way,surface,MISSING,Surface tag is recommended to assess accessibility
177621440,way,surface,MISSING,Surface tag is recommended to assess accessibility
177621441,way,surface,MISSING,Surface tag is recommended to assess accessibility
177621444,way,surface,MISSING,Surface tag is recommended to assess accessibility
177621448,way,surface,MISSING,Surface tag is recommended to assess accessibility
177792640,way,surface,MISSING,Surface tag is recommended to assess accessibility
177792641,way,surface,MISSING,Surface tag is recommended to assess accessibility
177792642,way,surface,MISSING,Surface tag is recommended to assess accessibility
177792643,way,surface,MISSING,Surface tag is recommended to assess accessibility
177792644,way,surface,MISSING,Surface tag is recommended to assess accessibility
177792647,way,surface,MISSING,Surface tag is recommended to assess accessibility
177792652,way,surface,MISSING,Surface tag is recommended to assess accessibility
177792654,way,surface,MISSING,Surface tag is recommended to assess accessibility
177792663,way,surface,MISSING,Surface tag is recommended to assess accessibility
177792670,way,surface,MISSING,Surface tag is recommended to assess accessibility
177792675,way,surface,MISSING,Surface tag is recommended to assess accessibility
178252330,way,surface,MISSING,Surface tag is recommended to assess accessibility
178252331,way,surface,MISSING,Surface tag is recommended to assess accessibility
178252332,way,surface,MISSING,Surface tag is recommended to assess accessibility
178252333,way,surface,MISSING,Surface tag is recommended to assess accessibility
178252334,way,surface,MISSING,Surface tag is recommended to assess accessibility
178252336,way,surface,MISSING,Surface tag is recommended to assess accessibility
178252337,way,surface,MISSING,Surface tag is recommended to assess accessibility
178252346,way,surface,MISSING,Surface tag is recommended to assess accessibility
178252347,way,surface,MISSING,Surface tag is recommended to assess accessibility
178252348,way,surface,MISSING,Surface tag is recommended to assess accessibility
178252349,way,surface,MISSING,Surface tag is recommended to assess accessibility
178252797,way,surface,MISSING,Surface tag is recommended to assess accessibility
178252798,way,surface,MISSING,Surface tag is recommended to assess accessibility
178253109,way,surface,MISSING,Surface tag is recommended to assess accessibility
178253111,way,surface,MISSING,Surface tag is recommended to assess accessibility
178253112,way,surface,MISSING,Surface tag is recommended to assess accessibility
178253113,way,surface,MISSING,Surface tag is recommended to assess accessibility
178253114,way,surface,MISSING,Surface tag is recommended to assess accessibility
178253116,way,surface,MISSING,Surface tag is recommended to assess accessibility
178253117,way,surface,MISSING,Surface tag is recommended to assess accessibility
178253118,way,surface,MISSING,Surface tag is recommended to assess accessibility
178253119,way,surface,MISSING,Surface tag is recommended to assess accessibility
178253120,way,surface,MISSING,Surface tag is recommended to assess accessibility
178253123,way,surface,MISSING,Surface tag is recommended to assess accessibility
178253127,way,surface,MISSING,Surface tag is recommended to assess accessibility
178253128,way,surface,MISSING,Surface tag is recommended to assess accessibility
178253134,way,surface,MISSING,Surface tag is recommended to assess accessibility
178253138,way,surface,MISSING,Surface tag is recommended to assess accessibility
178253139,way,surface,MISSING,Surface tag is recommended to assess accessibility
178253141,way,surface,MISSING,Surface tag is recommended to assess accessibility
178253143,way,surface,MISSING,Surface tag is recommended to assess accessibility
178253144,way,surface,MISSING,Surface tag is recommended to assess accessibility
178253886,way,surface,MISSING,Surface tag is recommended to assess accessibility
178253892,way,surface,MISSING,Surface tag is recommended to assess accessibility
178253893,way,surface,MISSING,Surface tag is recommended to assess accessibility
178253894,way,surface,MISSING,Surface tag is recommended to assess accessibility
178254141,way,surface,MISSING,Surface tag is recommended to assess accessibility
178254142,way,surface,MISSING,Surface tag is recommended to assess accessibility
178254143,way,surface,MISSING,Surface tag is recommended to assess accessibility
178254147,way,surface,MISSING,Surface tag is recommended to assess accessibility
178254148,way,surface,MISSING,Surface tag is recommended to assess accessibility
178254158,way,surface,MISSING,Surface tag is recommended to assess accessibility
178254169,way,surface,MISSING,Surface tag is recommended to assess accessibility
178254170,way,surface,MISSING,Surface tag is recommended to assess accessibility
178254172,way,surface,MISSING,Surface tag is recommended to assess accessibility
178254173,way,surface,MISSING,Surface tag is recommended to assess accessibility
178254174,way,surface,MISSING,Surface tag is recommended to assess accessibility
178254179,way,surface,MISSING,Surface tag is recommended to assess accessibility
178254180,way,surface,MISSING,Surface tag is recommended to assess accessibility
178254181,way,surface,MISSING,Surface tag is recommended to assess accessibility
178508380,way,surface,MISSING,Surface tag is recommended to assess accessibility
178508383,way,surface,MISSING,Surface tag is recommended to assess accessibility
178508387,way,surface,MISSING,Surface tag is recommended to assess accessibility
178508394,way,surface,MISSING,Surface tag is recommended to assess accessibility
178508400,way,surface,MISSING,Surface tag is recommended to assess accessibility
178508402,way,surface,MISSING,Surface tag is recommended to assess accessibility
178984388,way,surface,MISSING,Surface tag is recommended to assess accessibility
178984391,way,surface,MISSING,Surface tag is recommended to assess accessibility
178984410,way,surface,MISSING,Surface tag is recommended to assess accessibility
178984411,way,surface,MISSING,Surface tag is recommended to assess accessibility
178988788,way,surface,MISSING,Surface tag is recommended to assess accessibility
178988789,way,surface,MISSING,Surface tag is recommended to assess accessibility
178988790,way,surface,MISSING,Surface tag is recommended to assess accessibility
178988791,way,surface,MISSING,Surface tag is recommended to assess accessibility
178988792,way,surface,MISSING,Surface tag is recommended to assess accessibility
178988794,way,surface,MISSING,Surface tag is recommended to assess accessibility
178988796,way,surface,MISSING,Surface tag is recommended to assess accessibility
178988797,way,surface,MISSING,Surface tag is recommended to assess accessibility
178988798,way,surface,MISSING,Surface tag is recommended to assess accessibility
178988799,way,surface,MISSING,Surface tag is recommended to assess accessibility
178988810,way,surface,MISSING,Surface tag is recommended to assess accessibility
178988811,way,surface,MISSING,Surface tag is recommended to assess accessibility
178988812,way,surface,MISSING,Surface tag is recommended to assess accessibility
178988813,way,surface,MISSING,Surface tag is recommended to assess accessibility
178988814,way,surface,MISSING,Surface tag is recommended to assess accessibility
178988815,way,surface,MISSING,Surface tag is recommended to assess accessibility
178992011,way,surface,MISSING,Surface tag is recommended to assess accessibility
178992013,way,surface,MISSING,Surface tag is recommended to assess accessibility
178992014,way,surface,MISSING,Surface tag is recommended to assess accessibility
178992015,way,surface,MISSING,Surface tag is recommended to assess accessibility
178992017,way,surface,MISSING,Surface tag is recommended to assess accessibility
178992018,way,surface,MISSING,Surface tag is recommended to assess accessibility
178992019,way,surface,MISSING,Surface tag is recommended to assess accessibility
178992034,way,surface,MISSING,Surface tag is recommended to assess accessibility
178992538,way,surface,MISSING,Surface tag is recommended to assess accessibility
178992539,way,surface,MISSING,Surface tag is recommended to assess accessibility
179249058,way,surface,MISSING,Surface tag is recommended to assess accessibility
179249060,way,surface,MISSING,Surface tag is recommended to assess accessibility
179249061,way,surface,MISSING,Surface tag is recommended to assess accessibility
179249062,way,surface,MISSING,Surface tag is recommended to assess accessibility
179249063,way,surface,MISSING,Surface tag is recommended to assess accessibility
179249065,way,surface,MISSING,Surface tag is recommended to assess accessibility
179249066,way,surface,MISSING,Surface tag is recommended to assess accessibility
179249067,way,surface,MISSING,Surface tag is recommended to assess accessibility
179249068,way,surface,MISSING,Surface tag is recommended to assess accessibility
179249069,way,surface,MISSING,Surface tag is recommended to assess accessibility
179249070,way,surface,MISSING,Surface tag is recommended to assess accessibility
179249072,way,surface,MISSING,Surface tag is recommended to assess accessibility
179249085,way,surface,MISSING,Surface tag is recommended to assess accessibility
179249086,way,surface,MISSING,Surface tag is recommended to assess accessibility
179249087,way,surface,MISSING,Surface tag is recommended to assess accessibility
179252276,way,surface,MISSING,Surface tag is recommended to assess accessibility
179252277,way,surface,MISSING,Surface tag is recommended to assess accessibility
179252282,way,surface,MISSING,Surface tag is recommended to assess accessibility
179256994,way,surface,MISSING,Surface tag is recommended to assess accessibility
179257001,way,surface,MISSING,Surface tag is recommended to assess accessibility
179257002,way,surface,MISSING,Surface tag is recommended to assess accessibility
179257003,way,surface,MISSING,Surface tag is recommended to assess accessibility
179257007,way,surface,MISSING,Surface tag is recommended to assess accessibility
179257009,way,surface,MISSING,Surface tag is recommended to assess accessibility
179257010,way,surface,MISSING,Surface tag is recommended to assess accessibility
179257011,way,surface,MISSING,Surface tag is recommended to assess accessibility
179257012,way,surface,MISSING,Surface tag is recommended to assess accessibility
179257013,way,surface,MISSING,Surface tag is recommended to assess accessibility
179257017,way,surface,MISSING,Surface tag is recommended to assess accessibility
179257018,way,surface,MISSING,Surface tag is recommended to assess accessibility
179257019,way,surface,MISSING,Surface tag is recommended to assess accessibility
179257023,way,surface,MISSING,Surface tag is recommended to assess accessibility
179257051,way,surface,MISSING,Surface tag is recommended to assess accessibility
179573579,way,surface,MISSING,Surface tag is recommended to assess accessibility
179924429,way,surface,MISSING,Surface tag is recommended to assess accessibility
179924434,way,surface,MISSING,Surface tag is recommended to assess accessibility
179924438,way,surface,MISSING,Surface tag is recommended to assess accessibility
179924442,way,surface,MISSING,Surface tag is recommended to assess accessibility
179924449,way,surface,MISSING,Surface tag is recommended to assess accessibility
179924491,way,surface,MISSING,Surface tag is recommended to assess accessibility
179924494,way,surface,MISSING,Surface tag is recommended to assess accessibility
179924497,way,surface,MISSING,Surface tag is recommended to assess accessibility
179924504,way,surface,MISSING,Surface tag is recommended to assess accessibility
179924505,way,surface,MISSING,Surface tag is recommended to assess accessibility
179924507,way,surface,MISSING,Surface tag is recommended to assess accessibility
179933517,way,surface,MISSING,Surface tag is recommended to assess accessibility
179933518,way,surface,MISSING,Surface tag is recommended to assess accessibility
179933519,way,surface,MISSING,Surface tag is recommended to assess accessibility
179933521,way,surface,MISSING,Surface tag is recommended to assess accessibility
179933523,way,surface,MISSING,Surface tag is recommended to assess accessibility
179933524,way,surface,MISSING,Surface tag is recommended to assess accessibility
179933526,way,surface,MISSING,Surface tag is recommended to assess accessibility
179933527,way,surface,MISSING,Surface tag is recommended to assess accessibility
179933528,way,surface,MISSING,Surface tag is recommended to assess accessibility
179933529,way,surface,MISSING,Surface tag is recommended to assess accessibility
179934379,way,surface,MISSING,Surface tag is recommended to assess accessibility
180200591,way,surface,MISSING,Surface tag is recommended to assess accessibility
181067577,way,surface,MISSING,Surface tag is recommended to assess accessibility
181067595,way,surface,MISSING,Surface tag is recommended to assess accessibility
181069332,way,surface,MISSING,Surface tag is recommended to assess accessibility
181069333,way,surface,MISSING,Surface tag is recommended to assess accessibility
181069334,way,surface,MISSING,Surface tag is recommended to assess accessibility
181069335,way,surface,MISSING,Surface tag is recommended to assess accessibility
181069336,way,surface,MISSING,Surface tag is recommended to assess accessibility
181069337,way,surface,MISSING,Surface tag is recommended to assess accessibility
181069338,way,surface,MISSING,Surface tag is recommended to assess accessibility
181069339,way,surface,MISSING,Surface tag is recommended to assess accessibility
181069340,way,surface,MISSING,Surface tag is recommended to assess accessibility
181069341,way,surface,MISSING,Surface tag is recommended to assess accessibility
181069342,way,surface,MISSING,Surface tag is recommended to assess accessibility
181069343,way,surface,MISSING,Surface tag is recommended to assess accessibility
181069344,way,surface,MISSING,Surface tag is recommended to assess accessibility
181069362,way,surface,MISSING,Surface tag is recommended to assess accessibility
181069363,way,surface,MISSING,Surface tag is recommended to assess accessibility
181069365,way,surface,MISSING,Surface tag is recommended to assess accessibility
181069366,way,surface,MISSING,Surface tag is recommended to assess accessibility
181069368,way,surface,MISSING,Surface tag is recommended to assess accessibility
181069369,way,surface,MISSING,Surface tag is recommended to assess accessibility
181069371,way,surface,MISSING,Surface tag is recommended to assess accessibility
181069372,way,surface,MISSING,Surface tag is recommended to assess accessibility
181069373,way,surface,MISSING,Surface tag is recommended to assess accessibility
181069374,way,surface,MISSING,Surface tag is recommended to assess accessibility
181069375,way,surface,MISSING,Surface tag is recommended to assess accessibility
181069376,way,surface,MISSING,Surface tag is recommended to assess accessibility
181972740,way,surface,MISSING,Surface tag is recommended to assess accessibility
181972741,way,surface,MISSING,Surface tag is recommended to assess accessibility
181972742,way,surface,MISSING,Surface tag is recommended to assess accessibility
181972743,way,surface,MISSING,Surface tag is recommended to assess accessibility
181972744,way,surface,MISSING,Surface tag is recommended to assess accessibility
181972745,way,surface,MISSING,Surface tag is recommended to assess accessibility
181972746,way,surface,MISSING,Surface tag is recommended to assess accessibility
181972747,way,surface,MISSING,Surface tag is recommended to assess accessibility
181972748,way,surface,MISSING,Surface tag is recommended to assess accessibility
181972749,way,surface,MISSING,Surface tag is recommended to assess accessibility
181972750,way,surface,MISSING,Surface tag is recommended to assess accessibility
181972751,way,surface,MISSING,Surface tag is recommended to assess accessibility
181972752,way,surface,MISSING,Surface tag is recommended to assess accessibility
181972753,way,surface,MISSING,Surface tag is recommended to assess accessibility
181972754,way,surface,MISSING,Surface tag is recommended to assess accessibility
181972755,way,surface,MISSING,Surface tag is recommended to assess accessibility
181972756,way,surface,MISSING,Surface tag is recommended to assess accessibility
181972757,way,surface,MISSING,Surface tag is recommended to assess accessibility
181972758,way,surface,MISSING,Surface tag is recommended to assess accessibility
181972769,way,surface,MISSING,Surface tag is recommended to assess accessibility
181972771,way,surface,MISSING,Surface tag is recommended to assess accessibility
181972772,way,surface,MISSING,Surface tag is recommended to assess accessibility
181972773,way,surface,MISSING,Surface tag is recommended to assess accessibility
181973041,way,surface,MISSING,Surface tag is recommended to assess accessibility
181973042,way,surface,MISSING,Surface tag is recommended to assess accessibility
181973043,way,surface,MISSING,Surface tag is recommended to assess accessibility
181973044,way,surface,MISSING,Surface tag is recommended to assess accessibility
181973045,way,surface,MISSING,Surface tag is recommended to assess accessibility
181973046,way,surface,MISSING,Surface tag is recommended to assess accessibility
181973048,way,surface,MISSING,Surface tag is recommended to assess accessibility
181973049,way,surface,MISSING,Surface tag is recommended to assess accessibility
181973050,way,surface,MISSING,Surface tag is recommended to assess accessibility
181973051,way,surface,MISSING,Surface tag is recommended to assess accessibility
181973052,way,surface,MISSING,Surface tag is recommended to assess accessibility
181973054,way,surface,MISSING,Surface tag is recommended to assess accessibility
181973055,way,surface,MISSING,Surface tag is recommended to assess accessibility
181973056,way,surface,MISSING,Surface tag is recommended to assess accessibility
181973057,way,surface,MISSING,Surface tag is recommended to assess accessibility
181973059,way,surface,MISSING,Surface tag is recommended to assess accessibility
181973071,way,surface,MISSING,Surface tag is recommended to assess accessibility
181974945,way,surface,MISSING,Surface tag is recommended to assess accessibility
181974946,way,surface,MISSING,Surface tag is recommended to assess accessibility
181974948,way,surface,MISSING,Surface tag is recommended to assess accessibility
181974950,way,surface,MISSING,Surface tag is recommended to assess accessibility
181974951,way,surface,MISSING,Surface tag is recommended to assess accessibility
181974952,way,surface,MISSING,Surface tag is recommended to assess accessibility
181974953,way,surface,MISSING,Surface tag is recommended to assess accessibility
181974954,way,surface,MISSING,Surface tag is recommended to assess accessibility
181974955,way,surface,MISSING,Surface tag is recommended to assess accessibility
181974957,way,surface,MISSING,Surface tag is recommended to assess accessibility
181974958,way,surface,MISSING,Surface tag is recommended to assess accessibility
181974960,way,surface,MISSING,Surface tag is recommended to assess accessibility
181974970,way,surface,MISSING,Surface tag is recommended to assess accessibility
181974971,way,surface,MISSING,Surface tag is recommended to assess accessibility
182300153,way,surface,MISSING,Surface tag is recommended to assess accessibility
182300155,way,surface,MISSING,Surface tag is recommended to assess accessibility
182300158,way,surface,MISSING,Surface tag is recommended to assess accessibility
182300160,way,surface,MISSING,Surface tag is recommended to assess accessibility
182300163,way,surface,MISSING,Surface tag is recommended to assess accessibility
182301310,way,surface,MISSING,Surface tag is recommended to assess accessibility
182301311,way,surface,MISSING,Surface tag is recommended to assess accessibility
182301312,way,surface,MISSING,Surface tag is recommended to assess accessibility
182301313,way,surface,MISSING,Surface tag is recommended to assess accessibility
182301314,way,surface,MISSING,Surface tag is recommended to assess accessibility
182301315,way,surface,MISSING,Surface tag is recommended to assess accessibility
182301316,way,surface,MISSING,Surface tag is recommended to assess accessibility
182301317,way,surface,MISSING,Surface tag is recommended to assess accessibility
182301318,way,surface,MISSING,Surface tag is recommended to assess accessibility
182301319,way,surface,MISSING,Surface tag is recommended to assess accessibility
182301320,way,surface,MISSING,Surface tag is recommended to assess accessibility
182301322,way,surface,MISSING,Surface tag is recommended to assess accessibility
182301326,way,surface,MISSING,Surface tag is recommended to assess accessibility
182301327,way,surface,MISSING,Surface tag is recommended to assess accessibility
182301332,way,surface,MISSING,Surface tag is recommended to assess accessibility
182301333,way,surface,MISSING,Surface tag is recommended to assess accessibility
182301334,way,surface,MISSING,Surface tag is recommended to assess accessibility
182301335,way,surface,MISSING,Surface tag is recommended to assess accessibility
182301336,way,surface,MISSING,Surface tag is recommended to assess accessibility
182654106,way,surface,MISSING,Surface tag is recommended to assess accessibility
182654108,way,surface,MISSING,Surface tag is recommended to assess accessibility
182654110,way,surface,MISSING,Surface tag is recommended to assess accessibility
182654111,way,surface,MISSING,Surface tag is recommended to assess accessibility
182654113,way,surface,MISSING,Surface tag is recommended to assess accessibility
182654114,way,surface,MISSING,Surface tag is recommended to assess accessibility
182654116,way,surface,MISSING,Surface tag is recommended to assess accessibility
182654118,way,surface,MISSING,Surface tag is recommended to assess accessibility
182654120,way,surface,MISSING,Surface tag is recommended to assess accessibility
182654121,way,surface,MISSING,Surface tag is recommended to assess accessibility
182654122,way,surface,MISSING,Surface tag is recommended to assess accessibility
182654123,way,surface,MISSING,Surface tag is recommended to assess accessibility
182654136,way,surface,MISSING,Surface tag is recommended to assess accessibility
182654138,way,surface,MISSING,Surface tag is recommended to assess accessibility
182654142,way,surface,MISSING,Surface tag is recommended to assess accessibility
182654144,way,surface,MISSING,Surface tag is recommended to assess accessibility
182654145,way,surface,MISSING,Surface tag is recommended to assess accessibility
182656671,way,surface,MISSING,Surface tag is recommended to assess accessibility
182656672,way,surface,MISSING,Surface tag is recommended to assess accessibility
182830616,way,surface,MISSING,Surface tag is recommended to assess accessibility
182830619,way,surface,MISSING,Surface tag is recommended to assess accessibility
182830628,way,surface,MISSING,Surface tag is recommended to assess accessibility
182830629,way,surface,MISSING,Surface tag is recommended to assess accessibility
182830631,way,surface,MISSING,Surface tag is recommended to assess accessibility
182830633,way,surface,MISSING,Surface tag is recommended to assess accessibility
182830634,way,surface,MISSING,Surface tag is recommended to assess accessibility
182830636,way,surface,MISSING,Surface tag is recommended to assess accessibility
182830637,way,surface,MISSING,Surface tag is recommended to assess accessibility
182830638,way,surface,MISSING,Surface tag is recommended to assess accessibility
182830639,way,surface,MISSING,Surface tag is recommended to assess accessibility
182830640,way,surface,MISSING,Surface tag is recommended to assess accessibility
182830641,way,surface,MISSING,Surface tag is recommended to assess accessibility
182830642,way,surface,MISSING,Surface tag is recommended to assess accessibility
182830644,way,surface,MISSING,Surface tag is recommended to assess accessibility
182830646,way,surface,MISSING,Surface tag is recommended to assess accessibility
182830647,way,surface,MISSING,Surface tag is recommended to assess accessibility
182830648,way,surface,MISSING,Surface tag is recommended to assess accessibility
182830649,way,surface,MISSING,Surface tag is recommended to assess accessibility
182830651,way,surface,MISSING,Surface tag is recommended to assess accessibility
182830652,way,surface,MISSING,Surface tag is recommended to assess accessibility
182830653,way,surface,MISSING,Surface tag is recommended to assess accessibility
182830654,way,surface,MISSING,Surface tag is recommended to assess accessibility
182830655,way,surface,MISSING,Surface tag is recommended to assess accessibility
182830656,way,surface,MISSING,Surface tag is recommended to assess accessibility
182830659,way,surface,MISSING,Surface tag is recommended to assess accessibility
182830661,way,surface,MISSING,Surface tag is recommended to assess accessibility
182830663,way,surface,MISSING,Surface tag is recommended to assess accessibility
182830665,way,surface,MISSING,Surface tag is recommended to assess accessibility
182830669,way,surface,MISSING,Surface tag is recommended to assess accessibility
182830672,way,surface,MISSING,Surface tag is recommended to assess accessibility
182830675,way,surface,MISSING,Surface tag is recommended to assess accessibility
182830678,way,surface,MISSING,Surface tag is recommended to assess accessibility
182830680,way,surface,MISSING,Surface tag is recommended to assess accessibility
182830683,way,surface,MISSING,Surface tag is recommended to assess accessibility
182830685,way,surface,MISSING,Surface tag is recommended to assess accessibility
182830688,way,surface,MISSING,Surface tag is recommended to assess accessibility
182830690,way,surface,MISSING,Surface tag is recommended to assess accessibility
182830692,way,surface,MISSING,Surface tag is recommended to assess accessibility
182830695,way,surface,MISSING,Surface tag is recommended to assess accessibility
182830698,way,surface,MISSING,Surface tag is recommended to assess accessibility
182830700,way,surface,MISSING,Surface tag is recommended to assess accessibility
182830702,way,surface,MISSING,Surface tag is recommended to assess accessibility
182830704,way,surface,MISSING,Surface tag is recommended to assess accessibility
182830706,way,surface,MISSING,Surface tag is recommended to assess accessibility
182830710,way,surface,MISSING,Surface tag is recommended to assess accessibility
182830712,way,surface,MISSING,Surface tag is recommended to assess accessibility
182830715,way,surface,MISSING,Surface tag is recommended to assess accessibility
182830716,way,surface,MISSING,Surface tag is recommended to assess accessibility
182830717,way,surface,MISSING,Surface tag is recommended to assess accessibility
182830722,way,surface,MISSING,Surface tag is recommended to assess accessibility
182830723,way,surface,MISSING,Surface tag is recommended to assess accessibility
182830741,way,surface,MISSING,Surface tag is recommended to assess accessibility
182830746,way,surface,MISSING,Surface tag is recommended to assess accessibility
182830748,way,surface,MISSING,Surface tag is recommended to assess accessibility
182830754,way,surface,MISSING,Surface tag is recommended to assess accessibility
182830755,way,surface,MISSING,Surface tag is recommended to assess accessibility
182830756,way,surface,MISSING,Surface tag is recommended to assess accessibility
182830757,way,surface,MISSING,Surface tag is recommended to assess accessibility
182830763,way,surface,MISSING,Surface tag is recommended to assess accessibility
182830767,way,surface,MISSING,Surface tag is recommended to assess accessibility
182830769,way,surface,MISSING,Surface tag is recommended to assess accessibility
182830773,way,surface,MISSING,Surface tag is recommended to assess accessibility
182830774,way,surface,MISSING,Surface tag is recommended to assess accessibility
182830777,way,surface,MISSING,Surface tag is recommended to assess accessibility
182830782,way,surface,MISSING,Surface tag is recommended to assess accessibility
182830788,way,surface,MISSING,Surface tag is recommended to assess accessibility
182830789,way,surface,MISSING,Surface tag is recommended to assess accessibility
182830794,way,surface,MISSING,Surface tag is recommended to assess accessibility
182830806,way,surface,MISSING,Surface tag is recommended to assess accessibility
182830807,way,surface,MISSING,Surface tag is recommended to assess accessibility
182830808,way,surface,MISSING,Surface tag is recommended to assess accessibility
182830811,way,surface,MISSING,Surface tag is recommended to assess accessibility
182830812,way,surface,MISSING,Surface tag is recommended to assess accessibility
182830813,way,surface,MISSING,Surface tag is recommended to assess accessibility
182830814,way,surface,MISSING,Surface tag is recommended to assess accessibility
182830815,way,surface,MISSING,Surface tag is recommended to assess accessibility
182830816,way,surface,MISSING,Surface tag is recommended to assess accessibility
182830817,way,surface,MISSING,Surface tag is recommended to assess accessibility
182830819,way,surface,MISSING,Surface tag is recommended to assess accessibility
182830820,way,surface,MISSING,Surface tag is recommended to assess accessibility
182830823,way,surface,MISSING,Surface tag is recommended to assess accessibility
182830827,way,surface,MISSING,Surface tag is recommended to assess accessibility
182830828,way,surface,MISSING,Surface tag is recommended to assess accessibility
182830829,way,surface,MISSING,Surface tag is recommended to assess accessibility
182830830,way,surface,MISSING,Surface tag is recommended to assess accessibility
182830832,way,surface,MISSING,Surface tag is recommended to assess accessibility
182840526,way,surface,MISSING,Surface tag is recommended to assess accessibility
182840530,way,surface,MISSING,Surface tag is recommended to assess accessibility
182840534,way,surface,MISSING,Surface tag is recommended to assess accessibility
182840540,way,surface,MISSING,Surface tag is recommended to assess accessibility
182840543,way,surface,MISSING,Surface tag is recommended to assess accessibility
182840554,way,surface,MISSING,Surface tag is recommended to assess accessibility
182840555,way,surface,MISSING,Surface tag is recommended to assess accessibility
182840561,way,surface,MISSING,Surface tag is recommended to assess accessibility
182840566,way,surface,MISSING,Surface tag is recommended to assess accessibility
182840573,way,surface,MISSING,Surface tag is recommended to assess accessibility
182840578,way,surface,MISSING,Surface tag is recommended to assess accessibility
182840586,way,surface,MISSING,Surface tag is recommended to assess accessibility
182840611,way,surface,MISSING,Surface tag is recommended to assess accessibility
182849606,way,surface,MISSING,Surface tag is recommended to assess accessibility
183251395,way,surface,MISSING,Surface tag is recommended to assess accessibility
183251399,way,surface,MISSING,Surface tag is recommended to assess accessibility
183251400,way,surface,MISSING,Surface tag is recommended to assess accessibility
183251401,way,surface,MISSING,Surface tag is recommended to assess accessibility
183251403,way,surface,MISSING,Surface tag is recommended to assess accessibility
183251404,way,surface,MISSING,Surface tag is recommended to assess accessibility
183251406,way,surface,MISSING,Surface tag is recommended to assess accessibility
183251407,way,surface,MISSING,Surface tag is recommended to assess accessibility
183251408,way,surface,MISSING,Surface tag is recommended to assess accessibility
183251409,way,surface,MISSING,Surface tag is recommended to assess accessibility
183251410,way,surface,MISSING,Surface tag is recommended to assess accessibility
183251411,way,surface,MISSING,Surface tag is recommended to assess accessibility
183251412,way,surface,MISSING,Surface tag is recommended to assess accessibility
183251413,way,surface,MISSING,Surface tag is recommended to assess accessibility
183251414,way,surface,MISSING,Surface tag is recommended to assess accessibility
183251415,way,surface,MISSING,Surface tag is recommended to assess accessibility
183251417,way,surface,MISSING,Surface tag is recommended to assess accessibility
183251419,way,surface,MISSING,Surface tag is recommended to assess accessibility
183251420,way,surface,MISSING,Surface tag is recommended to assess accessibility
183251422,way,surface,MISSING,Surface tag is recommended to assess accessibility
183251423,way,surface,MISSING,Surface tag is recommended to assess accessibility
183251424,way,surface,MISSING,Surface tag is recommended to assess accessibility
183251425,way,surface,MISSING,Surface tag is recommended to assess accessibility
183251426,way,surface,MISSING,Surface tag is recommended to assess accessibility
183251436,way,surface,MISSING,Surface tag is recommended to assess accessibility
183251442,way,surface,MISSING,Surface tag is recommended to assess accessibility
183251449,way,surface,MISSING,Surface tag is recommended to assess accessibility
183251450,way,surface,MISSING,Surface tag is recommended to assess accessibility
183251451,way,surface,MISSING,Surface tag is recommended to assess accessibility
183251452,way,surface,MISSING,Surface tag is recommended to assess accessibility
183251456,way,surface,MISSING,Surface tag is recommended to assess accessibility
183251457,way,surface,MISSING,Surface tag is recommended to assess accessibility
183251458,way,surface,MISSING,Surface tag is recommended to assess accessibility
183251459,way,surface,MISSING,Surface tag is recommended to assess accessibility
183251460,way,surface,MISSING,Surface tag is recommended to assess accessibility
183252221,way,surface,MISSING,Surface tag is recommended to assess accessibility
183252223,way,surface,MISSING,Surface tag is recommended to assess accessibility
183252224,way,surface,MISSING,Surface tag is recommended to assess accessibility
183253178,way,surface,MISSING,Surface tag is recommended to assess accessibility
183253179,way,surface,MISSING,Surface tag is recommended to assess accessibility
183253180,way,surface,MISSING,Surface tag is recommended to assess accessibility
183253181,way,surface,MISSING,Surface tag is recommended to assess accessibility
183253182,way,surface,MISSING,Surface tag is recommended to assess accessibility
183253183,way,surface,MISSING,Surface tag is recommended to assess accessibility
183253185,way,surface,MISSING,Surface tag is recommended to assess accessibility
183253192,way,surface,MISSING,Surface tag is recommended to assess accessibility
183253193,way,surface,MISSING,Surface tag is recommended to assess accessibility
183253194,way,surface,MISSING,Surface tag is recommended to assess accessibility
183253195,way,surface,MISSING,Surface tag is recommended to assess accessibility
183254100,way,surface,MISSING,Surface tag is recommended to assess accessibility
183390040,way,surface,MISSING,Surface tag is recommended to assess accessibility
183390043,way,surface,MISSING,Surface tag is recommended to assess accessibility
183390052,way,surface,MISSING,Surface tag is recommended to assess accessibility
183390071,way,surface,MISSING,Surface tag is recommended to assess accessibility
183390076,way,surface,MISSING,Surface tag is recommended to assess accessibility
183390081,way,surface,MISSING,Surface tag is recommended to assess accessibility
183390088,way,surface,MISSING,Surface tag is recommended to assess accessibility
184103422,way,surface,MISSING,Surface tag is recommended to assess accessibility
184103423,way,surface,MISSING,Surface tag is recommended to assess accessibility
184103424,way,surface,MISSING,Surface tag is recommended to assess accessibility
184103425,way,surface,MISSING,Surface tag is recommended to assess accessibility
184103426,way,surface,MISSING,Surface tag is recommended to assess accessibility
184103427,way,surface,MISSING,Surface tag is recommended to assess accessibility
184103428,way,surface,MISSING,Surface tag is recommended to assess accessibility
184103431,way,surface,MISSING,Surface tag is recommended to assess accessibility
184103433,way,surface,MISSING,Surface tag is recommended to assess accessibility
184103434,way,surface,MISSING,Surface tag is recommended to assess accessibility
184103435,way,surface,MISSING,Surface tag is recommended to assess accessibility
184103436,way,surface,MISSING,Surface tag is recommended to assess accessibility
184103438,way,surface,MISSING,Surface tag is recommended to assess accessibility
184103439,way,surface,MISSING,Surface tag is recommended to assess accessibility
184103440,way,surface,MISSING,Surface tag is recommended to assess accessibility
184103441,way,surface,MISSING,Surface tag is recommended to assess accessibility
184103443,way,surface,MISSING,Surface tag is recommended to assess accessibility
184103444,way,surface,MISSING,Surface tag is recommended to assess accessibility
184103445,way,surface,MISSING,Surface tag is recommended to assess accessibility
184103446,way,surface,MISSING,Surface tag is recommended to assess accessibility
184103453,way,surface,MISSING,Surface tag is recommended to assess accessibility
184103463,way,surface,MISSING,Surface tag is recommended to assess accessibility
184103468,way,surface,MISSING,Surface tag is recommended to assess accessibility
184103472,way,surface,MISSING,Surface tag is recommended to assess accessibility
184103473,way,surface,MISSING,Surface tag is recommended to assess accessibility
184103476,way,surface,MISSING,Surface tag is recommended to assess accessibility
184106240,way,surface,MISSING,Surface tag is recommended to assess accessibility
184106242,way,surface,MISSING,Surface tag is recommended to assess accessibility
184106246,way,surface,MISSING,Surface tag is recommended to assess accessibility
184106247,way,surface,MISSING,Surface tag is recommended to assess accessibility
184106248,way,surface,MISSING,Surface tag is recommended to assess accessibility
184107320,way,surface,MISSING,Surface tag is recommended to assess accessibility
184107331,way,surface,MISSING,Surface tag is recommended to assess accessibility
184107334,way,surface,MISSING,Surface tag is recommended to assess accessibility
184107357,way,surface,MISSING,Surface tag is recommended to assess accessibility
184148201,way,surface,MISSING,Surface tag is recommended to assess accessibility
184148202,way,surface,MISSING,Surface tag is recommended to assess accessibility
184148204,way,surface,MISSING,Surface tag is recommended to assess accessibility
184148207,way,surface,MISSING,Surface tag is recommended to assess accessibility
184148209,way,surface,MISSING,Surface tag is recommended to assess accessibility
184148210,way,surface,MISSING,Surface tag is recommended to assess accessibility
184148211,way,surface,MISSING,Surface tag is recommended to assess accessibility
184148212,way,surface,MISSING,Surface tag is recommended to assess accessibility
184148213,way,surface,MISSING,Surface tag is recommended to assess accessibility
184148215,way,surface,MISSING,Surface tag is recommended to assess accessibility
184148219,way,surface,MISSING,Surface tag is recommended to assess accessibility
184148220,way,surface,MISSING,Surface tag is recommended to assess accessibility
184148221,way,surface,MISSING,Surface tag is recommended to assess accessibility
184148222,way,surface,MISSING,Surface tag is recommended to assess accessibility
184148223,way,surface,MISSING,Surface tag is recommended to assess accessibility
184148225,way,surface,MISSING,Surface tag is recommended to assess accessibility
184148226,way,surface,MISSING,Surface tag is recommended to assess accessibility
184148227,way,surface,MISSING,Surface tag is recommended to assess accessibility
184148228,way,surface,MISSING,Surface tag is recommended to assess accessibility
184148230,way,surface,MISSING,Surface tag is recommended to assess accessibility
184148232,way,surface,MISSING,Surface tag is recommended to assess accessibility
184148233,way,surface,MISSING,Surface tag is recommended to assess accessibility
184148234,way,surface,MISSING,Surface tag is recommended to assess accessibility
184148236,way,surface,MISSING,Surface tag is recommended to assess accessibility
184148237,way,surface,MISSING,Surface tag is recommended to assess accessibility
184148239,way,surface,MISSING,Surface tag is recommended to assess accessibility
184148254,way,surface,MISSING,Surface tag is recommended to assess accessibility
184148259,way,surface,MISSING,Surface tag is recommended to assess accessibility
184148265,way,surface,MISSING,Surface tag is recommended to assess accessibility
184148282,way,surface,MISSING,Surface tag is recommended to assess accessibility
184148283,way,surface,MISSING,Surface tag is recommended to assess accessibility
184148284,way,surface,MISSING,Surface tag is recommended to assess accessibility
184148285,way,surface,MISSING,Surface tag is recommended to assess accessibility
184148286,way,surface,MISSING,Surface tag is recommended to assess accessibility
184148287,way,surface,MISSING,Surface tag is recommended to assess accessibility
184148288,way,surface,MISSING,Surface tag is recommended to assess accessibility
184148289,way,surface,MISSING,Surface tag is recommended to assess accessibility
184148290,way,surface,MISSING,Surface tag is recommended to assess accessibility
184148291,way,surface,MISSING,Surface tag is recommended to assess accessibility
184148292,way,surface,MISSING,Surface tag is recommended to assess accessibility
184148293,way,surface,MISSING,Surface tag is recommended to assess accessibility
184148294,way,surface,MISSING,Surface tag is recommended to assess accessibility
184148295,way,surface,MISSING,Surface tag is recommended to assess accessibility
184148296,way,surface,MISSING,Surface tag is recommended to assess accessibility
184148299,way,surface,MISSING,Surface tag is recommended to assess accessibility
185742577,way,surface,MISSING,Surface tag is recommended to assess accessibility
185742578,way,surface,MISSING,Surface tag is recommended to assess accessibility
185742579,way,surface,MISSING,Surface tag is recommended to assess accessibility
185742580,way,surface,MISSING,Surface tag is recommended to assess accessibility
185742581,way,surface,MISSING,Surface tag is recommended to assess accessibility
185742582,way,surface,MISSING,Surface tag is recommended to assess accessibility
185742589,way,surface,MISSING,Surface tag is recommended to assess accessibility
185986370,way,surface,MISSING,Surface tag is recommended to assess accessibility
185986373,way,surface,MISSING,Surface tag is recommended to assess accessibility
185986376,way,surface,MISSING,Surface tag is recommended to assess accessibility
185986380,way,surface,MISSING,Surface tag is recommended to assess accessibility
185986385,way,surface,MISSING,Surface tag is recommended to assess accessibility
185986387,way,surface,MISSING,Surface tag is recommended to assess accessibility
185986389,way,surface,MISSING,Surface tag is recommended to assess accessibility
185986391,way,surface,MISSING,Surface tag is recommended to assess accessibility
185986418,way,surface,MISSING,Surface tag is recommended to assess accessibility
185986424,way,surface,MISSING,Surface tag is recommended to assess accessibility
185986426,way,surface,MISSING,Surface tag is recommended to assess accessibility
185986429,way,surface,MISSING,Surface tag is recommended to assess accessibility
185986432,way,surface,MISSING,Surface tag is recommended to assess accessibility
186087150,way,surface,MISSING,Surface tag is recommended to assess accessibility
186087151,way,surface,MISSING,Surface tag is recommended to assess accessibility
186087152,way,surface,MISSING,Surface tag is recommended to assess accessibility
186087153,way,surface,MISSING,Surface tag is recommended to assess accessibility
188458704,way,surface,MISSING,Surface tag is recommended to assess accessibility
188458706,way,surface,MISSING,Surface tag is recommended to assess accessibility
188464550,way,surface,MISSING,Surface tag is recommended to assess accessibility
188464551,way,surface,MISSING,Surface tag is recommended to assess accessibility
189166604,way,surface,MISSING,Surface tag is recommended to assess accessibility
189166606,way,surface,MISSING,Surface tag is recommended to assess accessibility
189166608,way,surface,MISSING,Surface tag is recommended to assess accessibility
189166609,way,surface,MISSING,Surface tag is recommended to assess accessibility
189166610,way,surface,MISSING,Surface tag is recommended to assess accessibility
189166611,way,surface,MISSING,Surface tag is recommended to assess accessibility
189166614,way,surface,MISSING,Surface tag is recommended to assess accessibility
189166617,way,surface,MISSING,Surface tag is recommended to assess accessibility
189166618,way,surface,MISSING,Surface tag is recommended to assess accessibility
189166620,way,surface,MISSING,Surface tag is recommended to assess accessibility
189166621,way,surface,MISSING,Surface tag is recommended to assess accessibility
189166622,way,surface,MISSING,Surface tag is recommended to assess accessibility
189166625,way,surface,MISSING,Surface tag is recommended to assess accessibility
189166626,way,surface,MISSING,Surface tag is recommended to assess accessibility
189166627,way,surface,MISSING,Surface tag is recommended to assess accessibility
189166632,way,surface,MISSING,Surface tag is recommended to assess accessibility
189166633,way,surface,MISSING,Surface tag is recommended to assess accessibility
189166634,way,surface,MISSING,Surface tag is recommended to assess accessibility
189166635,way,surface,MISSING,Surface tag is recommended to assess accessibility
189166636,way,surface,MISSING,Surface tag is recommended to assess accessibility
189166648,way,surface,MISSING,Surface tag is recommended to assess accessibility
189166650,way,surface,MISSING,Surface tag is recommended to assess accessibility
189166656,way,surface,MISSING,Surface tag is recommended to assess accessibility
189166664,way,surface,MISSING,Surface tag is recommended to assess accessibility
189166676,way,surface,MISSING,Surface tag is recommended to assess accessibility
189166680,way,surface,MISSING,Surface tag is recommended to assess accessibility
189166683,way,surface,MISSING,Surface tag is recommended to assess accessibility
189166685,way,surface,MISSING,Surface tag is recommended to assess accessibility
189166698,way,surface,MISSING,Surface tag is recommended to assess accessibility
189166700,way,surface,MISSING,Surface tag is recommended to assess accessibility
189166702,way,surface,MISSING,Surface tag is recommended to assess accessibility
189166704,way,surface,MISSING,Surface tag is recommended to assess accessibility
189166707,way,surface,MISSING,Surface tag is recommended to assess accessibility
189166710,way,surface,MISSING,Surface tag is recommended to assess accessibility
189166712,way,surface,MISSING,Surface tag is recommended to assess accessibility
189473298,way,surface,MISSING,Surface tag is recommended to assess accessibility
189473300,way,surface,MISSING,Surface tag is recommended to assess accessibility
189476256,way,surface,MISSING,Surface tag is recommended to assess accessibility
189476259,way,surface,MISSING,Surface tag is recommended to assess accessibility
189476261,way,surface,MISSING,Surface tag is recommended to assess accessibility
189476263,way,surface,MISSING,Surface tag is recommended to assess accessibility
189476265,way,surface,MISSING,Surface tag is recommended to assess accessibility
189476266,way,surface,MISSING,Surface tag is recommended to assess accessibility
189476267,way,surface,MISSING,Surface tag is recommended to assess accessibility
189476271,way,surface,MISSING,Surface tag is recommended to assess accessibility
189476273,way,surface,MISSING,Surface tag is recommended to assess accessibility
189476275,way,surface,MISSING,Surface tag is recommended to assess accessibility
189476277,way,surface,MISSING,Surface tag is recommended to assess accessibility
189476278,way,surface,MISSING,Surface tag is recommended to assess accessibility
189476279,way,surface,MISSING,Surface tag is recommended to assess accessibility
189477961,way,surface,MISSING,Surface tag is recommended to assess accessibility
189477963,way,surface,MISSING,Surface tag is recommended to assess accessibility
189477964,way,surface,MISSING,Surface tag is recommended to assess accessibility
189477965,way,surface,MISSING,Surface tag is recommended to assess accessibility
189477966,way,surface,MISSING,Surface tag is recommended to assess accessibility
189477967,way,surface,MISSING,Surface tag is recommended to assess accessibility
189477969,way,surface,MISSING,Surface tag is recommended to assess accessibility
189477970,way,surface,MISSING,Surface tag is recommended to assess accessibility
189477972,way,surface,MISSING,Surface tag is recommended to assess accessibility
189477973,way,surface,MISSING,Surface tag is recommended to assess accessibility
189477974,way,surface,MISSING,Surface tag is recommended to assess accessibility
189477976,way,surface,MISSING,Surface tag is recommended to assess accessibility
189477978,way,surface,MISSING,Surface tag is recommended to assess accessibility
189477979,way,surface,MISSING,Surface tag is recommended to assess accessibility
189477980,way,surface,MISSING,Surface tag is recommended to assess accessibility
189477981,way,surface,MISSING,Surface tag is recommended to assess accessibility
189477982,way,surface,MISSING,Surface tag is recommended to assess accessibility
189477992,way,surface,MISSING,Surface tag is recommended to assess accessibility
189477999,way,surface,MISSING,Surface tag is recommended to assess accessibility
189478001,way,surface,MISSING,Surface tag is recommended to assess accessibility
189478002,way,surface,MISSING,Surface tag is recommended to assess accessibility
189478003,way,surface,MISSING,Surface tag is recommended to assess accessibility
189478005,way,surface,MISSING,Surface tag is recommended to assess accessibility
189478006,way,surface,MISSING,Surface tag is recommended to assess accessibility
189478007,way,surface,MISSING,Surface tag is recommended to assess accessibility
189478008,way,surface,MISSING,Surface tag is recommended to assess accessibility
189478009,way,surface,MISSING,Surface tag is recommended to assess accessibility
189479192,way,surface,MISSING,Surface tag is recommended to assess accessibility
189479193,way,surface,MISSING,Surface tag is recommended to assess accessibility
189479195,way,surface,MISSING,Surface tag is recommended to assess accessibility
189479198,way,surface,MISSING,Surface tag is recommended to assess accessibility
190155766,way,surface,MISSING,Surface tag is recommended to assess accessibility
190155767,way,surface,MISSING,Surface tag is recommended to assess accessibility
190155771,way,surface,MISSING,Surface tag is recommended to assess accessibility
190155772,way,surface,MISSING,Surface tag is recommended to assess accessibility
190155774,way,surface,MISSING,Surface tag is recommended to assess accessibility
190155775,way,surface,MISSING,Surface tag is recommended to assess accessibility
190155778,way,surface,MISSING,Surface tag is recommended to assess accessibility
190155781,way,surface,MISSING,Surface tag is recommended to assess accessibility
190155782,way,surface,MISSING,Surface tag is recommended to assess accessibility
190155783,way,surface,MISSING,Surface tag is recommended to assess accessibility
190155785,way,surface,MISSING,Surface tag is recommended to assess accessibility
190155786,way,surface,MISSING,Surface tag is recommended to assess accessibility
190155787,way,surface,MISSING,Surface tag is recommended to assess accessibility
190155788,way,surface,MISSING,Surface tag is recommended to assess accessibility
190155789,way,surface,MISSING,Surface tag is recommended to assess accessibility
190155790,way,surface,MISSING,Surface tag is recommended to assess accessibility
190155807,way,surface,MISSING,Surface tag is recommended to assess accessibility
190155811,way,surface,MISSING,Surface tag is recommended to assess accessibility
190155812,way,surface,MISSING,Surface tag is recommended to assess accessibility
190155813,way,surface,MISSING,Surface tag is recommended to assess accessibility
191667262,way,surface,MISSING,Surface tag is recommended to assess accessibility
191667263,way,surface,MISSING,Surface tag is recommended to assess accessibility
191667264,way,surface,MISSING,Surface tag is recommended to assess accessibility
191667265,way,surface,MISSING,Surface tag is recommended to assess accessibility
191667266,way,surface,MISSING,Surface tag is recommended to assess accessibility
191667267,way,surface,MISSING,Surface tag is recommended to assess accessibility
191667268,way,surface,MISSING,Surface tag is recommended to assess accessibility
191667269,way,surface,MISSING,Surface tag is recommended to assess accessibility
191667272,way,surface,MISSING,Surface tag is recommended to assess accessibility
191667284,way,surface,MISSING,Surface tag is recommended to assess accessibility
191672766,way,surface,MISSING,Surface tag is recommended to assess accessibility
191672767,way,surface,MISSING,Surface tag is recommended to assess accessibility
191672768,way,surface,MISSING,Surface tag is recommended to assess accessibility
191672769,way,surface,MISSING,Surface tag is recommended to assess accessibility
191672770,way,surface,MISSING,Surface tag is recommended to assess accessibility
191672771,way,surface,MISSING,Surface tag is recommended to assess accessibility
191672776,way,surface,MISSING,Surface tag is recommended to assess accessibility
191672777,way,surface,MISSING,Surface tag is recommended to assess accessibility
191861020,way,surface,MISSING,Surface tag is recommended to assess accessibility
191861021,way,surface,MISSING,Surface tag is recommended to assess accessibility
191861022,way,surface,MISSING,Surface tag is recommended to assess accessibility
191861023,way,surface,MISSING,Surface tag is recommended to assess accessibility
191861024,way,surface,MISSING,Surface tag is recommended to assess accessibility
191861026,way,surface,MISSING,Surface tag is recommended to assess accessibility
192031179,way,surface,MISSING,Surface tag is recommended to assess accessibility
192031181,way,surface,MISSING,Surface tag is recommended to assess accessibility
192031182,way,surface,MISSING,Surface tag is recommended to assess accessibility
192031183,way,surface,MISSING,Surface tag is recommended to assess accessibility
192031184,way,surface,MISSING,Surface tag is recommended to assess accessibility
192031185,way,surface,MISSING,Surface tag is recommended to assess accessibility
192031186,way,surface,MISSING,Surface tag is recommended to assess accessibility
192031187,way,surface,MISSING,Surface tag is recommended to assess accessibility
192031188,way,surface,MISSING,Surface tag is recommended to assess accessibility
192031189,way,surface,MISSING,Surface tag is recommended to assess accessibility
192031190,way,surface,MISSING,Surface tag is recommended to assess accessibility
192031191,way,surface,MISSING,Surface tag is recommended to assess accessibility
192031192,way,surface,MISSING,Surface tag is recommended to assess accessibility
192031193,way,surface,MISSING,Surface tag is recommended to assess accessibility
192031194,way,surface,MISSING,Surface tag is recommended to assess accessibility
192031195,way,surface,MISSING,Surface tag is recommended to assess accessibility
192031196,way,surface,MISSING,Surface tag is recommended to assess accessibility
192031197,way,surface,MISSING,Surface tag is recommended to assess accessibility
192031198,way,surface,MISSING,Surface tag is recommended to assess accessibility
192031199,way,surface,MISSING,Surface tag is recommended to assess accessibility
192031201,way,surface,MISSING,Surface tag is recommended to assess accessibility
192031202,way,surface,MISSING,Surface tag is recommended to assess accessibility
192031203,way,surface,MISSING,Surface tag is recommended to assess accessibility
192031207,way,surface,MISSING,Surface tag is recommended to assess accessibility
192031214,way,surface,MISSING,Surface tag is recommended to assess accessibility
192031217,way,surface,MISSING,Surface tag is recommended to assess accessibility
192031232,way,surface,MISSING,Surface tag is recommended to assess accessibility
192031233,way,surface,MISSING,Surface tag is recommended to assess accessibility
192031236,way,surface,MISSING,Surface tag is recommended to assess accessibility
192031237,way,surface,MISSING,Surface tag is recommended to assess accessibility
192031238,way,surface,MISSING,Surface tag is recommended to assess accessibility
192031239,way,surface,MISSING,Surface tag is recommended to assess accessibility
192031240,way,surface,MISSING,Surface tag is recommended to assess accessibility
192031241,way,surface,MISSING,Surface tag is recommended to assess accessibility
192226618,way,surface,MISSING,Surface tag is recommended to assess accessibility
192226619,way,surface,MISSING,Surface tag is recommended to assess accessibility
192226620,way,surface,MISSING,Surface tag is recommended to assess accessibility
192226621,way,surface,MISSING,Surface tag is recommended to assess accessibility
192226622,way,surface,MISSING,Surface tag is recommended to assess accessibility
192226623,way,surface,MISSING,Surface tag is recommended to assess accessibility
192226624,way,surface,MISSING,Surface tag is recommended to assess accessibility
192226625,way,surface,MISSING,Surface tag is recommended to assess accessibility
192226626,way,surface,MISSING,Surface tag is recommended to assess accessibility
192227263,way,surface,MISSING,Surface tag is recommended to assess accessibility
192227264,way,surface,MISSING,Surface tag is recommended to assess accessibility
192227434,way,surface,MISSING,Surface tag is recommended to assess accessibility
192227438,way,surface,MISSING,Surface tag is recommended to assess accessibility
192227439,way,surface,MISSING,Surface tag is recommended to assess accessibility
192579887,way,surface,MISSING,Surface tag is recommended to assess accessibility
192579888,way,surface,MISSING,Surface tag is recommended to assess accessibility
192579890,way,surface,MISSING,Surface tag is recommended to assess accessibility
192579891,way,surface,MISSING,Surface tag is recommended to assess accessibility
192579893,way,surface,MISSING,Surface tag is recommended to assess accessibility
192579894,way,surface,MISSING,Surface tag is recommended to assess accessibility
192579895,way,surface,MISSING,Surface tag is recommended to assess accessibility
192579896,way,surface,MISSING,Surface tag is recommended to assess accessibility
192579897,way,surface,MISSING,Surface tag is recommended to assess accessibility
192579898,way,surface,MISSING,Surface tag is recommended to assess accessibility
192579899,way,surface,MISSING,Surface tag is recommended to assess accessibility
192579900,way,surface,MISSING,Surface tag is recommended to assess accessibility
192579901,way,surface,MISSING,Surface tag is recommended to assess accessibility
192579903,way,surface,MISSING,Surface tag is recommended to assess accessibility
192579904,way,surface,MISSING,Surface tag is recommended to assess accessibility
192579905,way,surface,MISSING,Surface tag is recommended to assess accessibility
192579906,way,surface,MISSING,Surface tag is recommended to assess accessibility
192579907,way,surface,MISSING,Surface tag is recommended to assess accessibility
192579908,way,surface,MISSING,Surface tag is recommended to assess accessibility
192579920,way,surface,MISSING,Surface tag is recommended to assess accessibility
192579939,way,surface,MISSING,Surface tag is recommended to assess accessibility
192579941,way,surface,MISSING,Surface tag is recommended to assess accessibility
192579942,way,surface,MISSING,Surface tag is recommended to assess accessibility
192579943,way,surface,MISSING,Surface tag is recommended to assess accessibility
192579945,way,surface,MISSING,Surface tag is recommended to assess accessibility
192579946,way,surface,MISSING,Surface tag is recommended to assess accessibility
192579947,way,surface,MISSING,Surface tag is recommended to assess accessibility
192579948,way,surface,MISSING,Surface tag is recommended to assess accessibility
192579949,way,surface,MISSING,Surface tag is recommended to assess accessibility
192579950,way,surface,MISSING,Surface tag is recommended to assess accessibility
192579951,way,surface,MISSING,Surface tag is recommended to assess accessibility
192579952,way,surface,MISSING,Surface tag is recommended to assess accessibility
192579953,way,surface,MISSING,Surface tag is recommended to assess accessibility
192579954,way,surface,MISSING,Surface tag is recommended to assess accessibility
192579955,way,surface,MISSING,Surface tag is recommended to assess accessibility
192579956,way,surface,MISSING,Surface tag is recommended to assess accessibility
192579957,way,surface,MISSING,Surface tag is recommended to assess accessibility
192579958,way,surface,MISSING,Surface tag is recommended to assess accessibility
192579959,way,surface,MISSING,Surface tag is recommended to assess accessibility
192581328,way,surface,MISSING,Surface tag is recommended to assess accessibility
192581333,way,surface,MISSING,Surface tag is recommended to assess accessibility
192581338,way,surface,MISSING,Surface tag is recommended to assess accessibility
192581339,way,surface,MISSING,Surface tag is recommended to assess accessibility
192581342,way,surface,MISSING,Surface tag is recommended to assess accessibility
195089122,way,surface,MISSING,Surface tag is recommended to assess accessibility
195089124,way,surface,MISSING,Surface tag is recommended to assess accessibility
195089125,way,surface,MISSING,Surface tag is recommended to assess accessibility
195089126,way,surface,MISSING,Surface tag is recommended to assess accessibility
195089127,way,surface,MISSING,Surface tag is recommended to assess accessibility
195089131,way,surface,MISSING,Surface tag is recommended to assess accessibility
196291838,way,surface,MISSING,Surface tag is recommended to assess accessibility
197773494,way,surface,MISSING,Surface tag is recommended to assess accessibility
197773498,way,surface,MISSING,Surface tag is recommended to assess accessibility
197773500,way,surface,MISSING,Surface tag is recommended to assess accessibility
197773516,way,surface,MISSING,Surface tag is recommended to assess accessibility
197773521,way,surface,MISSING,Surface tag is recommended to assess accessibility
197773530,way,surface,MISSING,Surface tag is recommended to assess accessibility
197773539,way,surface,MISSING,Surface tag is recommended to assess accessibility
197773542,way,surface,MISSING,Surface tag is recommended to assess accessibility
197775728,way,surface,MISSING,Surface tag is recommended to assess accessibility
199074910,way,surface,MISSING,Surface tag is recommended to assess accessibility
199074911,way,surface,MISSING,Surface tag is recommended to assess accessibility
199074912,way,surface,MISSING,Surface tag is recommended to assess accessibility
199074913,way,surface,MISSING,Surface tag is recommended to assess accessibility
199074914,way,surface,MISSING,Surface tag is recommended to assess accessibility
199074915,way,surface,MISSING,Surface tag is recommended to assess accessibility
199074916,way,surface,MISSING,Surface tag is recommended to assess accessibility
199074917,way,surface,MISSING,Surface tag is recommended to assess accessibility
199074918,way,surface,MISSING,Surface tag is recommended to assess accessibility
199074919,way,surface,MISSING,Surface tag is recommended to assess accessibility
199074920,way,surface,MISSING,Surface tag is recommended to assess accessibility
199074921,way,surface,MISSING,Surface tag is recommended to assess accessibility
199074922,way,surface,MISSING,Surface tag is recommended to assess accessibility
199074923,way,surface,MISSING,Surface tag is recommended to assess accessibility
199074926,way,surface,MISSING,Surface tag is recommended to assess accessibility
199074927,way,surface,MISSING,Surface tag is recommended to assess accessibility
199074928,way,surface,MISSING,Surface tag is recommended to assess accessibility
199074929,way,surface,MISSING,Surface tag is recommended to assess accessibility
199074930,way,surface,MISSING,Surface tag is recommended to assess accessibility
199074931,way,surface,MISSING,Surface tag is recommended to assess accessibility
199074932,way,surface,MISSING,Surface tag is recommended to assess accessibility
199074933,way,surface,MISSING,Surface tag is recommended to assess accessibility
199074934,way,surface,MISSING,Surface tag is recommended to assess accessibility
199074936,way,surface,MISSING,Surface tag is recommended to assess accessibility
199074945,way,surface,MISSING,Surface tag is recommended to assess accessibility
199074953,way,surface,MISSING,Surface tag is recommended to assess accessibility
199074959,way,surface,MISSING,Surface tag is recommended to assess accessibility
199074965,way,surface,MISSING,Surface tag is recommended to assess accessibility
199074966,way,surface,MISSING,Surface tag is recommended to assess accessibility
199074967,way,surface,MISSING,Surface tag is recommended to assess accessibility
199074968,way,surface,MISSING,Surface tag is recommended to assess accessibility
199074969,way,surface,MISSING,Surface tag is recommended to assess accessibility
199074970,way,surface,MISSING,Surface tag is recommended to assess accessibility
199080214,way,surface,MISSING,Surface tag is recommended to assess accessibility
199080215,way,surface,MISSING,Surface tag is recommended to assess accessibility
199080216,way,surface,MISSING,Surface tag is recommended to assess accessibility
199080217,way,surface,MISSING,Surface tag is recommended to assess accessibility
199080218,way,surface,MISSING,Surface tag is recommended to assess accessibility
199080219,way,surface,MISSING,Surface tag is recommended to assess accessibility
199080220,way,surface,MISSING,Surface tag is recommended to assess accessibility
199080221,way,surface,MISSING,Surface tag is recommended to assess accessibility
199080222,way,surface,MISSING,Surface tag is recommended to assess accessibility
199080228,way,surface,MISSING,Surface tag is recommended to assess accessibility
199080229,way,surface,MISSING,Surface tag is recommended to assess accessibility
199080232,way,surface,MISSING,Surface tag is recommended to assess accessibility
199080233,way,surface,MISSING,Surface tag is recommended to assess accessibility
199080234,way,surface,MISSING,Surface tag is recommended to assess accessibility
199137812,way,surface,MISSING,Surface tag is recommended to assess accessibility
199137813,way,surface,MISSING,Surface tag is recommended to assess accessibility
199137814,way,surface,MISSING,Surface tag is recommended to assess accessibility
199137815,way,surface,MISSING,Surface tag is recommended to assess accessibility
199137816,way,surface,MISSING,Surface tag is recommended to assess accessibility
199137823,way,surface,MISSING,Surface tag is recommended to assess accessibility
199137828,way,surface,MISSING,Surface tag is recommended to assess accessibility
199138495,way,surface,MISSING,Surface tag is recommended to assess accessibility
200539095,way,surface,MISSING,Surface tag is recommended to assess accessibility
200539096,way,surface,MISSING,Surface tag is recommended to assess accessibility
200539102,way,surface,MISSING,Surface tag is recommended to assess accessibility
200539106,way,surface,MISSING,Surface tag is recommended to assess accessibility
200539107,way,surface,MISSING,Surface tag is recommended to assess accessibility
200539108,way,surface,MISSING,Surface tag is recommended to assess accessibility
200539109,way,surface,MISSING,Surface tag is recommended to assess accessibility
200539122,way,surface,MISSING,Surface tag is recommended to assess accessibility
200539123,way,surface,MISSING,Surface tag is recommended to assess accessibility
200539124,way,surface,MISSING,Surface tag is recommended to assess accessibility
200539131,way,surface,MISSING,Surface tag is recommended to assess accessibility
200539132,way,surface,MISSING,Surface tag is recommended to assess accessibility
200539133,way,surface,MISSING,Surface tag is recommended to assess accessibility
200539134,way,surface,MISSING,Surface tag is recommended to assess accessibility
200540811,way,surface,MISSING,Surface tag is recommended to assess accessibility
200540813,way,surface,MISSING,Surface tag is recommended to assess accessibility
200540814,way,surface,MISSING,Surface tag is recommended to assess accessibility
200551552,way,surface,MISSING,Surface tag is recommended to assess accessibility
200551553,way,surface,MISSING,Surface tag is recommended to assess accessibility
200551554,way,surface,MISSING,Surface tag is recommended to assess accessibility
200551555,way,surface,MISSING,Surface tag is recommended to assess accessibility
200551556,way,surface,MISSING,Surface tag is recommended to assess accessibility
200551564,way,surface,MISSING,Surface tag is recommended to assess accessibility
200551565,way,surface,MISSING,Surface tag is recommended to assess accessibility
200738233,way,surface,MISSING,Surface tag is recommended to assess accessibility
200738234,way,surface,MISSING,Surface tag is recommended to assess accessibility
200738235,way,surface,MISSING,Surface tag is recommended to assess accessibility
200738236,way,surface,MISSING,Surface tag is recommended to assess accessibility
200738237,way,surface,MISSING,Surface tag is recommended to assess accessibility
200875391,way,surface,MISSING,Surface tag is recommended to assess accessibility
200875393,way,surface,MISSING,Surface tag is recommended to assess accessibility
200875394,way,surface,MISSING,Surface tag is recommended to assess accessibility
200875399,way,surface,MISSING,Surface tag is recommended to assess accessibility
200875405,way,surface,MISSING,Surface tag is recommended to assess accessibility
200876343,way,surface,MISSING,Surface tag is recommended to assess accessibility
200876344,way,surface,MISSING,Surface tag is recommended to assess accessibility
200876345,way,surface,MISSING,Surface tag is recommended to assess accessibility
200876346,way,surface,MISSING,Surface tag is recommended to assess accessibility
200876347,way,surface,MISSING,Surface tag is recommended to assess accessibility
202058564,way,surface,MISSING,Surface tag is recommended to assess accessibility
203052704,way,surface,MISSING,Surface tag is recommended to assess accessibility
203052706,way,surface,MISSING,Surface tag is recommended to assess accessibility
203052710,way,surface,MISSING,Surface tag is recommended to assess accessibility
203052711,way,surface,MISSING,Surface tag is recommended to assess accessibility
203052712,way,surface,MISSING,Surface tag is recommended to assess accessibility
204802187,way,surface,MISSING,Surface tag is recommended to assess accessibility
204802189,way,surface,MISSING,Surface tag is recommended to assess accessibility
204802190,way,surface,MISSING,Surface tag is recommended to assess accessibility
204802192,way,surface,MISSING,Surface tag is recommended to assess accessibility
204802193,way,surface,MISSING,Surface tag is recommended to assess accessibility
204802195,way,surface,MISSING,Surface tag is recommended to assess accessibility
204802196,way,surface,MISSING,Surface tag is recommended to assess accessibility
204802197,way,surface,MISSING,Surface tag is recommended to assess accessibility
204802200,way,surface,MISSING,Surface tag is recommended to assess accessibility
204802207,way,surface,MISSING,Surface tag is recommended to assess accessibility
204802208,way,surface,MISSING,Surface tag is recommended to assess accessibility
204802209,way,surface,MISSING,Surface tag is recommended to assess accessibility
204802210,way,surface,MISSING,Surface tag is recommended to assess accessibility
204802211,way,surface,MISSING,Surface tag is recommended to assess accessibility
204802213,way,surface,MISSING,Surface tag is recommended to assess accessibility
204802215,way,surface,MISSING,Surface tag is recommended to assess accessibility
204802216,way,surface,MISSING,Surface tag is recommended to assess accessibility
204802217,way,surface,MISSING,Surface tag is recommended to assess accessibility
204802218,way,surface,MISSING,Surface tag is recommended to assess accessibility
204802220,way,surface,MISSING,Surface tag is recommended to assess accessibility
204802221,way,surface,MISSING,Surface tag is recommended to assess accessibility
204802222,way,surface,MISSING,Surface tag is recommended to assess accessibility
204802223,way,surface,MISSING,Surface tag is recommended to assess accessibility
204802224,way,surface,MISSING,Surface tag is recommended to assess accessibility
204802225,way,surface,MISSING,Surface tag is recommended to assess accessibility
204802227,way,surface,MISSING,Surface tag is recommended to assess accessibility
204802228,way,surface,MISSING,Surface tag is recommended to assess accessibility
204802229,way,surface,MISSING,Surface tag is recommended to assess accessibility
204802231,way,surface,MISSING,Surface tag is recommended to assess accessibility
204802232,way,surface,MISSING,Surface tag is recommended to assess accessibility
204802234,way,surface,MISSING,Surface tag is recommended to assess accessibility
204802235,way,surface,MISSING,Surface tag is recommended to assess accessibility
204802236,way,surface,MISSING,Surface tag is recommended to assess accessibility
204802237,way,surface,MISSING,Surface tag is recommended to assess accessibility
204802239,way,surface,MISSING,Surface tag is recommended to assess accessibility
204802240,way,surface,MISSING,Surface tag is recommended to assess accessibility
204802241,way,surface,MISSING,Surface tag is recommended to assess accessibility
204802242,way,surface,MISSING,Surface tag is recommended to assess accessibility
204802244,way,surface,MISSING,Surface tag is recommended to assess accessibility
204802245,way,surface,MISSING,Surface tag is recommended to assess accessibility
204802270,way,surface,MISSING,Surface tag is recommended to assess accessibility
204802282,way,surface,MISSING,Surface tag is recommended to assess accessibility
204802286,way,surface,MISSING,Surface tag is recommended to assess accessibility
204802287,way,surface,MISSING,Surface tag is recommended to assess accessibility
204802289,way,surface,MISSING,Surface tag is recommended to assess accessibility
204802291,way,surface,MISSING,Surface tag is recommended to assess accessibility
204802293,way,surface,MISSING,Surface tag is recommended to assess accessibility
204802297,way,surface,MISSING,Surface tag is recommended to assess accessibility
204802299,way,surface,MISSING,Surface tag is recommended to assess accessibility
204802304,way,surface,MISSING,Surface tag is recommended to assess accessibility
204802305,way,surface,MISSING,Surface tag is recommended to assess accessibility
204802306,way,surface,MISSING,Surface tag is recommended to assess accessibility
204802308,way,surface,MISSING,Surface tag is recommended to assess accessibility
204802309,way,surface,MISSING,Surface tag is recommended to assess accessibility
205724616,way,surface,MISSING,Surface tag is recommended to assess accessibility
206831442,way,surface,MISSING,Surface tag is recommended to assess accessibility
206831443,way,surface,MISSING,Surface tag is recommended to assess accessibility
206831446,way,surface,MISSING,Surface tag is recommended to assess accessibility
206831453,way,surface,MISSING,Surface tag is recommended to assess accessibility
206831454,way,surface,MISSING,Surface tag is recommended to assess accessibility
206831456,way,surface,MISSING,Surface tag is recommended to assess accessibility
206831457,way,surface,MISSING,Surface tag is recommended to assess accessibility
206831458,way,surface,MISSING,Surface tag is recommended to assess accessibility
206831459,way,surface,MISSING,Surface tag is recommended to assess accessibility
206834427,way,surface,MISSING,Surface tag is recommended to assess accessibility
206834428,way,surface,MISSING,Surface tag is recommended to assess accessibility
206834429,way,surface,MISSING,Surface tag is recommended to assess accessibility
206834430,way,surface,MISSING,Surface tag is recommended to assess accessibility
206834431,way,surface,MISSING,Surface tag is recommended to assess accessibility
206834432,way,surface,MISSING,Surface tag is recommended to assess accessibility
206834433,way,surface,MISSING,Surface tag is recommended to assess accessibility
206834434,way,surface,MISSING,Surface tag is recommended to assess accessibility
206834435,way,surface,MISSING,Surface tag is recommended to assess accessibility
206834436,way,surface,MISSING,Surface tag is recommended to assess accessibility
206834437,way,surface,MISSING,Surface tag is recommended to assess accessibility
206834438,way,surface,MISSING,Surface tag is recommended to assess accessibility
206834439,way,surface,MISSING,Surface tag is recommended to assess accessibility
206834440,way,surface,MISSING,Surface tag is recommended to assess accessibility
206834441,way,surface,MISSING,Surface tag is recommended to assess accessibility
206834442,way,surface,MISSING,Surface tag is recommended to assess accessibility
206834443,way,surface,MISSING,Surface tag is recommended to assess accessibility
206834457,way,surface,MISSING,Surface tag is recommended to assess accessibility
206834459,way,surface,MISSING,Surface tag is recommended to assess accessibility
206834460,way,surface,MISSING,Surface tag is recommended to assess accessibility
206834461,way,surface,MISSING,Surface tag is recommended to assess accessibility
206834462,way,surface,MISSING,Surface tag is recommended to assess accessibility
206834463,way,surface,MISSING,Surface tag is recommended to assess accessibility
206836481,way,surface,MISSING,Surface tag is recommended to assess accessibility
206839821,way,surface,MISSING,Surface tag is recommended to assess accessibility
206839823,way,surface,MISSING,Surface tag is recommended to assess accessibility
206839825,way,surface,MISSING,Surface tag is recommended to assess accessibility
206839827,way,surface,MISSING,Surface tag is recommended to assess accessibility
206839829,way,surface,MISSING,Surface tag is recommended to assess accessibility
206839831,way,surface,MISSING,Surface tag is recommended to assess accessibility
206839832,way,surface,MISSING,Surface tag is recommended to assess accessibility
206839835,way,surface,MISSING,Surface tag is recommended to assess accessibility
206839836,way,surface,MISSING,Surface tag is recommended to assess accessibility
206839842,way,surface,MISSING,Surface tag is recommended to assess accessibility
206839843,way,surface,MISSING,Surface tag is recommended to assess accessibility
206839844,way,surface,MISSING,Surface tag is recommended to assess accessibility
206839853,way,surface,MISSING,Surface tag is recommended to assess accessibility
207899770,way,surface,MISSING,Surface tag is recommended to assess accessibility
207899771,way,surface,MISSING,Surface tag is recommended to assess accessibility
207899772,way,surface,MISSING,Surface tag is recommended to assess accessibility
207899773,way,surface,MISSING,Surface tag is recommended to assess accessibility
207899774,way,surface,MISSING,Surface tag is recommended to assess accessibility
207899775,way,surface,MISSING,Surface tag is recommended to assess accessibility
207899776,way,surface,MISSING,Surface tag is recommended to assess accessibility
207899777,way,surface,MISSING,Surface tag is recommended to assess accessibility
207899778,way,surface,MISSING,Surface tag is recommended to assess accessibility
207899779,way,surface,MISSING,Surface tag is recommended to assess accessibility
207899780,way,surface,MISSING,Surface tag is recommended to assess accessibility
207899781,way,surface,MISSING,Surface tag is recommended to assess accessibility
207899782,way,surface,MISSING,Surface tag is recommended to assess accessibility
207899784,way,surface,MISSING,Surface tag is recommended to assess accessibility
207899785,way,surface,MISSING,Surface tag is recommended to assess accessibility
207899786,way,surface,MISSING,Surface tag is recommended to assess accessibility
207899787,way,surface,MISSING,Surface tag is recommended to assess accessibility
207899789,way,surface,MISSING,Surface tag is recommended to assess accessibility
207899790,way,surface,MISSING,Surface tag is recommended to assess accessibility
207899791,way,surface,MISSING,Surface tag is recommended to assess accessibility
207899792,way,surface,MISSING,Surface tag is recommended to assess accessibility
207899793,way,surface,MISSING,Surface tag is recommended to assess accessibility
207899794,way,surface,MISSING,Surface tag is recommended to assess accessibility
207899795,way,surface,MISSING,Surface tag is recommended to assess accessibility
207899796,way,surface,MISSING,Surface tag is recommended to assess accessibility
207899797,way,surface,MISSING,Surface tag is recommended to assess accessibility
207899798,way,surface,MISSING,Surface tag is recommended to assess accessibility
207899799,way,surface,MISSING,Surface tag is recommended to assess accessibility
207899800,way,surface,MISSING,Surface tag is recommended to assess accessibility
207899801,way,surface,MISSING,Surface tag is recommended to assess accessibility
207899802,way,surface,MISSING,Surface tag is recommended to assess accessibility
207899803,way,surface,MISSING,Surface tag is recommended to assess accessibility
207899804,way,surface,MISSING,Surface tag is recommended to assess accessibility
207899805,way,surface,MISSING,Surface tag is recommended to assess accessibility
207899806,way,surface,MISSING,Surface tag is recommended to assess accessibility
207899808,way,surface,MISSING,Surface tag is recommended to assess accessibility
207899809,way,surface,MISSING,Surface tag is recommended to assess accessibility
207899825,way,surface,MISSING,Surface tag is recommended to assess accessibility
207899837,way,surface,MISSING,Surface tag is recommended to assess accessibility
207899838,way,surface,MISSING,Surface tag is recommended to assess accessibility
207899839,way,surface,MISSING,Surface tag is recommended to assess accessibility
207899849,way,surface,MISSING,Surface tag is recommended to assess accessibility
207899853,way,surface,MISSING,Surface tag is recommended to assess accessibility
207899860,way,surface,MISSING,Surface tag is recommended to assess accessibility
207899863,way,surface,MISSING,Surface tag is recommended to assess accessibility
207899865,way,surface,MISSING,Surface tag is recommended to assess accessibility
207899867,way,surface,MISSING,Surface tag is recommended to assess accessibility
207899869,way,surface,MISSING,Surface tag is recommended to assess accessibility
207899871,way,surface,MISSING,Surface tag is recommended to assess accessibility
207899873,way,surface,MISSING,Surface tag is recommended to assess accessibility
207899875,way,surface,MISSING,Surface tag is recommended to assess accessibility
207899877,way,surface,MISSING,Surface tag is recommended to assess accessibility
207899878,way,surface,MISSING,Surface tag is recommended to assess accessibility
207899879,way,surface,MISSING,Surface tag is recommended to assess accessibility
207899881,way,surface,MISSING,Surface tag is recommended to assess accessibility
207899882,way,surface,MISSING,Surface tag is recommended to assess accessibility
207899883,way,surface,MISSING,Surface tag is recommended to assess accessibility
207899884,way,surface,MISSING,Surface tag is recommended to assess accessibility
207899885,way,surface,MISSING,Surface tag is recommended to assess accessibility
207899886,way,surface,MISSING,Surface tag is recommended to assess accessibility
207899887,way,surface,MISSING,Surface tag is recommended to assess accessibility
208001236,way,surface,MISSING,Surface tag is recommended to assess accessibility
208001237,way,surface,MISSING,Surface tag is recommended to assess accessibility
208001238,way,surface,MISSING,Surface tag is recommended to assess accessibility
208001239,way,surface,MISSING,Surface tag is recommended to assess accessibility
208001240,way,surface,MISSING,Surface tag is recommended to assess accessibility
208001248,way,surface,MISSING,Surface tag is recommended to assess accessibility
208001250,way,surface,MISSING,Surface tag is recommended to assess accessibility
208425379,way,surface,MISSING,Surface tag is recommended to assess accessibility
208425380,way,surface,MISSING,Surface tag is recommended to assess accessibility
208425433,way,surface,MISSING,Surface tag is recommended to assess accessibility
208428435,way,surface,MISSING,Surface tag is recommended to assess accessibility
208428436,way,surface,MISSING,Surface tag is recommended to assess accessibility
208428437,way,surface,MISSING,Surface tag is recommended to assess accessibility
208428438,way,surface,MISSING,Surface tag is recommended to assess accessibility
210228766,way,surface,MISSING,Surface tag is recommended to assess accessibility
210228767,way,surface,MISSING,Surface tag is recommended to assess accessibility
210228768,way,surface,MISSING,Surface tag is recommended to assess accessibility
210228769,way,surface,MISSING,Surface tag is recommended to assess accessibility
210228770,way,surface,MISSING,Surface tag is recommended to assess accessibility
210228771,way,surface,MISSING,Surface tag is recommended to assess accessibility
210228772,way,surface,MISSING,Surface tag is recommended to assess accessibility
210228773,way,surface,MISSING,Surface tag is recommended to assess accessibility
210228774,way,surface,MISSING,Surface tag is recommended to assess accessibility
210228775,way,surface,MISSING,Surface tag is recommended to assess accessibility
210228783,way,surface,MISSING,Surface tag is recommended to assess accessibility
210228784,way,surface,MISSING,Surface tag is recommended to assess accessibility
210544420,way,surface,MISSING,Surface tag is recommended to assess accessibility
210544421,way,surface,MISSING,Surface tag is recommended to assess accessibility
210544422,way,surface,MISSING,Surface tag is recommended to assess accessibility
210544423,way,surface,MISSING,Surface tag is recommended to assess accessibility
210544424,way,surface,MISSING,Surface tag is recommended to assess accessibility
210544425,way,surface,MISSING,Surface tag is recommended to assess accessibility
210544426,way,surface,MISSING,Surface tag is recommended to assess accessibility
210544427,way,surface,MISSING,Surface tag is recommended to assess accessibility
210544435,way,surface,MISSING,Surface tag is recommended to assess accessibility
210544436,way,surface,MISSING,Surface tag is recommended to assess accessibility
210544437,way,surface,MISSING,Surface tag is recommended to assess accessibility
210544439,way,surface,MISSING,Surface tag is recommended to assess accessibility
210544843,way,surface,MISSING,Surface tag is recommended to assess accessibility
210544845,way,surface,MISSING,Surface tag is recommended to assess accessibility
210544846,way,surface,MISSING,Surface tag is recommended to assess accessibility
210544847,way,surface,MISSING,Surface tag is recommended to assess accessibility
210544848,way,surface,MISSING,Surface tag is recommended to assess accessibility
210544849,way,surface,MISSING,Surface tag is recommended to assess accessibility
210544850,way,surface,MISSING,Surface tag is recommended to assess accessibility
210544851,way,surface,MISSING,Surface tag is recommended to assess accessibility
210544852,way,surface,MISSING,Surface tag is recommended to assess accessibility
210544853,way,surface,MISSING,Surface tag is recommended to assess accessibility
210544854,way,surface,MISSING,Surface tag is recommended to assess accessibility
210544855,way,surface,MISSING,Surface tag is recommended to assess accessibility
210544856,way,surface,MISSING,Surface tag is recommended to assess accessibility
210544857,way,surface,MISSING,Surface tag is recommended to assess accessibility
210544858,way,surface,MISSING,Surface tag is recommended to assess accessibility
210544859,way,surface,MISSING,Surface tag is recommended to assess accessibility
210544860,way,surface,MISSING,Surface tag is recommended to assess accessibility
210544861,way,surface,MISSING,Surface tag is recommended to assess accessibility
210544862,way,surface,MISSING,Surface tag is recommended to assess accessibility
210544863,way,surface,MISSING,Surface tag is recommended to assess accessibility
210544864,way,surface,MISSING,Surface tag is recommended to assess accessibility
210544865,way,surface,MISSING,Surface tag is recommended to assess accessibility
210544886,way,surface,MISSING,Surface tag is recommended to assess accessibility
210544887,way,surface,MISSING,Surface tag is recommended to assess accessibility
210544895,way,surface,MISSING,Surface tag is recommended to assess accessibility
210544896,way,surface,MISSING,Surface tag is recommended to assess accessibility
210544897,way,surface,MISSING,Surface tag is recommended to assess accessibility
210544898,way,surface,MISSING,Surface tag is recommended to assess accessibility
210544899,way,surface,MISSING,Surface tag is recommended to assess accessibility
210544900,way,surface,MISSING,Surface tag is recommended to assess accessibility
210544901,way,surface,MISSING,Surface tag is recommended to assess accessibility
210544902,way,surface,MISSING,Surface tag is recommended to assess accessibility
210544903,way,surface,MISSING,Surface tag is recommended to assess accessibility
210544904,way,surface,MISSING,Surface tag is recommended to assess accessibility
210544905,way,surface,MISSING,Surface tag is recommended to assess accessibility
210544906,way,surface,MISSING,Surface tag is recommended to assess accessibility
210544907,way,surface,MISSING,Surface tag is recommended to assess accessibility
210544908,way,surface,MISSING,Surface tag is recommended to assess accessibility
211840240,way,surface,MISSING,Surface tag is recommended to assess accessibility
211840242,way,surface,MISSING,Surface tag is recommended to assess accessibility
211840248,way,surface,MISSING,Surface tag is recommended to assess accessibility
211840249,way,surface,MISSING,Surface tag is recommended to assess accessibility
211840250,way,surface,MISSING,Surface tag is recommended to assess accessibility
211840251,way,surface,MISSING,Surface tag is recommended to assess accessibility
211840252,way,surface,MISSING,Surface tag is recommended to assess accessibility
211840253,way,surface,MISSING,Surface tag is recommended to assess accessibility
211840254,way,surface,MISSING,Surface tag is recommended to assess accessibility
211840256,way,surface,MISSING,Surface tag is recommended to assess accessibility
211840261,way,surface,MISSING,Surface tag is recommended to assess accessibility
211840262,way,surface,MISSING,Surface tag is recommended to assess accessibility
211840264,way,surface,MISSING,Surface tag is recommended to assess accessibility
211840270,way,surface,MISSING,Surface tag is recommended to assess accessibility
211840275,way,surface,MISSING,Surface tag is recommended to assess accessibility
211840277,way,surface,MISSING,Surface tag is recommended to assess accessibility
211840291,way,surface,MISSING,Surface tag is recommended to assess accessibility
211840304,way,surface,MISSING,Surface tag is recommended to assess accessibility
211840305,way,surface,MISSING,Surface tag is recommended to assess accessibility
211840307,way,surface,MISSING,Surface tag is recommended to assess accessibility
211840309,way,surface,MISSING,Surface tag is recommended to assess accessibility
211840311,way,surface,MISSING,Surface tag is recommended to assess accessibility
211840319,way,surface,MISSING,Surface tag is recommended to assess accessibility
211840322,way,surface,MISSING,Surface tag is recommended to assess accessibility
211840323,way,surface,MISSING,Surface tag is recommended to assess accessibility
211840324,way,surface,MISSING,Surface tag is recommended to assess accessibility
211840329,way,surface,MISSING,Surface tag is recommended to assess accessibility
211840330,way,surface,MISSING,Surface tag is recommended to assess accessibility
211849383,way,surface,MISSING,Surface tag is recommended to assess accessibility
211849384,way,surface,MISSING,Surface tag is recommended to assess accessibility
211849385,way,surface,MISSING,Surface tag is recommended to assess accessibility
211849386,way,surface,MISSING,Surface tag is recommended to assess accessibility
211849387,way,surface,MISSING,Surface tag is recommended to assess accessibility
211849388,way,surface,MISSING,Surface tag is recommended to assess accessibility
211849389,way,surface,MISSING,Surface tag is recommended to assess accessibility
211849390,way,surface,MISSING,Surface tag is recommended to assess accessibility
211849391,way,surface,MISSING,Surface tag is recommended to assess accessibility
211849398,way,surface,MISSING,Surface tag is recommended to assess accessibility
211849399,way,surface,MISSING,Surface tag is recommended to assess accessibility
214600559,way,surface,MISSING,Surface tag is recommended to assess accessibility
214600562,way,surface,MISSING,Surface tag is recommended to assess accessibility
214600564,way,surface,MISSING,Surface tag is recommended to assess accessibility
214600566,way,surface,MISSING,Surface tag is recommended to assess accessibility
214600580,way,surface,MISSING,Surface tag is recommended to assess accessibility
214600584,way,surface,MISSING,Surface tag is recommended to assess accessibility
214600585,way,surface,MISSING,Surface tag is recommended to assess accessibility
214600588,way,surface,MISSING,Surface tag is recommended to assess accessibility
216033057,way,surface,MISSING,Surface tag is recommended to assess accessibility
216033060,way,surface,MISSING,Surface tag is recommended to assess accessibility
216033062,way,surface,MISSING,Surface tag is recommended to assess accessibility
216033064,way,surface,MISSING,Surface tag is recommended to assess accessibility
216033067,way,surface,MISSING,Surface tag is recommended to assess accessibility
216033068,way,surface,MISSING,Surface tag is recommended to assess accessibility
216033072,way,surface,MISSING,Surface tag is recommended to assess accessibility
216033075,way,surface,MISSING,Surface tag is recommended to assess accessibility
216033076,way,surface,MISSING,Surface tag is recommended to assess accessibility
216033078,way,surface,MISSING,Surface tag is recommended to assess accessibility
216033079,way,surface,MISSING,Surface tag is recommended to assess accessibility
216033082,way,surface,MISSING,Surface tag is recommended to assess accessibility
216033083,way,surface,MISSING,Surface tag is recommended to assess accessibility
216033086,way,surface,MISSING,Surface tag is recommended to assess accessibility
216033088,way,surface,MISSING,Surface tag is recommended to assess accessibility
216033090,way,surface,MISSING,Surface tag is recommended to assess accessibility
216033092,way,surface,MISSING,Surface tag is recommended to assess accessibility
216033093,way,surface,MISSING,Surface tag is recommended to assess accessibility
216033096,way,surface,MISSING,Surface tag is recommended to assess accessibility
216033098,way,surface,MISSING,Surface tag is recommended to assess accessibility
216033101,way,surface,MISSING,Surface tag is recommended to assess accessibility
216033103,way,surface,MISSING,Surface tag is recommended to assess accessibility
216033105,way,surface,MISSING,Surface tag is recommended to assess accessibility
216033125,way,surface,MISSING,Surface tag is recommended to assess accessibility
216033133,way,surface,MISSING,Surface tag is recommended to assess accessibility
216033156,way,surface,MISSING,Surface tag is recommended to assess accessibility
216033161,way,surface,MISSING,Surface tag is recommended to assess accessibility
216033164,way,surface,MISSING,Surface tag is recommended to assess accessibility
216033168,way,surface,MISSING,Surface tag is recommended to assess accessibility
216033170,way,surface,MISSING,Surface tag is recommended to assess accessibility
216033174,way,surface,MISSING,Surface tag is recommended to assess accessibility
216033178,way,surface,MISSING,Surface tag is recommended to assess accessibility
216033181,way,surface,MISSING,Surface tag is recommended to assess accessibility
216033183,way,surface,MISSING,Surface tag is recommended to assess accessibility
216033184,way,surface,MISSING,Surface tag is recommended to assess accessibility
216033188,way,surface,MISSING,Surface tag is recommended to assess accessibility
216033193,way,surface,MISSING,Surface tag is recommended to assess accessibility
216033197,way,surface,MISSING,Surface tag is recommended to assess accessibility
216033201,way,surface,MISSING,Surface tag is recommended to assess accessibility
217322431,way,surface,MISSING,Surface tag is recommended to assess accessibility
217322432,way,surface,MISSING,Surface tag is recommended to assess accessibility
217322434,way,surface,MISSING,Surface tag is recommended to assess accessibility
217322435,way,surface,MISSING,Surface tag is recommended to assess accessibility
217322436,way,surface,MISSING,Surface tag is recommended to assess accessibility
217322437,way,surface,MISSING,Surface tag is recommended to assess accessibility
217322438,way,surface,MISSING,Surface tag is recommended to assess accessibility
217322439,way,surface,MISSING,Surface tag is recommended to assess accessibility
217322440,way,surface,MISSING,Surface tag is recommended to assess accessibility
217322443,way,surface,MISSING,Surface tag is recommended to assess accessibility
217322444,way,surface,MISSING,Surface tag is recommended to assess accessibility
217322447,way,surface,MISSING,Surface tag is recommended to assess accessibility
217322451,way,surface,MISSING,Surface tag is recommended to assess accessibility
217322458,way,surface,MISSING,Surface tag is recommended to assess accessibility
217322459,way,surface,MISSING,Surface tag is recommended to assess accessibility
217322460,way,surface,MISSING,Surface tag is recommended to assess accessibility
217389178,way,surface,MISSING,Surface tag is recommended to assess accessibility
219171792,way,surface,MISSING,Surface tag is recommended to assess accessibility
219171794,way,surface,MISSING,Surface tag is recommended to assess accessibility
219171795,way,surface,MISSING,Surface tag is recommended to assess accessibility
219171797,way,surface,MISSING,Surface tag is recommended to assess accessibility
219171799,way,surface,MISSING,Surface tag is recommended to assess accessibility
219171805,way,surface,MISSING,Surface tag is recommended to assess accessibility
219171806,way,surface,MISSING,Surface tag is recommended to assess accessibility
219171808,way,surface,MISSING,Surface tag is recommended to assess accessibility
219171818,way,surface,MISSING,Surface tag is recommended to assess accessibility
219171826,way,surface,MISSING,Surface tag is recommended to assess accessibility
219171829,way,surface,MISSING,Surface tag is recommended to assess accessibility
219171833,way,surface,MISSING,Surface tag is recommended to assess accessibility
219171837,way,surface,MISSING,Surface tag is recommended to assess accessibility
219171839,way,surface,MISSING,Surface tag is recommended to assess accessibility
219171843,way,surface,MISSING,Surface tag is recommended to assess accessibility
219171844,way,surface,MISSING,Surface tag is recommended to assess accessibility
219171845,way,surface,MISSING,Surface tag is recommended to assess accessibility
219171846,way,surface,MISSING,Surface tag is recommended to assess accessibility
219478980,way,surface,MISSING,Surface tag is recommended to assess accessibility
219478981,way,surface,MISSING,Surface tag is recommended to assess accessibility
219478982,way,surface,MISSING,Surface tag is recommended to assess accessibility
219478988,way,surface,MISSING,Surface tag is recommended to assess accessibility
220088227,way,surface,MISSING,Surface tag is recommended to assess accessibility
220723186,way,surface,MISSING,Surface tag is recommended to assess accessibility
220723187,way,surface,MISSING,Surface tag is recommended to assess accessibility
220723188,way,surface,MISSING,Surface tag is recommended to assess accessibility
220723189,way,surface,MISSING,Surface tag is recommended to assess accessibility
220723190,way,surface,MISSING,Surface tag is recommended to assess accessibility
220723191,way,surface,MISSING,Surface tag is recommended to assess accessibility
220723192,way,surface,MISSING,Surface tag is recommended to assess accessibility
220723193,way,surface,MISSING,Surface tag is recommended to assess accessibility
220990928,way,surface,MISSING,Surface tag is recommended to assess accessibility
220990929,way,surface,MISSING,Surface tag is recommended to assess accessibility
220990930,way,surface,MISSING,Surface tag is recommended to assess accessibility
220990931,way,surface,MISSING,Surface tag is recommended to assess accessibility
220990932,way,surface,MISSING,Surface tag is recommended to assess accessibility
220990933,way,surface,MISSING,Surface tag is recommended to assess accessibility
220990936,way,surface,MISSING,Surface tag is recommended to assess accessibility
220990937,way,surface,MISSING,Surface tag is recommended to assess accessibility
220990938,way,surface,MISSING,Surface tag is recommended to assess accessibility
220990939,way,surface,MISSING,Surface tag is recommended to assess accessibility
220990940,way,surface,MISSING,Surface tag is recommended to assess accessibility
220990941,way,surface,MISSING,Surface tag is recommended to assess accessibility
220990947,way,surface,MISSING,Surface tag is recommended to assess accessibility
220990951,way,surface,MISSING,Surface tag is recommended to assess accessibility
223089557,way,surface,MISSING,Surface tag is recommended to assess accessibility
223118879,way,surface,MISSING,Surface tag is recommended to assess accessibility
223118882,way,surface,MISSING,Surface tag is recommended to assess accessibility
224060422,way,surface,MISSING,Surface tag is recommended to assess accessibility
224060426,way,surface,MISSING,Surface tag is recommended to assess accessibility
224060427,way,surface,MISSING,Surface tag is recommended to assess accessibility
224061645,way,surface,MISSING,Surface tag is recommended to assess accessibility
224061646,way,surface,MISSING,Surface tag is recommended to assess accessibility
224061648,way,surface,MISSING,Surface tag is recommended to assess accessibility
224061649,way,surface,MISSING,Surface tag is recommended to assess accessibility
224061650,way,surface,MISSING,Surface tag is recommended to assess accessibility
224061651,way,surface,MISSING,Surface tag is recommended to assess accessibility
224061652,way,surface,MISSING,Surface tag is recommended to assess accessibility
224061655,way,surface,MISSING,Surface tag is recommended to assess accessibility
224061661,way,surface,MISSING,Surface tag is recommended to assess accessibility
224061668,way,surface,MISSING,Surface tag is recommended to assess accessibility
224061669,way,surface,MISSING,Surface tag is recommended to assess accessibility
224061670,way,surface,MISSING,Surface tag is recommended to assess accessibility
224061671,way,surface,MISSING,Surface tag is recommended to assess accessibility
224061672,way,surface,MISSING,Surface tag is recommended to assess accessibility
224061674,way,surface,MISSING,Surface tag is recommended to assess accessibility
224061675,way,surface,MISSING,Surface tag is recommended to assess accessibility
224061676,way,surface,MISSING,Surface tag is recommended to assess accessibility
224061677,way,surface,MISSING,Surface tag is recommended to assess accessibility
224827713,way,surface,MISSING,Surface tag is recommended to assess accessibility
224827715,way,surface,MISSING,Surface tag is recommended to assess accessibility
224945687,way,surface,MISSING,Surface tag is recommended to assess accessibility
224945688,way,surface,MISSING,Surface tag is recommended to assess accessibility
224945689,way,surface,MISSING,Surface tag is recommended to assess accessibility
224945691,way,surface,MISSING,Surface tag is recommended to assess accessibility
224945692,way,surface,MISSING,Surface tag is recommended to assess accessibility
224945693,way,surface,MISSING,Surface tag is recommended to assess accessibility
224945695,way,surface,MISSING,Surface tag is recommended to assess accessibility
224945696,way,surface,MISSING,Surface tag is recommended to assess accessibility
224945698,way,surface,MISSING,Surface tag is recommended to assess accessibility
224945699,way,surface,MISSING,Surface tag is recommended to assess accessibility
224945700,way,surface,MISSING,Surface tag is recommended to assess accessibility
224945701,way,surface,MISSING,Surface tag is recommended to assess accessibility
224945702,way,surface,MISSING,Surface tag is recommended to assess accessibility
224945703,way,surface,MISSING,Surface tag is recommended to assess accessibility
224945704,way,surface,MISSING,Surface tag is recommended to assess accessibility
224945705,way,surface,MISSING,Surface tag is recommended to assess accessibility
224945706,way,surface,MISSING,Surface tag is recommended to assess accessibility
224945707,way,surface,MISSING,Surface tag is recommended to assess accessibility
224945708,way,surface,MISSING,Surface tag is recommended to assess accessibility
224945710,way,surface,MISSING,Surface tag is recommended to assess accessibility
224945712,way,surface,MISSING,Surface tag is recommended to assess accessibility
224945713,way,surface,MISSING,Surface tag is recommended to assess accessibility
224945714,way,surface,MISSING,Surface tag is recommended to assess accessibility
224945715,way,surface,MISSING,Surface tag is recommended to assess accessibility
224945718,way,surface,MISSING,Surface tag is recommended to assess accessibility
224945719,way,surface,MISSING,Surface tag is recommended to assess accessibility
224945720,way,surface,MISSING,Surface tag is recommended to assess accessibility
224945721,way,surface,MISSING,Surface tag is recommended to assess accessibility
224945722,way,surface,MISSING,Surface tag is recommended to assess accessibility
224945723,way,surface,MISSING,Surface tag is recommended to assess accessibility
224945724,way,surface,MISSING,Surface tag is recommended to assess accessibility
224945725,way,surface,MISSING,Surface tag is recommended to assess accessibility
224945726,way,surface,MISSING,Surface tag is recommended to assess accessibility
224945727,way,surface,MISSING,Surface tag is recommended to assess accessibility
224945730,way,surface,MISSING,Surface tag is recommended to assess accessibility
224945743,way,surface,MISSING,Surface tag is recommended to assess accessibility
224945747,way,surface,MISSING,Surface tag is recommended to assess accessibility
224945754,way,surface,MISSING,Surface tag is recommended to assess accessibility
224945763,way,surface,MISSING,Surface tag is recommended to assess accessibility
224945764,way,surface,MISSING,Surface tag is recommended to assess accessibility
224945765,way,surface,MISSING,Surface tag is recommended to assess accessibility
224945767,way,surface,MISSING,Surface tag is recommended to assess accessibility
224945770,way,surface,MISSING,Surface tag is recommended to assess accessibility
224945771,way,surface,MISSING,Surface tag is recommended to assess accessibility
224945772,way,surface,MISSING,Surface tag is recommended to assess accessibility
224945773,way,surface,MISSING,Surface tag is recommended to assess accessibility
224945774,way,surface,MISSING,Surface tag is recommended to assess accessibility
225935577,way,surface,MISSING,Surface tag is recommended to assess accessibility
228512894,way,surface,MISSING,Surface tag is recommended to assess accessibility
228512896,way,surface,MISSING,Surface tag is recommended to assess accessibility
228512898,way,surface,MISSING,Surface tag is recommended to assess accessibility
228512900,way,surface,MISSING,Surface tag is recommended to assess accessibility
228512902,way,surface,MISSING,Surface tag is recommended to assess accessibility
228512905,way,surface,MISSING,Surface tag is recommended to assess accessibility
228512907,way,surface,MISSING,Surface tag is recommended to assess accessibility
228512909,way,surface,MISSING,Surface tag is recommended to assess accessibility
228512913,way,surface,MISSING,Surface tag is recommended to assess accessibility
228512915,way,surface,MISSING,Surface tag is recommended to assess accessibility
228512916,way,surface,MISSING,Surface tag is recommended to assess accessibility
228512924,way,surface,MISSING,Surface tag is recommended to assess accessibility
228512925,way,surface,MISSING,Surface tag is recommended to assess accessibility
228512929,way,surface,MISSING,Surface tag is recommended to assess accessibility
228512931,way,surface,MISSING,Surface tag is recommended to assess accessibility
228512933,way,surface,MISSING,Surface tag is recommended to assess accessibility
228512936,way,surface,MISSING,Surface tag is recommended to assess accessibility
228512938,way,surface,MISSING,Surface tag is recommended to assess accessibility
228512940,way,surface,MISSING,Surface tag is recommended to assess accessibility
228512942,way,surface,MISSING,Surface tag is recommended to assess accessibility
228512943,way,surface,MISSING,Surface tag is recommended to assess accessibility
228512945,way,surface,MISSING,Surface tag is recommended to assess accessibility
228512947,way,surface,MISSING,Surface tag is recommended to assess accessibility
228512949,way,surface,MISSING,Surface tag is recommended to assess accessibility
228512950,way,surface,MISSING,Surface tag is recommended to assess accessibility
228512952,way,surface,MISSING,Surface tag is recommended to assess accessibility
228512954,way,surface,MISSING,Surface tag is recommended to assess accessibility
228512956,way,surface,MISSING,Surface tag is recommended to assess accessibility
228512957,way,surface,MISSING,Surface tag is recommended to assess accessibility
228512959,way,surface,MISSING,Surface tag is recommended to assess accessibility
228512961,way,surface,MISSING,Surface tag is recommended to assess accessibility
228512962,way,surface,MISSING,Surface tag is recommended to assess accessibility
228512964,way,surface,MISSING,Surface tag is recommended to assess accessibility
228512966,way,surface,MISSING,Surface tag is recommended to assess accessibility
228512970,way,surface,MISSING,Surface tag is recommended to assess accessibility
228512971,way,surface,MISSING,Surface tag is recommended to assess accessibility
228512973,way,surface,MISSING,Surface tag is recommended to assess accessibility
228512975,way,surface,MISSING,Surface tag is recommended to assess accessibility
228512979,way,surface,MISSING,Surface tag is recommended to assess accessibility
228512980,way,surface,MISSING,Surface tag is recommended to assess accessibility
228512982,way,surface,MISSING,Surface tag is recommended to assess accessibility
228512983,way,surface,MISSING,Surface tag is recommended to assess accessibility
228513023,way,surface,MISSING,Surface tag is recommended to assess accessibility
228513045,way,surface,MISSING,Surface tag is recommended to assess accessibility
228513047,way,surface,MISSING,Surface tag is recommended to assess accessibility
228513050,way,surface,MISSING,Surface tag is recommended to assess accessibility
228513061,way,surface,MISSING,Surface tag is recommended to assess accessibility
228513065,way,surface,MISSING,Surface tag is recommended to assess accessibility
228513067,way,surface,MISSING,Surface tag is recommended to assess accessibility
228513076,way,surface,MISSING,Surface tag is recommended to assess accessibility
228513080,way,surface,MISSING,Surface tag is recommended to assess accessibility
228513082,way,surface,MISSING,Surface tag is recommended to assess accessibility
228513083,way,surface,MISSING,Surface tag is recommended to assess accessibility
228513085,way,surface,MISSING,Surface tag is recommended to assess accessibility
228513087,way,surface,MISSING,Surface tag is recommended to assess accessibility
228513089,way,surface,MISSING,Surface tag is recommended to assess accessibility
228513091,way,surface,MISSING,Surface tag is recommended to assess accessibility
228513093,way,surface,MISSING,Surface tag is recommended to assess accessibility
228513102,way,surface,MISSING,Surface tag is recommended to assess accessibility
228513107,way,surface,MISSING,Surface tag is recommended to assess accessibility
230622554,way,surface,MISSING,Surface tag is recommended to assess accessibility
230622556,way,surface,MISSING,Surface tag is recommended to assess accessibility
230622558,way,surface,MISSING,Surface tag is recommended to assess accessibility
230622559,way,surface,MISSING,Surface tag is recommended to assess accessibility
230622562,way,surface,MISSING,Surface tag is recommended to assess accessibility
230622564,way,surface,MISSING,Surface tag is recommended to assess accessibility
230622594,way,surface,MISSING,Surface tag is recommended to assess accessibility
233209075,way,surface,MISSING,Surface tag is recommended to assess accessibility
233209076,way,surface,MISSING,Surface tag is recommended to assess accessibility
233209077,way,surface,MISSING,Surface tag is recommended to assess accessibility
233209078,way,surface,MISSING,Surface tag is recommended to assess accessibility
233209079,way,surface,MISSING,Surface tag is recommended to assess accessibility
233209080,way,surface,MISSING,Surface tag is recommended to assess accessibility
233209081,way,surface,MISSING,Surface tag is recommended to assess accessibility
233209082,way,surface,MISSING,Surface tag is recommended to assess accessibility
233209083,way,surface,MISSING,Surface tag is recommended to assess accessibility
233209084,way,surface,MISSING,Surface tag is recommended to assess accessibility
233209085,way,surface,MISSING,Surface tag is recommended to assess accessibility
233209086,way,surface,MISSING,Surface tag is recommended to assess accessibility
233209087,way,surface,MISSING,Surface tag is recommended to assess accessibility
233209088,way,surface,MISSING,Surface tag is recommended to assess accessibility
233209089,way,surface,MISSING,Surface tag is recommended to assess accessibility
233209105,way,surface,MISSING,Surface tag is recommended to assess accessibility
233209106,way,surface,MISSING,Surface tag is recommended to assess accessibility
233209107,way,surface,MISSING,Surface tag is recommended to assess accessibility
233209108,way,surface,MISSING,Surface tag is recommended to assess accessibility
233209109,way,surface,MISSING,Surface tag is recommended to assess accessibility
233209110,way,surface,MISSING,Surface tag is recommended to assess accessibility
233209111,way,surface,MISSING,Surface tag is recommended to assess accessibility
233473819,way,surface,MISSING,Surface tag is recommended to assess accessibility
233473820,way,surface,MISSING,Surface tag is recommended to assess accessibility
238454474,way,surface,MISSING,Surface tag is recommended to assess accessibility
238454475,way,surface,MISSING,Surface tag is recommended to assess accessibility
238454476,way,surface,MISSING,Surface tag is recommended to assess accessibility
238454477,way,surface,MISSING,Surface tag is recommended to assess accessibility
238454478,way,surface,MISSING,Surface tag is recommended to assess accessibility
238454482,way,surface,MISSING,Surface tag is recommended to assess accessibility
238454483,way,surface,MISSING,Surface tag is recommended to assess accessibility
238454484,way,surface,MISSING,Surface tag is recommended to assess accessibility
238454485,way,surface,MISSING,Surface tag is recommended to assess accessibility
238454486,way,surface,MISSING,Surface tag is recommended to assess accessibility
238454487,way,surface,MISSING,Surface tag is recommended to assess accessibility
238454488,way,surface,MISSING,Surface tag is recommended to assess accessibility
238454489,way,surface,MISSING,Surface tag is recommended to assess accessibility
238454490,way,surface,MISSING,Surface tag is recommended to assess accessibility
238454491,way,surface,MISSING,Surface tag is recommended to assess accessibility
238454503,way,surface,MISSING,Surface tag is recommended to assess accessibility
238454505,way,surface,MISSING,Surface tag is recommended to assess accessibility
238454508,way,surface,MISSING,Surface tag is recommended to assess accessibility
238454510,way,surface,MISSING,Surface tag is recommended to assess accessibility
238454511,way,surface,MISSING,Surface tag is recommended to assess accessibility
238454512,way,surface,MISSING,Surface tag is recommended to assess accessibility
238454514,way,surface,MISSING,Surface tag is recommended to assess accessibility
238962815,way,surface,MISSING,Surface tag is recommended to assess accessibility
238962816,way,surface,MISSING,Surface tag is recommended to assess accessibility
238962817,way,surface,MISSING,Surface tag is recommended to assess accessibility
238962818,way,surface,MISSING,Surface tag is recommended to assess accessibility
238962819,way,surface,MISSING,Surface tag is recommended to assess accessibility
238962820,way,surface,MISSING,Surface tag is recommended to assess accessibility
238962822,way,surface,MISSING,Surface tag is recommended to assess accessibility
238962823,way,surface,MISSING,Surface tag is recommended to assess accessibility
238962824,way,surface,MISSING,Surface tag is recommended to assess accessibility
238962825,way,surface,MISSING,Surface tag is recommended to assess accessibility
238962827,way,surface,MISSING,Surface tag is recommended to assess accessibility
238962828,way,surface,MISSING,Surface tag is recommended to assess accessibility
238962829,way,surface,MISSING,Surface tag is recommended to assess accessibility
238962830,way,surface,MISSING,Surface tag is recommended to assess accessibility
238962833,way,surface,MISSING,Surface tag is recommended to assess accessibility
238962854,way,surface,MISSING,Surface tag is recommended to assess accessibility
238962856,way,surface,MISSING,Surface tag is recommended to assess accessibility
238962858,way,surface,MISSING,Surface tag is recommended to assess accessibility
238962860,way,surface,MISSING,Surface tag is recommended to assess accessibility
238962862,way,surface,MISSING,Surface tag is recommended to assess accessibility
238962864,way,surface,MISSING,Surface tag is recommended to assess accessibility
238962865,way,surface,MISSING,Surface tag is recommended to assess accessibility
238962866,way,surface,MISSING,Surface tag is recommended to assess accessibility
238962868,way,surface,MISSING,Surface tag is recommended to assess accessibility
238962870,way,surface,MISSING,Surface tag is recommended to assess accessibility
238962871,way,surface,MISSING,Surface tag is recommended to assess accessibility
238962872,way,surface,MISSING,Surface tag is recommended to assess accessibility
238962874,way,surface,MISSING,Surface tag is recommended to assess accessibility
238962875,way,surface,MISSING,Surface tag is recommended to assess accessibility
239832039,way,surface,MISSING,Surface tag is recommended to assess accessibility
239832040,way,surface,MISSING,Surface tag is recommended to assess accessibility
239832041,way,surface,MISSING,Surface tag is recommended to assess accessibility
239832042,way,surface,MISSING,Surface tag is recommended to assess accessibility
239832043,way,surface,MISSING,Surface tag is recommended to assess accessibility
239832050,way,surface,MISSING,Surface tag is recommended to assess accessibility
239832053,way,surface,MISSING,Surface tag is recommended to assess accessibility
241887343,way,surface,MISSING,Surface tag is recommended to assess accessibility
241887345,way,surface,MISSING,Surface tag is recommended to assess accessibility
241887346,way,surface,MISSING,Surface tag is recommended to assess accessibility
241887349,way,surface,MISSING,Surface tag is recommended to assess accessibility
241887350,way,surface,MISSING,Surface tag is recommended to assess accessibility
241887352,way,surface,MISSING,Surface tag is recommended to assess accessibility
241887356,way,surface,MISSING,Surface tag is recommended to assess accessibility
241887357,way,surface,MISSING,Surface tag is recommended to assess accessibility
241887359,way,surface,MISSING,Surface tag is recommended to assess accessibility
241887361,way,surface,MISSING,Surface tag is recommended to assess accessibility
241887362,way,surface,MISSING,Surface tag is recommended to assess accessibility
241887364,way,surface,MISSING,Surface tag is recommended to assess accessibility
241887366,way,surface,MISSING,Surface tag is recommended to assess accessibility
241887367,way,surface,MISSING,Surface tag is recommended to assess accessibility
241887368,way,surface,MISSING,Surface tag is recommended to assess accessibility
241887382,way,surface,MISSING,Surface tag is recommended to assess accessibility
241887383,way,surface,MISSING,Surface tag is recommended to assess accessibility
241887384,way,surface,MISSING,Surface tag is recommended to assess accessibility
241887386,way,surface,MISSING,Surface tag is recommended to assess accessibility
241887389,way,surface,MISSING,Surface tag is recommended to assess accessibility
241887391,way,surface,MISSING,Surface tag is recommended to assess accessibility
241887395,way,surface,MISSING,Surface tag is recommended to assess accessibility
242216869,way,surface,MISSING,Surface tag is recommended to assess accessibility
242216871,way,surface,MISSING,Surface tag is recommended to assess accessibility
242216873,way,surface,MISSING,Surface tag is recommended to assess accessibility
242216875,way,surface,MISSING,Surface tag is recommended to assess accessibility
247207895,way,surface,MISSING,Surface tag is recommended to assess accessibility
247207896,way,surface,MISSING,Surface tag is recommended to assess accessibility
247207897,way,surface,MISSING,Surface tag is recommended to assess accessibility
247207898,way,surface,MISSING,Surface tag is recommended to assess accessibility
247207902,way,surface,MISSING,Surface tag is recommended to assess accessibility
247207903,way,surface,MISSING,Surface tag is recommended to assess accessibility
247207905,way,surface,MISSING,Surface tag is recommended to assess accessibility
247207913,way,surface,MISSING,Surface tag is recommended to assess accessibility
247207914,way,surface,MISSING,Surface tag is recommended to assess accessibility
247207916,way,surface,MISSING,Surface tag is recommended to assess accessibility
249344711,way,surface,MISSING,Surface tag is recommended to assess accessibility
249344712,way,surface,MISSING,Surface tag is recommended to assess accessibility
249344714,way,surface,MISSING,Surface tag is recommended to assess accessibility
249344717,way,surface,MISSING,Surface tag is recommended to assess accessibility
249344722,way,surface,MISSING,Surface tag is recommended to assess accessibility
249344723,way,surface,MISSING,Surface tag is recommended to assess accessibility
249344724,way,surface,MISSING,Surface tag is recommended to assess accessibility
250734018,way,surface,MISSING,Surface tag is recommended to assess accessibility
250734024,way,surface,MISSING,Surface tag is recommended to assess accessibility
250734578,way,surface,MISSING,Surface tag is recommended to assess accessibility
254604193,way,surface,MISSING,Surface tag is recommended to assess accessibility
254604194,way,surface,MISSING,Surface tag is recommended to assess accessibility
254604195,way,surface,MISSING,Surface tag is recommended to assess accessibility
254604196,way,surface,MISSING,Surface tag is recommended to assess accessibility
254604197,way,surface,MISSING,Surface tag is recommended to assess accessibility
254604198,way,surface,MISSING,Surface tag is recommended to assess accessibility
254604205,way,surface,MISSING,Surface tag is recommended to assess accessibility
255360384,way,surface,MISSING,Surface tag is recommended to assess accessibility
255360388,way,surface,MISSING,Surface tag is recommended to assess accessibility
255360391,way,surface,MISSING,Surface tag is recommended to assess accessibility
255360393,way,surface,MISSING,Surface tag is recommended to assess accessibility
255360394,way,surface,MISSING,Surface tag is recommended to assess accessibility
257048875,way,surface,MISSING,Surface tag is recommended to assess accessibility
257048876,way,surface,MISSING,Surface tag is recommended to assess accessibility
257048877,way,surface,MISSING,Surface tag is recommended to assess accessibility
257048878,way,surface,MISSING,Surface tag is recommended to assess accessibility
257048883,way,surface,MISSING,Surface tag is recommended to assess accessibility
258277942,way,surface,MISSING,Surface tag is recommended to assess accessibility
258277945,way,surface,MISSING,Surface tag is recommended to assess accessibility
258277948,way,surface,MISSING,Surface tag is recommended to assess accessibility
258277951,way,surface,MISSING,Surface tag is recommended to assess accessibility
258277954,way,surface,MISSING,Surface tag is recommended to assess accessibility
258277955,way,surface,MISSING,Surface tag is recommended to assess accessibility
258277958,way,surface,MISSING,Surface tag is recommended to assess accessibility
258277960,way,surface,MISSING,Surface tag is recommended to assess accessibility
258277963,way,surface,MISSING,Surface tag is recommended to assess accessibility
258277965,way,surface,MISSING,Surface tag is recommended to assess accessibility
258277966,way,surface,MISSING,Surface tag is recommended to assess accessibility
258277967,way,surface,MISSING,Surface tag is recommended to assess accessibility
258277969,way,surface,MISSING,Surface tag is recommended to assess accessibility
258277970,way,surface,MISSING,Surface tag is recommended to assess accessibility
258277973,way,surface,MISSING,Surface tag is recommended to assess accessibility
258277975,way,surface,MISSING,Surface tag is recommended to assess accessibility
258277977,way,surface,MISSING,Surface tag is recommended to assess accessibility
258277980,way,surface,MISSING,Surface tag is recommended to assess accessibility
258277983,way,surface,MISSING,Surface tag is recommended to assess accessibility
258277985,way,surface,MISSING,Surface tag is recommended to assess accessibility
258278007,way,surface,MISSING,Surface tag is recommended to assess accessibility
258278030,way,surface,MISSING,Surface tag is recommended to assess accessibility
258450237,way,surface,MISSING,Surface tag is recommended to assess accessibility
258450240,way,surface,MISSING,Surface tag is recommended to assess accessibility
258450252,way,surface,MISSING,Surface tag is recommended to assess accessibility
258450255,way,surface,MISSING,Surface tag is recommended to assess accessibility
258452738,way,surface,MISSING,Surface tag is recommended to assess accessibility
258452739,way,surface,MISSING,Surface tag is recommended to assess accessibility
258452740,way,surface,MISSING,Surface tag is recommended to assess accessibility
258452742,way,surface,MISSING,Surface tag is recommended to assess accessibility
258452743,way,surface,MISSING,Surface tag is recommended to assess accessibility
258452746,way,surface,MISSING,Surface tag is recommended to assess accessibility
258452749,way,surface,MISSING,Surface tag is recommended to assess accessibility
258452750,way,surface,MISSING,Surface tag is recommended to assess accessibility
258452751,way,surface,MISSING,Surface tag is recommended to assess accessibility
258452752,way,surface,MISSING,Surface tag is recommended to assess accessibility
258452753,way,surface,MISSING,Surface tag is recommended to assess accessibility
258452754,way,surface,MISSING,Surface tag is recommended to assess accessibility
258452756,way,surface,MISSING,Surface tag is recommended to assess accessibility
258452757,way,surface,MISSING,Surface tag is recommended to assess accessibility
258452758,way,surface,MISSING,Surface tag is recommended to assess accessibility
258452759,way,surface,MISSING,Surface tag is recommended to assess accessibility
258452760,way,surface,MISSING,Surface tag is recommended to assess accessibility
258452761,way,surface,MISSING,Surface tag is recommended to assess accessibility
258452762,way,surface,MISSING,Surface tag is recommended to assess accessibility
258452763,way,surface,MISSING,Surface tag is recommended to assess accessibility
258452766,way,surface,MISSING,Surface tag is recommended to assess accessibility
258452772,way,surface,MISSING,Surface tag is recommended to assess accessibility
258452776,way,surface,MISSING,Surface tag is recommended to assess accessibility
258452789,way,surface,MISSING,Surface tag is recommended to assess accessibility
258452790,way,surface,MISSING,Surface tag is recommended to assess accessibility
258452792,way,surface,MISSING,Surface tag is recommended to assess accessibility
258452793,way,surface,MISSING,Surface tag is recommended to assess accessibility
258452794,way,surface,MISSING,Surface tag is recommended to assess accessibility
259494218,way,surface,MISSING,Surface tag is recommended to assess accessibility
259494219,way,surface,MISSING,Surface tag is recommended to assess accessibility
259494220,way,surface,MISSING,Surface tag is recommended to assess accessibility
259494221,way,surface,MISSING,Surface tag is recommended to assess accessibility
259494222,way,surface,MISSING,Surface tag is recommended to assess accessibility
259494223,way,surface,MISSING,Surface tag is recommended to assess accessibility
259494224,way,surface,MISSING,Surface tag is recommended to assess accessibility
259494225,way,surface,MISSING,Surface tag is recommended to assess accessibility
259494226,way,surface,MISSING,Surface tag is recommended to assess accessibility
259494227,way,surface,MISSING,Surface tag is recommended to assess accessibility
259494233,way,surface,MISSING,Surface tag is recommended to assess accessibility
259494237,way,surface,MISSING,Surface tag is recommended to assess accessibility
259494238,way,surface,MISSING,Surface tag is recommended to assess accessibility
259494239,way,surface,MISSING,Surface tag is recommended to assess accessibility
259494241,way,surface,MISSING,Surface tag is recommended to assess accessibility
261712789,way,surface,MISSING,Surface tag is recommended to assess accessibility
261712790,way,surface,MISSING,Surface tag is recommended to assess accessibility
261712792,way,surface,MISSING,Surface tag is recommended to assess accessibility
261712793,way,surface,MISSING,Surface tag is recommended to assess accessibility
261712794,way,surface,MISSING,Surface tag is recommended to assess accessibility
261712800,way,surface,MISSING,Surface tag is recommended to assess accessibility
261712802,way,surface,MISSING,Surface tag is recommended to assess accessibility
261806196,way,surface,MISSING,Surface tag is recommended to assess accessibility
261806197,way,surface,MISSING,Surface tag is recommended to assess accessibility
261812488,way,surface,MISSING,Surface tag is recommended to assess accessibility
261812489,way,surface,MISSING,Surface tag is recommended to assess accessibility
261812490,way,surface,MISSING,Surface tag is recommended to assess accessibility
261812492,way,surface,MISSING,Surface tag is recommended to assess accessibility
261812494,way,surface,MISSING,Surface tag is recommended to assess accessibility
261812496,way,surface,MISSING,Surface tag is recommended to assess accessibility
261812497,way,surface,MISSING,Surface tag is recommended to assess accessibility
261812498,way,surface,MISSING,Surface tag is recommended to assess accessibility
261812499,way,surface,MISSING,Surface tag is recommended to assess accessibility
261812500,way,surface,MISSING,Surface tag is recommended to assess accessibility
261812501,way,surface,MISSING,Surface tag is recommended to assess accessibility
261812502,way,surface,MISSING,Surface tag is recommended to assess accessibility
261812504,way,surface,MISSING,Surface tag is recommended to assess accessibility
261812505,way,surface,MISSING,Surface tag is recommended to assess accessibility
261812506,way,surface,MISSING,Surface tag is recommended to assess accessibility
261812507,way,surface,MISSING,Surface tag is recommended to assess accessibility
261812508,way,surface,MISSING,Surface tag is recommended to assess accessibility
261812509,way,surface,MISSING,Surface tag is recommended to assess accessibility
261812510,way,surface,MISSING,Surface tag is recommended to assess accessibility
261812511,way,surface,MISSING,Surface tag is recommended to assess accessibility
261812512,way,surface,MISSING,Surface tag is recommended to assess accessibility
261812514,way,surface,MISSING,Surface tag is recommended to assess accessibility
261812515,way,surface,MISSING,Surface tag is recommended to assess accessibility
261812516,way,surface,MISSING,Surface tag is recommended to assess accessibility
261812517,way,surface,MISSING,Surface tag is recommended to assess accessibility
261812518,way,surface,MISSING,Surface tag is recommended to assess accessibility
261812519,way,surface,MISSING,Surface tag is recommended to assess accessibility
261812528,way,surface,MISSING,Surface tag is recommended to assess accessibility
261812534,way,surface,MISSING,Surface tag is recommended to assess accessibility
261812536,way,surface,MISSING,Surface tag is recommended to assess accessibility
261812539,way,surface,MISSING,Surface tag is recommended to assess accessibility
261812543,way,surface,MISSING,Surface tag is recommended to assess accessibility
261812547,way,surface,MISSING,Surface tag is recommended to assess accessibility
261812548,way,surface,MISSING,Surface tag is recommended to assess accessibility
261812549,way,surface,MISSING,Surface tag is recommended to assess accessibility
261812551,way,surface,MISSING,Surface tag is recommended to assess accessibility
261812552,way,surface,MISSING,Surface tag is recommended to assess accessibility
261812553,way,surface,MISSING,Surface tag is recommended to assess accessibility
261812554,way,surface,MISSING,Surface tag is recommended to assess accessibility
261812555,way,surface,MISSING,Surface tag is recommended to assess accessibility
261812556,way,surface,MISSING,Surface tag is recommended to assess accessibility
262835296,way,surface,MISSING,Surface tag is recommended to assess accessibility
262835297,way,surface,MISSING,Surface tag is recommended to assess accessibility
262835298,way,surface,MISSING,Surface tag is recommended to assess accessibility
262835299,way,surface,MISSING,Surface tag is recommended to assess accessibility
262835300,way,surface,MISSING,Surface tag is recommended to assess accessibility
262835301,way,surface,MISSING,Surface tag is recommended to assess accessibility
262835302,way,surface,MISSING,Surface tag is recommended to assess accessibility
262835305,way,surface,MISSING,Surface tag is recommended to assess accessibility
262835306,way,surface,MISSING,Surface tag is recommended to assess accessibility
262835308,way,surface,MISSING,Surface tag is recommended to assess accessibility
262835309,way,surface,MISSING,Surface tag is recommended to assess accessibility
262835311,way,surface,MISSING,Surface tag is recommended to assess accessibility
262835312,way,surface,MISSING,Surface tag is recommended to assess accessibility
262835313,way,surface,MISSING,Surface tag is recommended to assess accessibility
262835314,way,surface,MISSING,Surface tag is recommended to assess accessibility
262835315,way,surface,MISSING,Surface tag is recommended to assess accessibility
262835317,way,surface,MISSING,Surface tag is recommended to assess accessibility
262835318,way,surface,MISSING,Surface tag is recommended to assess accessibility
262835319,way,surface,MISSING,Surface tag is recommended to assess accessibility
262835320,way,surface,MISSING,Surface tag is recommended to assess accessibility
262835321,way,surface,MISSING,Surface tag is recommended to assess accessibility
262835322,way,surface,MISSING,Surface tag is recommended to assess accessibility
262835323,way,surface,MISSING,Surface tag is recommended to assess accessibility
262835324,way,surface,MISSING,Surface tag is recommended to assess accessibility
262835325,way,surface,MISSING,Surface tag is recommended to assess accessibility
262835326,way,surface,MISSING,Surface tag is recommended to assess accessibility
262835327,way,surface,MISSING,Surface tag is recommended to assess accessibility
262835328,way,surface,MISSING,Surface tag is recommended to assess accessibility
262835329,way,surface,MISSING,Surface tag is recommended to assess accessibility
262835330,way,surface,MISSING,Surface tag is recommended to assess accessibility
262835331,way,surface,MISSING,Surface tag is recommended to assess accessibility
262835334,way,surface,MISSING,Surface tag is recommended to assess accessibility
262835335,way,surface,MISSING,Surface tag is recommended to assess accessibility
262835337,way,surface,MISSING,Surface tag is recommended to assess accessibility
262835339,way,surface,MISSING,Surface tag is recommended to assess accessibility
262835340,way,surface,MISSING,Surface tag is recommended to assess accessibility
262835341,way,surface,MISSING,Surface tag is recommended to assess accessibility
262835344,way,surface,MISSING,Surface tag is recommended to assess accessibility
262835348,way,surface,MISSING,Surface tag is recommended to assess accessibility
262835394,way,surface,MISSING,Surface tag is recommended to assess accessibility
262835396,way,surface,MISSING,Surface tag is recommended to assess accessibility
262835399,way,surface,MISSING,Surface tag is recommended to assess accessibility
262835403,way,surface,MISSING,Surface tag is recommended to assess accessibility
262835406,way,surface,MISSING,Surface tag is recommended to assess accessibility
262835411,way,surface,MISSING,Surface tag is recommended to assess accessibility
262836677,way,surface,MISSING,Surface tag is recommended to assess accessibility
262836678,way,surface,MISSING,Surface tag is recommended to assess accessibility
262836679,way,surface,MISSING,Surface tag is recommended to assess accessibility
262836680,way,surface,MISSING,Surface tag is recommended to assess accessibility
262836681,way,surface,MISSING,Surface tag is recommended to assess accessibility
262836682,way,surface,MISSING,Surface tag is recommended to assess accessibility
262977512,way,surface,MISSING,Surface tag is recommended to assess accessibility
262977513,way,surface,MISSING,Surface tag is recommended to assess accessibility
262977514,way,surface,MISSING,Surface tag is recommended to assess accessibility
262977515,way,surface,MISSING,Surface tag is recommended to assess accessibility
262977516,way,surface,MISSING,Surface tag is recommended to assess accessibility
262977517,way,surface,MISSING,Surface tag is recommended to assess accessibility
262977518,way,surface,MISSING,Surface tag is recommended to assess accessibility
262977520,way,surface,MISSING,Surface tag is recommended to assess accessibility
262977521,way,surface,MISSING,Surface tag is recommended to assess accessibility
262977523,way,surface,MISSING,Surface tag is recommended to assess accessibility
262977524,way,surface,MISSING,Surface tag is recommended to assess accessibility
262977532,way,surface,MISSING,Surface tag is recommended to assess accessibility
264052549,way,surface,MISSING,Surface tag is recommended to assess accessibility
264052550,way,surface,MISSING,Surface tag is recommended to assess accessibility
264052553,way,surface,MISSING,Surface tag is recommended to assess accessibility
264052555,way,surface,MISSING,Surface tag is recommended to assess accessibility
264052560,way,surface,MISSING,Surface tag is recommended to assess accessibility
264052569,way,surface,MISSING,Surface tag is recommended to assess accessibility
269468618,way,surface,MISSING,Surface tag is recommended to assess accessibility
269468620,way,surface,MISSING,Surface tag is recommended to assess accessibility
269468658,way,surface,MISSING,Surface tag is recommended to assess accessibility
269468664,way,surface,MISSING,Surface tag is recommended to assess accessibility
296878469,way,surface,MISSING,Surface tag is recommended to assess accessibility
296878472,way,surface,MISSING,Surface tag is recommended to assess accessibility
296878476,way,surface,MISSING,Surface tag is recommended to assess accessibility
299255338,way,surface,MISSING,Surface tag is recommended to assess accessibility
299255344,way,surface,MISSING,Surface tag is recommended to assess accessibility
299255349,way,surface,MISSING,Surface tag is recommended to assess accessibility
299255350,way,surface,MISSING,Surface tag is recommended to assess accessibility
299255353,way,surface,MISSING,Surface tag is recommended to assess accessibility
299255368,way,surface,MISSING,Surface tag is recommended to assess accessibility
299255375,way,surface,MISSING,Surface tag is recommended to assess accessibility
299255377,way,surface,MISSING,Surface tag is recommended to assess accessibility
324649860,way,surface,MISSING,Surface tag is recommended to assess accessibility
330645506,way,surface,MISSING,Surface tag is recommended to assess accessibility
330645510,way,surface,MISSING,Surface tag is recommended to assess accessibility
330645511,way,surface,MISSING,Surface tag is recommended to assess accessibility
330645512,way,surface,MISSING,Surface tag is recommended to assess accessibility
330645513,way,surface,MISSING,Surface tag is recommended to assess accessibility
330645514,way,surface,MISSING,Surface tag is recommended to assess accessibility
330645515,way,surface,MISSING,Surface tag is recommended to assess accessibility
330645516,way,surface,MISSING,Surface tag is recommended to assess accessibility
330645517,way,surface,MISSING,Surface tag is recommended to assess accessibility
330645518,way,surface,MISSING,Surface tag is recommended to assess accessibility
330645520,way,surface,MISSING,Surface tag is recommended to assess accessibility
330645526,way,surface,MISSING,Surface tag is recommended to assess accessibility
330645528,way,surface,MISSING,Surface tag is recommended to assess accessibility
330645532,way,surface,MISSING,Surface tag is recommended to assess accessibility
330645538,way,surface,MISSING,Surface tag is recommended to assess accessibility
330645541,way,surface,MISSING,Surface tag is recommended to assess accessibility
330645542,way,surface,MISSING,Surface tag is recommended to assess accessibility
330669825,way,surface,MISSING,Surface tag is recommended to assess accessibility
332265507,way,surface,MISSING,Surface tag is recommended to assess accessibility
332265508,way,surface,MISSING,Surface tag is recommended to assess accessibility
332265509,way,surface,MISSING,Surface tag is recommended to assess accessibility
332265511,way,surface,MISSING,Surface tag is recommended to assess accessibility
332265512,way,surface,MISSING,Surface tag is recommended to assess accessibility
332265517,way,surface,MISSING,Surface tag is recommended to assess accessibility
332265519,way,surface,MISSING,Surface tag is recommended to assess accessibility
332265520,way,surface,MISSING,Surface tag is recommended to assess accessibility
332265523,way,surface,MISSING,Surface tag is recommended to assess accessibility
332265524,way,surface,MISSING,Surface tag is recommended to assess accessibility
332265528,way,surface,MISSING,Surface tag is recommended to assess accessibility
332265530,way,surface,MISSING,Surface tag is recommended to assess accessibility
332265531,way,surface,MISSING,Surface tag is recommended to assess accessibility
332265532,way,surface,MISSING,Surface tag is recommended to assess accessibility
332265534,way,surface,MISSING,Surface tag is recommended to assess accessibility
332265539,way,surface,MISSING,Surface tag is recommended to assess accessibility
332265541,way,surface,MISSING,Surface tag is recommended to assess accessibility
332265543,way,surface,MISSING,Surface tag is recommended to assess accessibility
332265544,way,surface,MISSING,Surface tag is recommended to assess accessibility
332265545,way,surface,MISSING,Surface tag is recommended to assess accessibility
332265547,way,surface,MISSING,Surface tag is recommended to assess accessibility
332265548,way,surface,MISSING,Surface tag is recommended to assess accessibility
332265551,way,surface,MISSING,Surface tag is recommended to assess accessibility
332265552,way,surface,MISSING,Surface tag is recommended to assess accessibility
332265555,way,surface,MISSING,Surface tag is recommended to assess accessibility
332265556,way,surface,MISSING,Surface tag is recommended to assess accessibility
332265557,way,surface,MISSING,Surface tag is recommended to assess accessibility
332265558,way,surface,MISSING,Surface tag is recommended to assess accessibility
332265560,way,surface,MISSING,Surface tag is recommended to assess accessibility
332265567,way,surface,MISSING,Surface tag is recommended to assess accessibility
332265571,way,surface,MISSING,Surface tag is recommended to assess accessibility
332265572,way,surface,MISSING,Surface tag is recommended to assess accessibility
332391820,way,surface,MISSING,Surface tag is recommended to assess accessibility
332391821,way,surface,MISSING,Surface tag is recommended to assess accessibility
332391822,way,surface,MISSING,Surface tag is recommended to assess accessibility
332391824,way,surface,MISSING,Surface tag is recommended to assess accessibility
353383416,way,surface,MISSING,Surface tag is recommended to assess accessibility
353383418,way,surface,MISSING,Surface tag is recommended to assess accessibility
353383419,way,surface,MISSING,Surface tag is recommended to assess accessibility
353383420,way,surface,MISSING,Surface tag is recommended to assess accessibility
353383421,way,surface,MISSING,Surface tag is recommended to assess accessibility
353383422,way,surface,MISSING,Surface tag is recommended to assess accessibility
353383424,way,surface,MISSING,Surface tag is recommended to assess accessibility
353383425,way,surface,MISSING,Surface tag is recommended to assess accessibility
353383426,way,surface,MISSING,Surface tag is recommended to assess accessibility
353383434,way,surface,MISSING,Surface tag is recommended to assess accessibility
353383436,way,surface,MISSING,Surface tag is recommended to assess accessibility
353383437,way,surface,MISSING,Surface tag is recommended to assess accessibility
356749949,way,surface,MISSING,Surface tag is recommended to assess accessibility
356749952,way,surface,MISSING,Surface tag is recommended to assess accessibility
356749953,way,surface,MISSING,Surface tag is recommended to assess accessibility
356749954,way,surface,MISSING,Surface tag is recommended to assess accessibility
356876480,way,surface,MISSING,Surface tag is recommended to assess accessibility
356876481,way,surface,MISSING,Surface tag is recommended to assess accessibility
356876482,way,surface,MISSING,Surface tag is recommended to assess accessibility
356876483,way,surface,MISSING,Surface tag is recommended to assess accessibility
356876484,way,surface,MISSING,Surface tag is recommended to assess accessibility
356876485,way,surface,MISSING,Surface tag is recommended to assess accessibility
356876486,way,surface,MISSING,Surface tag is recommended to assess accessibility
356876487,way,surface,MISSING,Surface tag is recommended to assess accessibility
356876489,way,surface,MISSING,Surface tag is recommended to assess accessibility
356876490,way,surface,MISSING,Surface tag is recommended to assess accessibility
356876491,way,surface,MISSING,Surface tag is recommended to assess accessibility
356876497,way,surface,MISSING,Surface tag is recommended to assess accessibility
356876499,way,surface,MISSING,Surface tag is recommended to assess accessibility
356876500,way,surface,MISSING,Surface tag is recommended to assess accessibility
356876501,way,surface,MISSING,Surface tag is recommended to assess accessibility
356876502,way,surface,MISSING,Surface tag is recommended to assess accessibility
356876503,way,surface,MISSING,Surface tag is recommended to assess accessibility
356876504,way,surface,MISSING,Surface tag is recommended to assess accessibility
356876505,way,surface,MISSING,Surface tag is recommended to assess accessibility
356876506,way,surface,MISSING,Surface tag is recommended to assess accessibility
356876507,way,surface,MISSING,Surface tag is recommended to assess accessibility
356876508,way,surface,MISSING,Surface tag is recommended to assess accessibility
356876509,way,surface,MISSING,Surface tag is recommended to assess accessibility
356876510,way,surface,MISSING,Surface tag is recommended to assess accessibility
356876511,way,surface,MISSING,Surface tag is recommended to assess accessibility
356876512,way,surface,MISSING,Surface tag is recommended to assess accessibility
356876513,way,surface,MISSING,Surface tag is recommended to assess accessibility
356876514,way,surface,MISSING,Surface tag is recommended to assess accessibility
356876515,way,surface,MISSING,Surface tag is recommended to assess accessibility
356876516,way,surface,MISSING,Surface tag is recommended to assess accessibility
356876517,way,surface,MISSING,Surface tag is recommended to assess accessibility
356876518,way,surface,MISSING,Surface tag is recommended to assess accessibility
356876519,way,surface,MISSING,Surface tag is recommended to assess accessibility
356876520,way,surface,MISSING,Surface tag is recommended to assess accessibility
356876521,way,surface,MISSING,Surface tag is recommended to assess accessibility
356876522,way,surface,MISSING,Surface tag is recommended to assess accessibility
356876523,way,surface,MISSING,Surface tag is recommended to assess accessibility
356876524,way,surface,MISSING,Surface tag is recommended to assess accessibility
356876525,way,surface,MISSING,Surface tag is recommended to assess accessibility
356876526,way,surface,MISSING,Surface tag is recommended to assess accessibility
356876527,way,surface,MISSING,Surface tag is recommended to assess accessibility
356876528,way,surface,MISSING,Surface tag is recommended to assess accessibility
356876529,way,surface,MISSING,Surface tag is recommended to assess accessibility
356894505,way,surface,MISSING,Surface tag is recommended to assess accessibility
356894506,way,surface,MISSING,Surface tag is recommended to assess accessibility
356894507,way,surface,MISSING,Surface tag is recommended to assess accessibility
356894508,way,surface,MISSING,Surface tag is recommended to assess accessibility
356894509,way,surface,MISSING,Surface tag is recommended to assess accessibility
356894510,way,surface,MISSING,Surface tag is recommended to assess accessibility
389188972,way,surface,MISSING,Surface tag is recommended to assess accessibility
389188975,way,surface,MISSING,Surface tag is recommended to assess accessibility
389188976,way,surface,MISSING,Surface tag is recommended to assess accessibility
389188977,way,surface,MISSING,Surface tag is recommended to assess accessibility
389188978,way,surface,MISSING,Surface tag is recommended to assess accessibility
389188979,way,surface,MISSING,Surface tag is recommended to assess accessibility
389188980,way,surface,MISSING,Surface tag is recommended to assess accessibility
389188981,way,surface,MISSING,Surface tag is recommended to assess accessibility
389188983,way,surface,MISSING,Surface tag is recommended to assess accessibility
389188993,way,surface,MISSING,Surface tag is recommended to assess accessibility
389188994,way,surface,MISSING,Surface tag is recommended to assess accessibility
389188995,way,surface,MISSING,Surface tag is recommended to assess accessibility
389188996,way,surface,MISSING,Surface tag is recommended to assess accessibility
389189000,way,surface,MISSING,Surface tag is recommended to assess accessibility
389189001,way,surface,MISSING,Surface tag is recommended to assess accessibility
389189002,way,surface,MISSING,Surface tag is recommended to assess accessibility
389189003,way,surface,MISSING,Surface tag is recommended to assess accessibility
389494066,way,surface,MISSING,Surface tag is recommended to assess accessibility
389494067,way,surface,MISSING,Surface tag is recommended to assess accessibility
389494071,way,surface,MISSING,Surface tag is recommended to assess accessibility
389494073,way,surface,MISSING,Surface tag is recommended to assess accessibility
389650301,way,surface,MISSING,Surface tag is recommended to assess accessibility
389650302,way,surface,MISSING,Surface tag is recommended to assess accessibility
389650303,way,surface,MISSING,Surface tag is recommended to assess accessibility
389650304,way,surface,MISSING,Surface tag is recommended to assess accessibility
389650305,way,surface,MISSING,Surface tag is recommended to assess accessibility
389650306,way,surface,MISSING,Surface tag is recommended to assess accessibility
389650307,way,surface,MISSING,Surface tag is recommended to assess accessibility
389650308,way,surface,MISSING,Surface tag is recommended to assess accessibility
389650317,way,surface,MISSING,Surface tag is recommended to assess accessibility
389650318,way,surface,MISSING,Surface tag is recommended to assess accessibility
389650319,way,surface,MISSING,Surface tag is recommended to assess accessibility
389862552,way,surface,MISSING,Surface tag is recommended to assess accessibility
389865077,way,surface,MISSING,Surface tag is recommended to assess accessibility
389865079,way,surface,MISSING,Surface tag is recommended to assess accessibility
390230924,way,surface,MISSING,Surface tag is recommended to assess accessibility
390230925,way,surface,MISSING,Surface tag is recommended to assess accessibility
390230932,way,surface,MISSING,Surface tag is recommended to assess accessibility
390230936,way,surface,MISSING,Surface tag is recommended to assess accessibility
390230939,way,surface,MISSING,Surface tag is recommended to assess accessibility
394788668,way,surface,MISSING,Surface tag is recommended to assess accessibility
394788704,way,surface,MISSING,Surface tag is recommended to assess accessibility
394788708,way,surface,MISSING,Surface tag is recommended to assess accessibility
394788713,way,surface,MISSING,Surface tag is recommended to assess accessibility
394790883,way,surface,MISSING,Surface tag is recommended to assess accessibility
394790885,way,surface,MISSING,Surface tag is recommended to assess accessibility
398724745,way,surface,MISSING,Surface tag is recommended to assess accessibility
399434198,way,surface,MISSING,Surface tag is recommended to assess accessibility
399434199,way,surface,MISSING,Surface tag is recommended to assess accessibility
399434200,way,surface,MISSING,Surface tag is recommended to assess accessibility
399434202,way,surface,MISSING,Surface tag is recommended to assess accessibility
399437564,way,surface,MISSING,Surface tag is recommended to assess accessibility
399437565,way,surface,MISSING,Surface tag is recommended to assess accessibility
399439925,way,surface,MISSING,Surface tag is recommended to assess accessibility
399439930,way,surface,MISSING,Surface tag is recommended to assess accessibility
399439932,way,surface,MISSING,Surface tag is recommended to assess accessibility
399439933,way,surface,MISSING,Surface tag is recommended to assess accessibility
413606857,way,surface,MISSING,Surface tag is recommended to assess accessibility
413606858,way,surface,MISSING,Surface tag is recommended to assess accessibility
423395206,way,surface,MISSING,Surface tag is recommended to assess accessibility
423395209,way,surface,MISSING,Surface tag is recommended to assess accessibility
424461939,way,surface,MISSING,Surface tag is recommended to assess accessibility
427989840,way,surface,MISSING,Surface tag is recommended to assess accessibility
427989843,way,surface,MISSING,Surface tag is recommended to assess accessibility
427989845,way,surface,MISSING,Surface tag is recommended to assess accessibility
427989846,way,surface,MISSING,Surface tag is recommended to assess accessibility
427989850,way,surface,MISSING,Surface tag is recommended to assess accessibility
427989852,way,surface,MISSING,Surface tag is recommended to assess accessibility
427989853,way,surface,MISSING,Surface tag is recommended to assess accessibility
427989854,way,surface,MISSING,Surface tag is recommended to assess accessibility
427989855,way,surface,MISSING,Surface tag is recommended to assess accessibility
427989863,way,surface,MISSING,Surface tag is recommended to assess accessibility
427989864,way,surface,MISSING,Surface tag is recommended to assess accessibility
427989866,way,surface,MISSING,Surface tag is recommended to assess accessibility
429452878,way,surface,MISSING,Surface tag is recommended to assess accessibility
429452880,way,surface,MISSING,Surface tag is recommended to assess accessibility
429452884,way,surface,MISSING,Surface tag is recommended to assess accessibility
429452885,way,surface,MISSING,Surface tag is recommended to assess accessibility
429455918,way,surface,MISSING,Surface tag is recommended to assess accessibility
429455919,way,surface,MISSING,Surface tag is recommended to assess accessibility
429455920,way,surface,MISSING,Surface tag is recommended to assess accessibility
429455921,way,surface,MISSING,Surface tag is recommended to assess accessibility
429455923,way,surface,MISSING,Surface tag is recommended to assess accessibility
429455929,way,surface,MISSING,Surface tag is recommended to assess accessibility
429455931,way,surface,MISSING,Surface tag is recommended to assess accessibility
429455932,way,surface,MISSING,Surface tag is recommended to assess accessibility
429455933,way,surface,MISSING,Surface tag is recommended to assess accessibility
429455936,way,surface,MISSING,Surface tag is recommended to assess accessibility
429455939,way,surface,MISSING,Surface tag is recommended to assess accessibility
429455940,way,surface,MISSING,Surface tag is recommended to assess accessibility
429455941,way,surface,MISSING,Surface tag is recommended to assess accessibility
429455942,way,surface,MISSING,Surface tag is recommended to assess accessibility
429455943,way,surface,MISSING,Surface tag is recommended to assess accessibility
429455949,way,surface,MISSING,Surface tag is recommended to assess accessibility
429455952,way,surface,MISSING,Surface tag is recommended to assess accessibility
429455959,way,surface,MISSING,Surface tag is recommended to assess accessibility
429455978,way,surface,MISSING,Surface tag is recommended to assess accessibility
429455979,way,surface,MISSING,Surface tag is recommended to assess accessibility
429455980,way,surface,MISSING,Surface tag is recommended to assess accessibility
429457944,way,surface,MISSING,Surface tag is recommended to assess accessibility
429457946,way,surface,MISSING,Surface tag is recommended to assess accessibility
429457949,way,surface,MISSING,Surface tag is recommended to assess accessibility
429457952,way,surface,MISSING,Surface tag is recommended to assess accessibility
429457958,way,surface,MISSING,Surface tag is recommended to assess accessibility
429457960,way,surface,MISSING,Surface tag is recommended to assess accessibility
432139924,way,surface,MISSING,Surface tag is recommended to assess accessibility
432139925,way,surface,MISSING,Surface tag is recommended to assess accessibility
432139927,way,surface,MISSING,Surface tag is recommended to assess accessibility
432139934,way,surface,MISSING,Surface tag is recommended to assess accessibility
432139935,way,surface,MISSING,Surface tag is recommended to assess accessibility
432139936,way,surface,MISSING,Surface tag is recommended to assess accessibility
432139937,way,surface,MISSING,Surface tag is recommended to assess accessibility
432139939,way,surface,MISSING,Surface tag is recommended to assess accessibility
432139940,way,surface,MISSING,Surface tag is recommended to assess accessibility
432139942,way,surface,MISSING,Surface tag is recommended to assess accessibility
432352116,way,surface,MISSING,Surface tag is recommended to assess accessibility
432352117,way,surface,MISSING,Surface tag is recommended to assess accessibility
432352118,way,surface,MISSING,Surface tag is recommended to assess accessibility
432352119,way,surface,MISSING,Surface tag is recommended to assess accessibility
432352120,way,surface,MISSING,Surface tag is recommended to assess accessibility
432352121,way,surface,MISSING,Surface tag is recommended to assess accessibility
432352123,way,surface,MISSING,Surface tag is recommended to assess accessibility
432352125,way,surface,MISSING,Surface tag is recommended to assess accessibility
432352126,way,surface,MISSING,Surface tag is recommended to assess accessibility
432352127,way,surface,MISSING,Surface tag is recommended to assess accessibility
432352128,way,surface,MISSING,Surface tag is recommended to assess accessibility
432352129,way,surface,MISSING,Surface tag is recommended to assess accessibility
432352135,way,surface,MISSING,Surface tag is recommended to assess accessibility
432352141,way,surface,MISSING,Surface tag is recommended to assess accessibility
432352143,way,surface,MISSING,Surface tag is recommended to assess accessibility
432352144,way,surface,MISSING,Surface tag is recommended to assess accessibility
432913012,way,surface,MISSING,Surface tag is recommended to assess accessibility
432913013,way,surface,MISSING,Surface tag is recommended to assess accessibility
432913038,way,surface,MISSING,Surface tag is recommended to assess accessibility
432913039,way,surface,MISSING,Surface tag is recommended to assess accessibility
432913048,way,surface,MISSING,Surface tag is recommended to assess accessibility
440500517,way,surface,MISSING,Surface tag is recommended to assess accessibility
440500518,way,surface,MISSING,Surface tag is recommended to assess accessibility
440539752,way,surface,MISSING,Surface tag is recommended to assess accessibility
442927667,way,surface,MISSING,Surface tag is recommended to assess accessibility
442927671,way,surface,MISSING,Surface tag is recommended to assess accessibility
442982348,way,surface,MISSING,Surface tag is recommended to assess accessibility
442982349,way,surface,MISSING,Surface tag is recommended to assess accessibility
442982350,way,surface,MISSING,Surface tag is recommended to assess accessibility
442982353,way,surface,MISSING,Surface tag is recommended to assess accessibility
442982354,way,surface,MISSING,Surface tag is recommended to assess accessibility
442982355,way,surface,MISSING,Surface tag is recommended to assess accessibility
442982356,way,surface,MISSING,Surface tag is recommended to assess accessibility
445223207,way,surface,MISSING,Surface tag is recommended to assess accessibility
445263405,way,surface,MISSING,Surface tag is recommended to assess accessibility
445263406,way,surface,MISSING,Surface tag is recommended to assess accessibility
445263409,way,surface,MISSING,Surface tag is recommended to assess accessibility
445329991,way,surface,MISSING,Surface tag is recommended to assess accessibility
445329994,way,surface,MISSING,Surface tag is recommended to assess accessibility
445329995,way,surface,MISSING,Surface tag is recommended to assess accessibility
445330000,way,surface,MISSING,Surface tag is recommended to assess accessibility
445330002,way,surface,MISSING,Surface tag is recommended to assess accessibility
446846620,way,surface,MISSING,Surface tag is recommended to assess accessibility
446846621,way,surface,MISSING,Surface tag is recommended to assess accessibility
446846622,way,surface,MISSING,Surface tag is recommended to assess accessibility
446846623,way,surface,MISSING,Surface tag is recommended to assess accessibility
446846627,way,surface,MISSING,Surface tag is recommended to assess accessibility
446846629,way,surface,MISSING,Surface tag is recommended to assess accessibility
446846631,way,surface,MISSING,Surface tag is recommended to assess accessibility
446846633,way,surface,MISSING,Surface tag is recommended to assess accessibility
446846635,way,surface,MISSING,Surface tag is recommended to assess accessibility
446846636,way,surface,MISSING,Surface tag is recommended to assess accessibility
446858616,way,surface,MISSING,Surface tag is recommended to assess accessibility
446858618,way,surface,MISSING,Surface tag is recommended to assess accessibility
446858623,way,surface,MISSING,Surface tag is recommended to assess accessibility
448508397,way,surface,MISSING,Surface tag is recommended to assess accessibility
448508398,way,surface,MISSING,Surface tag is recommended to assess accessibility
448508399,way,surface,MISSING,Surface tag is recommended to assess accessibility
448508400,way,surface,MISSING,Surface tag is recommended to assess accessibility
448508401,way,surface,MISSING,Surface tag is recommended to assess accessibility
448508402,way,surface,MISSING,Surface tag is recommended to assess accessibility
448508403,way,surface,MISSING,Surface tag is recommended to assess accessibility
449705495,way,surface,MISSING,Surface tag is recommended to assess accessibility
449913170,way,surface,MISSING,Surface tag is recommended to assess accessibility
449913171,way,surface,MISSING,Surface tag is recommended to assess accessibility
449913172,way,surface,MISSING,Surface tag is recommended to assess accessibility
449913173,way,surface,MISSING,Surface tag is recommended to assess accessibility
449913202,way,surface,MISSING,Surface tag is recommended to assess accessibility
449913260,way,surface,MISSING,Surface tag is recommended to assess accessibility
449913262,way,surface,MISSING,Surface tag is recommended to assess accessibility
449913288,way,surface,MISSING,Surface tag is recommended to assess accessibility
449913291,way,surface,MISSING,Surface tag is recommended to assess accessibility
449913293,way,surface,MISSING,Surface tag is recommended to assess accessibility
449913366,way,surface,MISSING,Surface tag is recommended to assess accessibility
449913373,way,surface,MISSING,Surface tag is recommended to assess accessibility
449913385,way,surface,MISSING,Surface tag is recommended to assess accessibility
449913421,way,surface,MISSING,Surface tag is recommended to assess accessibility
449913431,way,surface,MISSING,Surface tag is recommended to assess accessibility
449913523,way,surface,MISSING,Surface tag is recommended to assess accessibility
449913536,way,surface,MISSING,Surface tag is recommended to assess accessibility
449913575,way,surface,MISSING,Surface tag is recommended to assess accessibility
450360762,way,surface,MISSING,Surface tag is recommended to assess accessibility
450360765,way,surface,MISSING,Surface tag is recommended to assess accessibility
450360766,way,surface,MISSING,Surface tag is recommended to assess accessibility
450360767,way,surface,MISSING,Surface tag is recommended to assess accessibility
450360769,way,surface,MISSING,Surface tag is recommended to assess accessibility
450360771,way,surface,MISSING,Surface tag is recommended to assess accessibility
450360772,way,surface,MISSING,Surface tag is recommended to assess accessibility
450360773,way,surface,MISSING,Surface tag is recommended to assess accessibility
450360774,way,surface,MISSING,Surface tag is recommended to assess accessibility
450360775,way,surface,MISSING,Surface tag is recommended to assess accessibility
450360777,way,surface,MISSING,Surface tag is recommended to assess accessibility
450360779,way,surface,MISSING,Surface tag is recommended to assess accessibility
450360780,way,surface,MISSING,Surface tag is recommended to assess accessibility
450360781,way,surface,MISSING,Surface tag is recommended to assess accessibility
450360783,way,surface,MISSING,Surface tag is recommended to assess accessibility
450360785,way,surface,MISSING,Surface tag is recommended to assess accessibility
450360787,way,surface,MISSING,Surface tag is recommended to assess accessibility
450360788,way,surface,MISSING,Surface tag is recommended to assess accessibility
450360790,way,surface,MISSING,Surface tag is recommended to assess accessibility
450360794,way,surface,MISSING,Surface tag is recommended to assess accessibility
450360795,way,surface,MISSING,Surface tag is recommended to assess accessibility
450360800,way,surface,MISSING,Surface tag is recommended to assess accessibility
450360803,way,surface,MISSING,Surface tag is recommended to assess accessibility
450597569,way,surface,MISSING,Surface tag is recommended to assess accessibility
450597570,way,surface,MISSING,Surface tag is recommended to assess accessibility
450597571,way,surface,MISSING,Surface tag is recommended to assess accessibility
450597577,way,surface,MISSING,Surface tag is recommended to assess accessibility
450597579,way,surface,MISSING,Surface tag is recommended to assess accessibility
450597594,way,surface,MISSING,Surface tag is recommended to assess accessibility
450597595,way,surface,MISSING,Surface tag is recommended to assess accessibility
450597596,way,surface,MISSING,Surface tag is recommended to assess accessibility
450597597,way,surface,MISSING,Surface tag is recommended to assess accessibility
450597599,way,surface,MISSING,Surface tag is recommended to assess accessibility
450597600,way,surface,MISSING,Surface tag is recommended to assess accessibility
450597601,way,surface,MISSING,Surface tag is recommended to assess accessibility
450597602,way,surface,MISSING,Surface tag is recommended to assess accessibility
450914574,way,surface,MISSING,Surface tag is recommended to assess accessibility
450914576,way,surface,MISSING,Surface tag is recommended to assess accessibility
450914578,way,surface,MISSING,Surface tag is recommended to assess accessibility
450914579,way,surface,MISSING,Surface tag is recommended to assess accessibility
450914580,way,surface,MISSING,Surface tag is recommended to assess accessibility
450914587,way,surface,MISSING,Surface tag is recommended to assess accessibility
451340259,way,surface,MISSING,Surface tag is recommended to assess accessibility
451340261,way,surface,MISSING,Surface tag is recommended to assess accessibility
451340270,way,surface,MISSING,Surface tag is recommended to assess accessibility
451340272,way,surface,MISSING,Surface tag is recommended to assess accessibility
451340274,way,surface,MISSING,Surface tag is recommended to assess accessibility
451340275,way,surface,MISSING,Surface tag is recommended to assess accessibility
451340276,way,surface,MISSING,Surface tag is recommended to assess accessibility
451340278,way,surface,MISSING,Surface tag is recommended to assess accessibility
451340279,way,surface,MISSING,Surface tag is recommended to assess accessibility
451722353,way,surface,MISSING,Surface tag is recommended to assess accessibility
451806153,way,surface,MISSING,Surface tag is recommended to assess accessibility
451806154,way,surface,MISSING,Surface tag is recommended to assess accessibility
451806155,way,surface,MISSING,Surface tag is recommended to assess accessibility
451806157,way,surface,MISSING,Surface tag is recommended to assess accessibility
451806159,way,surface,MISSING,Surface tag is recommended to assess accessibility
453727126,way,surface,MISSING,Surface tag is recommended to assess accessibility
453727127,way,surface,MISSING,Surface tag is recommended to assess accessibility
453727128,way,surface,MISSING,Surface tag is recommended to assess accessibility
453727131,way,surface,MISSING,Surface tag is recommended to assess accessibility
453728409,way,surface,MISSING,Surface tag is recommended to assess accessibility
453728410,way,surface,MISSING,Surface tag is recommended to assess accessibility
453728411,way,surface,MISSING,Surface tag is recommended to assess accessibility
454891992,way,surface,MISSING,Surface tag is recommended to assess accessibility
454891993,way,surface,MISSING,Surface tag is recommended to assess accessibility
454891995,way,surface,MISSING,Surface tag is recommended to assess accessibility
454891997,way,surface,MISSING,Surface tag is recommended to assess accessibility
454892000,way,surface,MISSING,Surface tag is recommended to assess accessibility
454892005,way,surface,MISSING,Surface tag is recommended to assess accessibility
454892007,way,surface,MISSING,Surface tag is recommended to assess accessibility
454892010,way,surface,MISSING,Surface tag is recommended to assess accessibility
454892011,way,surface,MISSING,Surface tag is recommended to assess accessibility
454892013,way,surface,MISSING,Surface tag is recommended to assess accessibility
454892017,way,surface,MISSING,Surface tag is recommended to assess accessibility
454892026,way,surface,MISSING,Surface tag is recommended to assess accessibility
454892030,way,surface,MISSING,Surface tag is recommended to assess accessibility
454892035,way,surface,MISSING,Surface tag is recommended to assess accessibility
454892046,way,surface,MISSING,Surface tag is recommended to assess accessibility
454892050,way,surface,MISSING,Surface tag is recommended to assess accessibility
454892066,way,surface,MISSING,Surface tag is recommended to assess accessibility
454892069,way,surface,MISSING,Surface tag is recommended to assess accessibility
454892072,way,surface,MISSING,Surface tag is recommended to assess accessibility
454892074,way,surface,MISSING,Surface tag is recommended to assess accessibility
454892076,way,surface,MISSING,Surface tag is recommended to assess accessibility
454892088,way,surface,MISSING,Surface tag is recommended to assess accessibility
454892090,way,surface,MISSING,Surface tag is recommended to assess accessibility
454892092,way,surface,MISSING,Surface tag is recommended to assess accessibility
454892094,way,surface,MISSING,Surface tag is recommended to assess accessibility
454892098,way,surface,MISSING,Surface tag is recommended to assess accessibility
455025809,way,surface,MISSING,Surface tag is recommended to assess accessibility
455025810,way,surface,MISSING,Surface tag is recommended to assess accessibility
455025813,way,surface,MISSING,Surface tag is recommended to assess accessibility
455025814,way,surface,MISSING,Surface tag is recommended to assess accessibility
455025816,way,surface,MISSING,Surface tag is recommended to assess accessibility
455025819,way,surface,MISSING,Surface tag is recommended to assess accessibility
455025820,way,surface,MISSING,Surface tag is recommended to assess accessibility
455025821,way,surface,MISSING,Surface tag is recommended to assess accessibility
455025824,way,surface,MISSING,Surface tag is recommended to assess accessibility
455025825,way,surface,MISSING,Surface tag is recommended to assess accessibility
455025826,way,surface,MISSING,Surface tag is recommended to assess accessibility
455025832,way,surface,MISSING,Surface tag is recommended to assess accessibility
455025833,way,surface,MISSING,Surface tag is recommended to assess accessibility
455025834,way,surface,MISSING,Surface tag is recommended to assess accessibility
455025835,way,surface,MISSING,Surface tag is recommended to assess accessibility
455025836,way,surface,MISSING,Surface tag is recommended to assess accessibility
455025839,way,surface,MISSING,Surface tag is recommended to assess accessibility
455025841,way,surface,MISSING,Surface tag is recommended to assess accessibility
455025842,way,surface,MISSING,Surface tag is recommended to assess accessibility
455025844,way,surface,MISSING,Surface tag is recommended to assess accessibility
455025845,way,surface,MISSING,Surface tag is recommended to assess accessibility
455025847,way,surface,MISSING,Surface tag is recommended to assess accessibility
455025849,way,surface,MISSING,Surface tag is recommended to assess accessibility
455025851,way,surface,MISSING,Surface tag is recommended to assess accessibility
455025852,way,surface,MISSING,Surface tag is recommended to assess accessibility
455025854,way,surface,MISSING,Surface tag is recommended to assess accessibility
455025856,way,surface,MISSING,Surface tag is recommended to assess accessibility
455181592,way,surface,MISSING,Surface tag is recommended to assess accessibility
455181593,way,surface,MISSING,Surface tag is recommended to assess accessibility
455181594,way,surface,MISSING,Surface tag is recommended to assess accessibility
455181595,way,surface,MISSING,Surface tag is recommended to assess accessibility
455181596,way,surface,MISSING,Surface tag is recommended to assess accessibility
455181597,way,surface,MISSING,Surface tag is recommended to assess accessibility
455181602,way,surface,MISSING,Surface tag is recommended to assess accessibility
455181606,way,surface,MISSING,Surface tag is recommended to assess accessibility
455181607,way,surface,MISSING,Surface tag is recommended to assess accessibility
455181609,way,surface,MISSING,Surface tag is recommended to assess accessibility
455181611,way,surface,MISSING,Surface tag is recommended to assess accessibility
455181612,way,surface,MISSING,Surface tag is recommended to assess accessibility
455181614,way,surface,MISSING,Surface tag is recommended to assess accessibility
455181615,way,surface,MISSING,Surface tag is recommended to assess accessibility
455181616,way,surface,MISSING,Surface tag is recommended to assess accessibility
455181618,way,surface,MISSING,Surface tag is recommended to assess accessibility
455181620,way,surface,MISSING,Surface tag is recommended to assess accessibility
455181621,way,surface,MISSING,Surface tag is recommended to assess accessibility
455181622,way,surface,MISSING,Surface tag is recommended to assess accessibility
455181623,way,surface,MISSING,Surface tag is recommended to assess accessibility
455181625,way,surface,MISSING,Surface tag is recommended to assess accessibility
455181627,way,surface,MISSING,Surface tag is recommended to assess accessibility
455181630,way,surface,MISSING,Surface tag is recommended to assess accessibility
455181631,way,surface,MISSING,Surface tag is recommended to assess accessibility
455181632,way,surface,MISSING,Surface tag is recommended to assess accessibility
455181634,way,surface,MISSING,Surface tag is recommended to assess accessibility
455181636,way,surface,MISSING,Surface tag is recommended to assess accessibility
455181638,way,surface,MISSING,Surface tag is recommended to assess accessibility
455181640,way,surface,MISSING,Surface tag is recommended to assess accessibility
455181641,way,surface,MISSING,Surface tag is recommended to assess accessibility
455181642,way,surface,MISSING,Surface tag is recommended to assess accessibility
455239223,way,surface,MISSING,Surface tag is recommended to assess accessibility
455239225,way,surface,MISSING,Surface tag is recommended to assess accessibility
455264969,way,surface,MISSING,Surface tag is recommended to assess accessibility
455264970,way,surface,MISSING,Surface tag is recommended to assess accessibility
455264971,way,surface,MISSING,Surface tag is recommended to assess accessibility
455264973,way,surface,MISSING,Surface tag is recommended to assess accessibility
455264975,way,surface,MISSING,Surface tag is recommended to assess accessibility
455264976,way,surface,MISSING,Surface tag is recommended to assess accessibility
455264978,way,surface,MISSING,Surface tag is recommended to assess accessibility
455264980,way,surface,MISSING,Surface tag is recommended to assess accessibility
455264984,way,surface,MISSING,Surface tag is recommended to assess accessibility
455264985,way,surface,MISSING,Surface tag is recommended to assess accessibility
455264986,way,surface,MISSING,Surface tag is recommended to assess accessibility
455264995,way,surface,MISSING,Surface tag is recommended to assess accessibility
455264996,way,surface,MISSING,Surface tag is recommended to assess accessibility
455264997,way,surface,MISSING,Surface tag is recommended to assess accessibility
456293273,way,surface,MISSING,Surface tag is recommended to assess accessibility
456293274,way,surface,MISSING,Surface tag is recommended to assess accessibility
456293277,way,surface,MISSING,Surface tag is recommended to assess accessibility
456293278,way,surface,MISSING,Surface tag is recommended to assess accessibility
460047247,way,surface,MISSING,Surface tag is recommended to assess accessibility
460047249,way,surface,MISSING,Surface tag is recommended to assess accessibility
460047251,way,surface,MISSING,Surface tag is recommended to assess accessibility
460047253,way,surface,MISSING,Surface tag is recommended to assess accessibility
460047254,way,surface,MISSING,Surface tag is recommended to assess accessibility
460047256,way,surface,MISSING,Surface tag is recommended to assess accessibility
460047258,way,surface,MISSING,Surface tag is recommended to assess accessibility
460047260,way,surface,MISSING,Surface tag is recommended to assess accessibility
460047262,way,surface,MISSING,Surface tag is recommended to assess accessibility
460047292,way,surface,MISSING,Surface tag is recommended to assess accessibility
460047312,way,surface,MISSING,Surface tag is recommended to assess accessibility
460047325,way,surface,MISSING,Surface tag is recommended to assess accessibility
460047335,way,surface,MISSING,Surface tag is recommended to assess accessibility
460047343,way,surface,MISSING,Surface tag is recommended to assess accessibility
460047387,way,surface,MISSING,Surface tag is recommended to assess accessibility
460047389,way,surface,MISSING,Surface tag is recommended to assess accessibility
460352623,way,surface,MISSING,Surface tag is recommended to assess accessibility
460352626,way,surface,MISSING,Surface tag is recommended to assess accessibility
460352629,way,surface,MISSING,Surface tag is recommended to assess accessibility
460352630,way,surface,MISSING,Surface tag is recommended to assess accessibility
460352631,way,surface,MISSING,Surface tag is recommended to assess accessibility
460352632,way,surface,MISSING,Surface tag is recommended to assess accessibility
460352633,way,surface,MISSING,Surface tag is recommended to assess accessibility
460352634,way,surface,MISSING,Surface tag is recommended to assess accessibility
460352635,way,surface,MISSING,Surface tag is recommended to assess accessibility
460352639,way,surface,MISSING,Surface tag is recommended to assess accessibility
460352640,way,surface,MISSING,Surface tag is recommended to assess accessibility
460352657,way,surface,MISSING,Surface tag is recommended to assess accessibility
460352659,way,surface,MISSING,Surface tag is recommended to assess accessibility
460352660,way,surface,MISSING,Surface tag is recommended to assess accessibility
460352661,way,surface,MISSING,Surface tag is recommended to assess accessibility
460352662,way,surface,MISSING,Surface tag is recommended to assess accessibility
460352663,way,surface,MISSING,Surface tag is recommended to assess accessibility
460352664,way,surface,MISSING,Surface tag is recommended to assess accessibility
460352665,way,surface,MISSING,Surface tag is recommended to assess accessibility
460352666,way,surface,MISSING,Surface tag is recommended to assess accessibility
460352667,way,surface,MISSING,Surface tag is recommended to assess accessibility
460352668,way,surface,MISSING,Surface tag is recommended to assess accessibility
460352669,way,surface,MISSING,Surface tag is recommended to assess accessibility
460352670,way,surface,MISSING,Surface tag is recommended to assess accessibility
460352672,way,surface,MISSING,Surface tag is recommended to assess accessibility
460352673,way,surface,MISSING,Surface tag is recommended to assess accessibility
460352676,way,surface,MISSING,Surface tag is recommended to assess accessibility
460352677,way,surface,MISSING,Surface tag is recommended to assess accessibility
460558870,way,surface,MISSING,Surface tag is recommended to assess accessibility
460558871,way,surface,MISSING,Surface tag is recommended to assess accessibility
460558872,way,surface,MISSING,Surface tag is recommended to assess accessibility
460558873,way,surface,MISSING,Surface tag is recommended to assess accessibility
460558874,way,surface,MISSING,Surface tag is recommended to assess accessibility
460558876,way,surface,MISSING,Surface tag is recommended to assess accessibility
460558878,way,surface,MISSING,Surface tag is recommended to assess accessibility
460558880,way,surface,MISSING,Surface tag is recommended to assess accessibility
460558883,way,surface,MISSING,Surface tag is recommended to assess accessibility
460558884,way,surface,MISSING,Surface tag is recommended to assess accessibility
460558886,way,surface,MISSING,Surface tag is recommended to assess accessibility
462800093,way,surface,MISSING,Surface tag is recommended to assess accessibility
462800094,way,surface,MISSING,Surface tag is recommended to assess accessibility
462800096,way,surface,MISSING,Surface tag is recommended to assess accessibility
462800097,way,surface,MISSING,Surface tag is recommended to assess accessibility
462890650,way,surface,MISSING,Surface tag is recommended to assess accessibility
462890652,way,surface,MISSING,Surface tag is recommended to assess accessibility
462890653,way,surface,MISSING,Surface tag is recommended to assess accessibility
462890656,way,surface,MISSING,Surface tag is recommended to assess accessibility
462890658,way,surface,MISSING,Surface tag is recommended to assess accessibility
462890663,way,surface,MISSING,Surface tag is recommended to assess accessibility
462890664,way,surface,MISSING,Surface tag is recommended to assess accessibility
462890665,way,surface,MISSING,Surface tag is recommended to assess accessibility
462890666,way,surface,MISSING,Surface tag is recommended to assess accessibility
462890668,way,surface,MISSING,Surface tag is recommended to assess accessibility
462890669,way,surface,MISSING,Surface tag is recommended to assess accessibility
462890670,way,surface,MISSING,Surface tag is recommended to assess accessibility
462902287,way,surface,MISSING,Surface tag is recommended to assess accessibility
462902288,way,surface,MISSING,Surface tag is recommended to assess accessibility
462902290,way,surface,MISSING,Surface tag is recommended to assess accessibility
462902291,way,surface,MISSING,Surface tag is recommended to assess accessibility
462902292,way,surface,MISSING,Surface tag is recommended to assess accessibility
462902293,way,surface,MISSING,Surface tag is recommended to assess accessibility
462902294,way,surface,MISSING,Surface tag is recommended to assess accessibility
462902297,way,surface,MISSING,Surface tag is recommended to assess accessibility
477061879,way,surface,MISSING,Surface tag is recommended to assess accessibility
477061880,way,surface,MISSING,Surface tag is recommended to assess accessibility
477061881,way,surface,MISSING,Surface tag is recommended to assess accessibility
477061882,way,surface,MISSING,Surface tag is recommended to assess accessibility
477061883,way,surface,MISSING,Surface tag is recommended to assess accessibility
477061884,way,surface,MISSING,Surface tag is recommended to assess accessibility
477061887,way,surface,MISSING,Surface tag is recommended to assess accessibility
477061890,way,surface,MISSING,Surface tag is recommended to assess accessibility
477062091,way,surface,MISSING,Surface tag is recommended to assess accessibility
477062092,way,surface,MISSING,Surface tag is recommended to assess accessibility
477062093,way,surface,MISSING,Surface tag is recommended to assess accessibility
477289445,way,surface,MISSING,Surface tag is recommended to assess accessibility
477295545,way,surface,MISSING,Surface tag is recommended to assess accessibility
477295546,way,surface,MISSING,Surface tag is recommended to assess accessibility
477296030,way,surface,MISSING,Surface tag is recommended to assess accessibility
477299807,way,surface,MISSING,Surface tag is recommended to assess accessibility
477299809,way,surface,MISSING,Surface tag is recommended to assess accessibility
477299811,way,surface,MISSING,Surface tag is recommended to assess accessibility
477299812,way,surface,MISSING,Surface tag is recommended to assess accessibility
477299814,way,surface,MISSING,Surface tag is recommended to assess accessibility
477299816,way,surface,MISSING,Surface tag is recommended to assess accessibility
477299817,way,surface,MISSING,Surface tag is recommended to assess accessibility
477299820,way,surface,MISSING,Surface tag is recommended to assess accessibility
477299821,way,surface,MISSING,Surface tag is recommended to assess accessibility
477299823,way,surface,MISSING,Surface tag is recommended to assess accessibility
477299825,way,surface,MISSING,Surface tag is recommended to assess accessibility
477299828,way,surface,MISSING,Surface tag is recommended to assess accessibility
477299829,way,surface,MISSING,Surface tag is recommended to assess accessibility
477299830,way,surface,MISSING,Surface tag is recommended to assess accessibility
477299832,way,surface,MISSING,Surface tag is recommended to assess accessibility
477299834,way,surface,MISSING,Surface tag is recommended to assess accessibility
477299838,way,surface,MISSING,Surface tag is recommended to assess accessibility
477299839,way,surface,MISSING,Surface tag is recommended to assess accessibility
477299841,way,surface,MISSING,Surface tag is recommended to assess accessibility
477515321,way,surface,MISSING,Surface tag is recommended to assess accessibility
477515322,way,surface,MISSING,Surface tag is recommended to assess accessibility
477515323,way,surface,MISSING,Surface tag is recommended to assess accessibility
477515324,way,surface,MISSING,Surface tag is recommended to assess accessibility
477515327,way,surface,MISSING,Surface tag is recommended to assess accessibility
477515335,way,surface,MISSING,Surface tag is recommended to assess accessibility
477515340,way,surface,MISSING,Surface tag is recommended to assess accessibility
477515342,way,surface,MISSING,Surface tag is recommended to assess accessibility
477515344,way,surface,MISSING,Surface tag is recommended to assess accessibility
477515346,way,surface,MISSING,Surface tag is recommended to assess accessibility
477691809,way,surface,MISSING,Surface tag is recommended to assess accessibility
478021614,way,surface,MISSING,Surface tag is recommended to assess accessibility
478021616,way,surface,MISSING,Surface tag is recommended to assess accessibility
478021618,way,surface,MISSING,Surface tag is recommended to assess accessibility
478021619,way,surface,MISSING,Surface tag is recommended to assess accessibility
478021621,way,surface,MISSING,Surface tag is recommended to assess accessibility
478021622,way,surface,MISSING,Surface tag is recommended to assess accessibility
478021624,way,surface,MISSING,Surface tag is recommended to assess accessibility
478021628,way,surface,MISSING,Surface tag is recommended to assess accessibility
478021630,way,surface,MISSING,Surface tag is recommended to assess accessibility
478021636,way,surface,MISSING,Surface tag is recommended to assess accessibility
478021638,way,surface,MISSING,Surface tag is recommended to assess accessibility
478021645,way,surface,MISSING,Surface tag is recommended to assess accessibility
478216038,way,surface,MISSING,Surface tag is recommended to assess accessibility
478216039,way,surface,MISSING,Surface tag is recommended to assess accessibility
478216042,way,surface,MISSING,Surface tag is recommended to assess accessibility
478216043,way,surface,MISSING,Surface tag is recommended to assess accessibility
478216045,way,surface,MISSING,Surface tag is recommended to assess accessibility
478216047,way,surface,MISSING,Surface tag is recommended to assess accessibility
478216048,way,surface,MISSING,Surface tag is recommended to assess accessibility
478216049,way,surface,MISSING,Surface tag is recommended to assess accessibility
478216051,way,surface,MISSING,Surface tag is recommended to assess accessibility
478216052,way,surface,MISSING,Surface tag is recommended to assess accessibility
478216054,way,surface,MISSING,Surface tag is recommended to assess accessibility
478216056,way,surface,MISSING,Surface tag is recommended to assess accessibility
478216057,way,surface,MISSING,Surface tag is recommended to assess accessibility
478216069,way,surface,MISSING,Surface tag is recommended to assess accessibility
478216070,way,surface,MISSING,Surface tag is recommended to assess accessibility
478216072,way,surface,MISSING,Surface tag is recommended to assess accessibility
478216076,way,surface,MISSING,Surface tag is recommended to assess accessibility
478216077,way,surface,MISSING,Surface tag is recommended to assess accessibility
478216079,way,surface,MISSING,Surface tag is recommended to assess accessibility
478216081,way,surface,MISSING,Surface tag is recommended to assess accessibility
478216083,way,surface,MISSING,Surface tag is recommended to assess accessibility
478216084,way,surface,MISSING,Surface tag is recommended to assess accessibility
478216085,way,surface,MISSING,Surface tag is recommended to assess accessibility
478216086,way,surface,MISSING,Surface tag is recommended to assess accessibility
478216087,way,surface,MISSING,Surface tag is recommended to assess accessibility
478217576,way,surface,MISSING,Surface tag is recommended to assess accessibility
478217577,way,surface,MISSING,Surface tag is recommended to assess accessibility
478217580,way,surface,MISSING,Surface tag is recommended to assess accessibility
478534281,way,surface,MISSING,Surface tag is recommended to assess accessibility
478535436,way,surface,MISSING,Surface tag is recommended to assess accessibility
478538197,way,surface,MISSING,Surface tag is recommended to assess accessibility
478538198,way,surface,MISSING,Surface tag is recommended to assess accessibility
478538200,way,surface,MISSING,Surface tag is recommended to assess accessibility
478538201,way,surface,MISSING,Surface tag is recommended to assess accessibility
478538204,way,surface,MISSING,Surface tag is recommended to assess accessibility
478538205,way,surface,MISSING,Surface tag is recommended to assess accessibility
478538206,way,surface,MISSING,Surface tag is recommended to assess accessibility
478538208,way,surface,MISSING,Surface tag is recommended to assess accessibility
478538209,way,surface,MISSING,Surface tag is recommended to assess accessibility
478538211,way,surface,MISSING,Surface tag is recommended to assess accessibility
478538213,way,surface,MISSING,Surface tag is recommended to assess accessibility
478538214,way,surface,MISSING,Surface tag is recommended to assess accessibility
478538215,way,surface,MISSING,Surface tag is recommended to assess accessibility
494502919,way,surface,MISSING,Surface tag is recommended to assess accessibility
494765217,way,surface,MISSING,Surface tag is recommended to assess accessibility
565262959,way,surface,MISSING,Surface tag is recommended to assess accessibility
568298533,way,surface,MISSING,Surface tag is recommended to assess accessibility
568616323,way,surface,MISSING,Surface tag is recommended to assess accessibility
569247513,way,surface,MISSING,Surface tag is recommended to assess accessibility
569247514,way,surface,MISSING,Surface tag is recommended to assess accessibility
569247819,way,surface,MISSING,Surface tag is recommended to assess accessibility
569248246,way,surface,MISSING,Surface tag is recommended to assess accessibility
569248614,way,surface,MISSING,Surface tag is recommended to assess accessibility
569477904,way,surface,MISSING,Surface tag is recommended to assess accessibility
569477906,way,surface,MISSING,Surface tag is recommended to assess accessibility
569677148,way,surface,MISSING,Surface tag is recommended to assess accessibility
570000925,way,surface,MISSING,Surface tag is recommended to assess accessibility
570486859,way,surface,MISSING,Surface tag is recommended to assess accessibility
570486860,way,surface,MISSING,Surface tag is recommended to assess accessibility
570557817,way,surface,MISSING,Surface tag is recommended to assess accessibility
570557818,way,surface,MISSING,Surface tag is recommended to assess accessibility
570557819,way,surface,MISSING,Surface tag is recommended to assess accessibility
570557820,way,surface,MISSING,Surface tag is recommended to assess accessibility
570557822,way,surface,MISSING,Surface tag is recommended to assess accessibility
570557825,way,surface,MISSING,Surface tag is recommended to assess accessibility
570557828,way,surface,MISSING,Surface tag is recommended to assess accessibility
570557829,way,surface,MISSING,Surface tag is recommended to assess accessibility
570557830,way,surface,MISSING,Surface tag is recommended to assess accessibility
570690029,way,surface,MISSING,Surface tag is recommended to assess accessibility
571180048,way,surface,MISSING,Surface tag is recommended to assess accessibility
572102774,way,surface,MISSING,Surface tag is recommended to assess accessibility
577335923,way,surface,MISSING,Surface tag is recommended to assess accessibility
577647592,way,surface,MISSING,Surface tag is recommended to assess accessibility
578273841,way,surface,MISSING,Surface tag is recommended to assess accessibility
578273842,way,surface,MISSING,Surface tag is recommended to assess accessibility
578273843,way,surface,MISSING,Surface tag is recommended to assess accessibility
579463946,way,surface,MISSING,Surface tag is recommended to assess accessibility
580342634,way,surface,MISSING,Surface tag is recommended to assess accessibility
584877214,way,surface,MISSING,Surface tag is recommended to assess accessibility
608692648,way,surface,MISSING,Surface tag is recommended to assess accessibility
608692649,way,surface,MISSING,Surface tag is recommended to assess accessibility
609133793,way,surface,MISSING,Surface tag is recommended to assess accessibility
609133851,way,surface,MISSING,Surface tag is recommended to assess accessibility
609133859,way,surface,MISSING,Surface tag is recommended to assess accessibility
609133966,way,surface,MISSING,Surface tag is recommended to assess accessibility
609134003,way,surface,MISSING,Surface tag is recommended to assess accessibility
609134016,way,surface,MISSING,Surface tag is recommended to assess accessibility
609134037,way,surface,MISSING,Surface tag is recommended to assess accessibility
609134215,way,surface,MISSING,Surface tag is recommended to assess accessibility
609134368,way,surface,MISSING,Surface tag is recommended to assess accessibility
609134370,way,surface,MISSING,Surface tag is recommended to assess accessibility
609134372,way,surface,MISSING,Surface tag is recommended to assess accessibility
609134373,way,surface,MISSING,Surface tag is recommended to assess accessibility
609134379,way,surface,MISSING,Surface tag is recommended to assess accessibility
609134390,way,surface,MISSING,Surface tag is recommended to assess accessibility
609134403,way,surface,MISSING,Surface tag is recommended to assess accessibility
609134404,way,surface,MISSING,Surface tag is recommended to assess accessibility
609134405,way,surface,MISSING,Surface tag is recommended to assess accessibility
609134407,way,surface,MISSING,Surface tag is recommended to assess accessibility
609134408,way,surface,MISSING,Surface tag is recommended to assess accessibility
609134409,way,surface,MISSING,Surface tag is recommended to assess accessibility
609134410,way,surface,MISSING,Surface tag is recommended to assess accessibility
609134411,way,surface,MISSING,Surface tag is recommended to assess accessibility
609134413,way,surface,MISSING,Surface tag is recommended to assess accessibility
609134415,way,surface,MISSING,Surface tag is recommended to assess accessibility
609134417,way,surface,MISSING,Surface tag is recommended to assess accessibility
609134419,way,surface,MISSING,Surface tag is recommended to assess accessibility
609134452,way,surface,MISSING,Surface tag is recommended to assess accessibility
609134466,way,surface,MISSING,Surface tag is recommended to assess accessibility
609134471,way,surface,MISSING,Surface tag is recommended to assess accessibility
609134479,way,surface,MISSING,Surface tag is recommended to assess accessibility
609134480,way,surface,MISSING,Surface tag is recommended to assess accessibility
609134481,way,surface,MISSING,Surface tag is recommended to assess accessibility
609134483,way,surface,MISSING,Surface tag is recommended to assess accessibility
609134484,way,surface,MISSING,Surface tag is recommended to assess accessibility
609134485,way,surface,MISSING,Surface tag is recommended to assess accessibility
609134487,way,surface,MISSING,Surface tag is recommended to assess accessibility
609134489,way,surface,MISSING,Surface tag is recommended to assess accessibility
610327496,way,surface,MISSING,Surface tag is recommended to assess accessibility
610327497,way,surface,MISSING,Surface tag is recommended to assess accessibility
610327498,way,surface,MISSING,Surface tag is recommended to assess accessibility
610327536,way,surface,MISSING,Surface tag is recommended to assess accessibility
610327537,way,surface,MISSING,Surface tag is recommended to assess accessibility
610327538,way,surface,MISSING,Surface tag is recommended to assess accessibility
611965119,way,surface,MISSING,Surface tag is recommended to assess accessibility
611965121,way,surface,MISSING,Surface tag is recommended to assess accessibility
611965124,way,surface,MISSING,Surface tag is recommended to assess accessibility
611965126,way,surface,MISSING,Surface tag is recommended to assess accessibility
611965127,way,surface,MISSING,Surface tag is recommended to assess accessibility
611965128,way,surface,MISSING,Surface tag is recommended to assess accessibility
611965131,way,surface,MISSING,Surface tag is recommended to assess accessibility
611965136,way,surface,MISSING,Surface tag is recommended to assess accessibility
611965141,way,surface,MISSING,Surface tag is recommended to assess accessibility
611965159,way,surface,MISSING,Surface tag is recommended to assess accessibility
611965245,way,surface,MISSING,Surface tag is recommended to assess accessibility
611965246,way,surface,MISSING,Surface tag is recommended to assess accessibility
611965248,way,surface,MISSING,Surface tag is recommended to assess accessibility
614461849,way,surface,MISSING,Surface tag is recommended to assess accessibility
614461851,way,surface,MISSING,Surface tag is recommended to assess accessibility
615240621,way,surface,MISSING,Surface tag is recommended to assess accessibility
615240622,way,surface,MISSING,Surface tag is recommended to assess accessibility
615240624,way,surface,MISSING,Surface tag is recommended to assess accessibility
615240626,way,surface,MISSING,Surface tag is recommended to assess accessibility
615240734,way,surface,MISSING,Surface tag is recommended to assess accessibility
615240736,way,surface,MISSING,Surface tag is recommended to assess accessibility
615240737,way,surface,MISSING,Surface tag is recommended to assess accessibility
615240739,way,surface,MISSING,Surface tag is recommended to assess accessibility
615240740,way,surface,MISSING,Surface tag is recommended to assess accessibility
615240741,way,surface,MISSING,Surface tag is recommended to assess accessibility
615240744,way,surface,MISSING,Surface tag is recommended to assess accessibility
615240746,way,surface,MISSING,Surface tag is recommended to assess accessibility
615240768,way,surface,MISSING,Surface tag is recommended to assess accessibility
615240789,way,surface,MISSING,Surface tag is recommended to assess accessibility
616821391,way,surface,MISSING,Surface tag is recommended to assess accessibility
617312972,way,surface,MISSING,Surface tag is recommended to assess accessibility
617312974,way,surface,MISSING,Surface tag is recommended to assess accessibility
617312975,way,surface,MISSING,Surface tag is recommended to assess accessibility
617312978,way,surface,MISSING,Surface tag is recommended to assess accessibility
617312980,way,surface,MISSING,Surface tag is recommended to assess accessibility
617312982,way,surface,MISSING,Surface tag is recommended to assess accessibility
617312984,way,surface,MISSING,Surface tag is recommended to assess accessibility
617312985,way,surface,MISSING,Surface tag is recommended to assess accessibility
617312986,way,surface,MISSING,Surface tag is recommended to assess accessibility
617312988,way,surface,MISSING,Surface tag is recommended to assess accessibility
617312991,way,surface,MISSING,Surface tag is recommended to assess accessibility
617312992,way,surface,MISSING,Surface tag is recommended to assess accessibility
617312993,way,surface,MISSING,Surface tag is recommended to assess accessibility
617312994,way,surface,MISSING,Surface tag is recommended to assess accessibility
617312999,way,surface,MISSING,Surface tag is recommended to assess accessibility
617313000,way,surface,MISSING,Surface tag is recommended to assess accessibility
617313001,way,surface,MISSING,Surface tag is recommended to assess accessibility
617313002,way,surface,MISSING,Surface tag is recommended to assess accessibility
617313006,way,surface,MISSING,Surface tag is recommended to assess accessibility
617313007,way,surface,MISSING,Surface tag is recommended to assess accessibility
617313021,way,surface,MISSING,Surface tag is recommended to assess accessibility
617313023,way,surface,MISSING,Surface tag is recommended to assess accessibility
617313025,way,surface,MISSING,Surface tag is recommended to assess accessibility
617313026,way,surface,MISSING,Surface tag is recommended to assess accessibility
617313028,way,surface,MISSING,Surface tag is recommended to assess accessibility
617313029,way,surface,MISSING,Surface tag is recommended to assess accessibility
617313035,way,surface,MISSING,Surface tag is recommended to assess accessibility
617313036,way,surface,MISSING,Surface tag is recommended to assess accessibility
617313038,way,surface,MISSING,Surface tag is recommended to assess accessibility
617313040,way,surface,MISSING,Surface tag is recommended to assess accessibility
617398581,way,surface,MISSING,Surface tag is recommended to assess accessibility
618948837,way,surface,MISSING,Surface tag is recommended to assess accessibility
618948838,way,surface,MISSING,Surface tag is recommended to assess accessibility
618948839,way,surface,MISSING,Surface tag is recommended to assess accessibility
618948840,way,surface,MISSING,Surface tag is recommended to assess accessibility
619374226,way,surface,MISSING,Surface tag is recommended to assess accessibility
619374227,way,surface,MISSING,Surface tag is recommended to assess accessibility
619374250,way,surface,MISSING,Surface tag is recommended to assess accessibility
619374254,way,surface,MISSING,Surface tag is recommended to assess accessibility
619374264,way,surface,MISSING,Surface tag is recommended to assess accessibility
619374269,way,surface,MISSING,Surface tag is recommended to assess accessibility
619374274,way,surface,MISSING,Surface tag is recommended to assess accessibility
619374311,way,surface,MISSING,Surface tag is recommended to assess accessibility
619374313,way,surface,MISSING,Surface tag is recommended to assess accessibility
619374315,way,surface,MISSING,Surface tag is recommended to assess accessibility
619374316,way,surface,MISSING,Surface tag is recommended to assess accessibility
619374324,way,surface,MISSING,Surface tag is recommended to assess accessibility
619374325,way,surface,MISSING,Surface tag is recommended to assess accessibility
619374326,way,surface,MISSING,Surface tag is recommended to assess accessibility
619374330,way,surface,MISSING,Surface tag is recommended to assess accessibility
619374331,way,surface,MISSING,Surface tag is recommended to assess accessibility
619374332,way,surface,MISSING,Surface tag is recommended to assess accessibility
619374333,way,surface,MISSING,Surface tag is recommended to assess accessibility
619374334,way,surface,MISSING,Surface tag is recommended to assess accessibility
619374336,way,surface,MISSING,Surface tag is recommended to assess accessibility
619374340,way,surface,MISSING,Surface tag is recommended to assess accessibility
619374343,way,surface,MISSING,Surface tag is recommended to assess accessibility
619374347,way,surface,MISSING,Surface tag is recommended to assess accessibility
629166102,way,surface,MISSING,Surface tag is recommended to assess accessibility
629166114,way,surface,MISSING,Surface tag is recommended to assess accessibility
629166116,way,surface,MISSING,Surface tag is recommended to assess accessibility
629166118,way,surface,MISSING,Surface tag is recommended to assess accessibility
629166120,way,surface,MISSING,Surface tag is recommended to assess accessibility
629166122,way,surface,MISSING,Surface tag is recommended to assess accessibility
629166124,way,surface,MISSING,Surface tag is recommended to assess accessibility
629175808,way,surface,MISSING,Surface tag is recommended to assess accessibility
629175810,way,surface,MISSING,Surface tag is recommended to assess accessibility
629175811,way,surface,MISSING,Surface tag is recommended to assess accessibility
629175813,way,surface,MISSING,Surface tag is recommended to assess accessibility
629175816,way,surface,MISSING,Surface tag is recommended to assess accessibility
629175817,way,surface,MISSING,Surface tag is recommended to assess accessibility
629175820,way,surface,MISSING,Surface tag is recommended to assess accessibility
629175821,way,surface,MISSING,Surface tag is recommended to assess accessibility
629175824,way,surface,MISSING,Surface tag is recommended to assess accessibility
629175825,way,surface,MISSING,Surface tag is recommended to assess accessibility
629175828,way,surface,MISSING,Surface tag is recommended to assess accessibility
629175829,way,surface,MISSING,Surface tag is recommended to assess accessibility
629175838,way,surface,MISSING,Surface tag is recommended to assess accessibility
629175840,way,surface,MISSING,Surface tag is recommended to assess accessibility
629175851,way,surface,MISSING,Surface tag is recommended to assess accessibility
629175853,way,surface,MISSING,Surface tag is recommended to assess accessibility
629175855,way,surface,MISSING,Surface tag is recommended to assess accessibility
629175858,way,surface,MISSING,Surface tag is recommended to assess accessibility
629175860,way,surface,MISSING,Surface tag is recommended to assess accessibility
629175862,way,surface,MISSING,Surface tag is recommended to assess accessibility
629175871,way,surface,MISSING,Surface tag is recommended to assess accessibility
629175875,way,surface,MISSING,Surface tag is recommended to assess accessibility
629175878,way,surface,MISSING,Surface tag is recommended to assess accessibility
629175880,way,surface,MISSING,Surface tag is recommended to assess accessibility
629175882,way,surface,MISSING,Surface tag is recommended to assess accessibility
629175885,way,surface,MISSING,Surface tag is recommended to assess accessibility
629175886,way,surface,MISSING,Surface tag is recommended to assess accessibility
629175887,way,surface,MISSING,Surface tag is recommended to assess accessibility
629175888,way,surface,MISSING,Surface tag is recommended to assess accessibility
629175890,way,surface,MISSING,Surface tag is recommended to assess accessibility
629175893,way,surface,MISSING,Surface tag is recommended to assess accessibility
629175894,way,surface,MISSING,Surface tag is recommended to assess accessibility
629175895,way,surface,MISSING,Surface tag is recommended to assess accessibility
629175899,way,surface,MISSING,Surface tag is recommended to assess accessibility
629175900,way,surface,MISSING,Surface tag is recommended to assess accessibility
629175902,way,surface,MISSING,Surface tag is recommended to assess accessibility
629175905,way,surface,MISSING,Surface tag is recommended to assess accessibility
629175906,way,surface,MISSING,Surface tag is recommended to assess accessibility
629175909,way,surface,MISSING,Surface tag is recommended to assess accessibility
629175910,way,surface,MISSING,Surface tag is recommended to assess accessibility
629175913,way,surface,MISSING,Surface tag is recommended to assess accessibility
629175914,way,surface,MISSING,Surface tag is recommended to assess accessibility
629175917,way,surface,MISSING,Surface tag is recommended to assess accessibility
629175918,way,surface,MISSING,Surface tag is recommended to assess accessibility
629175920,way,surface,MISSING,Surface tag is recommended to assess accessibility
629175923,way,surface,MISSING,Surface tag is recommended to assess accessibility
629175924,way,surface,MISSING,Surface tag is recommended to assess accessibility
629175927,way,surface,MISSING,Surface tag is recommended to assess accessibility
629175928,way,surface,MISSING,Surface tag is recommended to assess accessibility
629175929,way,surface,MISSING,Surface tag is recommended to assess accessibility
629175930,way,surface,MISSING,Surface tag is recommended to assess accessibility
629175934,way,surface,MISSING,Surface tag is recommended to assess accessibility
629175935,way,surface,MISSING,Surface tag is recommended to assess accessibility
629175938,way,surface,MISSING,Surface tag is recommended to assess accessibility
629175939,way,surface,MISSING,Surface tag is recommended to assess accessibility
629178620,way,surface,MISSING,Surface tag is recommended to assess accessibility
630625634,way,surface,MISSING,Surface tag is recommended to assess accessibility
636743453,way,surface,MISSING,Surface tag is recommended to assess accessibility
636743454,way,surface,MISSING,Surface tag is recommended to assess accessibility
636743455,way,surface,MISSING,Surface tag is recommended to assess accessibility
636743456,way,surface,MISSING,Surface tag is recommended to assess accessibility
636743458,way,surface,MISSING,Surface tag is recommended to assess accessibility
636743489,way,surface,MISSING,Surface tag is recommended to assess accessibility
636743490,way,surface,MISSING,Surface tag is recommended to assess accessibility
636743491,way,surface,MISSING,Surface tag is recommended to assess accessibility
636743492,way,surface,MISSING,Surface tag is recommended to assess accessibility
636743514,way,surface,MISSING,Surface tag is recommended to assess accessibility
636743515,way,surface,MISSING,Surface tag is recommended to assess accessibility
636743517,way,surface,MISSING,Surface tag is recommended to assess accessibility
636743518,way,surface,MISSING,Surface tag is recommended to assess accessibility
636743519,way,surface,MISSING,Surface tag is recommended to assess accessibility
639705873,way,surface,MISSING,Surface tag is recommended to assess accessibility
639705874,way,surface,MISSING,Surface tag is recommended to assess accessibility
639705875,way,surface,MISSING,Surface tag is recommended to assess accessibility
639705877,way,surface,MISSING,Surface tag is recommended to assess accessibility
639705879,way,surface,MISSING,Surface tag is recommended to assess accessibility
639705881,way,surface,MISSING,Surface tag is recommended to assess accessibility
639705882,way,surface,MISSING,Surface tag is recommended to assess accessibility
639705883,way,surface,MISSING,Surface tag is recommended to assess accessibility
639705885,way,surface,MISSING,Surface tag is recommended to assess accessibility
639705887,way,surface,MISSING,Surface tag is recommended to assess accessibility
639705889,way,surface,MISSING,Surface tag is recommended to assess accessibility
639705891,way,surface,MISSING,Surface tag is recommended to assess accessibility
639705892,way,surface,MISSING,Surface tag is recommended to assess accessibility
639705894,way,surface,MISSING,Surface tag is recommended to assess accessibility
639705896,way,surface,MISSING,Surface tag is recommended to assess accessibility
639705897,way,surface,MISSING,Surface tag is recommended to assess accessibility
639705898,way,surface,MISSING,Surface tag is recommended to assess accessibility
639705899,way,surface,MISSING,Surface tag is recommended to assess accessibility
639705901,way,surface,MISSING,Surface tag is recommended to assess accessibility
639705902,way,surface,MISSING,Surface tag is recommended to assess accessibility
639705904,way,surface,MISSING,Surface tag is recommended to assess accessibility
640214092,way,surface,MISSING,Surface tag is recommended to assess accessibility
640214095,way,surface,MISSING,Surface tag is recommended to assess accessibility
640214096,way,surface,MISSING,Surface tag is recommended to assess accessibility
640214097,way,surface,MISSING,Surface tag is recommended to assess accessibility
640214098,way,surface,MISSING,Surface tag is recommended to assess accessibility
640214107,way,surface,MISSING,Surface tag is recommended to assess accessibility
640214109,way,surface,MISSING,Surface tag is recommended to assess accessibility
640214114,way,surface,MISSING,Surface tag is recommended to assess accessibility
640214119,way,surface,MISSING,Surface tag is recommended to assess accessibility
640214120,way,surface,MISSING,Surface tag is recommended to assess accessibility
640214123,way,surface,MISSING,Surface tag is recommended to assess accessibility
640214124,way,surface,MISSING,Surface tag is recommended to assess accessibility
640214125,way,surface,MISSING,Surface tag is recommended to assess accessibility
640214126,way,surface,MISSING,Surface tag is recommended to assess accessibility
640214127,way,surface,MISSING,Surface tag is recommended to assess accessibility
640214129,way,surface,MISSING,Surface tag is recommended to assess accessibility
640214130,way,surface,MISSING,Surface tag is recommended to assess accessibility
640214133,way,surface,MISSING,Surface tag is recommended to assess accessibility
640214134,way,surface,MISSING,Surface tag is recommended to assess accessibility
640214136,way,surface,MISSING,Surface tag is recommended to assess accessibility
640214137,way,surface,MISSING,Surface tag is recommended to assess accessibility
640214143,way,surface,MISSING,Surface tag is recommended to assess accessibility
640214144,way,surface,MISSING,Surface tag is recommended to assess accessibility
640214152,way,surface,MISSING,Surface tag is recommended to assess accessibility
640214154,way,surface,MISSING,Surface tag is recommended to assess accessibility
640214158,way,surface,MISSING,Surface tag is recommended to assess accessibility
640214161,way,surface,MISSING,Surface tag is recommended to assess accessibility
640214162,way,surface,MISSING,Surface tag is recommended to assess accessibility
640214164,way,surface,MISSING,Surface tag is recommended to assess accessibility
640214165,way,surface,MISSING,Surface tag is recommended to assess accessibility
640214166,way,surface,MISSING,Surface tag is recommended to assess accessibility
641195936,way,surface,MISSING,Surface tag is recommended to assess accessibility
641195938,way,surface,MISSING,Surface tag is recommended to assess accessibility
641195940,way,surface,MISSING,Surface tag is recommended to assess accessibility
641195941,way,surface,MISSING,Surface tag is recommended to assess accessibility
641195942,way,surface,MISSING,Surface tag is recommended to assess accessibility
641195943,way,surface,MISSING,Surface tag is recommended to assess accessibility
641195944,way,surface,MISSING,Surface tag is recommended to assess accessibility
641195945,way,surface,MISSING,Surface tag is recommended to assess accessibility
641195946,way,surface,MISSING,Surface tag is recommended to assess accessibility
641195947,way,surface,MISSING,Surface tag is recommended to assess accessibility
641195948,way,surface,MISSING,Surface tag is recommended to assess accessibility
641195949,way,surface,MISSING,Surface tag is recommended to assess accessibility
641195950,way,surface,MISSING,Surface tag is recommended to assess accessibility
641195951,way,surface,MISSING,Surface tag is recommended to assess accessibility
641195952,way,surface,MISSING,Surface tag is recommended to assess accessibility
641195953,way,surface,MISSING,Surface tag is recommended to assess accessibility
641195954,way,surface,MISSING,Surface tag is recommended to assess accessibility
641195955,way,surface,MISSING,Surface tag is recommended to assess accessibility
641195956,way,surface,MISSING,Surface tag is recommended to assess accessibility
641195957,way,surface,MISSING,Surface tag is recommended to assess accessibility
641195959,way,surface,MISSING,Surface tag is recommended to assess accessibility
641195962,way,surface,MISSING,Surface tag is recommended to assess accessibility
641195964,way,surface,MISSING,Surface tag is recommended to assess accessibility
641195966,way,surface,MISSING,Surface tag is recommended to assess accessibility
641195968,way,surface,MISSING,Surface tag is recommended to assess accessibility
641195969,way,surface,MISSING,Surface tag is recommended to assess accessibility
641195970,way,surface,MISSING,Surface tag is recommended to assess accessibility
641195972,way,surface,MISSING,Surface tag is recommended to assess accessibility
641195974,way,surface,MISSING,Surface tag is recommended to assess accessibility
641195975,way,surface,MISSING,Surface tag is recommended to assess accessibility
641195976,way,surface,MISSING,Surface tag is recommended to assess accessibility
641195977,way,surface,MISSING,Surface tag is recommended to assess accessibility
641195978,way,surface,MISSING,Surface tag is recommended to assess accessibility
641195980,way,surface,MISSING,Surface tag is recommended to assess accessibility
641195982,way,surface,MISSING,Surface tag is recommended to assess accessibility
641195983,way,surface,MISSING,Surface tag is recommended to assess accessibility
641195985,way,surface,MISSING,Surface tag is recommended to assess accessibility
641195986,way,surface,MISSING,Surface tag is recommended to assess accessibility
641195987,way,surface,MISSING,Surface tag is recommended to assess accessibility
641195988,way,surface,MISSING,Surface tag is recommended to assess accessibility
641195989,way,surface,MISSING,Surface tag is recommended to assess accessibility
641195990,way,surface,MISSING,Surface tag is recommended to assess accessibility
641195991,way,surface,MISSING,Surface tag is recommended to assess accessibility
641195992,way,surface,MISSING,Surface tag is recommended to assess accessibility
641195994,way,surface,MISSING,Surface tag is recommended to assess accessibility
641195996,way,surface,MISSING,Surface tag is recommended to assess accessibility
641195998,way,surface,MISSING,Surface tag is recommended to assess accessibility
641196000,way,surface,MISSING,Surface tag is recommended to assess accessibility
641196001,way,surface,MISSING,Surface tag is recommended to assess accessibility
641196002,way,surface,MISSING,Surface tag is recommended to assess accessibility
641196003,way,surface,MISSING,Surface tag is recommended to assess accessibility
641196006,way,surface,MISSING,Surface tag is recommended to assess accessibility
641196010,way,surface,MISSING,Surface tag is recommended to assess accessibility
641196011,way,surface,MISSING,Surface tag is recommended to assess accessibility
641196013,way,surface,MISSING,Surface tag is recommended to assess accessibility
641196015,way,surface,MISSING,Surface tag is recommended to assess accessibility
641196016,way,surface,MISSING,Surface tag is recommended to assess accessibility
641196017,way,surface,MISSING,Surface tag is recommended to assess accessibility
641196018,way,surface,MISSING,Surface tag is recommended to assess accessibility
641196019,way,surface,MISSING,Surface tag is recommended to assess accessibility
641196021,way,surface,MISSING,Surface tag is recommended to assess accessibility
641196023,way,surface,MISSING,Surface tag is recommended to assess accessibility
641196025,way,surface,MISSING,Surface tag is recommended to assess accessibility
641196027,way,surface,MISSING,Surface tag is recommended to assess accessibility
641196028,way,surface,MISSING,Surface tag is recommended to assess accessibility
641196029,way,surface,MISSING,Surface tag is recommended to assess accessibility
641196030,way,surface,MISSING,Surface tag is recommended to assess accessibility
641196031,way,surface,MISSING,Surface tag is recommended to assess accessibility
641196033,way,surface,MISSING,Surface tag is recommended to assess accessibility
641196034,way,surface,MISSING,Surface tag is recommended to assess accessibility
641196035,way,surface,MISSING,Surface tag is recommended to assess accessibility
641201712,way,surface,MISSING,Surface tag is recommended to assess accessibility
641201719,way,surface,MISSING,Surface tag is recommended to assess accessibility
641201725,way,surface,MISSING,Surface tag is recommended to assess accessibility
641413456,way,surface,MISSING,Surface tag is recommended to assess accessibility
641413457,way,surface,MISSING,Surface tag is recommended to assess accessibility
641413458,way,surface,MISSING,Surface tag is recommended to assess accessibility
641413459,way,surface,MISSING,Surface tag is recommended to assess accessibility
641413460,way,surface,MISSING,Surface tag is recommended to assess accessibility
641413461,way,surface,MISSING,Surface tag is recommended to assess accessibility
641413463,way,surface,MISSING,Surface tag is recommended to assess accessibility
641413465,way,surface,MISSING,Surface tag is recommended to assess accessibility
641413467,way,surface,MISSING,Surface tag is recommended to assess accessibility
641413477,way,surface,MISSING,Surface tag is recommended to assess accessibility
641413478,way,surface,MISSING,Surface tag is recommended to assess accessibility
641413479,way,surface,MISSING,Surface tag is recommended to assess accessibility
641413480,way,surface,MISSING,Surface tag is recommended to assess accessibility
641413481,way,surface,MISSING,Surface tag is recommended to assess accessibility
641413482,way,surface,MISSING,Surface tag is recommended to assess accessibility
641413483,way,surface,MISSING,Surface tag is recommended to assess accessibility
641413485,way,surface,MISSING,Surface tag is recommended to assess accessibility
641413487,way,surface,MISSING,Surface tag is recommended to assess accessibility
641413488,way,surface,MISSING,Surface tag is recommended to assess accessibility
641413489,way,surface,MISSING,Surface tag is recommended to assess accessibility
641413490,way,surface,MISSING,Surface tag is recommended to assess accessibility
641413491,way,surface,MISSING,Surface tag is recommended to assess accessibility
641413501,way,surface,MISSING,Surface tag is recommended to assess accessibility
641413502,way,surface,MISSING,Surface tag is recommended to assess accessibility
641413504,way,surface,MISSING,Surface tag is recommended to assess accessibility
641413505,way,surface,MISSING,Surface tag is recommended to assess accessibility
641413508,way,surface,MISSING,Surface tag is recommended to assess accessibility
641413517,way,surface,MISSING,Surface tag is recommended to assess accessibility
641413519,way,surface,MISSING,Surface tag is recommended to assess accessibility
641918064,way,surface,MISSING,Surface tag is recommended to assess accessibility
641918065,way,surface,MISSING,Surface tag is recommended to assess accessibility
641918067,way,surface,MISSING,Surface tag is recommended to assess accessibility
641918069,way,surface,MISSING,Surface tag is recommended to assess accessibility
641918070,way,surface,MISSING,Surface tag is recommended to assess accessibility
641918071,way,surface,MISSING,Surface tag is recommended to assess accessibility
641918072,way,surface,MISSING,Surface tag is recommended to assess accessibility
641918073,way,surface,MISSING,Surface tag is recommended to assess accessibility
641918116,way,surface,MISSING,Surface tag is recommended to assess accessibility
641918119,way,surface,MISSING,Surface tag is recommended to assess accessibility
641918120,way,surface,MISSING,Surface tag is recommended to assess accessibility
641918121,way,surface,MISSING,Surface tag is recommended to assess accessibility
641918122,way,surface,MISSING,Surface tag is recommended to assess accessibility
641918123,way,surface,MISSING,Surface tag is recommended to assess accessibility
641918124,way,surface,MISSING,Surface tag is recommended to assess accessibility
641918126,way,surface,MISSING,Surface tag is recommended to assess accessibility
641918128,way,surface,MISSING,Surface tag is recommended to assess accessibility
641918129,way,surface,MISSING,Surface tag is recommended to assess accessibility
641918131,way,surface,MISSING,Surface tag is recommended to assess accessibility
641918133,way,surface,MISSING,Surface tag is recommended to assess accessibility
641918136,way,surface,MISSING,Surface tag is recommended to assess accessibility
641918137,way,surface,MISSING,Surface tag is recommended to assess accessibility
641918139,way,surface,MISSING,Surface tag is recommended to assess accessibility
641918140,way,surface,MISSING,Surface tag is recommended to assess accessibility
641918141,way,surface,MISSING,Surface tag is recommended to assess accessibility
641918143,way,surface,MISSING,Surface tag is recommended to assess accessibility
641918145,way,surface,MISSING,Surface tag is recommended to assess accessibility
641918147,way,surface,MISSING,Surface tag is recommended to assess accessibility
641918148,way,surface,MISSING,Surface tag is recommended to assess accessibility
641918149,way,surface,MISSING,Surface tag is recommended to assess accessibility
641918150,way,surface,MISSING,Surface tag is recommended to assess accessibility
641918152,way,surface,MISSING,Surface tag is recommended to assess accessibility
641918153,way,surface,MISSING,Surface tag is recommended to assess accessibility
641918154,way,surface,MISSING,Surface tag is recommended to assess accessibility
641918156,way,surface,MISSING,Surface tag is recommended to assess accessibility
641918159,way,surface,MISSING,Surface tag is recommended to assess accessibility
641918160,way,surface,MISSING,Surface tag is recommended to assess accessibility
641918161,way,surface,MISSING,Surface tag is recommended to assess accessibility
641918163,way,surface,MISSING,Surface tag is recommended to assess accessibility
641918165,way,surface,MISSING,Surface tag is recommended to assess accessibility
641918166,way,surface,MISSING,Surface tag is recommended to assess accessibility
641918168,way,surface,MISSING,Surface tag is recommended to assess accessibility
641918169,way,surface,MISSING,Surface tag is recommended to assess accessibility
641918171,way,surface,MISSING,Surface tag is recommended to assess accessibility
641918173,way,surface,MISSING,Surface tag is recommended to assess accessibility
641918186,way,surface,MISSING,Surface tag is recommended to assess accessibility
641918190,way,surface,MISSING,Surface tag is recommended to assess accessibility
642204661,way,surface,MISSING,Surface tag is recommended to assess accessibility
642204663,way,surface,MISSING,Surface tag is recommended to assess accessibility
645146664,way,surface,MISSING,Surface tag is recommended to assess accessibility
645195131,way,surface,MISSING,Surface tag is recommended to assess accessibility
645195132,way,surface,MISSING,Surface tag is recommended to assess accessibility
646178613,way,surface,MISSING,Surface tag is recommended to assess accessibility
646178614,way,surface,MISSING,Surface tag is recommended to assess accessibility
646178627,way,surface,MISSING,Surface tag is recommended to assess accessibility
646178629,way,surface,MISSING,Surface tag is recommended to assess accessibility
646178632,way,surface,MISSING,Surface tag is recommended to assess accessibility
646399179,way,surface,MISSING,Surface tag is recommended to assess accessibility
648318875,way,surface,MISSING,Surface tag is recommended to assess accessibility
648318876,way,surface,MISSING,Surface tag is recommended to assess accessibility
648318879,way,surface,MISSING,Surface tag is recommended to assess accessibility
648318883,way,surface,MISSING,Surface tag is recommended to assess accessibility
648318884,way,surface,MISSING,Surface tag is recommended to assess accessibility
648318885,way,surface,MISSING,Surface tag is recommended to assess accessibility
648318886,way,surface,MISSING,Surface tag is recommended to assess accessibility
648318887,way,surface,MISSING,Surface tag is recommended to assess accessibility
648318888,way,surface,MISSING,Surface tag is recommended to assess accessibility
648318890,way,surface,MISSING,Surface tag is recommended to assess accessibility
648318891,way,surface,MISSING,Surface tag is recommended to assess accessibility
648318892,way,surface,MISSING,Surface tag is recommended to assess accessibility
648962429,way,surface,MISSING,Surface tag is recommended to assess accessibility
648962431,way,surface,MISSING,Surface tag is recommended to assess accessibility
651751888,way,surface,MISSING,Surface tag is recommended to assess accessibility
651751890,way,surface,MISSING,Surface tag is recommended to assess accessibility
651899688,way,surface,MISSING,Surface tag is recommended to assess accessibility
651899694,way,surface,MISSING,Surface tag is recommended to assess accessibility
651899722,way,surface,MISSING,Surface tag is recommended to assess accessibility
651987187,way,surface,MISSING,Surface tag is recommended to assess accessibility
651987188,way,surface,MISSING,Surface tag is recommended to assess accessibility
651987190,way,surface,MISSING,Surface tag is recommended to assess accessibility
651987192,way,surface,MISSING,Surface tag is recommended to assess accessibility
651987194,way,surface,MISSING,Surface tag is recommended to assess accessibility
651987196,way,surface,MISSING,Surface tag is recommended to assess accessibility
651987197,way,surface,MISSING,Surface tag is recommended to assess accessibility
651987198,way,surface,MISSING,Surface tag is recommended to assess accessibility
651987199,way,surface,MISSING,Surface tag is recommended to assess accessibility
651987200,way,surface,MISSING,Surface tag is recommended to assess accessibility
651987202,way,surface,MISSING,Surface tag is recommended to assess accessibility
651987204,way,surface,MISSING,Surface tag is recommended to assess accessibility
652286941,way,surface,MISSING,Surface tag is recommended to assess accessibility
652286945,way,surface,MISSING,Surface tag is recommended to assess accessibility
652286951,way,surface,MISSING,Surface tag is recommended to assess accessibility
652286964,way,surface,MISSING,Surface tag is recommended to assess accessibility
652286971,way,surface,MISSING,Surface tag is recommended to assess accessibility
652286991,way,surface,MISSING,Surface tag is recommended to assess accessibility
652287000,way,surface,MISSING,Surface tag is recommended to assess accessibility
652287023,way,surface,MISSING,Surface tag is recommended to assess accessibility
652287106,way,surface,MISSING,Surface tag is recommended to assess accessibility
652287107,way,surface,MISSING,Surface tag is recommended to assess accessibility
652287109,way,surface,MISSING,Surface tag is recommended to assess accessibility
652287111,way,surface,MISSING,Surface tag is recommended to assess accessibility
652407186,way,surface,MISSING,Surface tag is recommended to assess accessibility
652407187,way,surface,MISSING,Surface tag is recommended to assess accessibility
652562913,way,surface,MISSING,Surface tag is recommended to assess accessibility
652562914,way,surface,MISSING,Surface tag is recommended to assess accessibility
652562915,way,surface,MISSING,Surface tag is recommended to assess accessibility
652562916,way,surface,MISSING,Surface tag is recommended to assess accessibility
652562918,way,surface,MISSING,Surface tag is recommended to assess accessibility
652562919,way,surface,MISSING,Surface tag is recommended to assess accessibility
652562924,way,surface,MISSING,Surface tag is recommended to assess accessibility
652562925,way,surface,MISSING,Surface tag is recommended to assess accessibility
652562926,way,surface,MISSING,Surface tag is recommended to assess accessibility
652562927,way,surface,MISSING,Surface tag is recommended to assess accessibility
653128464,way,surface,MISSING,Surface tag is recommended to assess accessibility
653128480,way,surface,MISSING,Surface tag is recommended to assess accessibility
653128483,way,surface,MISSING,Surface tag is recommended to assess accessibility
653128485,way,surface,MISSING,Surface tag is recommended to assess accessibility
653128486,way,surface,MISSING,Surface tag is recommended to assess accessibility
653128488,way,surface,MISSING,Surface tag is recommended to assess accessibility
653128490,way,surface,MISSING,Surface tag is recommended to assess accessibility
653128492,way,surface,MISSING,Surface tag is recommended to assess accessibility
653128504,way,surface,MISSING,Surface tag is recommended to assess accessibility
653128505,way,surface,MISSING,Surface tag is recommended to assess accessibility
653128507,way,surface,MISSING,Surface tag is recommended to assess accessibility
653128510,way,surface,MISSING,Surface tag is recommended to assess accessibility
653128515,way,surface,MISSING,Surface tag is recommended to assess accessibility
653128519,way,surface,MISSING,Surface tag is recommended to assess accessibility
653128526,way,surface,MISSING,Surface tag is recommended to assess accessibility
653128527,way,surface,MISSING,Surface tag is recommended to assess accessibility
653128530,way,surface,MISSING,Surface tag is recommended to assess accessibility
653128536,way,surface,MISSING,Surface tag is recommended to assess accessibility
653128538,way,surface,MISSING,Surface tag is recommended to assess accessibility
653287286,way,surface,MISSING,Surface tag is recommended to assess accessibility
653287287,way,surface,MISSING,Surface tag is recommended to assess accessibility
653287288,way,surface,MISSING,Surface tag is recommended to assess accessibility
653287289,way,surface,MISSING,Surface tag is recommended to assess accessibility
653287290,way,surface,MISSING,Surface tag is recommended to assess accessibility
653287291,way,surface,MISSING,Surface tag is recommended to assess accessibility
653287292,way,surface,MISSING,Surface tag is recommended to assess accessibility
653287293,way,surface,MISSING,Surface tag is recommended to assess accessibility
653287294,way,surface,MISSING,Surface tag is recommended to assess accessibility
653287295,way,surface,MISSING,Surface tag is recommended to assess accessibility
653287297,way,surface,MISSING,Surface tag is recommended to assess accessibility
653287299,way,surface,MISSING,Surface tag is recommended to assess accessibility
653287305,way,surface,MISSING,Surface tag is recommended to assess accessibility
653287307,way,surface,MISSING,Surface tag is recommended to assess accessibility
653287308,way,surface,MISSING,Surface tag is recommended to assess accessibility
653287310,way,surface,MISSING,Surface tag is recommended to assess accessibility
653287312,way,surface,MISSING,Surface tag is recommended to assess accessibility
653287314,way,surface,MISSING,Surface tag is recommended to assess accessibility
653287319,way,surface,MISSING,Surface tag is recommended to assess accessibility
653287320,way,surface,MISSING,Surface tag is recommended to assess accessibility
653287321,way,surface,MISSING,Surface tag is recommended to assess accessibility
653287323,way,surface,MISSING,Surface tag is recommended to assess accessibility
653287325,way,surface,MISSING,Surface tag is recommended to assess accessibility
653287327,way,surface,MISSING,Surface tag is recommended to assess accessibility
653287329,way,surface,MISSING,Surface tag is recommended to assess accessibility
653287332,way,surface,MISSING,Surface tag is recommended to assess accessibility
653287334,way,surface,MISSING,Surface tag is recommended to assess accessibility
653287336,way,surface,MISSING,Surface tag is recommended to assess accessibility
653287338,way,surface,MISSING,Surface tag is recommended to assess accessibility
653510671,way,surface,MISSING,Surface tag is recommended to assess accessibility
662887629,way,surface,MISSING,Surface tag is recommended to assess accessibility
662887630,way,surface,MISSING,Surface tag is recommended to assess accessibility
662887631,way,surface,MISSING,Surface tag is recommended to assess accessibility
663164202,way,surface,MISSING,Surface tag is recommended to assess accessibility
663164205,way,surface,MISSING,Surface tag is recommended to assess accessibility
663164223,way,surface,MISSING,Surface tag is recommended to assess accessibility
663164234,way,surface,MISSING,Surface tag is recommended to assess accessibility
663164236,way,surface,MISSING,Surface tag is recommended to assess accessibility
663164240,way,surface,MISSING,Surface tag is recommended to assess accessibility
663164244,way,surface,MISSING,Surface tag is recommended to assess accessibility
663164248,way,surface,MISSING,Surface tag is recommended to assess accessibility
663164253,way,surface,MISSING,Surface tag is recommended to assess accessibility
663164261,way,surface,MISSING,Surface tag is recommended to assess accessibility
663164264,way,surface,MISSING,Surface tag is recommended to assess accessibility
663164268,way,surface,MISSING,Surface tag is recommended to assess accessibility
663164272,way,surface,MISSING,Surface tag is recommended to assess accessibility
663164282,way,surface,MISSING,Surface tag is recommended to assess accessibility
663164290,way,surface,MISSING,Surface tag is recommended to assess accessibility
663164294,way,surface,MISSING,Surface tag is recommended to assess accessibility
663164299,way,surface,MISSING,Surface tag is recommended to assess accessibility
663505492,way,surface,MISSING,Surface tag is recommended to assess accessibility
663505501,way,surface,MISSING,Surface tag is recommended to assess accessibility
663510307,way,surface,MISSING,Surface tag is recommended to assess accessibility
663510308,way,surface,MISSING,Surface tag is recommended to assess accessibility
663515310,way,surface,MISSING,Surface tag is recommended to assess accessibility
663515313,way,surface,MISSING,Surface tag is recommended to assess accessibility
663515314,way,surface,MISSING,Surface tag is recommended to assess accessibility
663515316,way,surface,MISSING,Surface tag is recommended to assess accessibility
663834172,way,surface,MISSING,Surface tag is recommended to assess accessibility
663834176,way,surface,MISSING,Surface tag is recommended to assess accessibility
663834177,way,surface,MISSING,Surface tag is recommended to assess accessibility
663834178,way,surface,MISSING,Surface tag is recommended to assess accessibility
663834179,way,surface,MISSING,Surface tag is recommended to assess accessibility
663834180,way,surface,MISSING,Surface tag is recommended to assess accessibility
663834181,way,surface,MISSING,Surface tag is recommended to assess accessibility
669548484,way,surface,MISSING,Surface tag is recommended to assess accessibility
669548486,way,surface,MISSING,Surface tag is recommended to assess accessibility
669548488,way,surface,MISSING,Surface tag is recommended to assess accessibility
669548492,way,surface,MISSING,Surface tag is recommended to assess accessibility
669548535,way,surface,MISSING,Surface tag is recommended to assess accessibility
674235532,way,surface,MISSING,Surface tag is recommended to assess accessibility
677670637,way,surface,MISSING,Surface tag is recommended to assess accessibility
677670639,way,surface,MISSING,Surface tag is recommended to assess accessibility
678442043,way,surface,MISSING,Surface tag is recommended to assess accessibility
678442071,way,surface,MISSING,Surface tag is recommended to assess accessibility
678442078,way,surface,MISSING,Surface tag is recommended to assess accessibility
678442083,way,surface,MISSING,Surface tag is recommended to assess accessibility
678442085,way,surface,MISSING,Surface tag is recommended to assess accessibility
678442087,way,surface,MISSING,Surface tag is recommended to assess accessibility
678442091,way,surface,MISSING,Surface tag is recommended to assess accessibility
678442093,way,surface,MISSING,Surface tag is recommended to assess accessibility
678442106,way,surface,MISSING,Surface tag is recommended to assess accessibility
678442115,way,surface,MISSING,Surface tag is recommended to assess accessibility
678442132,way,surface,MISSING,Surface tag is recommended to assess accessibility
678864543,way,surface,MISSING,Surface tag is recommended to assess accessibility
678864544,way,surface,MISSING,Surface tag is recommended to assess accessibility
678864545,way,surface,MISSING,Surface tag is recommended to assess accessibility
678864547,way,surface,MISSING,Surface tag is recommended to assess accessibility
678864549,way,surface,MISSING,Surface tag is recommended to assess accessibility
678864550,way,surface,MISSING,Surface tag is recommended to assess accessibility
678864552,way,surface,MISSING,Surface tag is recommended to assess accessibility
678864554,way,surface,MISSING,Surface tag is recommended to assess accessibility
678864556,way,surface,MISSING,Surface tag is recommended to assess accessibility
678864558,way,surface,MISSING,Surface tag is recommended to assess accessibility
678864559,way,surface,MISSING,Surface tag is recommended to assess accessibility
678864561,way,surface,MISSING,Surface tag is recommended to assess accessibility
678864562,way,surface,MISSING,Surface tag is recommended to assess accessibility
678864564,way,surface,MISSING,Surface tag is recommended to assess accessibility
678864565,way,surface,MISSING,Surface tag is recommended to assess accessibility
678864566,way,surface,MISSING,Surface tag is recommended to assess accessibility
686663524,way,surface,MISSING,Surface tag is recommended to assess accessibility
686663526,way,surface,MISSING,Surface tag is recommended to assess accessibility
686663528,way,surface,MISSING,Surface tag is recommended to assess accessibility
686663529,way,surface,MISSING,Surface tag is recommended to assess accessibility
686663530,way,surface,MISSING,Surface tag is recommended to assess accessibility
686663535,way,surface,MISSING,Surface tag is recommended to assess accessibility
686663542,way,surface,MISSING,Surface tag is recommended to assess accessibility
686663543,way,surface,MISSING,Surface tag is recommended to assess accessibility
686663545,way,surface,MISSING,Surface tag is recommended to assess accessibility
686663549,way,surface,MISSING,Surface tag is recommended to assess accessibility
686767385,way,surface,MISSING,Surface tag is recommended to assess accessibility
686767388,way,surface,MISSING,Surface tag is recommended to assess accessibility
686767389,way,surface,MISSING,Surface tag is recommended to assess accessibility
686767391,way,surface,MISSING,Surface tag is recommended to assess accessibility
686767392,way,surface,MISSING,Surface tag is recommended to assess accessibility
686767393,way,surface,MISSING,Surface tag is recommended to assess accessibility
686767394,way,surface,MISSING,Surface tag is recommended to assess accessibility
686767396,way,surface,MISSING,Surface tag is recommended to assess accessibility
686934376,way,surface,MISSING,Surface tag is recommended to assess accessibility
689029679,way,surface,MISSING,Surface tag is recommended to assess accessibility
689029689,way,surface,MISSING,Surface tag is recommended to assess accessibility
689029691,way,surface,MISSING,Surface tag is recommended to assess accessibility
689029695,way,surface,MISSING,Surface tag is recommended to assess accessibility
689029696,way,surface,MISSING,Surface tag is recommended to assess accessibility
689029698,way,surface,MISSING,Surface tag is recommended to assess accessibility
689029699,way,surface,MISSING,Surface tag is recommended to assess accessibility
689029700,way,surface,MISSING,Surface tag is recommended to assess accessibility
689029702,way,surface,MISSING,Surface tag is recommended to assess accessibility
689029704,way,surface,MISSING,Surface tag is recommended to assess accessibility
689029706,way,surface,MISSING,Surface tag is recommended to assess accessibility
689029708,way,surface,MISSING,Surface tag is recommended to assess accessibility
689029709,way,surface,MISSING,Surface tag is recommended to assess accessibility
689029710,way,surface,MISSING,Surface tag is recommended to assess accessibility
689029712,way,surface,MISSING,Surface tag is recommended to assess accessibility
689029714,way,surface,MISSING,Surface tag is recommended to assess accessibility
689029716,way,surface,MISSING,Surface tag is recommended to assess accessibility
689029718,way,surface,MISSING,Surface tag is recommended to assess accessibility
689029719,way,surface,MISSING,Surface tag is recommended to assess accessibility
689029720,way,surface,MISSING,Surface tag is recommended to assess accessibility
689029722,way,surface,MISSING,Surface tag is recommended to assess accessibility
689029724,way,surface,MISSING,Surface tag is recommended to assess accessibility
689029726,way,surface,MISSING,Surface tag is recommended to assess accessibility
689029728,way,surface,MISSING,Surface tag is recommended to assess accessibility
689029729,way,surface,MISSING,Surface tag is recommended to assess accessibility
689029730,way,surface,MISSING,Surface tag is recommended to assess accessibility
689029732,way,surface,MISSING,Surface tag is recommended to assess accessibility
689029734,way,surface,MISSING,Surface tag is recommended to assess accessibility
689029736,way,surface,MISSING,Surface tag is recommended to assess accessibility
689029738,way,surface,MISSING,Surface tag is recommended to assess accessibility
689029739,way,surface,MISSING,Surface tag is recommended to assess accessibility
689029741,way,surface,MISSING,Surface tag is recommended to assess accessibility
689502247,way,surface,MISSING,Surface tag is recommended to assess accessibility
689502248,way,surface,MISSING,Surface tag is recommended to assess accessibility
689502252,way,surface,MISSING,Surface tag is recommended to assess accessibility
689502253,way,surface,MISSING,Surface tag is recommended to assess accessibility
689502256,way,surface,MISSING,Surface tag is recommended to assess accessibility
689502265,way,surface,MISSING,Surface tag is recommended to assess accessibility
689502267,way,surface,MISSING,Surface tag is recommended to assess accessibility
689502270,way,surface,MISSING,Surface tag is recommended to assess accessibility
689502271,way,surface,MISSING,Surface tag is recommended to assess accessibility
689660303,way,surface,MISSING,Surface tag is recommended to assess accessibility
689660304,way,surface,MISSING,Surface tag is recommended to assess accessibility
689660305,way,surface,MISSING,Surface tag is recommended to assess accessibility
689660306,way,surface,MISSING,Surface tag is recommended to assess accessibility
689660307,way,surface,MISSING,Surface tag is recommended to assess accessibility
689660309,way,surface,MISSING,Surface tag is recommended to assess accessibility
689660311,way,surface,MISSING,Surface tag is recommended to assess accessibility
689660313,way,surface,MISSING,Surface tag is recommended to assess accessibility
689660316,way,surface,MISSING,Surface tag is recommended to assess accessibility
689660318,way,surface,MISSING,Surface tag is recommended to assess accessibility
689660320,way,surface,MISSING,Surface tag is recommended to assess accessibility
689660322,way,surface,MISSING,Surface tag is recommended to assess accessibility
689660323,way,surface,MISSING,Surface tag is recommended to assess accessibility
689660324,way,surface,MISSING,Surface tag is recommended to assess accessibility
689660326,way,surface,MISSING,Surface tag is recommended to assess accessibility
689660328,way,surface,MISSING,Surface tag is recommended to assess accessibility
689660329,way,surface,MISSING,Surface tag is recommended to assess accessibility
689660330,way,surface,MISSING,Surface tag is recommended to assess accessibility
689660332,way,surface,MISSING,Surface tag is recommended to assess accessibility
689660334,way,surface,MISSING,Surface tag is recommended to assess accessibility
689660336,way,surface,MISSING,Surface tag is recommended to assess accessibility
689660339,way,surface,MISSING,Surface tag is recommended to assess accessibility
690973857,way,surface,MISSING,Surface tag is recommended to assess accessibility
690973858,way,surface,MISSING,Surface tag is recommended to assess accessibility
690973859,way,surface,MISSING,Surface tag is recommended to assess accessibility
690973860,way,surface,MISSING,Surface tag is recommended to assess accessibility
690973865,way,surface,MISSING,Surface tag is recommended to assess accessibility
690973866,way,surface,MISSING,Surface tag is recommended to assess accessibility
690973867,way,surface,MISSING,Surface tag is recommended to assess accessibility
690973868,way,surface,MISSING,Surface tag is recommended to assess accessibility
700238052,way,surface,MISSING,Surface tag is recommended to assess accessibility
705174039,way,surface,MISSING,Surface tag is recommended to assess accessibility
705174040,way,surface,MISSING,Surface tag is recommended to assess accessibility
705174041,way,surface,MISSING,Surface tag is recommended to assess accessibility
705174042,way,surface,MISSING,Surface tag is recommended to assess accessibility
708703926,way,surface,MISSING,Surface tag is recommended to assess accessibility
708703927,way,surface,MISSING,Surface tag is recommended to assess accessibility
718429540,way,surface,MISSING,Surface tag is recommended to assess accessibility
721201061,way,surface,MISSING,Surface tag is recommended to assess accessibility
721201062,way,surface,MISSING,Surface tag is recommended to assess accessibility
721201063,way,surface,MISSING,Surface tag is recommended to assess accessibility
721201065,way,surface,MISSING,Surface tag is recommended to assess accessibility
721201066,way,surface,MISSING,Surface tag is recommended to assess accessibility
721201067,way,surface,MISSING,Surface tag is recommended to assess accessibility
721321288,way,surface,MISSING,Surface tag is recommended to assess accessibility
730463384,way,surface,MISSING,Surface tag is recommended to assess accessibility
730463385,way,surface,MISSING,Surface tag is recommended to assess accessibility
731253132,way,surface,MISSING,Surface tag is recommended to assess accessibility
731253134,way,surface,MISSING,Surface tag is recommended to assess accessibility
731253139,way,surface,MISSING,Surface tag is recommended to assess accessibility
731255327,way,surface,MISSING,Surface tag is recommended to assess accessibility
731255328,way,surface,MISSING,Surface tag is recommended to assess accessibility
732385369,way,surface,MISSING,Surface tag is recommended to assess accessibility
732385370,way,surface,MISSING,Surface tag is recommended to assess accessibility
732644106,way,surface,MISSING,Surface tag is recommended to assess accessibility
732644107,way,surface,MISSING,Surface tag is recommended to assess accessibility
732644108,way,surface,MISSING,Surface tag is recommended to assess accessibility
732644109,way,surface,MISSING,Surface tag is recommended to assess accessibility
732644110,way,surface,MISSING,Surface tag is recommended to assess accessibility
732644112,way,surface,MISSING,Surface tag is recommended to assess accessibility
734478343,way,surface,MISSING,Surface tag is recommended to assess accessibility
734478345,way,surface,MISSING,Surface tag is recommended to assess accessibility
734478346,way,surface,MISSING,Surface tag is recommended to assess accessibility
734478347,way,surface,MISSING,Surface tag is recommended to assess accessibility
734478348,way,surface,MISSING,Surface tag is recommended to assess accessibility
734478349,way,surface,MISSING,Surface tag is recommended to assess accessibility
734478350,way,surface,MISSING,Surface tag is recommended to assess accessibility
734846957,way,surface,MISSING,Surface tag is recommended to assess accessibility
736287622,way,surface,MISSING,Surface tag is recommended to assess accessibility
738535145,way,surface,MISSING,Surface tag is recommended to assess accessibility
738535150,way,surface,MISSING,Surface tag is recommended to assess accessibility
738535153,way,surface,MISSING,Surface tag is recommended to assess accessibility
739514356,way,surface,MISSING,Surface tag is recommended to assess accessibility
739514357,way,surface,MISSING,Surface tag is recommended to assess accessibility
739514358,way,surface,MISSING,Surface tag is recommended to assess accessibility
739514359,way,surface,MISSING,Surface tag is recommended to assess accessibility
741130673,way,surface,MISSING,Surface tag is recommended to assess accessibility
741130674,way,surface,MISSING,Surface tag is recommended to assess accessibility
764144156,way,surface,MISSING,Surface tag is recommended to assess accessibility
764146379,way,surface,MISSING,Surface tag is recommended to assess accessibility
764149159,way,surface,MISSING,Surface tag is recommended to assess accessibility
765716101,way,surface,MISSING,Surface tag is recommended to assess accessibility
765716102,way,surface,MISSING,Surface tag is recommended to assess accessibility
765716119,way,surface,MISSING,Surface tag is recommended to assess accessibility
765716120,way,surface,MISSING,Surface tag is recommended to assess accessibility
765909569,way,surface,MISSING,Surface tag is recommended to assess accessibility
767429271,way,surface,MISSING,Surface tag is recommended to assess accessibility
767762808,way,surface,MISSING,Surface tag is recommended to assess accessibility
768005516,way,surface,MISSING,Surface tag is recommended to assess accessibility
768005517,way,surface,MISSING,Surface tag is recommended to assess accessibility
768672600,way,surface,MISSING,Surface tag is recommended to assess accessibility
768672601,way,surface,MISSING,Surface tag is recommended to assess accessibility
768969599,way,surface,MISSING,Surface tag is recommended to assess accessibility
769721639,way,surface,MISSING,Surface tag is recommended to assess accessibility
769772525,way,surface,MISSING,Surface tag is recommended to assess accessibility
769792900,way,surface,MISSING,Surface tag is recommended to assess accessibility
769792901,way,surface,MISSING,Surface tag is recommended to assess accessibility
770619562,way,surface,MISSING,Surface tag is recommended to assess accessibility
770925275,way,surface,MISSING,Surface tag is recommended to assess accessibility
770925276,way,surface,MISSING,Surface tag is recommended to assess accessibility
770928344,way,surface,MISSING,Surface tag is recommended to assess accessibility
770930025,way,surface,MISSING,Surface tag is recommended to assess accessibility
770930027,way,surface,MISSING,Surface tag is recommended to assess accessibility
770930028,way,surface,MISSING,Surface tag is recommended to assess accessibility
771688325,way,surface,MISSING,Surface tag is recommended to assess accessibility
771690087,way,surface,MISSING,Surface tag is recommended to assess accessibility
771690088,way,surface,MISSING,Surface tag is recommended to assess accessibility
771691969,way,surface,MISSING,Surface tag is recommended to assess accessibility
771691971,way,surface,MISSING,Surface tag is recommended to assess accessibility
771691972,way,surface,MISSING,Surface tag is recommended to assess accessibility
771691973,way,surface,MISSING,Surface tag is recommended to assess accessibility
771691974,way,surface,MISSING,Surface tag is recommended to assess accessibility
771710426,way,surface,MISSING,Surface tag is recommended to assess accessibility
771710428,way,surface,MISSING,Surface tag is recommended to assess accessibility
771713370,way,surface,MISSING,Surface tag is recommended to assess accessibility
771716317,way,surface,MISSING,Surface tag is recommended to assess accessibility
771716320,way,surface,MISSING,Surface tag is recommended to assess accessibility
771719074,way,surface,MISSING,Surface tag is recommended to assess accessibility
771719078,way,surface,MISSING,Surface tag is recommended to assess accessibility
771719080,way,surface,MISSING,Surface tag is recommended to assess accessibility
771719081,way,surface,MISSING,Surface tag is recommended to assess accessibility
771719085,way,surface,MISSING,Surface tag is recommended to assess accessibility
771719086,way,surface,MISSING,Surface tag is recommended to assess accessibility
771721764,way,surface,MISSING,Surface tag is recommended to assess accessibility
771724387,way,surface,MISSING,Surface tag is recommended to assess accessibility
771724388,way,surface,MISSING,Surface tag is recommended to assess accessibility
771724392,way,surface,MISSING,Surface tag is recommended to assess accessibility
771724393,way,surface,MISSING,Surface tag is recommended to assess accessibility
771724394,way,surface,MISSING,Surface tag is recommended to assess accessibility
771728744,way,surface,MISSING,Surface tag is recommended to assess accessibility
771736428,way,surface,MISSING,Surface tag is recommended to assess accessibility
771740039,way,surface,MISSING,Surface tag is recommended to assess accessibility
771741226,way,surface,MISSING,Surface tag is recommended to assess accessibility
771741227,way,surface,MISSING,Surface tag is recommended to assess accessibility
771744322,way,surface,MISSING,Surface tag is recommended to assess accessibility
771744324,way,surface,MISSING,Surface tag is recommended to assess accessibility
771744327,way,surface,MISSING,Surface tag is recommended to assess accessibility
771744328,way,surface,MISSING,Surface tag is recommended to assess accessibility
771744333,way,surface,MISSING,Surface tag is recommended to assess accessibility
771747921,way,surface,MISSING,Surface tag is recommended to assess accessibility
771747923,way,surface,MISSING,Surface tag is recommended to assess accessibility
771747924,way,surface,MISSING,Surface tag is recommended to assess accessibility
771747929,way,surface,MISSING,Surface tag is recommended to assess accessibility
771747931,way,surface,MISSING,Surface tag is recommended to assess accessibility
771747932,way,surface,MISSING,Surface tag is recommended to assess accessibility
771747936,way,surface,MISSING,Surface tag is recommended to assess accessibility
771747937,way,surface,MISSING,Surface tag is recommended to assess accessibility
771747938,way,surface,MISSING,Surface tag is recommended to assess accessibility
771747939,way,surface,MISSING,Surface tag is recommended to assess accessibility
772233134,way,surface,MISSING,Surface tag is recommended to assess accessibility
772233135,way,surface,MISSING,Surface tag is recommended to assess accessibility
772236707,way,surface,MISSING,Surface tag is recommended to assess accessibility
772255311,way,surface,MISSING,Surface tag is recommended to assess accessibility
772255313,way,surface,MISSING,Surface tag is recommended to assess accessibility
772255317,way,surface,MISSING,Surface tag is recommended to assess accessibility
772255319,way,surface,MISSING,Surface tag is recommended to assess accessibility
772255320,way,surface,MISSING,Surface tag is recommended to assess accessibility
772255321,way,surface,MISSING,Surface tag is recommended to assess accessibility
773428088,way,surface,MISSING,Surface tag is recommended to assess accessibility
773641939,way,surface,MISSING,Surface tag is recommended to assess accessibility
773641941,way,surface,MISSING,Surface tag is recommended to assess accessibility
773641942,way,surface,MISSING,Surface tag is recommended to assess accessibility
773641943,way,surface,MISSING,Surface tag is recommended to assess accessibility
773641946,way,surface,MISSING,Surface tag is recommended to assess accessibility
773641947,way,surface,MISSING,Surface tag is recommended to assess accessibility
773641948,way,surface,MISSING,Surface tag is recommended to assess accessibility
773641950,way,surface,MISSING,Surface tag is recommended to assess accessibility
773641951,way,surface,MISSING,Surface tag is recommended to assess accessibility
773641954,way,surface,MISSING,Surface tag is recommended to assess accessibility
773643203,way,surface,MISSING,Surface tag is recommended to assess accessibility
773827088,way,surface,MISSING,Surface tag is recommended to assess accessibility
773840424,way,surface,MISSING,Surface tag is recommended to assess accessibility
773840426,way,surface,MISSING,Surface tag is recommended to assess accessibility
773840430,way,surface,MISSING,Surface tag is recommended to assess accessibility
773840431,way,surface,MISSING,Surface tag is recommended to assess accessibility
773840432,way,surface,MISSING,Surface tag is recommended to assess accessibility
773840436,way,surface,MISSING,Surface tag is recommended to assess accessibility
773848209,way,surface,MISSING,Surface tag is recommended to assess accessibility
773848211,way,surface,MISSING,Surface tag is recommended to assess accessibility
773848212,way,surface,MISSING,Surface tag is recommended to assess accessibility
774745888,way,surface,MISSING,Surface tag is recommended to assess accessibility
774854290,way,surface,MISSING,Surface tag is recommended to assess accessibility
774854291,way,surface,MISSING,Surface tag is recommended to assess accessibility
774854292,way,surface,MISSING,Surface tag is recommended to assess accessibility
774859001,way,surface,MISSING,Surface tag is recommended to assess accessibility
774859002,way,surface,MISSING,Surface tag is recommended to assess accessibility
774859003,way,surface,MISSING,Surface tag is recommended to assess accessibility
774859004,way,surface,MISSING,Surface tag is recommended to assess accessibility
774859005,way,surface,MISSING,Surface tag is recommended to assess accessibility
774859006,way,surface,MISSING,Surface tag is recommended to assess accessibility
774859007,way,surface,MISSING,Surface tag is recommended to assess accessibility
774859008,way,surface,MISSING,Surface tag is recommended to assess accessibility
774859009,way,surface,MISSING,Surface tag is recommended to assess accessibility
774859010,way,surface,MISSING,Surface tag is recommended to assess accessibility
774859015,way,surface,MISSING,Surface tag is recommended to assess accessibility
774859016,way,surface,MISSING,Surface tag is recommended to assess accessibility
774859018,way,surface,MISSING,Surface tag is recommended to assess accessibility
775110408,way,surface,MISSING,Surface tag is recommended to assess accessibility
775980781,way,surface,MISSING,Surface tag is recommended to assess accessibility
775993104,way,surface,MISSING,Surface tag is recommended to assess accessibility
776031143,way,surface,MISSING,Surface tag is recommended to assess accessibility
776031145,way,surface,MISSING,Surface tag is recommended to assess accessibility
776031153,way,surface,MISSING,Surface tag is recommended to assess accessibility
776031156,way,surface,MISSING,Surface tag is recommended to assess accessibility
776604944,way,surface,MISSING,Surface tag is recommended to assess accessibility
776604945,way,surface,MISSING,Surface tag is recommended to assess accessibility
776604947,way,surface,MISSING,Surface tag is recommended to assess accessibility
776616756,way,surface,MISSING,Surface tag is recommended to assess accessibility
776616757,way,surface,MISSING,Surface tag is recommended to assess accessibility
776616758,way,surface,MISSING,Surface tag is recommended to assess accessibility
776616759,way,surface,MISSING,Surface tag is recommended to assess accessibility
776616764,way,surface,MISSING,Surface tag is recommended to assess accessibility
776616766,way,surface,MISSING,Surface tag is recommended to assess accessibility
776616767,way,surface,MISSING,Surface tag is recommended to assess accessibility
776616768,way,surface,MISSING,Surface tag is recommended to assess accessibility
776616772,way,surface,MISSING,Surface tag is recommended to assess accessibility
776616774,way,surface,MISSING,Surface tag is recommended to assess accessibility
776616779,way,surface,MISSING,Surface tag is recommended to assess accessibility
776616780,way,surface,MISSING,Surface tag is recommended to assess accessibility
776616782,way,surface,MISSING,Surface tag is recommended to assess accessibility
776616783,way,surface,MISSING,Surface tag is recommended to assess accessibility
777260045,way,surface,MISSING,Surface tag is recommended to assess accessibility
777260047,way,surface,MISSING,Surface tag is recommended to assess accessibility
777260048,way,surface,MISSING,Surface tag is recommended to assess accessibility
777276463,way,surface,MISSING,Surface tag is recommended to assess accessibility
777276465,way,surface,MISSING,Surface tag is recommended to assess accessibility
777276466,way,surface,MISSING,Surface tag is recommended to assess accessibility
777348752,way,surface,MISSING,Surface tag is recommended to assess accessibility
777348757,way,surface,MISSING,Surface tag is recommended to assess accessibility
778074380,way,surface,MISSING,Surface tag is recommended to assess accessibility
778074382,way,surface,MISSING,Surface tag is recommended to assess accessibility
778074383,way,surface,MISSING,Surface tag is recommended to assess accessibility
778074384,way,surface,MISSING,Surface tag is recommended to assess accessibility
778579726,way,surface,MISSING,Surface tag is recommended to assess accessibility
778579728,way,surface,MISSING,Surface tag is recommended to assess accessibility
778579730,way,surface,MISSING,Surface tag is recommended to assess accessibility
778579734,way,surface,MISSING,Surface tag is recommended to assess accessibility
778579735,way,surface,MISSING,Surface tag is recommended to assess accessibility
778582308,way,surface,MISSING,Surface tag is recommended to assess accessibility
778582311,way,surface,MISSING,Surface tag is recommended to assess accessibility
779380722,way,surface,MISSING,Surface tag is recommended to assess accessibility
779440163,way,surface,MISSING,Surface tag is recommended to assess accessibility
779440164,way,surface,MISSING,Surface tag is recommended to assess accessibility
779440166,way,surface,MISSING,Surface tag is recommended to assess accessibility
779440167,way,surface,MISSING,Surface tag is recommended to assess accessibility
779440170,way,surface,MISSING,Surface tag is recommended to assess accessibility
779440174,way,surface,MISSING,Surface tag is recommended to assess accessibility
779440175,way,surface,MISSING,Surface tag is recommended to assess accessibility
779660558,way,surface,MISSING,Surface tag is recommended to assess accessibility
779660559,way,surface,MISSING,Surface tag is recommended to assess accessibility
779660562,way,surface,MISSING,Surface tag is recommended to assess accessibility
779660564,way,surface,MISSING,Surface tag is recommended to assess accessibility
779660566,way,surface,MISSING,Surface tag is recommended to assess accessibility
779660568,way,surface,MISSING,Surface tag is recommended to assess accessibility
781071664,way,surface,MISSING,Surface tag is recommended to assess accessibility
781071665,way,surface,MISSING,Surface tag is recommended to assess accessibility
781378650,way,surface,MISSING,Surface tag is recommended to assess accessibility
785180895,way,surface,MISSING,Surface tag is recommended to assess accessibility
785180897,way,surface,MISSING,Surface tag is recommended to assess accessibility
785180899,way,surface,MISSING,Surface tag is recommended to assess accessibility
785190155,way,surface,MISSING,Surface tag is recommended to assess accessibility
785965154,way,surface,MISSING,Surface tag is recommended to assess accessibility
785965158,way,surface,MISSING,Surface tag is recommended to assess accessibility
785970054,way,surface,MISSING,Surface tag is recommended to assess accessibility
786952851,way,surface,MISSING,Surface tag is recommended to assess accessibility
786952852,way,surface,MISSING,Surface tag is recommended to assess accessibility
786952853,way,surface,MISSING,Surface tag is recommended to assess accessibility
786952854,way,surface,MISSING,Surface tag is recommended to assess accessibility
786952855,way,surface,MISSING,Surface tag is recommended to assess accessibility
786952859,way,surface,MISSING,Surface tag is recommended to assess accessibility
786952865,way,surface,MISSING,Surface tag is recommended to assess accessibility
786952866,way,surface,MISSING,Surface tag is recommended to assess accessibility
786952871,way,surface,MISSING,Surface tag is recommended to assess accessibility
786952872,way,surface,MISSING,Surface tag is recommended to assess accessibility
786952873,way,surface,MISSING,Surface tag is recommended to assess accessibility
786952874,way,surface,MISSING,Surface tag is recommended to assess accessibility
786952880,way,surface,MISSING,Surface tag is recommended to assess accessibility
786952881,way,surface,MISSING,Surface tag is recommended to assess accessibility
788290867,way,surface,MISSING,Surface tag is recommended to assess accessibility
788290868,way,surface,MISSING,Surface tag is recommended to assess accessibility
788307181,way,surface,MISSING,Surface tag is recommended to assess accessibility
788307182,way,surface,MISSING,Surface tag is recommended to assess accessibility
790018766,way,surface,MISSING,Surface tag is recommended to assess accessibility
790018769,way,surface,MISSING,Surface tag is recommended to assess accessibility
790018771,way,surface,MISSING,Surface tag is recommended to assess accessibility
790018774,way,surface,MISSING,Surface tag is recommended to assess accessibility
790034528,way,surface,MISSING,Surface tag is recommended to assess accessibility
790034532,way,surface,MISSING,Surface tag is recommended to assess accessibility
790034534,way,surface,MISSING,Surface tag is recommended to assess accessibility
790034535,way,surface,MISSING,Surface tag is recommended to assess accessibility
790034536,way,surface,MISSING,Surface tag is recommended to assess accessibility
790034541,way,surface,MISSING,Surface tag is recommended to assess accessibility
790438919,way,surface,MISSING,Surface tag is recommended to assess accessibility
790438923,way,surface,MISSING,Surface tag is recommended to assess accessibility
790438931,way,surface,MISSING,Surface tag is recommended to assess accessibility
790438933,way,surface,MISSING,Surface tag is recommended to assess accessibility
790438934,way,surface,MISSING,Surface tag is recommended to assess accessibility
790438936,way,surface,MISSING,Surface tag is recommended to assess accessibility
790438937,way,surface,MISSING,Surface tag is recommended to assess accessibility
790438939,way,surface,MISSING,Surface tag is recommended to assess accessibility
790438946,way,surface,MISSING,Surface tag is recommended to assess accessibility
790438948,way,surface,MISSING,Surface tag is recommended to assess accessibility
790438950,way,surface,MISSING,Surface tag is recommended to assess accessibility
790438952,way,surface,MISSING,Surface tag is recommended to assess accessibility
790438955,way,surface,MISSING,Surface tag is recommended to assess accessibility
790438957,way,surface,MISSING,Surface tag is recommended to assess accessibility
790438961,way,surface,MISSING,Surface tag is recommended to assess accessibility
790438964,way,surface,MISSING,Surface tag is recommended to assess accessibility
790438965,way,surface,MISSING,Surface tag is recommended to assess accessibility
790438966,way,surface,MISSING,Surface tag is recommended to assess accessibility
790438985,way,surface,MISSING,Surface tag is recommended to assess accessibility
790438987,way,surface,MISSING,Surface tag is recommended to assess accessibility
790438990,way,surface,MISSING,Surface tag is recommended to assess accessibility
790438991,way,surface,MISSING,Surface tag is recommended to assess accessibility
795380018,way,surface,MISSING,Surface tag is recommended to assess accessibility
795380019,way,surface,MISSING,Surface tag is recommended to assess accessibility
795380022,way,surface,MISSING,Surface tag is recommended to assess accessibility
795399541,way,surface,MISSING,Surface tag is recommended to assess accessibility
795399543,way,surface,MISSING,Surface tag is recommended to assess accessibility
795399545,way,surface,MISSING,Surface tag is recommended to assess accessibility
795399547,way,surface,MISSING,Surface tag is recommended to assess accessibility
795399549,way,surface,MISSING,Surface tag is recommended to assess accessibility
795399552,way,surface,MISSING,Surface tag is recommended to assess accessibility
795399557,way,surface,MISSING,Surface tag is recommended to assess accessibility
795399559,way,surface,MISSING,Surface tag is recommended to assess accessibility
795399564,way,surface,MISSING,Surface tag is recommended to assess accessibility
795399565,way,surface,MISSING,Surface tag is recommended to assess accessibility
795399566,way,surface,MISSING,Surface tag is recommended to assess accessibility
795399567,way,surface,MISSING,Surface tag is recommended to assess accessibility
795399568,way,surface,MISSING,Surface tag is recommended to assess accessibility
795399569,way,surface,MISSING,Surface tag is recommended to assess accessibility
796499435,way,surface,MISSING,Surface tag is recommended to assess accessibility
796499437,way,surface,MISSING,Surface tag is recommended to assess accessibility
796499440,way,surface,MISSING,Surface tag is recommended to assess accessibility
796499441,way,surface,MISSING,Surface tag is recommended to assess accessibility
796499443,way,surface,MISSING,Surface tag is recommended to assess accessibility
796560991,way,surface,MISSING,Surface tag is recommended to assess accessibility
796560992,way,surface,MISSING,Surface tag is recommended to assess accessibility
796560993,way,surface,MISSING,Surface tag is recommended to assess accessibility
796560994,way,surface,MISSING,Surface tag is recommended to assess accessibility
796560995,way,surface,MISSING,Surface tag is recommended to assess accessibility
796560998,way,surface,MISSING,Surface tag is recommended to assess accessibility
796594178,way,surface,MISSING,Surface tag is recommended to assess accessibility
796594179,way,surface,MISSING,Surface tag is recommended to assess accessibility
796594180,way,surface,MISSING,Surface tag is recommended to assess accessibility
796594181,way,surface,MISSING,Surface tag is recommended to assess accessibility
796594190,way,surface,MISSING,Surface tag is recommended to assess accessibility
796594192,way,surface,MISSING,Surface tag is recommended to assess accessibility
796594193,way,surface,MISSING,Surface tag is recommended to assess accessibility
796594195,way,surface,MISSING,Surface tag is recommended to assess accessibility
796594196,way,surface,MISSING,Surface tag is recommended to assess accessibility
796594200,way,surface,MISSING,Surface tag is recommended to assess accessibility
796594203,way,surface,MISSING,Surface tag is recommended to assess accessibility
796594204,way,surface,MISSING,Surface tag is recommended to assess accessibility
796594211,way,surface,MISSING,Surface tag is recommended to assess accessibility
796594213,way,surface,MISSING,Surface tag is recommended to assess accessibility
796594214,way,surface,MISSING,Surface tag is recommended to assess accessibility
796594216,way,surface,MISSING,Surface tag is recommended to assess accessibility
796594218,way,surface,MISSING,Surface tag is recommended to assess accessibility
796594219,way,surface,MISSING,Surface tag is recommended to assess accessibility
796594220,way,surface,MISSING,Surface tag is recommended to assess accessibility
796594222,way,surface,MISSING,Surface tag is recommended to assess accessibility
796594224,way,surface,MISSING,Surface tag is recommended to assess accessibility
796594225,way,surface,MISSING,Surface tag is recommended to assess accessibility
796600265,way,surface,MISSING,Surface tag is recommended to assess accessibility
798536803,way,surface,MISSING,Surface tag is recommended to assess accessibility
798536812,way,surface,MISSING,Surface tag is recommended to assess accessibility
798536813,way,surface,MISSING,Surface tag is recommended to assess accessibility
798536817,way,surface,MISSING,Surface tag is recommended to assess accessibility
798536820,way,surface,MISSING,Surface tag is recommended to assess accessibility
798536821,way,surface,MISSING,Surface tag is recommended to assess accessibility
798536825,way,surface,MISSING,Surface tag is recommended to assess accessibility
798543619,way,surface,MISSING,Surface tag is recommended to assess accessibility
798543620,way,surface,MISSING,Surface tag is recommended to assess accessibility
798548887,way,surface,MISSING,Surface tag is recommended to assess accessibility
798548894,way,surface,MISSING,Surface tag is recommended to assess accessibility
799811829,way,surface,MISSING,Surface tag is recommended to assess accessibility
799811830,way,surface,MISSING,Surface tag is recommended to assess accessibility
799811831,way,surface,MISSING,Surface tag is recommended to assess accessibility
799811832,way,surface,MISSING,Surface tag is recommended to assess accessibility
799811833,way,surface,MISSING,Surface tag is recommended to assess accessibility
799811834,way,surface,MISSING,Surface tag is recommended to assess accessibility
799811851,way,surface,MISSING,Surface tag is recommended to assess accessibility
799811852,way,surface,MISSING,Surface tag is recommended to assess accessibility
799811853,way,surface,MISSING,Surface tag is recommended to assess accessibility
799811855,way,surface,MISSING,Surface tag is recommended to assess accessibility
799811857,way,surface,MISSING,Surface tag is recommended to assess accessibility
802057237,way,surface,MISSING,Surface tag is recommended to assess accessibility
802057238,way,surface,MISSING,Surface tag is recommended to assess accessibility
802057242,way,surface,MISSING,Surface tag is recommended to assess accessibility
802057245,way,surface,MISSING,Surface tag is recommended to assess accessibility
802057247,way,surface,MISSING,Surface tag is recommended to assess accessibility
802057248,way,surface,MISSING,Surface tag is recommended to assess accessibility
802057250,way,surface,MISSING,Surface tag is recommended to assess accessibility
802057251,way,surface,MISSING,Surface tag is recommended to assess accessibility
802057252,way,surface,MISSING,Surface tag is recommended to assess accessibility
802057254,way,surface,MISSING,Surface tag is recommended to assess accessibility
802057256,way,surface,MISSING,Surface tag is recommended to assess accessibility
802057259,way,surface,MISSING,Surface tag is recommended to assess accessibility
802057260,way,surface,MISSING,Surface tag is recommended to assess accessibility
802538226,way,surface,MISSING,Surface tag is recommended to assess accessibility
802538233,way,surface,MISSING,Surface tag is recommended to assess accessibility
802538242,way,surface,MISSING,Surface tag is recommended to assess accessibility
804771150,way,surface,MISSING,Surface tag is recommended to assess accessibility
804771152,way,surface,MISSING,Surface tag is recommended to assess accessibility
804771154,way,surface,MISSING,Surface tag is recommended to assess accessibility
804771157,way,surface,MISSING,Surface tag is recommended to assess accessibility
804771161,way,surface,MISSING,Surface tag is recommended to assess accessibility
804777679,way,surface,MISSING,Surface tag is recommended to assess accessibility
804777681,way,surface,MISSING,Surface tag is recommended to assess accessibility
804777682,way,surface,MISSING,Surface tag is recommended to assess accessibility
804777684,way,surface,MISSING,Surface tag is recommended to assess accessibility
804789630,way,surface,MISSING,Surface tag is recommended to assess accessibility
804789631,way,surface,MISSING,Surface tag is recommended to assess accessibility
804789632,way,surface,MISSING,Surface tag is recommended to assess accessibility
804789644,way,surface,MISSING,Surface tag is recommended to assess accessibility
804789645,way,surface,MISSING,Surface tag is recommended to assess accessibility
804789646,way,surface,MISSING,Surface tag is recommended to assess accessibility
804789648,way,surface,MISSING,Surface tag is recommended to assess accessibility
804789649,way,surface,MISSING,Surface tag is recommended to assess accessibility
805015261,way,surface,MISSING,Surface tag is recommended to assess accessibility
805015263,way,surface,MISSING,Surface tag is recommended to assess accessibility
808196077,way,surface,MISSING,Surface tag is recommended to assess accessibility
808196079,way,surface,MISSING,Surface tag is recommended to assess accessibility
808196080,way,surface,MISSING,Surface tag is recommended to assess accessibility
808196082,way,surface,MISSING,Surface tag is recommended to assess accessibility
808196087,way,surface,MISSING,Surface tag is recommended to assess accessibility
808196088,way,surface,MISSING,Surface tag is recommended to assess accessibility
808196090,way,surface,MISSING,Surface tag is recommended to assess accessibility
808889732,way,surface,MISSING,Surface tag is recommended to assess accessibility
817874454,way,surface,MISSING,Surface tag is recommended to assess accessibility
817874458,way,surface,MISSING,Surface tag is recommended to assess accessibility
817874460,way,surface,MISSING,Surface tag is recommended to assess accessibility
817874463,way,surface,MISSING,Surface tag is recommended to assess accessibility
817874465,way,surface,MISSING,Surface tag is recommended to assess accessibility
817874466,way,surface,MISSING,Surface tag is recommended to assess accessibility
817874476,way,surface,MISSING,Surface tag is recommended to assess accessibility
817874478,way,surface,MISSING,Surface tag is recommended to assess accessibility
817874480,way,surface,MISSING,Surface tag is recommended to assess accessibility
817874483,way,surface,MISSING,Surface tag is recommended to assess accessibility
817874484,way,surface,MISSING,Surface tag is recommended to assess accessibility
817874485,way,surface,MISSING,Surface tag is recommended to assess accessibility
817874487,way,surface,MISSING,Surface tag is recommended to assess accessibility
817874489,way,surface,MISSING,Surface tag is recommended to assess accessibility
817874491,way,surface,MISSING,Surface tag is recommended to assess accessibility
826964275,way,surface,MISSING,Surface tag is recommended to assess accessibility
844629102,way,surface,MISSING,Surface tag is recommended to assess accessibility
844629106,way,surface,MISSING,Surface tag is recommended to assess accessibility
844634807,way,surface,MISSING,Surface tag is recommended to assess accessibility
844634808,way,surface,MISSING,Surface tag is recommended to assess accessibility
844640094,way,surface,MISSING,Surface tag is recommended to assess accessibility
844640095,way,surface,MISSING,Surface tag is recommended to assess accessibility
844640096,way,surface,MISSING,Surface tag is recommended to assess accessibility
844640106,way,surface,MISSING,Surface tag is recommended to assess accessibility
844640107,way,surface,MISSING,Surface tag is recommended to assess accessibility
878384641,way,surface,MISSING,Surface tag is recommended to assess accessibility
878384642,way,surface,MISSING,Surface tag is recommended to assess accessibility
879062755,way,surface,MISSING,Surface tag is recommended to assess accessibility
879062756,way,surface,MISSING,Surface tag is recommended to assess accessibility
905563975,way,surface,MISSING,Surface tag is recommended to assess accessibility
905563976,way,surface,MISSING,Surface tag is recommended to assess accessibility
930197356,way,surface,MISSING,Surface tag is recommended to assess accessibility
930197357,way,surface,MISSING,Surface tag is recommended to assess accessibility
930197360,way,surface,MISSING,Surface tag is recommended to assess accessibility
930197361,way,surface,MISSING,Surface tag is recommended to assess accessibility
930197363,way,surface,MISSING,Surface tag is recommended to assess accessibility
930197364,way,surface,MISSING,Surface tag is recommended to assess accessibility
930656673,way,surface,MISSING,Surface tag is recommended to assess accessibility
938081670,way,surface,MISSING,Surface tag is recommended to assess accessibility
938081671,way,surface,MISSING,Surface tag is recommended to assess accessibility
938081677,way,surface,MISSING,Surface tag is recommended to assess accessibility
938081678,way,surface,MISSING,Surface tag is recommended to assess accessibility
938081681,way,surface,MISSING,Surface tag is recommended to assess accessibility
938081691,way,surface,MISSING,Surface tag is recommended to assess accessibility
938081693,way,surface,MISSING,Surface tag is recommended to assess accessibility
938081695,way,surface,MISSING,Surface tag is recommended to assess accessibility
938081696,way,surface,MISSING,Surface tag is recommended to assess accessibility
938081697,way,surface,MISSING,Surface tag is recommended to assess accessibility
938081698,way,surface,MISSING,Surface tag is recommended to assess accessibility
938081699,way,surface,MISSING,Surface tag is recommended to assess accessibility
938081701,way,surface,MISSING,Surface tag is recommended to assess accessibility
938081702,way,surface,MISSING,Surface tag is recommended to assess accessibility
938081712,way,surface,MISSING,Surface tag is recommended to assess accessibility
938081713,way,surface,MISSING,Surface tag is recommended to assess accessibility
966533986,way,surface,MISSING,Surface tag is recommended to assess accessibility
971309848,way,surface,MISSING,Surface tag is recommended to assess accessibility
971309849,way,surface,MISSING,Surface tag is recommended to assess accessibility
971309854,way,surface,MISSING,Surface tag is recommended to assess accessibility
971367746,way,surface,MISSING,Surface tag is recommended to assess accessibility
986955933,way,surface,MISSING,Surface tag is recommended to assess accessibility
986955936,way,surface,MISSING,Surface tag is recommended to assess accessibility
986955937,way,surface,MISSING,Surface tag is recommended to assess accessibility
986955939,way,surface,MISSING,Surface tag is recommended to assess accessibility
986955941,way,surface,MISSING,Surface tag is recommended to assess accessibility
993270671,way,surface,MISSING,Surface tag is recommended to assess accessibility
993270673,way,surface,MISSING,Surface tag is recommended to assess accessibility
993270675,way,surface,MISSING,Surface tag is recommended to assess accessibility
995914643,way,surface,MISSING,Surface tag is recommended to assess accessibility
995914644,way,surface,MISSING,Surface tag is recommended to assess accessibility
995914653,way,surface,MISSING,Surface tag is recommended to assess accessibility
995914654,way,surface,MISSING,Surface tag is recommended to assess accessibility
1000782269,way,surface,MISSING,Surface tag is recommended to assess accessibility
1000782270,way,surface,MISSING,Surface tag is recommended to assess accessibility
1000782271,way,surface,MISSING,Surface tag is recommended to assess accessibility
1000782278,way,surface,MISSING,Surface tag is recommended to assess accessibility
1000782279,way,surface,MISSING,Surface tag is recommended to assess accessibility
1000782282,way,surface,MISSING,Surface tag is recommended to assess accessibility
1000782285,way,surface,MISSING,Surface tag is recommended to assess accessibility
1000782286,way,surface,MISSING,Surface tag is recommended to assess accessibility
1000782287,way,surface,MISSING,Surface tag is recommended to assess accessibility
1000782288,way,surface,MISSING,Surface tag is recommended to assess accessibility
1002396372,way,surface,MISSING,Surface tag is recommended to assess accessibility
1002396374,way,surface,MISSING,Surface tag is recommended to assess accessibility
1003637870,way,surface,MISSING,Surface tag is recommended to assess accessibility
1003637871,way,surface,MISSING,Surface tag is recommended to assess accessibility
1003637876,way,surface,MISSING,Surface tag is recommended to assess accessibility
1003637877,way,surface,MISSING,Surface tag is recommended to assess accessibility
1003637878,way,surface,MISSING,Surface tag is recommended to assess accessibility
1003637879,way,surface,MISSING,Surface tag is recommended to assess accessibility
1003637881,way,surface,MISSING,Surface tag is recommended to assess accessibility
1003637882,way,surface,MISSING,Surface tag is recommended to assess accessibility
1003637883,way,surface,MISSING,Surface tag is recommended to assess accessibility
1003637897,way,surface,MISSING,Surface tag is recommended to assess accessibility
1003637902,way,surface,MISSING,Surface tag is recommended to assess accessibility
1003637904,way,surface,MISSING,Surface tag is recommended to assess accessibility
1003670717,way,surface,MISSING,Surface tag is recommended to assess accessibility
1003670719,way,surface,MISSING,Surface tag is recommended to assess accessibility
1003670725,way,surface,MISSING,Surface tag is recommended to assess accessibility
1004460680,way,surface,MISSING,Surface tag is recommended to assess accessibility
1025277387,way,surface,MISSING,Surface tag is recommended to assess accessibility
1025277389,way,surface,MISSING,Surface tag is recommended to assess accessibility
1025597293,way,surface,MISSING,Surface tag is recommended to assess accessibility
1027672028,way,surface,MISSING,Surface tag is recommended to assess accessibility
1027672029,way,surface,MISSING,Surface tag is recommended to assess accessibility
1027672034,way,surface,MISSING,Surface tag is recommended to assess accessibility
1027672041,way,surface,MISSING,Surface tag is recommended to assess accessibility
1027672042,way,surface,MISSING,Surface tag is recommended to assess accessibility
1027672043,way,surface,MISSING,Surface tag is recommended to assess accessibility
1027672044,way,surface,MISSING,Surface tag is recommended to assess accessibility
1028122251,way,surface,MISSING,Surface tag is recommended to assess accessibility
1028122253,way,surface,MISSING,Surface tag is recommended to assess accessibility
1028122254,way,surface,MISSING,Surface tag is recommended to assess accessibility
1028122255,way,surface,MISSING,Surface tag is recommended to assess accessibility
1028122269,way,surface,MISSING,Surface tag is recommended to assess accessibility
1028122277,way,surface,MISSING,Surface tag is recommended to assess accessibility
1028122278,way,surface,MISSING,Surface tag is recommended to assess accessibility
1028122279,way,surface,MISSING,Surface tag is recommended to assess accessibility
1028122286,way,surface,MISSING,Surface tag is recommended to assess accessibility
1028316275,way,surface,MISSING,Surface tag is recommended to assess accessibility
1029010113,way,surface,MISSING,Surface tag is recommended to assess accessibility
1029010115,way,surface,MISSING,Surface tag is recommended to assess accessibility
1029533789,way,surface,MISSING,Surface tag is recommended to assess accessibility
1029533803,way,surface,MISSING,Surface tag is recommended to assess accessibility
1029533804,way,surface,MISSING,Surface tag is recommended to assess accessibility
1029533813,way,surface,MISSING,Surface tag is recommended to assess accessibility
1038990084,way,surface,MISSING,Surface tag is recommended to assess accessibility
1040098682,way,surface,MISSING,Surface tag is recommended to assess accessibility
1040126397,way,surface,MISSING,Surface tag is recommended to assess accessibility
1040134264,way,surface,MISSING,Surface tag is recommended to assess accessibility
1040134265,way,surface,MISSING,Surface tag is recommended to assess accessibility
1040134266,way,surface,MISSING,Surface tag is recommended to assess accessibility
1040134267,way,surface,MISSING,Surface tag is recommended to assess accessibility
1040428460,way,surface,MISSING,Surface tag is recommended to assess accessibility
1055486759,way,surface,MISSING,Surface tag is recommended to assess accessibility
1057734797,way,surface,MISSING,Surface tag is recommended to assess accessibility
1064561384,way,surface,MISSING,Surface tag is recommended to assess accessibility
1064561386,way,surface,MISSING,Surface tag is recommended to assess accessibility
1075461217,way,surface,MISSING,Surface tag is recommended to assess accessibility
1075461218,way,surface,MISSING,Surface tag is recommended to assess accessibility
1075461220,way,surface,MISSING,Surface tag is recommended to assess accessibility
1075461221,way,surface,MISSING,Surface tag is recommended to assess accessibility
1075461224,way,surface,MISSING,Surface tag is recommended to assess accessibility
1075461225,way,surface,MISSING,Surface tag is recommended to assess accessibility
1079910946,way,surface,MISSING,Surface tag is recommended to assess accessibility
1103927812,way,surface,MISSING,Surface tag is recommended to assess accessibility
1103927813,way,surface,MISSING,Surface tag is recommended to assess accessibility
1104453983,way,surface,MISSING,Surface tag is recommended to assess accessibility
1115619677,way,surface,MISSING,Surface tag is recommended to assess accessibility
1115619678,way,surface,MISSING,Surface tag is recommended to assess accessibility
1115619679,way,surface,MISSING,Surface tag is recommended to assess accessibility
1115619681,way,surface,MISSING,Surface tag is recommended to assess accessibility
1115619682,way,surface,MISSING,Surface tag is recommended to assess accessibility
1115619683,way,surface,MISSING,Surface tag is recommended to assess accessibility
1115619685,way,surface,MISSING,Surface tag is recommended to assess accessibility
1115619687,way,surface,MISSING,Surface tag is recommended to assess accessibility
1115619689,way,surface,MISSING,Surface tag is recommended to assess accessibility
1115619690,way,surface,MISSING,Surface tag is recommended to assess accessibility
1115619691,way,surface,MISSING,Surface tag is recommended to assess accessibility
1115619693,way,surface,MISSING,Surface tag is recommended to assess accessibility
1115619695,way,surface,MISSING,Surface tag is recommended to assess accessibility
1115619696,way,surface,MISSING,Surface tag is recommended to assess accessibility
1115619698,way,surface,MISSING,Surface tag is recommended to assess accessibility
1115619699,way,surface,MISSING,Surface tag is recommended to assess accessibility
1115619700,way,surface,MISSING,Surface tag is recommended to assess accessibility
1115619702,way,surface,MISSING,Surface tag is recommended to assess accessibility
1115619703,way,surface,MISSING,Surface tag is recommended to assess accessibility
1115619705,way,surface,MISSING,Surface tag is recommended to assess accessibility
1115619706,way,surface,MISSING,Surface tag is recommended to assess accessibility
1115619708,way,surface,MISSING,Surface tag is recommended to assess accessibility
1115619710,way,surface,MISSING,Surface tag is recommended to assess accessibility
1115619713,way,surface,MISSING,Surface tag is recommended to assess accessibility
1115619719,way,surface,MISSING,Surface tag is recommended to assess accessibility
1115619724,way,surface,MISSING,Surface tag is recommended to assess accessibility
1115619726,way,surface,MISSING,Surface tag is recommended to assess accessibility
1115619727,way,surface,MISSING,Surface tag is recommended to assess accessibility
1115619729,way,surface,MISSING,Surface tag is recommended to assess accessibility
1115619730,way,surface,MISSING,Surface tag is recommended to assess accessibility
1118917539,way,surface,MISSING,Surface tag is recommended to assess accessibility
1118917542,way,surface,MISSING,Surface tag is recommended to assess accessibility
1118917543,way,surface,MISSING,Surface tag is recommended to assess accessibility
1118917546,way,surface,MISSING,Surface tag is recommended to assess accessibility
1118917547,way,surface,MISSING,Surface tag is recommended to assess accessibility
1118917549,way,surface,MISSING,Surface tag is recommended to assess accessibility
1118917553,way,surface,MISSING,Surface tag is recommended to assess accessibility
1118917556,way,surface,MISSING,Surface tag is recommended to assess accessibility
1118921878,way,surface,MISSING,Surface tag is recommended to assess accessibility
1118921879,way,surface,MISSING,Surface tag is recommended to assess accessibility
1118921888,way,surface,MISSING,Surface tag is recommended to assess accessibility
1118921890,way,surface,MISSING,Surface tag is recommended to assess accessibility
1118921891,way,surface,MISSING,Surface tag is recommended to assess accessibility
1120091060,way,surface,MISSING,Surface tag is recommended to assess accessibility
1121005580,way,surface,MISSING,Surface tag is recommended to assess accessibility
1121219897,way,surface,MISSING,Surface tag is recommended to assess accessibility
1121219898,way,surface,MISSING,Surface tag is recommended to assess accessibility
1121219899,way,surface,MISSING,Surface tag is recommended to assess accessibility
1121219900,way,surface,MISSING,Surface tag is recommended to assess accessibility
1121219901,way,surface,MISSING,Surface tag is recommended to assess accessibility
1121219903,way,surface,MISSING,Surface tag is recommended to assess accessibility
1121219904,way,surface,MISSING,Surface tag is recommended to assess accessibility
1121219908,way,surface,MISSING,Surface tag is recommended to assess accessibility
1121219912,way,surface,MISSING,Surface tag is recommended to assess accessibility
1121219913,way,surface,MISSING,Surface tag is recommended to assess accessibility
1121219914,way,surface,MISSING,Surface tag is recommended to assess accessibility
1121219915,way,surface,MISSING,Surface tag is recommended to assess accessibility
1121219916,way,surface,MISSING,Surface tag is recommended to assess accessibility
1121219917,way,surface,MISSING,Surface tag is recommended to assess accessibility
1121219918,way,surface,MISSING,Surface tag is recommended to assess accessibility
1121219919,way,surface,MISSING,Surface tag is recommended to assess accessibility
1121219920,way,surface,MISSING,Surface tag is recommended to assess accessibility
1121219921,way,surface,MISSING,Surface tag is recommended to assess accessibility
1121219922,way,surface,MISSING,Surface tag is recommended to assess accessibility
1121219923,way,surface,MISSING,Surface tag is recommended to assess accessibility
1121219924,way,surface,MISSING,Surface tag is recommended to assess accessibility
1121219925,way,surface,MISSING,Surface tag is recommended to assess accessibility
1121219926,way,surface,MISSING,Surface tag is recommended to assess accessibility
1121219927,way,surface,MISSING,Surface tag is recommended to assess accessibility
1121219928,way,surface,MISSING,Surface tag is recommended to assess accessibility
1121219930,way,surface,MISSING,Surface tag is recommended to assess accessibility
1121219931,way,surface,MISSING,Surface tag is recommended to assess accessibility
1121219932,way,surface,MISSING,Surface tag is recommended to assess accessibility
1121219933,way,surface,MISSING,Surface tag is recommended to assess accessibility
1121219934,way,surface,MISSING,Surface tag is recommended to assess accessibility
1121219935,way,surface,MISSING,Surface tag is recommended to assess accessibility
1121219936,way,surface,MISSING,Surface tag is recommended to assess accessibility
1121219937,way,surface,MISSING,Surface tag is recommended to assess accessibility
1121219938,way,surface,MISSING,Surface tag is recommended to assess accessibility
1121219939,way,surface,MISSING,Surface tag is recommended to assess accessibility
1121224095,way,surface,MISSING,Surface tag is recommended to assess accessibility
1121534084,way,surface,MISSING,Surface tag is recommended to assess accessibility
1121534085,way,surface,MISSING,Surface tag is recommended to assess accessibility
1121534086,way,surface,MISSING,Surface tag is recommended to assess accessibility
1121534087,way,surface,MISSING,Surface tag is recommended to assess accessibility
1121534088,way,surface,MISSING,Surface tag is recommended to assess accessibility
1121534089,way,surface,MISSING,Surface tag is recommended to assess accessibility
1121534090,way,surface,MISSING,Surface tag is recommended to assess accessibility
1121534091,way,surface,MISSING,Surface tag is recommended to assess accessibility
1121534092,way,surface,MISSING,Surface tag is recommended to assess accessibility
1121534093,way,surface,MISSING,Surface tag is recommended to assess accessibility
1121534094,way,surface,MISSING,Surface tag is recommended to assess accessibility
1121534095,way,surface,MISSING,Surface tag is recommended to assess accessibility
1121534096,way,surface,MISSING,Surface tag is recommended to assess accessibility
1121534097,way,surface,MISSING,Surface tag is recommended to assess accessibility
1121534098,way,surface,MISSING,Surface tag is recommended to assess accessibility
1121534099,way,surface,MISSING,Surface tag is recommended to assess accessibility
1121534102,way,surface,MISSING,Surface tag is recommended to assess accessibility
1121534103,way,surface,MISSING,Surface tag is recommended to assess accessibility
1121534104,way,surface,MISSING,Surface tag is recommended to assess accessibility
1121534107,way,surface,MISSING,Surface tag is recommended to assess accessibility
1121534109,way,surface,MISSING,Surface tag is recommended to assess accessibility
1122404748,way,surface,MISSING,Surface tag is recommended to assess accessibility
1122404749,way,surface,MISSING,Surface tag is recommended to assess accessibility
1122404750,way,surface,MISSING,Surface tag is recommended to assess accessibility
1124640599,way,surface,MISSING,Surface tag is recommended to assess accessibility
1124640606,way,surface,MISSING,Surface tag is recommended to assess accessibility
1124991654,way,surface,MISSING,Surface tag is recommended to assess accessibility
1124997111,way,surface,MISSING,Surface tag is recommended to assess accessibility
1124997112,way,surface,MISSING,Surface tag is recommended to assess accessibility
1124998102,way,surface,MISSING,Surface tag is recommended to assess accessibility
1124998103,way,surface,MISSING,Surface tag is recommended to assess accessibility
1125594151,way,surface,MISSING,Surface tag is recommended to assess accessibility
1127823935,way,surface,MISSING,Surface tag is recommended to assess accessibility
1127824260,way,surface,MISSING,Surface tag is recommended to assess accessibility
1128401579,way,surface,MISSING,Surface tag is recommended to assess accessibility
1128401580,way,surface,MISSING,Surface tag is recommended to assess accessibility
1128401582,way,surface,MISSING,Surface tag is recommended to assess accessibility
1135935999,way,surface,MISSING,Surface tag is recommended to assess accessibility
1136976356,way,surface,MISSING,Surface tag is recommended to assess accessibility
1142031738,way,surface,MISSING,Surface tag is recommended to assess accessibility
1142031739,way,surface,MISSING,Surface tag is recommended to assess accessibility
1142031740,way,surface,MISSING,Surface tag is recommended to assess accessibility
1142031741,way,surface,MISSING,Surface tag is recommended to assess accessibility
1142031742,way,surface,MISSING,Surface tag is recommended to assess accessibility
1142031743,way,surface,MISSING,Surface tag is recommended to assess accessibility
1142031744,way,surface,MISSING,Surface tag is recommended to assess accessibility
1142031745,way,surface,MISSING,Surface tag is recommended to assess accessibility
1142031746,way,surface,MISSING,Surface tag is recommended to assess accessibility
1142031747,way,surface,MISSING,Surface tag is recommended to assess accessibility
1142031748,way,surface,MISSING,Surface tag is recommended to assess accessibility
1142036283,way,surface,MISSING,Surface tag is recommended to assess accessibility
1142036284,way,surface,MISSING,Surface tag is recommended to assess accessibility
1142036285,way,surface,MISSING,Surface tag is recommended to assess accessibility
1142036286,way,surface,MISSING,Surface tag is recommended to assess accessibility
1145559571,way,surface,MISSING,Surface tag is recommended to assess accessibility
1157238981,way,surface,MISSING,Surface tag is recommended to assess accessibility
1157239704,way,surface,MISSING,Surface tag is recommended to assess accessibility
1157241800,way,surface,MISSING,Surface tag is recommended to assess accessibility
1157241801,way,surface,MISSING,Surface tag is recommended to assess accessibility
1157245314,way,surface,MISSING,Surface tag is recommended to assess accessibility
1157245315,way,surface,MISSING,Surface tag is recommended to assess accessibility
1158371038,way,surface,MISSING,Surface tag is recommended to assess accessibility
1172716064,way,surface,MISSING,Surface tag is recommended to assess accessibility
1172716068,way,surface,MISSING,Surface tag is recommended to assess accessibility
1173041781,way,surface,MISSING,Surface tag is recommended to assess accessibility
1192453179,way,surface,MISSING,Surface tag is recommended to assess accessibility
1192453201,way,surface,MISSING,Surface tag is recommended to assess accessibility
1192453204,way,surface,MISSING,Surface tag is recommended to assess accessibility
1192716396,way,surface,MISSING,Surface tag is recommended to assess accessibility
1192716398,way,surface,MISSING,Surface tag is recommended to assess accessibility
1192716437,way,surface,MISSING,Surface tag is recommended to assess accessibility
1193158455,way,surface,MISSING,Surface tag is recommended to assess accessibility
1193158456,way,surface,MISSING,Surface tag is recommended to assess accessibility
1193158457,way,surface,MISSING,Surface tag is recommended to assess accessibility
1193158458,way,surface,MISSING,Surface tag is recommended to assess accessibility
1193824487,way,surface,MISSING,Surface tag is recommended to assess accessibility
1193824488,way,surface,MISSING,Surface tag is recommended to assess accessibility
1193824491,way,surface,MISSING,Surface tag is recommended to assess accessibility
1193824493,way,surface,MISSING,Surface tag is recommended to assess accessibility
1193824496,way,surface,MISSING,Surface tag is recommended to assess accessibility
1194013254,way,surface,MISSING,Surface tag is recommended to assess accessibility
1194601274,way,surface,MISSING,Surface tag is recommended to assess accessibility
1194601688,way,surface,MISSING,Surface tag is recommended to assess accessibility
1194603758,way,surface,MISSING,Surface tag is recommended to assess accessibility
1194908554,way,surface,MISSING,Surface tag is recommended to assess accessibility
1195000397,way,surface,MISSING,Surface tag is recommended to assess accessibility
1195000399,way,surface,MISSING,Surface tag is recommended to assess accessibility
1195189514,way,surface,MISSING,Surface tag is recommended to assess accessibility
1195189515,way,surface,MISSING,Surface tag is recommended to assess accessibility
1195189519,way,surface,MISSING,Surface tag is recommended to assess accessibility
1195189520,way,surface,MISSING,Surface tag is recommended to assess accessibility
1195265631,way,surface,MISSING,Surface tag is recommended to assess accessibility
1195265669,way,surface,MISSING,Surface tag is recommended to assess accessibility
1195543127,way,surface,MISSING,Surface tag is recommended to assess accessibility
1195543128,way,surface,MISSING,Surface tag is recommended to assess accessibility
1195543129,way,surface,MISSING,Surface tag is recommended to assess accessibility
1195543130,way,surface,MISSING,Surface tag is recommended to assess accessibility
1195543131,way,surface,MISSING,Surface tag is recommended to assess accessibility
1195543132,way,surface,MISSING,Surface tag is recommended to assess accessibility
1195543133,way,surface,MISSING,Surface tag is recommended to assess accessibility
1195543134,way,surface,MISSING,Surface tag is recommended to assess accessibility
1195664958,way,surface,MISSING,Surface tag is recommended to assess accessibility
1195664961,way,surface,MISSING,Surface tag is recommended to assess accessibility
1195664963,way,surface,MISSING,Surface tag is recommended to assess accessibility
1196169952,way,surface,MISSING,Surface tag is recommended to assess accessibility
1196170130,way,surface,MISSING,Surface tag is recommended to assess accessibility
1197206190,way,surface,MISSING,Surface tag is recommended to assess accessibility
1197350959,way,surface,MISSING,Surface tag is recommended to assess accessibility
1197350960,way,surface,MISSING,Surface tag is recommended to assess accessibility
1197350962,way,surface,MISSING,Surface tag is recommended to assess accessibility
1197350963,way,surface,MISSING,Surface tag is recommended to assess accessibility
1197587913,way,surface,MISSING,Surface tag is recommended to assess accessibility
1197587915,way,surface,MISSING,Surface tag is recommended to assess accessibility
1197587932,way,surface,MISSING,Surface tag is recommended to assess accessibility
1197587938,way,surface,MISSING,Surface tag is recommended to assess accessibility
1197587939,way,surface,MISSING,Surface tag is recommended to assess accessibility
1197587941,way,surface,MISSING,Surface tag is recommended to assess accessibility
1197587942,way,surface,MISSING,Surface tag is recommended to assess accessibility
1198210619,way,surface,MISSING,Surface tag is recommended to assess accessibility
1198210621,way,surface,MISSING,Surface tag is recommended to assess accessibility
1198306731,way,surface,MISSING,Surface tag is recommended to assess accessibility
1198306732,way,surface,MISSING,Surface tag is recommended to assess accessibility
1201384375,way,surface,MISSING,Surface tag is recommended to assess accessibility
1201384376,way,surface,MISSING,Surface tag is recommended to assess accessibility
1204951551,way,surface,MISSING,Surface tag is recommended to assess accessibility
1204951552,way,surface,MISSING,Surface tag is recommended to assess accessibility
1204951553,way,surface,MISSING,Surface tag is recommended to assess accessibility
1204951554,way,surface,MISSING,Surface tag is recommended to assess accessibility
1205231992,way,surface,MISSING,Surface tag is recommended to assess accessibility
1205231995,way,surface,MISSING,Surface tag is recommended to assess accessibility
1213364936,way,surface,MISSING,Surface tag is recommended to assess accessibility
1213364938,way,surface,MISSING,Surface tag is recommended to assess accessibility
1214239627,way,surface,MISSING,Surface tag is recommended to assess accessibility
1217274831,way,surface,MISSING,Surface tag is recommended to assess accessibility
1217274832,way,surface,MISSING,Surface tag is recommended to assess accessibility
1217274834,way,surface,MISSING,Surface tag is recommended to assess accessibility
1217274835,way,surface,MISSING,Surface tag is recommended to assess accessibility
1217274836,way,surface,MISSING,Surface tag is recommended to assess accessibility
1217274837,way,surface,MISSING,Surface tag is recommended to assess accessibility
1219284611,way,surface,MISSING,Surface tag is recommended to assess accessibility
1219284612,way,surface,MISSING,Surface tag is recommended to assess accessibility
1226240551,way,surface,MISSING,Surface tag is recommended to assess accessibility
1227315002,way,surface,MISSING,Surface tag is recommended to assess accessibility
1227315006,way,surface,MISSING,Surface tag is recommended to assess accessibility
1227322759,way,surface,MISSING,Surface tag is recommended to assess accessibility
1227326433,way,surface,MISSING,Surface tag is recommended to assess accessibility
1227326434,way,surface,MISSING,Surface tag is recommended to assess accessibility
1227326435,way,surface,MISSING,Surface tag is recommended to assess accessibility
1227327376,way,surface,MISSING,Surface tag is recommended to assess accessibility
1227328289,way,surface,MISSING,Surface tag is recommended to assess accessibility
1227357371,way,surface,MISSING,Surface tag is recommended to assess accessibility
1227359438,way,surface,MISSING,Surface tag is recommended to assess accessibility
1227359439,way,surface,MISSING,Surface tag is recommended to assess accessibility
1227359440,way,surface,MISSING,Surface tag is recommended to assess accessibility
1227364418,way,surface,MISSING,Surface tag is recommended to assess accessibility
1227402534,way,surface,MISSING,Surface tag is recommended to assess accessibility
1227403285,way,surface,MISSING,Surface tag is recommended to assess accessibility
1227425806,way,surface,MISSING,Surface tag is recommended to assess accessibility
1227434799,way,surface,MISSING,Surface tag is recommended to assess accessibility
1227434800,way,surface,MISSING,Surface tag is recommended to assess accessibility
1227454376,way,surface,MISSING,Surface tag is recommended to assess accessibility
1227454377,way,surface,MISSING,Surface tag is recommended to assess accessibility
1227454378,way,surface,MISSING,Surface tag is recommended to assess accessibility
1227454379,way,surface,MISSING,Surface tag is recommended to assess accessibility
1227478637,way,surface,MISSING,Surface tag is recommended to assess accessibility
1227811527,way,surface,MISSING,Surface tag is recommended to assess accessibility
1227811529,way,surface,MISSING,Surface tag is recommended to assess accessibility
1227811530,way,surface,MISSING,Surface tag is recommended to assess accessibility
1227811532,way,surface,MISSING,Surface tag is recommended to assess accessibility
1227811533,way,surface,MISSING,Surface tag is recommended to assess accessibility
1227811535,way,surface,MISSING,Surface tag is recommended to assess accessibility
1227811536,way,surface,MISSING,Surface tag is recommended to assess accessibility
1227811538,way,surface,MISSING,Surface tag is recommended to assess accessibility
1227811540,way,surface,MISSING,Surface tag is recommended to assess accessibility
1227811541,way,surface,MISSING,Surface tag is recommended to assess accessibility
1227811542,way,surface,MISSING,Surface tag is recommended to assess accessibility
1227811543,way,surface,MISSING,Surface tag is recommended to assess accessibility
1227811548,way,surface,MISSING,Surface tag is recommended to assess accessibility
1227811552,way,surface,MISSING,Surface tag is recommended to assess accessibility
1227811555,way,surface,MISSING,Surface tag is recommended to assess accessibility
1227811557,way,surface,MISSING,Surface tag is recommended to assess accessibility
1227811558,way,surface,MISSING,Surface tag is recommended to assess accessibility
1227869613,way,surface,MISSING,Surface tag is recommended to assess accessibility
1227889235,way,surface,MISSING,Surface tag is recommended to assess accessibility
1227903813,way,surface,MISSING,Surface tag is recommended to assess accessibility
1227903814,way,surface,MISSING,Surface tag is recommended to assess accessibility
1227912582,way,surface,MISSING,Surface tag is recommended to assess accessibility
1227913716,way,surface,MISSING,Surface tag is recommended to assess accessibility
1227915437,way,surface,MISSING,Surface tag is recommended to assess accessibility
1227915438,way,surface,MISSING,Surface tag is recommended to assess accessibility
1227926962,way,surface,MISSING,Surface tag is recommended to assess accessibility
1227926963,way,surface,MISSING,Surface tag is recommended to assess accessibility
1227927153,way,surface,MISSING,Surface tag is recommended to assess accessibility
1227927586,way,surface,MISSING,Surface tag is recommended to assess accessibility
1227927587,way,surface,MISSING,Surface tag is recommended to assess accessibility
1228016975,way,surface,MISSING,Surface tag is recommended to assess accessibility
1228048575,way,surface,MISSING,Surface tag is recommended to assess accessibility
1228048576,way,surface,MISSING,Surface tag is recommended to assess accessibility
1228048577,way,surface,MISSING,Surface tag is recommended to assess accessibility
1228048579,way,surface,MISSING,Surface tag is recommended to assess accessibility
1228052344,way,surface,MISSING,Surface tag is recommended to assess accessibility
1228052345,way,surface,MISSING,Surface tag is recommended to assess accessibility
1228052347,way,surface,MISSING,Surface tag is recommended to assess accessibility
1228052348,way,surface,MISSING,Surface tag is recommended to assess accessibility
1228052349,way,surface,MISSING,Surface tag is recommended to assess accessibility
1228052350,way,surface,MISSING,Surface tag is recommended to assess accessibility
1228052351,way,surface,MISSING,Surface tag is recommended to assess accessibility
1228105190,way,surface,MISSING,Surface tag is recommended to assess accessibility
1228111090,way,surface,MISSING,Surface tag is recommended to assess accessibility
1228115891,way,surface,MISSING,Surface tag is recommended to assess accessibility
1228115892,way,surface,MISSING,Surface tag is recommended to assess accessibility
1228227571,way,surface,MISSING,Surface tag is recommended to assess accessibility
1228227573,way,surface,MISSING,Surface tag is recommended to assess accessibility
1228227582,way,surface,MISSING,Surface tag is recommended to assess accessibility
1228227583,way,surface,MISSING,Surface tag is recommended to assess accessibility
1228274426,way,surface,MISSING,Surface tag is recommended to assess accessibility
1228274427,way,surface,MISSING,Surface tag is recommended to assess accessibility
1228274428,way,surface,MISSING,Surface tag is recommended to assess accessibility
1228274430,way,surface,MISSING,Surface tag is recommended to assess accessibility
1228274431,way,surface,MISSING,Surface tag is recommended to assess accessibility
1228274433,way,surface,MISSING,Surface tag is recommended to assess accessibility
1228274434,way,surface,MISSING,Surface tag is recommended to assess accessibility
1228274438,way,surface,MISSING,Surface tag is recommended to assess accessibility
1228274439,way,surface,MISSING,Surface tag is recommended to assess accessibility
1228274440,way,surface,MISSING,Surface tag is recommended to assess accessibility
1228286994,way,surface,MISSING,Surface tag is recommended to assess accessibility
1228286996,way,surface,MISSING,Surface tag is recommended to assess accessibility
1228926722,way,surface,MISSING,Surface tag is recommended to assess accessibility
1228926723,way,surface,MISSING,Surface tag is recommended to assess accessibility
1228930297,way,surface,MISSING,Surface tag is recommended to assess accessibility
1228930672,way,surface,MISSING,Surface tag is recommended to assess accessibility
1228933506,way,surface,MISSING,Surface tag is recommended to assess accessibility
1228933507,way,surface,MISSING,Surface tag is recommended to assess accessibility
1228933508,way,surface,MISSING,Surface tag is recommended to assess accessibility
1228933509,way,surface,MISSING,Surface tag is recommended to assess accessibility
1228934638,way,surface,MISSING,Surface tag is recommended to assess accessibility
1228934952,way,surface,MISSING,Surface tag is recommended to assess accessibility
1228943643,way,surface,MISSING,Surface tag is recommended to assess accessibility
1228943644,way,surface,MISSING,Surface tag is recommended to assess accessibility
1228952718,way,surface,MISSING,Surface tag is recommended to assess accessibility
1228952719,way,surface,MISSING,Surface tag is recommended to assess accessibility
1228958808,way,surface,MISSING,Surface tag is recommended to assess accessibility
1229890048,way,surface,MISSING,Surface tag is recommended to assess accessibility
1229890049,way,surface,MISSING,Surface tag is recommended to assess accessibility
1229890050,way,surface,MISSING,Surface tag is recommended to assess accessibility
1229890052,way,surface,MISSING,Surface tag is recommended to assess accessibility
1233517882,way,surface,MISSING,Surface tag is recommended to assess accessibility
1233517886,way,surface,MISSING,Surface tag is recommended to assess accessibility
1233517890,way,surface,MISSING,Surface tag is recommended to assess accessibility
1233517893,way,surface,MISSING,Surface tag is recommended to assess accessibility
1233553450,way,surface,MISSING,Surface tag is recommended to assess accessibility
1233553451,way,surface,MISSING,Surface tag is recommended to assess accessibility
1235009366,way,surface,MISSING,Surface tag is recommended to assess accessibility
1235009367,way,surface,MISSING,Surface tag is recommended to assess accessibility
1235732451,way,surface,MISSING,Surface tag is recommended to assess accessibility
1235732458,way,surface,MISSING,Surface tag is recommended to assess accessibility
1235732473,way,surface,MISSING,Surface tag is recommended to assess accessibility
1235826543,way,surface,MISSING,Surface tag is recommended to assess accessibility
1235826546,way,surface,MISSING,Surface tag is recommended to assess accessibility
1235826547,way,surface,MISSING,Surface tag is recommended to assess accessibility
1235998660,way,surface,MISSING,Surface tag is recommended to assess accessibility
1235998662,way,surface,MISSING,Surface tag is recommended to assess accessibility
1236163185,way,surface,MISSING,Surface tag is recommended to assess accessibility
1236163187,way,surface,MISSING,Surface tag is recommended to assess accessibility
1243688076,way,surface,MISSING,Surface tag is recommended to assess accessibility
1243688760,way,surface,MISSING,Surface tag is recommended to assess accessibility
1243689044,way,surface,MISSING,Surface tag is recommended to assess accessibility
1245977591,way,surface,MISSING,Surface tag is recommended to assess accessibility
1245977592,way,surface,MISSING,Surface tag is recommended to assess accessibility
1245977594,way,surface,MISSING,Surface tag is recommended to assess accessibility
1245977595,way,surface,MISSING,Surface tag is recommended to assess accessibility
1245977597,way,surface,MISSING,Surface tag is recommended to assess accessibility
1245977599,way,surface,MISSING,Surface tag is recommended to assess accessibility
1245977600,way,surface,MISSING,Surface tag is recommended to assess accessibility
1245977601,way,surface,MISSING,Surface tag is recommended to assess accessibility
1245977606,way,surface,MISSING,Surface tag is recommended to assess accessibility
1245977607,way,surface,MISSING,Surface tag is recommended to assess accessibility
1245977611,way,surface,MISSING,Surface tag is recommended to assess accessibility
1245977613,way,surface,MISSING,Surface tag is recommended to assess accessibility
1245977615,way,surface,MISSING,Surface tag is recommended to assess accessibility
1246040730,way,surface,MISSING,Surface tag is recommended to assess accessibility
1246040732,way,surface,MISSING,Surface tag is recommended to assess accessibility
1246040736,way,surface,MISSING,Surface tag is recommended to assess accessibility
1249455215,way,surface,MISSING,Surface tag is recommended to assess accessibility
1249455227,way,surface,MISSING,Surface tag is recommended to assess accessibility
1249455232,way,surface,MISSING,Surface tag is recommended to assess accessibility
1249455234,way,surface,MISSING,Surface tag is recommended to assess accessibility
1249455235,way,surface,MISSING,Surface tag is recommended to assess accessibility
1249455237,way,surface,MISSING,Surface tag is recommended to assess accessibility
1249455241,way,surface,MISSING,Surface tag is recommended to assess accessibility
1249455243,way,surface,MISSING,Surface tag is recommended to assess accessibility
1250832373,way,surface,MISSING,Surface tag is recommended to assess accessibility
1251746717,way,surface,MISSING,Surface tag is recommended to assess accessibility
1251746720,way,surface,MISSING,Surface tag is recommended to assess accessibility
1251746721,way,surface,MISSING,Surface tag is recommended to assess accessibility
1251838505,way,surface,MISSING,Surface tag is recommended to assess accessibility
1253634520,way,surface,MISSING,Surface tag is recommended to assess accessibility
1253634521,way,surface,MISSING,Surface tag is recommended to assess accessibility
1253666643,way,surface,MISSING,Surface tag is recommended to assess accessibility
1253666644,way,surface,MISSING,Surface tag is recommended to assess accessibility
1256914735,way,surface,MISSING,Surface tag is recommended to assess accessibility
1256914737,way,surface,MISSING,Surface tag is recommended to assess accessibility
1256914739,way,surface,MISSING,Surface tag is recommended to assess accessibility
1258128994,way,surface,MISSING,Surface tag is recommended to assess accessibility
1258137698,way,surface,MISSING,Surface tag is recommended to assess accessibility
1263040517,way,surface,MISSING,Surface tag is recommended to assess accessibility
1263040518,way,surface,MISSING,Surface tag is recommended to assess accessibility
1272223578,way,surface,MISSING,Surface tag is recommended to assess accessibility
1272223585,way,surface,MISSING,Surface tag is recommended to assess accessibility
1272223587,way,surface,MISSING,Surface tag is recommended to assess accessibility
1272223588,way,surface,MISSING,Surface tag is recommended to assess accessibility
1272223591,way,surface,MISSING,Surface tag is recommended to assess accessibility
1272223593,way,surface,MISSING,Surface tag is recommended to assess accessibility
1272223595,way,surface,MISSING,Surface tag is recommended to assess accessibility
1272223597,way,surface,MISSING,Surface tag is recommended to assess accessibility
1272223599,way,surface,MISSING,Surface tag is recommended to assess accessibility
1272223601,way,surface,MISSING,Surface tag is recommended to assess accessibility
1272223603,way,surface,MISSING,Surface tag is recommended to assess accessibility
1272223605,way,surface,MISSING,Surface tag is recommended to assess accessibility
1272223607,way,surface,MISSING,Surface tag is recommended to assess accessibility
1272223608,way,surface,MISSING,Surface tag is recommended to assess accessibility
1272223609,way,surface,MISSING,Surface tag is recommended to assess accessibility
1272223610,way,surface,MISSING,Surface tag is recommended to assess accessibility
1272223612,way,surface,MISSING,Surface tag is recommended to assess accessibility
1272223614,way,surface,MISSING,Surface tag is recommended to assess accessibility
1272223616,way,surface,MISSING,Surface tag is recommended to assess accessibility
1272828227,way,surface,MISSING,Surface tag is recommended to assess accessibility
1272828228,way,surface,MISSING,Surface tag is recommended to assess accessibility
1277614036,way,surface,MISSING,Surface tag is recommended to assess accessibility
1277614041,way,surface,MISSING,Surface tag is recommended to assess accessibility
1277614045,way,surface,MISSING,Surface tag is recommended to assess accessibility
1278784560,way,surface,MISSING,Surface tag is recommended to assess accessibility
1278784561,way,surface,MISSING,Surface tag is recommended to assess accessibility
1278784562,way,surface,MISSING,Surface tag is recommended to assess accessibility
1278784583,way,surface,MISSING,Surface tag is recommended to assess accessibility
1278784585,way,surface,MISSING,Surface tag is recommended to assess accessibility
1278803431,way,surface,MISSING,Surface tag is recommended to assess accessibility
1278803432,way,surface,MISSING,Surface tag is recommended to assess accessibility
1278803433,way,surface,MISSING,Surface tag is recommended to assess accessibility
1278803434,way,surface,MISSING,Surface tag is recommended to assess accessibility
1278811579,way,surface,MISSING,Surface tag is recommended to assess accessibility
1278811580,way,surface,MISSING,Surface tag is recommended to assess accessibility
1278811585,way,surface,MISSING,Surface tag is recommended to assess accessibility
1278811586,way,surface,MISSING,Surface tag is recommended to assess accessibility
1278828477,way,surface,MISSING,Surface tag is recommended to assess accessibility
1278828478,way,surface,MISSING,Surface tag is recommended to assess accessibility
1278828483,way,surface,MISSING,Surface tag is recommended to assess accessibility
1278828488,way,surface,MISSING,Surface tag is recommended to assess accessibility
1278828489,way,surface,MISSING,Surface tag is recommended to assess accessibility
1278828491,way,surface,MISSING,Surface tag is recommended to assess accessibility
1278828506,way,surface,MISSING,Surface tag is recommended to assess accessibility
1278828512,way,surface,MISSING,Surface tag is recommended to assess accessibility
1278828516,way,surface,MISSING,Surface tag is recommended to assess accessibility
1278828522,way,surface,MISSING,Surface tag is recommended to assess accessibility
1278828532,way,surface,MISSING,Surface tag is recommended to assess accessibility
1278956667,way,surface,MISSING,Surface tag is recommended to assess accessibility
1278956668,way,surface,MISSING,Surface tag is recommended to assess accessibility
1278956671,way,surface,MISSING,Surface tag is recommended to assess accessibility
1278956673,way,surface,MISSING,Surface tag is recommended to assess accessibility
1278956675,way,surface,MISSING,Surface tag is recommended to assess accessibility
1278956676,way,surface,MISSING,Surface tag is recommended to assess accessibility
1278956678,way,surface,MISSING,Surface tag is recommended to assess accessibility
1278956679,way,surface,MISSING,Surface tag is recommended to assess accessibility
1278956680,way,surface,MISSING,Surface tag is recommended to assess accessibility
1278956683,way,surface,MISSING,Surface tag is recommended to assess accessibility
1278956684,way,surface,MISSING,Surface tag is recommended to assess accessibility
1278956685,way,surface,MISSING,Surface tag is recommended to assess accessibility
1278956689,way,surface,MISSING,Surface tag is recommended to assess accessibility
1278956690,way,surface,MISSING,Surface tag is recommended to assess accessibility
1278956691,way,surface,MISSING,Surface tag is recommended to assess accessibility
1278956697,way,surface,MISSING,Surface tag is recommended to assess accessibility
1279068653,way,surface,MISSING,Surface tag is recommended to assess accessibility
1279068655,way,surface,MISSING,Surface tag is recommended to assess accessibility
1288913485,way,surface,MISSING,Surface tag is recommended to assess accessibility
1289165712,way,surface,MISSING,Surface tag is recommended to assess accessibility
1289165744,way,surface,MISSING,Surface tag is recommended to assess accessibility
1290046098,way,surface,MISSING,Surface tag is recommended to assess accessibility
1290046103,way,surface,MISSING,Surface tag is recommended to assess accessibility
1308462786,way,surface,MISSING,Surface tag is recommended to assess accessibility
1308606720,way,surface,MISSING,Surface tag is recommended to assess accessibility
1309527768,way,surface,MISSING,Surface tag is recommended to assess accessibility
1309527769,way,surface,MISSING,Surface tag is recommended to assess accessibility
1315721897,way,surface,MISSING,Surface tag is recommended to assess accessibility
1315721904,way,surface,MISSING,Surface tag is recommended to assess accessibility
1315721906,way,surface,MISSING,Surface tag is recommended to assess accessibility
1317535242,way,surface,MISSING,Surface tag is recommended to assess accessibility
1317535244,way,surface,MISSING,Surface tag is recommended to assess accessibility
1325282342,way,surface,MISSING,Surface tag is recommended to assess accessibility
1326059374,way,surface,MISSING,Surface tag is recommended to assess accessibility
1331641850,way,surface,MISSING,Surface tag is recommended to assess accessibility
1333263249,way,surface,MISSING,Surface tag is recommended to assess accessibility
1333263260,way,surface,MISSING,Surface tag is recommended to assess accessibility
1333263261,way,surface,MISSING,Surface tag is recommended to assess accessibility
1333506075,way,surface,MISSING,Surface tag is recommended to assess accessibility
1334156965,way,surface,MISSING,Surface tag is recommended to assess accessibility
1334270383,way,surface,MISSING,Surface tag is recommended to assess accessibility
1335589277,way,surface,MISSING,Surface tag is recommended to assess accessibility
1335589279,way,surface,MISSING,Surface tag is recommended to assess accessibility
1335960841,way,surface,MISSING,Surface tag is recommended to assess accessibility
1335960842,way,surface,MISSING,Surface tag is recommended to assess accessibility
1335960848,way,surface,MISSING,Surface tag is recommended to assess accessibility
1335960849,way,surface,MISSING,Surface tag is recommended to assess accessibility
1335960850,way,surface,MISSING,Surface tag is recommended to assess accessibility
1336909703,way,surface,MISSING,Surface tag is recommended to assess accessibility
1341027359,way,surface,MISSING,Surface tag is recommended to assess accessibility
1341027364,way,surface,MISSING,Surface tag is recommended to assess accessibility
1341027374,way,surface,MISSING,Surface tag is recommended to assess accessibility
1341027387,way,surface,MISSING,Surface tag is recommended to assess accessibility
1342551858,way,surface,MISSING,Surface tag is recommended to assess accessibility
1342551862,way,surface,MISSING,Surface tag is recommended to assess accessibility
1342551863,way,surface,MISSING,Surface tag is recommended to assess accessibility
1342551864,way,surface,MISSING,Surface tag is recommended to assess accessibility
1342551876,way,surface,MISSING,Surface tag is recommended to assess accessibility
1347105223,way,surface,MISSING,Surface tag is recommended to assess accessibility
1347105224,way,surface,MISSING,Surface tag is recommended to assess accessibility
1347105227,way,surface,MISSING,Surface tag is recommended to assess accessibility
1347105228,way,surface,MISSING,Surface tag is recommended to assess accessibility
1347105229,way,surface,MISSING,Surface tag is recommended to assess accessibility
1347105232,way,surface,MISSING,Surface tag is recommended to assess accessibility
1347105236,way,surface,MISSING,Surface tag is recommended to assess accessibility
1347105237,way,surface,MISSING,Surface tag is recommended to assess accessibility
1347105240,way,surface,MISSING,Surface tag is recommended to assess accessibility
1347105241,way,surface,MISSING,Surface tag is recommended to assess accessibility
1347105242,way,surface,MISSING,Surface tag is recommended to assess accessibility
1347105244,way,surface,MISSING,Surface tag is recommended to assess accessibility
1347105247,way,surface,MISSING,Surface tag is recommended to assess accessibility
1347105248,way,surface,MISSING,Surface tag is recommended to assess accessibility
1347105252,way,surface,MISSING,Surface tag is recommended to assess accessibility
1347105261,way,surface,MISSING,Surface tag is recommended to assess accessibility
1347105262,way,surface,MISSING,Surface tag is recommended to assess accessibility
1347105263,way,surface,MISSING,Surface tag is recommended to assess accessibility
1347118851,way,surface,MISSING,Surface tag is recommended to assess accessibility
1347118857,way,surface,MISSING,Surface tag is recommended to assess accessibility
1347241595,way,surface,MISSING,Surface tag is recommended to assess accessibility
1347241597,way,surface,MISSING,Surface tag is recommended to assess accessibility
1347241599,way,surface,MISSING,Surface tag is recommended to assess accessibility
1347241601,way,surface,MISSING,Surface tag is recommended to assess accessibility
1347241603,way,surface,MISSING,Surface tag is recommended to assess accessibility
1347241605,way,surface,MISSING,Surface tag is recommended to assess accessibility
1347241607,way,surface,MISSING,Surface tag is recommended to assess accessibility
1347241608,way,surface,MISSING,Surface tag is recommended to assess accessibility
1347241610,way,surface,MISSING,Surface tag is recommended to assess accessibility
1347336047,way,surface,MISSING,Surface tag is recommended to assess accessibility
1347336049,way,surface,MISSING,Surface tag is recommended to assess accessibility
1347336051,way,surface,MISSING,Surface tag is recommended to assess accessibility
1347336053,way,surface,MISSING,Surface tag is recommended to assess accessibility
1347336055,way,surface,MISSING,Surface tag is recommended to assess accessibility
1347336057,way,surface,MISSING,Surface tag is recommended to assess accessibility
1347336059,way,surface,MISSING,Surface tag is recommended to assess accessibility
1347336060,way,surface,MISSING,Surface tag is recommended to assess accessibility
1347336061,way,surface,MISSING,Surface tag is recommended to assess accessibility
1347336062,way,surface,MISSING,Surface tag is recommended to assess accessibility
1347336065,way,surface,MISSING,Surface tag is recommended to assess accessibility
1347571620,way,surface,MISSING,Surface tag is recommended to assess accessibility
1348214050,way,surface,MISSING,Surface tag is recommended to assess accessibility
1348214051,way,surface,MISSING,Surface tag is recommended to assess accessibility
1348214052,way,surface,MISSING,Surface tag is recommended to assess accessibility
1348487774,way,surface,MISSING,Surface tag is recommended to assess accessibility
1348487775,way,surface,MISSING,Surface tag is recommended to assess accessibility
1349540627,way,surface,MISSING,Surface tag is recommended to assess accessibility
1350372681,way,surface,MISSING,Surface tag is recommended to assess accessibility
1350654059,way,surface,MISSING,Surface tag is recommended to assess accessibility
1350824765,way,surface,MISSING,Surface tag is recommended to assess accessibility
1350824766,way,surface,MISSING,Surface tag is recommended to assess accessibility
1350824783,way,surface,MISSING,Surface tag is recommended to assess accessibility
1350824788,way,surface,MISSING,Surface tag is recommended to assess accessibility
1350824792,way,surface,MISSING,Surface tag is recommended to assess accessibility
1350824794,way,surface,MISSING,Surface tag is recommended to assess accessibility
1350824795,way,surface,MISSING,Surface tag is recommended to assess accessibility
1350824797,way,surface,MISSING,Surface tag is recommended to assess accessibility
1350824799,way,surface,MISSING,Surface tag is recommended to assess accessibility
1350824818,way,surface,MISSING,Surface tag is recommended to assess accessibility
1350824819,way,surface,MISSING,Surface tag is recommended to assess accessibility
1350824821,way,surface,MISSING,Surface tag is recommended to assess accessibility
1350824823,way,surface,MISSING,Surface tag is recommended to assess accessibility
1350824825,way,surface,MISSING,Surface tag is recommended to assess accessibility
1350824827,way,surface,MISSING,Surface tag is recommended to assess accessibility
1350824830,way,surface,MISSING,Surface tag is recommended to assess accessibility
1350824831,way,surface,MISSING,Surface tag is recommended to assess accessibility
1350824833,way,surface,MISSING,Surface tag is recommended to assess accessibility
1350824834,way,surface,MISSING,Surface tag is recommended to assess accessibility
1350824836,way,surface,MISSING,Surface tag is recommended to assess accessibility
1350824838,way,surface,MISSING,Surface tag is recommended to assess accessibility
1350824840,way,surface,MISSING,Surface tag is recommended to assess accessibility
1350824842,way,surface,MISSING,Surface tag is recommended to assess accessibility
1350824844,way,surface,MISSING,Surface tag is recommended to assess accessibility
1352471875,way,surface,MISSING,Surface tag is recommended to assess accessibility
1352471877,way,surface,MISSING,Surface tag is recommended to assess accessibility
1360562314,way,surface,MISSING,Surface tag is recommended to assess accessibility
1360562315,way,surface,MISSING,Surface tag is recommended to assess accessibility
1360562316,way,surface,MISSING,Surface tag is recommended to assess accessibility
1360562317,way,surface,MISSING,Surface tag is recommended to assess accessibility
1361353726,way,surface,MISSING,Surface tag is recommended to assess accessibility
1361891680,way,surface,MISSING,Surface tag is recommended to assess accessibility
1362149220,way,surface,MISSING,Surface tag is recommended to assess accessibility
1362149221,way,surface,MISSING,Surface tag is recommended to assess accessibility
1362149223,way,surface,MISSING,Surface tag is recommended to assess accessibility
1362149224,way,surface,MISSING,Surface tag is recommended to assess accessibility
1362149225,way,surface,MISSING,Surface tag is recommended to assess accessibility
1362149226,way,surface,MISSING,Surface tag is recommended to assess accessibility
1362149229,way,surface,MISSING,Surface tag is recommended to assess accessibility
1362149231,way,surface,MISSING,Surface tag is recommended to assess accessibility
1362789787,way,surface,MISSING,Surface tag is recommended to assess accessibility
1362789788,way,surface,MISSING,Surface tag is recommended to assess accessibility
1362789789,way,surface,MISSING,Surface tag is recommended to assess accessibility
1362789793,way,surface,MISSING,Surface tag is recommended to assess accessibility
1362789796,way,surface,MISSING,Surface tag is recommended to assess accessibility
1362789797,way,surface,MISSING,Surface tag is recommended to assess accessibility
1362789798,way,surface,MISSING,Surface tag is recommended to assess accessibility
1362789799,way,surface,MISSING,Surface tag is recommended to assess accessibility
1362789800,way,surface,MISSING,Surface tag is recommended to assess accessibility
1362789801,way,surface,MISSING,Surface tag is recommended to assess accessibility
1362789802,way,surface,MISSING,Surface tag is recommended to assess accessibility
1362789803,way,surface,MISSING,Surface tag is recommended to assess accessibility
1362789805,way,surface,MISSING,Surface tag is recommended to assess accessibility
1362789806,way,surface,MISSING,Surface tag is recommended to assess accessibility
1362979589,way,surface,MISSING,Surface tag is recommended to assess accessibility
1362979590,way,surface,MISSING,Surface tag is recommended to assess accessibility
1362979595,way,surface,MISSING,Surface tag is recommended to assess accessibility
1362979596,way,surface,MISSING,Surface tag is recommended to assess accessibility
1362979597,way,surface,MISSING,Surface tag is recommended to assess accessibility
1362979598,way,surface,MISSING,Surface tag is recommended to assess accessibility
1362979599,way,surface,MISSING,Surface tag is recommended to assess accessibility
1362979600,way,surface,MISSING,Surface tag is recommended to assess accessibility
1362979601,way,surface,MISSING,Surface tag is recommended to assess accessibility
1362979604,way,surface,MISSING,Surface tag is recommended to assess accessibility
1362979605,way,surface,MISSING,Surface tag is recommended to assess accessibility
1362979613,way,surface,MISSING,Surface tag is recommended to assess accessibility
1362979614,way,surface,MISSING,Surface tag is recommended to assess accessibility
1362979615,way,surface,MISSING,Surface tag is recommended to assess accessibility
1362979616,way,surface,MISSING,Surface tag is recommended to assess accessibility
1362979617,way,surface,MISSING,Surface tag is recommended to assess accessibility
1362979618,way,surface,MISSING,Surface tag is recommended to assess accessibility
1362979619,way,surface,MISSING,Surface tag is recommended to assess accessibility
1362979621,way,surface,MISSING,Surface tag is recommended to assess accessibility
1362979623,way,surface,MISSING,Surface tag is recommended to assess accessibility
1362979625,way,surface,MISSING,Surface tag is recommended to assess accessibility
1362979626,way,surface,MISSING,Surface tag is recommended to assess accessibility
1362979628,way,surface,MISSING,Surface tag is recommended to assess accessibility
1362979633,way,surface,MISSING,Surface tag is recommended to assess accessibility
1362979634,way,surface,MISSING,Surface tag is recommended to assess accessibility
1362979638,way,surface,MISSING,Surface tag is recommended to assess accessibility
1366025165,way,surface,MISSING,Surface tag is recommended to assess accessibility
1366025166,way,surface,MISSING,Surface tag is recommended to assess accessibility
1366099046,way,surface,MISSING,Surface tag is recommended to assess accessibility
1366392439,way,surface,MISSING,Surface tag is recommended to assess accessibility
1368028870,way,surface,MISSING,Surface tag is recommended to assess accessibility
1368028871,way,surface,MISSING,Surface tag is recommended to assess accessibility
1371849846,way,surface,MISSING,Surface tag is recommended to assess accessibility
1371849847,way,surface,MISSING,Surface tag is recommended to assess accessibility
1371849848,way,surface,MISSING,Surface tag is recommended to assess accessibility
1371849850,way,surface,MISSING,Surface tag is recommended to assess accessibility
1371849852,way,surface,MISSING,Surface tag is recommended to assess accessibility
1371849854,way,surface,MISSING,Surface tag is recommended to assess accessibility
1371849856,way,surface,MISSING,Surface tag is recommended to assess accessibility
1371849858,way,surface,MISSING,Surface tag is recommended to assess accessibility
1371849860,way,surface,MISSING,Surface tag is recommended to assess accessibility
1371849862,way,surface,MISSING,Surface tag is recommended to assess accessibility
1371849863,way,surface,MISSING,Surface tag is recommended to assess accessibility
1371849865,way,surface,MISSING,Surface tag is recommended to assess accessibility
1371849867,way,surface,MISSING,Surface tag is recommended to assess accessibility
1371849868,way,surface,MISSING,Surface tag is recommended to assess accessibility
1371849875,way,surface,MISSING,Surface tag is recommended to assess accessibility
1371849877,way,surface,MISSING,Surface tag is recommended to assess accessibility
1371849879,way,surface,MISSING,Surface tag is recommended to assess accessibility
1371849883,way,surface,MISSING,Surface tag is recommended to assess accessibility
1371849887,way,surface,MISSING,Surface tag is recommended to assess accessibility
1371849891,way,surface,MISSING,Surface tag is recommended to assess accessibility
1371849895,way,surface,MISSING,Surface tag is recommended to assess accessibility
1371849899,way,surface,MISSING,Surface tag is recommended to assess accessibility
1371849901,way,surface,MISSING,Surface tag is recommended to assess accessibility
1371849914,way,surface,MISSING,Surface tag is recommended to assess accessibility
1371849915,way,surface,MISSING,Surface tag is recommended to assess accessibility
1371849916,way,surface,MISSING,Surface tag is recommended to assess accessibility
1371849917,way,surface,MISSING,Surface tag is recommended to assess accessibility
1371849918,way,surface,MISSING,Surface tag is recommended to assess accessibility
1371849919,way,surface,MISSING,Surface tag is recommended to assess accessibility
1371849921,way,surface,MISSING,Surface tag is recommended to assess accessibility
1371849922,way,surface,MISSING,Surface tag is recommended to assess accessibility
1371849923,way,surface,MISSING,Surface tag is recommended to assess accessibility
1371849924,way,surface,MISSING,Surface tag is recommended to assess accessibility
1371958910,way,surface,MISSING,Surface tag is recommended to assess accessibility
1371958911,way,surface,MISSING,Surface tag is recommended to assess accessibility
1371993030,way,surface,MISSING,Surface tag is recommended to assess accessibility
1371993041,way,surface,MISSING,Surface tag is recommended to assess accessibility
1371993042,way,surface,MISSING,Surface tag is recommended to assess accessibility
1371993043,way,surface,MISSING,Surface tag is recommended to assess accessibility
1372025856,way,surface,MISSING,Surface tag is recommended to assess accessibility
1372025857,way,surface,MISSING,Surface tag is recommended to assess accessibility
1372097428,way,surface,MISSING,Surface tag is recommended to assess accessibility
1372097429,way,surface,MISSING,Surface tag is recommended to assess accessibility
1372097430,way,surface,MISSING,Surface tag is recommended to assess accessibility
1372097431,way,surface,MISSING,Surface tag is recommended to assess accessibility
1372097436,way,surface,MISSING,Surface tag is recommended to assess accessibility
1372460713,way,surface,MISSING,Surface tag is recommended to assess accessibility
1372460714,way,surface,MISSING,Surface tag is recommended to assess accessibility
1373743341,way,surface,MISSING,Surface tag is recommended to assess accessibility
1373743601,way,surface,MISSING,Surface tag is recommended to assess accessibility
1373743602,way,surface,MISSING,Surface tag is recommended to assess accessibility
1374160512,way,surface,MISSING,Surface tag is recommended to assess accessibility
1374160520,way,surface,MISSING,Surface tag is recommended to assess accessibility
1374424908,way,surface,MISSING,Surface tag is recommended to assess accessibility
1374424909,way,surface,MISSING,Surface tag is recommended to assess accessibility
1374424911,way,surface,MISSING,Surface tag is recommended to assess accessibility
1374424913,way,surface,MISSING,Surface tag is recommended to assess accessibility
1374424914,way,surface,MISSING,Surface tag is recommended to assess accessibility
1374424944,way,surface,MISSING,Surface tag is recommended to assess accessibility
1374424946,way,surface,MISSING,Surface tag is recommended to assess accessibility
1374424948,way,surface,MISSING,Surface tag is recommended to assess accessibility
1374978770,way,surface,MISSING,Surface tag is recommended to assess accessibility
1375581459,way,surface,MISSING,Surface tag is recommended to assess accessibility
1375581461,way,surface,MISSING,Surface tag is recommended to assess accessibility
1375620055,way,surface,MISSING,Surface tag is recommended to assess accessibility
1375620059,way,surface,MISSING,Surface tag is recommended to assess accessibility
1375620063,way,surface,MISSING,Surface tag is recommended to assess accessibility
1375627749,way,surface,MISSING,Surface tag is recommended to assess accessibility
1375627753,way,surface,MISSING,Surface tag is recommended to assess accessibility
1375627759,way,surface,MISSING,Surface tag is recommended to assess accessibility
1375827333,way,surface,MISSING,Surface tag is recommended to assess accessibility
1375827334,way,surface,MISSING,Surface tag is recommended to assess accessibility
1375827336,way,surface,MISSING,Surface tag is recommended to assess accessibility
1375827337,way,surface,MISSING,Surface tag is recommended to assess accessibility
1377030463,way,surface,MISSING,Surface tag is recommended to assess accessibility
1377030464,way,surface,MISSING,Surface tag is recommended to assess accessibility
1377030467,way,surface,MISSING,Surface tag is recommended to assess accessibility
1377030468,way,surface,MISSING,Surface tag is recommended to assess accessibility
1377030470,way,surface,MISSING,Surface tag is recommended to assess accessibility
1377030471,way,surface,MISSING,Surface tag is recommended to assess accessibility
1377030473,way,surface,MISSING,Surface tag is recommended to assess accessibility
1377030475,way,surface,MISSING,Surface tag is recommended to assess accessibility
1377505096,way,surface,MISSING,Surface tag is recommended to assess accessibility
1377505098,way,surface,MISSING,Surface tag is recommended to assess accessibility
1378893348,way,surface,MISSING,Surface tag is recommended to assess accessibility
1378893349,way,surface,MISSING,Surface tag is recommended to assess accessibility
1378912606,way,surface,MISSING,Surface tag is recommended to assess accessibility
1378912607,way,surface,MISSING,Surface tag is recommended to assess accessibility
1378912608,way,surface,MISSING,Surface tag is recommended to assess accessibility
1378912613,way,surface,MISSING,Surface tag is recommended to assess accessibility
1378912615,way,surface,MISSING,Surface tag is recommended to assess accessibility
1378927730,way,surface,MISSING,Surface tag is recommended to assess accessibility
1378927732,way,surface,MISSING,Surface tag is recommended to assess accessibility
1378927733,way,surface,MISSING,Surface tag is recommended to assess accessibility
1381690228,way,surface,MISSING,Surface tag is recommended to assess accessibility
1381690229,way,surface,MISSING,Surface tag is recommended to assess accessibility
1381690238,way,surface,MISSING,Surface tag is recommended to assess accessibility
1382787436,way,surface,MISSING,Surface tag is recommended to assess accessibility
1382787437,way,surface,MISSING,Surface tag is recommended to assess accessibility
1382985021,way,surface,MISSING,Surface tag is recommended to assess accessibility
1382985022,way,surface,MISSING,Surface tag is recommended to assess accessibility
1383629607,way,surface,MISSING,Surface tag is recommended to assess accessibility
1383629613,way,surface,MISSING,Surface tag is recommended to assess accessibility
1383760444,way,surface,MISSING,Surface tag is recommended to assess accessibility
1383760462,way,surface,MISSING,Surface tag is recommended to assess accessibility
1383760464,way,surface,MISSING,Surface tag is recommended to assess accessibility
1383760465,way,surface,MISSING,Surface tag is recommended to assess accessibility
1385344643,way,surface,MISSING,Surface tag is recommended to assess accessibility
1385344645,way,surface,MISSING,Surface tag is recommended to assess accessibility
1387677719,way,surface,MISSING,Surface tag is recommended to assess accessibility
1388041659,way,surface,MISSING,Surface tag is recommended to assess accessibility
1388804235,way,surface,MISSING,Surface tag is recommended to assess accessibility
1391288594,way,surface,MISSING,Surface tag is recommended to assess accessibility
1391288597,way,surface,MISSING,Surface tag is recommended to assess accessibility
1392148222,way,surface,MISSING,Surface tag is recommended to assess accessibility
1392148223,way,surface,MISSING,Surface tag is recommended to assess accessibility
1392148231,way,surface,MISSING,Surface tag is recommended to assess accessibility
1392148235,way,surface,MISSING,Surface tag is recommended to assess accessibility
1394088952,way,surface,MISSING,Surface tag is recommended to assess accessibility
1394904696,way,surface,MISSING,Surface tag is recommended to assess accessibility
1395144957,way,surface,MISSING,Surface tag is recommended to assess accessibility
1395751199,way,surface,MISSING,Surface tag is recommended to assess accessibility
1395751200,way,surface,MISSING,Surface tag is recommended to assess accessibility
1395751201,way,surface,MISSING,Surface tag is recommended to assess accessibility
1395751202,way,surface,MISSING,Surface tag is recommended to assess accessibility
1395751203,way,surface,MISSING,Surface tag is recommended to assess accessibility
1395751204,way,surface,MISSING,Surface tag is recommended to assess accessibility
1395751206,way,surface,MISSING,Surface tag is recommended to assess accessibility
1408453616,way,surface,MISSING,Surface tag is recommended to assess accessibility
1408453617,way,surface,MISSING,Surface tag is recommended to assess accessibility
1408453620,way,surface,MISSING,Surface tag is recommended to assess accessibility
1409153405,way,surface,MISSING,Surface tag is recommended to assess accessibility
1409153406,way,surface,MISSING,Surface tag is recommended to assess accessibility
1415431714,way,surface,MISSING,Surface tag is recommended to assess accessibility
1415928621,way,surface,MISSING,Surface tag is recommended to assess accessibility
1416034440,way,surface,MISSING,Surface tag is recommended to assess accessibility
1416034442,way,surface,MISSING,Surface tag is recommended to assess accessibility
1416034443,way,surface,MISSING,Surface tag is recommended to assess accessibility
1416034451,way,surface,MISSING,Surface tag is recommended to assess accessibility
1416786311,way,surface,MISSING,Surface tag is recommended to assess accessibility
1417410657,way,surface,MISSING,Surface tag is recommended to assess accessibility
1418954792,way,surface,MISSING,Surface tag is recommended to assess accessibility
1418954793,way,surface,MISSING,Surface tag is recommended to assess accessibility
1419222686,way,surface,MISSING,Surface tag is recommended to assess accessibility
1419222689,way,surface,MISSING,Surface tag is recommended to assess accessibility
1420215227,way,surface,MISSING,Surface tag is recommended to assess accessibility
1421786198,way,surface,MISSING,Surface tag is recommended to assess accessibility
1421786202,way,surface,MISSING,Surface tag is recommended to assess accessibility
1421786203,way,surface,MISSING,Surface tag is recommended to assess accessibility
1422192555,way,surface,MISSING,Surface tag is recommended to assess accessibility
1422507081,way,surface,MISSING,Surface tag is recommended to assess accessibility
1422507088,way,surface,MISSING,Surface tag is recommended to assess accessibility
1426565260,way,surface,MISSING,Surface tag is recommended to assess accessibility
1426665507,way,surface,MISSING,Surface tag is recommended to assess accessibility
1426665543,way,surface,MISSING,Surface tag is recommended to assess accessibility
1426665544,way,surface,MISSING,Surface tag is recommended to assess accessibility
1426853807,way,surface,MISSING,Surface tag is recommended to assess accessibility
1426883837,way,surface,MISSING,Surface tag is recommended to assess accessibility
1427339843,way,surface,MISSING,Surface tag is recommended to assess accessibility
1427711863,way,surface,MISSING,Surface tag is recommended to assess accessibility
1427711864,way,surface,MISSING,Surface tag is recommended to assess accessibility
1428538431,way,surface,MISSING,Surface tag is recommended to assess accessibility
1428538433,way,surface,MISSING,Surface tag is recommended to assess accessibility
1428538435,way,surface,MISSING,Surface tag is recommended to assess accessibility
1428538437,way,surface,MISSING,Surface tag is recommended to assess accessibility
1428538438,way,surface,MISSING,Surface tag is recommended to assess accessibility
1429702478,way,surface,MISSING,Surface tag is recommended to assess accessibility
1429702481,way,surface,MISSING,Surface tag is recommended to assess accessibility
1429702482,way,surface,MISSING,Surface tag is recommended to assess accessibility
1429702483,way,surface,MISSING,Surface tag is recommended to assess accessibility
1430301818,way,surface,MISSING,Surface tag is recommended to assess accessibility
1430301819,way,surface,MISSING,Surface tag is recommended to assess accessibility
1430301820,way,surface,MISSING,Surface tag is recommended to assess accessibility
1430312376,way,surface,MISSING,Surface tag is recommended to assess accessibility
1430312387,way,surface,MISSING,Surface tag is recommended to assess accessibility
1430312393,way,surface,MISSING,Surface tag is recommended to assess accessibility
1430312398,way,surface,MISSING,Surface tag is recommended to assess accessibility
1434054354,way,surface,MISSING,Surface tag is recommended to assess accessibility
1434054355,way,surface,MISSING,Surface tag is recommended to assess accessibility
1435917664,way,surface,MISSING,Surface tag is recommended to assess accessibility
1435917665,way,surface,MISSING,Surface tag is recommended to assess accessibility
1435917667,way,surface,MISSING,Surface tag is recommended to assess accessibility
1435917668,way,surface,MISSING,Surface tag is recommended to assess accessibility
1436709412,way,surface,MISSING,Surface tag is recommended to assess accessibility
1436709414,way,surface,MISSING,Surface tag is recommended to assess accessibility
1436709433,way,surface,MISSING,Surface tag is recommended to assess accessibility
1442153295,way,surface,MISSING,Surface tag is recommended to assess accessibility
1442153296,way,surface,MISSING,Surface tag is recommended to assess accessibility
1442153300,way,surface,MISSING,Surface tag is recommended to assess accessibility
1442153301,way,surface,MISSING,Surface tag is recommended to assess accessibility
1442153306,way,surface,MISSING,Surface tag is recommended to assess accessibility
1442153307,way,surface,MISSING,Surface tag is recommended to assess accessibility
1442580405,way,surface,MISSING,Surface tag is recommended to assess accessibility
1443040720,way,surface,MISSING,Surface tag is recommended to assess accessibility
1443049728,way,surface,MISSING,Surface tag is recommended to assess accessibility
1443049731,way,surface,MISSING,Surface tag is recommended to assess accessibility
1443049733,way,surface,MISSING,Surface tag is recommended to assess accessibility
1443049734,way,surface,MISSING,Surface tag is recommended to assess accessibility
1443049746,way,surface,MISSING,Surface tag is recommended to assess accessibility
1443049747,way,surface,MISSING,Surface tag is recommended to assess accessibility
1443390702,way,surface,MISSING,Surface tag is recommended to assess accessibility
1443390704,way,surface,MISSING,Surface tag is recommended to assess accessibility
1443391562,way,surface,MISSING,Surface tag is recommended to assess accessibility
1443391563,way,surface,MISSING,Surface tag is recommended to assess accessibility
1443391566,way,surface,MISSING,Surface tag is recommended to assess accessibility
1443391567,way,surface,MISSING,Surface tag is recommended to assess accessibility
1443391568,way,surface,MISSING,Surface tag is recommended to assess accessibility
1443391569,way,surface,MISSING,Surface tag is recommended to assess accessibility
1443703415,way,surface,MISSING,Surface tag is recommended to assess accessibility
1443703416,way,surface,MISSING,Surface tag is recommended to assess accessibility
1443703417,way,surface,MISSING,Surface tag is recommended to assess accessibility
1443703418,way,surface,MISSING,Surface tag is recommended to assess accessibility
1443929903,way,surface,MISSING,Surface tag is recommended to assess accessibility
1444249250,way,surface,MISSING,Surface tag is recommended to assess accessibility
1444249252,way,surface,MISSING,Surface tag is recommended to assess accessibility
1444249253,way,surface,MISSING,Surface tag is recommended to assess accessibility
1444249255,way,surface,MISSING,Surface tag is recommended to assess accessibility
1444249256,way,surface,MISSING,Surface tag is recommended to assess accessibility
1444249258,way,surface,MISSING,Surface tag is recommended to assess accessibility
1444249260,way,surface,MISSING,Surface tag is recommended to assess accessibility
1444249262,way,surface,MISSING,Surface tag is recommended to assess accessibility
1444832534,way,surface,MISSING,Surface tag is recommended to assess accessibility
1444832535,way,surface,MISSING,Surface tag is recommended to assess accessibility
1444832544,way,surface,MISSING,Surface tag is recommended to assess accessibility
1444832546,way,surface,MISSING,Surface tag is recommended to assess accessibility
1444927092,way,surface,MISSING,Surface tag is recommended to assess accessibility
1444927094,way,surface,MISSING,Surface tag is recommended to assess accessibility
1444927095,way,surface,MISSING,Surface tag is recommended to assess accessibility
1444927096,way,surface,MISSING,Surface tag is recommended to assess accessibility
1445009828,way,surface,MISSING,Surface tag is recommended to assess accessibility
1445009837,way,surface,MISSING,Surface tag is recommended to assess accessibility
1445009838,way,surface,MISSING,Surface tag is recommended to assess accessibility
1445095620,way,surface,MISSING,Surface tag is recommended to assess accessibility
1445095622,way,surface,MISSING,Surface tag is recommended to assess accessibility
1445661593,way,surface,MISSING,Surface tag is recommended to assess accessibility
1445661594,way,surface,MISSING,Surface tag is recommended to assess accessibility
1445661595,way,surface,MISSING,Surface tag is recommended to assess accessibility
1445661596,way,surface,MISSING,Surface tag is recommended to assess accessibility
1445661597,way,surface,MISSING,Surface tag is recommended to assess accessibility
1445661598,way,surface,MISSING,Surface tag is recommended to assess accessibility
1445661608,way,surface,MISSING,Surface tag is recommended to assess accessibility
1445661609,way,surface,MISSING,Surface tag is recommended to assess accessibility
1445661610,way,surface,MISSING,Surface tag is recommended to assess accessibility
1445814873,way,surface,MISSING,Surface tag is recommended to assess accessibility
1445814874,way,surface,MISSING,Surface tag is recommended to assess accessibility
1445957918,way,surface,MISSING,Surface tag is recommended to assess accessibility
1446294989,way,surface,MISSING,Surface tag is recommended to assess accessibility
1446673792,way,surface,MISSING,Surface tag is recommended to assess accessibility
1446673794,way,surface,MISSING,Surface tag is recommended to assess accessibility
1446673797,way,surface,MISSING,Surface tag is recommended to assess accessibility
1446695905,way,surface,MISSING,Surface tag is recommended to assess accessibility
1446695906,way,surface,MISSING,Surface tag is recommended to assess accessibility
1446829242,way,surface,MISSING,Surface tag is recommended to assess accessibility
1446843068,way,surface,MISSING,Surface tag is recommended to assess accessibility
1447136959,way,surface,MISSING,Surface tag is recommended to assess accessibility
1451074912,way,surface,MISSING,Surface tag is recommended to assess accessibility
1451074913,way,surface,MISSING,Surface tag is recommended to assess accessibility
1451074914,way,surface,MISSING,Surface tag is recommended to assess accessibility
1451074915,way,surface,MISSING,Surface tag is recommended to assess accessibility
1451074916,way,surface,MISSING,Surface tag is recommended to assess accessibility
1451074917,way,surface,MISSING,Surface tag is recommended to assess accessibility
1451074918,way,surface,MISSING,Surface tag is recommended to assess accessibility
1451074919,way,surface,MISSING,Surface tag is recommended to assess accessibility
1451074920,way,surface,MISSING,Surface tag is recommended to assess accessibility
1451074921,way,surface,MISSING,Surface tag is recommended to assess accessibility
1451074922,way,surface,MISSING,Surface tag is recommended to assess accessibility
1451074923,way,surface,MISSING,Surface tag is recommended to assess accessibility
1451074924,way,surface,MISSING,Surface tag is recommended to assess accessibility
1451074925,way,surface,MISSING,Surface tag is recommended to assess accessibility
1451074926,way,surface,MISSING,Surface tag is recommended to assess accessibility
1451074927,way,surface,MISSING,Surface tag is recommended to assess accessibility
1451074928,way,surface,MISSING,Surface tag is recommended to assess accessibility
1451074929,way,surface,MISSING,Surface tag is recommended to assess accessibility
1451074930,way,surface,MISSING,Surface tag is recommended to assess accessibility
1451074932,way,surface,MISSING,Surface tag is recommended to assess accessibility
1451074934,way,surface,MISSING,Surface tag is recommended to assess accessibility
1451074936,way,surface,MISSING,Surface tag is recommended to assess accessibility
1451074938,way,surface,MISSING,Surface tag is recommended to assess accessibility
1451074940,way,surface,MISSING,Surface tag is recommended to assess accessibility
1451074942,way,surface,MISSING,Surface tag is recommended to assess accessibility
1451074944,way,surface,MISSING,Surface tag is recommended to assess accessibility
1451074946,way,surface,MISSING,Surface tag is recommended to assess accessibility
1451074949,way,surface,MISSING,Surface tag is recommended to assess accessibility
1451074951,way,surface,MISSING,Surface tag is recommended to assess accessibility
1451074953,way,surface,MISSING,Surface tag is recommended to assess accessibility
1451074955,way,surface,MISSING,Surface tag is recommended to assess accessibility
1451074957,way,surface,MISSING,Surface tag is recommended to assess accessibility
1451074958,way,surface,MISSING,Surface tag is recommended to assess accessibility
1451074959,way,surface,MISSING,Surface tag is recommended to assess accessibility
1451074964,way,surface,MISSING,Surface tag is recommended to assess accessibility
1451074966,way,surface,MISSING,Surface tag is recommended to assess accessibility
1451074968,way,surface,MISSING,Surface tag is recommended to assess accessibility
1451074971,way,surface,MISSING,Surface tag is recommended to assess accessibility
1451074974,way,surface,MISSING,Surface tag is recommended to assess accessibility
1451074976,way,surface,MISSING,Surface tag is recommended to assess accessibility
1451074978,way,surface,MISSING,Surface tag is recommended to assess accessibility
1451074980,way,surface,MISSING,Surface tag is recommended to assess accessibility
1451074982,way,surface,MISSING,Surface tag is recommended to assess accessibility
1451074984,way,surface,MISSING,Surface tag is recommended to assess accessibility
1451074985,way,surface,MISSING,Surface tag is recommended to assess accessibility
1451074986,way,surface,MISSING,Surface tag is recommended to assess accessibility
1451074987,way,surface,MISSING,Surface tag is recommended to assess accessibility
1451074988,way,surface,MISSING,Surface tag is recommended to assess accessibility
1451074990,way,surface,MISSING,Surface tag is recommended to assess accessibility
1451074992,way,surface,MISSING,Surface tag is recommended to assess accessibility
1451074994,way,surface,MISSING,Surface tag is recommended to assess accessibility
1451074996,way,surface,MISSING,Surface tag is recommended to assess accessibility
1451531540,way,surface,MISSING,Surface tag is recommended to assess accessibility
1451531541,way,surface,MISSING,Surface tag is recommended to assess accessibility
1451531543,way,surface,MISSING,Surface tag is recommended to assess accessibility
1451531544,way,surface,MISSING,Surface tag is recommended to assess accessibility
1451531545,way,surface,MISSING,Surface tag is recommended to assess accessibility
1451842775,way,surface,MISSING,Surface tag is recommended to assess accessibility
1452688689,way,surface,MISSING,Surface tag is recommended to assess accessibility
1452688690,way,surface,MISSING,Surface tag is recommended to assess accessibility
1456639259,way,surface,MISSING,Surface tag is recommended to assess accessibility
1456639261,way,surface,MISSING,Surface tag is recommended to assess accessibility
1456639263,way,surface,MISSING,Surface tag is recommended to assess accessibility
1456639265,way,surface,MISSING,Surface tag is recommended to assess accessibility
1456639267,way,surface,MISSING,Surface tag is recommended to assess accessibility
1456791843,way,surface,MISSING,Surface tag is recommended to assess accessibility
1456791844,way,surface,MISSING,Surface tag is recommended to assess accessibility
1457138710,way,surface,MISSING,Surface tag is recommended to assess accessibility
1457138713,way,surface,MISSING,Surface tag is recommended to assess accessibility
1457138716,way,surface,MISSING,Surface tag is recommended to assess accessibility
1457138719,way,surface,MISSING,Surface tag is recommended to assess accessibility
1457395646,way,surface,MISSING,Surface tag is recommended to assess accessibility
1457395647,way,surface,MISSING,Surface tag is recommended to assess accessibility
1458459995,way,surface,MISSING,Surface tag is recommended to assess accessibility
1458459996,way,surface,MISSING,Surface tag is recommended to assess accessibility
1460219839,way,surface,MISSING,Surface tag is recommended to assess accessibility
1461298216,way,surface,MISSING,Surface tag is recommended to assess accessibility
1461298223,way,surface,MISSING,Surface tag is recommended to assess accessibility
1461298224,way,surface,MISSING,Surface tag is recommended to assess accessibility
1461298226,way,surface,MISSING,Surface tag is recommended to assess accessibility
1461298229,way,surface,MISSING,Surface tag is recommended to assess accessibility
1461522718,way,surface,MISSING,Surface tag is recommended to assess accessibility
1462244054,way,surface,MISSING,Surface tag is recommended to assess accessibility
1462258794,way,surface,MISSING,Surface tag is recommended to assess accessibility
1462258857,way,surface,MISSING,Surface tag is recommended to assess accessibility
1462258858,way,surface,MISSING,Surface tag is recommended to assess accessibility
1462261429,way,surface,MISSING,Surface tag is recommended to assess accessibility
1462327214,way,surface,MISSING,Surface tag is recommended to assess accessibility
1463208117,way,surface,MISSING,Surface tag is recommended to assess accessibility
1463208118,way,surface,MISSING,Surface tag is recommended to assess accessibility
1463212525,way,surface,MISSING,Surface tag is recommended to assess accessibility
1463212526,way,surface,MISSING,Surface tag is recommended to assess accessibility
1463212528,way,surface,MISSING,Surface tag is recommended to assess accessibility
1463212529,way,surface,MISSING,Surface tag is recommended to assess accessibility
1463216094,way,surface,MISSING,Surface tag is recommended to assess accessibility
1463216095,way,surface,MISSING,Surface tag is recommended to assess accessibility
1463412160,way,surface,MISSING,Surface tag is recommended to assess accessibility
1463412162,way,surface,MISSING,Surface tag is recommended to assess accessibility
1463412165,way,surface,MISSING,Surface tag is recommended to assess accessibility
1463412167,way,surface,MISSING,Surface tag is recommended to assess accessibility
1463412169,way,surface,MISSING,Surface tag is recommended to assess accessibility
1463430582,way,surface,MISSING,Surface tag is recommended to assess accessibility
1463430583,way,surface,MISSING,Surface tag is recommended to assess accessibility
1463658800,way,surface,MISSING,Surface tag is recommended to assess accessibility
1463658801,way,surface,MISSING,Surface tag is recommended to assess accessibility
1463711739,way,surface,MISSING,Surface tag is recommended to assess accessibility
1463711740,way,surface,MISSING,Surface tag is recommended to assess accessibility
1463711742,way,surface,MISSING,Surface tag is recommended to assess accessibility
1463711743,way,surface,MISSING,Surface tag is recommended to assess accessibility
1463711745,way,surface,MISSING,Surface tag is recommended to assess accessibility
1463711746,way,surface,MISSING,Surface tag is recommended to assess accessibility
1463711748,way,surface,MISSING,Surface tag is recommended to assess accessibility
1463711749,way,surface,MISSING,Surface tag is recommended to assess accessibility
1463711831,way,surface,MISSING,Surface tag is recommended to assess accessibility
1463711832,way,surface,MISSING,Surface tag is recommended to assess accessibility
1463711833,way,surface,MISSING,Surface tag is recommended to assess accessibility
1464811897,way,surface,MISSING,Surface tag is recommended to assess accessibility
1464811899,way,surface,MISSING,Surface tag is recommended to assess accessibility
1464811902,way,surface,MISSING,Surface tag is recommended to assess accessibility
1464811940,way,surface,MISSING,Surface tag is recommended to assess accessibility
1464811941,way,surface,MISSING,Surface tag is recommended to assess accessibility
1464816957,way,surface,MISSING,Surface tag is recommended to assess accessibility
1464857820,way,surface,MISSING,Surface tag is recommended to assess accessibility
1464857822,way,surface,MISSING,Surface tag is recommended to assess accessibility
1464857823,way,surface,MISSING,Surface tag is recommended to assess accessibility
1464857826,way,surface,MISSING,Surface tag is recommended to assess accessibility
1465108745,way,surface,MISSING,Surface tag is recommended to assess accessibility
1465108746,way,surface,MISSING,Surface tag is recommended to assess accessibility
1465108748,way,surface,MISSING,Surface tag is recommended to assess accessibility
1465108749,way,surface,MISSING,Surface tag is recommended to assess accessibility
1465108751,way,surface,MISSING,Surface tag is recommended to assess accessibility
1465108754,way,surface,MISSING,Surface tag is recommended to assess accessibility
1465129970,way,surface,MISSING,Surface tag is recommended to assess accessibility
1465129971,way,surface,MISSING,Surface tag is recommended to assess accessibility
1465142208,way,surface,MISSING,Surface tag is recommended to assess accessibility
1465142209,way,surface,MISSING,Surface tag is recommended to assess accessibility
1465142211,way,surface,MISSING,Surface tag is recommended to assess accessibility
1465142212,way,surface,MISSING,Surface tag is recommended to assess accessibility
1465331524,way,surface,MISSING,Surface tag is recommended to assess accessibility
1465332107,way,surface,MISSING,Surface tag is recommended to assess accessibility
1465332109,way,surface,MISSING,Surface tag is recommended to assess accessibility
1466463122,way,surface,MISSING,Surface tag is recommended to assess accessibility
1466463123,way,surface,MISSING,Surface tag is recommended to assess accessibility
1466463126,way,surface,MISSING,Surface tag is recommended to assess accessibility
1466463200,way,surface,MISSING,Surface tag is recommended to assess accessibility
1466759112,way,surface,MISSING,Surface tag is recommended to assess accessibility
1466759113,way,surface,MISSING,Surface tag is recommended to assess accessibility
1466759116,way,surface,MISSING,Surface tag is recommended to assess accessibility
1467334438,way,surface,MISSING,Surface tag is recommended to assess accessibility
1467334439,way,surface,MISSING,Surface tag is recommended to assess accessibility
1467334440,way,surface,MISSING,Surface tag is recommended to assess accessibility
1467334441,way,surface,MISSING,Surface tag is recommended to assess accessibility
1467935682,way,surface,MISSING,Surface tag is recommended to assess accessibility
1467935684,way,surface,MISSING,Surface tag is recommended to assess accessibility
1467935689,way,surface,MISSING,Surface tag is recommended to assess accessibility
1467935690,way,surface,MISSING,Surface tag is recommended to assess accessibility
1467935692,way,surface,MISSING,Surface tag is recommended to assess accessibility
1467935693,way,surface,MISSING,Surface tag is recommended to assess accessibility
1467935694,way,surface,MISSING,Surface tag is recommended to assess accessibility
1469143103,way,surface,MISSING,Surface tag is recommended to assess accessibility
1469143104,way,surface,MISSING,Surface tag is recommended to assess accessibility
1470188308,way,surface,MISSING,Surface tag is recommended to assess accessibility
1470188309,way,surface,MISSING,Surface tag is recommended to assess accessibility
1470188310,way,surface,MISSING,Surface tag is recommended to assess accessibility
1470188311,way,surface,MISSING,Surface tag is recommended to assess accessibility
1471747649,way,surface,MISSING,Surface tag is recommended to assess accessibility
1471747659,way,surface,MISSING,Surface tag is recommended to assess accessibility
1472001163,way,surface,MISSING,Surface tag is recommended to assess accessibility
1472001164,way,surface,MISSING,Surface tag is recommended to assess accessibility
1472368265,way,surface,MISSING,Surface tag is recommended to assess accessibility
1472368266,way,surface,MISSING,Surface tag is recommended to assess accessibility
1472392299,way,surface,MISSING,Surface tag is recommended to assess accessibility
1472392300,way,surface,MISSING,Surface tag is recommended to assess accessibility
1474768857,way,surface,MISSING,Surface tag is recommended to assess accessibility
1474768858,way,surface,MISSING,Surface tag is recommended to assess accessibility
1475013347,way,surface,MISSING,Surface tag is recommended to assess accessibility
1475187247,way,surface,MISSING,Surface tag is recommended to assess accessibility
1475187248,way,surface,MISSING,Surface tag is recommended to assess accessibility
1475187249,way,surface,MISSING,Surface tag is recommended to assess accessibility
1475187250,way,surface,MISSING,Surface tag is recommended to assess accessibility
1475187251,way,surface,MISSING,Surface tag is recommended to assess accessibility
1475187253,way,surface,MISSING,Surface tag is recommended to assess accessibility
1475187255,way,surface,MISSING,Surface tag is recommended to assess accessibility
1475187257,way,surface,MISSING,Surface tag is recommended to assess accessibility
1475187259,way,surface,MISSING,Surface tag is recommended to assess accessibility
1475187314,way,surface,MISSING,Surface tag is recommended to assess accessibility
1475187316,way,surface,MISSING,Surface tag is recommended to assess accessibility
1475187317,way,surface,MISSING,Surface tag is recommended to assess accessibility
1475187330,way,surface,MISSING,Surface tag is recommended to assess accessibility
1475187332,way,surface,MISSING,Surface tag is recommended to assess accessibility
1475187336,way,surface,MISSING,Surface tag is recommended to assess accessibility
1475187348,way,surface,MISSING,Surface tag is recommended to assess accessibility
1475187355,way,surface,MISSING,Surface tag is recommended to assess accessibility
1475187363,way,surface,MISSING,Surface tag is recommended to assess accessibility
1475187364,way,surface,MISSING,Surface tag is recommended to assess accessibility
1481555101,way,surface,MISSING,Surface tag is recommended to assess accessibility
1481555102,way,surface,MISSING,Surface tag is recommended to assess accessibility
1481555106,way,surface,MISSING,Surface tag is recommended to assess accessibility
1481555108,way,surface,MISSING,Surface tag is recommended to assess accessibility
1482244884,way,surface,MISSING,Surface tag is recommended to assess accessibility
1484095873,way,surface,MISSING,Surface tag is recommended to assess accessibility
1484095874,way,surface,MISSING,Surface tag is recommended to assess accessibility
1484095875,way,surface,MISSING,Surface tag is recommended to assess accessibility
1484095877,way,surface,MISSING,Surface tag is recommended to assess accessibility
1484095881,way,surface,MISSING,Surface tag is recommended to assess accessibility
1484095882,way,surface,MISSING,Surface tag is recommended to assess accessibility
1484095883,way,surface,MISSING,Surface tag is recommended to assess accessibility
1484095886,way,surface,MISSING,Surface tag is recommended to assess accessibility
1484095887,way,surface,MISSING,Surface tag is recommended to assess accessibility
1484095888,way,surface,MISSING,Surface tag is recommended to assess accessibility
1484095889,way,surface,MISSING,Surface tag is recommended to assess accessibility
1484095891,way,surface,MISSING,Surface tag is recommended to assess accessibility
1484095893,way,surface,MISSING,Surface tag is recommended to assess accessibility
1484095894,way,surface,MISSING,Surface tag is recommended to assess accessibility
1484095897,way,surface,MISSING,Surface tag is recommended to assess accessibility
1484095898,way,surface,MISSING,Surface tag is recommended to assess accessibility
1484095899,way,surface,MISSING,Surface tag is recommended to assess accessibility
1484095900,way,surface,MISSING,Surface tag is recommended to assess accessibility
1484095903,way,surface,MISSING,Surface tag is recommended to assess accessibility
1484095904,way,surface,MISSING,Surface tag is recommended to assess accessibility
1484095907,way,surface,MISSING,Surface tag is recommended to assess accessibility
1484095908,way,surface,MISSING,Surface tag is recommended to assess accessibility
1484095911,way,surface,MISSING,Surface tag is recommended to assess accessibility
1484095916,way,surface,MISSING,Surface tag is recommended to assess accessibility
1484095918,way,surface,MISSING,Surface tag is recommended to assess accessibility
1484095919,way,surface,MISSING,Surface tag is recommended to assess accessibility
1484095920,way,surface,MISSING,Surface tag is recommended to assess accessibility
1484095921,way,surface,MISSING,Surface tag is recommended to assess accessibility
1484095924,way,surface,MISSING,Surface tag is recommended to assess accessibility
1484095925,way,surface,MISSING,Surface tag is recommended to assess accessibility
1484095928,way,surface,MISSING,Surface tag is recommended to assess accessibility
1484095929,way,surface,MISSING,Surface tag is recommended to assess accessibility
1484095932,way,surface,MISSING,Surface tag is recommended to assess accessibility
1484095933,way,surface,MISSING,Surface tag is recommended to assess accessibility
1484095937,way,surface,MISSING,Surface tag is recommended to assess accessibility
1484095938,way,surface,MISSING,Surface tag is recommended to assess accessibility
1484095942,way,surface,MISSING,Surface tag is recommended to assess accessibility
1484095943,way,surface,MISSING,Surface tag is recommended to assess accessibility
1484095944,way,surface,MISSING,Surface tag is recommended to assess accessibility
1484095945,way,surface,MISSING,Surface tag is recommended to assess accessibility
1484095949,way,surface,MISSING,Surface tag is recommended to assess accessibility
1484095950,way,surface,MISSING,Surface tag is recommended to assess accessibility
1484095951,way,surface,MISSING,Surface tag is recommended to assess accessibility
1484095952,way,surface,MISSING,Surface tag is recommended to assess accessibility
1484095964,way,surface,MISSING,Surface tag is recommended to assess accessibility
1484095969,way,surface,MISSING,Surface tag is recommended to assess accessibility
1484095970,way,surface,MISSING,Surface tag is recommended to assess accessibility
1484095971,way,surface,MISSING,Surface tag is recommended to assess accessibility
1484095972,way,surface,MISSING,Surface tag is recommended to assess accessibility
1484095973,way,surface,MISSING,Surface tag is recommended to assess accessibility
1484095974,way,surface,MISSING,Surface tag is recommended to assess accessibility
1484095975,way,surface,MISSING,Surface tag is recommended to assess accessibility
1484095976,way,surface,MISSING,Surface tag is recommended to assess accessibility
1484107617,way,surface,MISSING,Surface tag is recommended to assess accessibility
1484174896,way,surface,MISSING,Surface tag is recommended to assess accessibility
1484174897,way,surface,MISSING,Surface tag is recommended to assess accessibility
1484174898,way,surface,MISSING,Surface tag is recommended to assess accessibility
1484174899,way,surface,MISSING,Surface tag is recommended to assess accessibility
1484174900,way,surface,MISSING,Surface tag is recommended to assess accessibility
1484174901,way,surface,MISSING,Surface tag is recommended to assess accessibility
1484174902,way,surface,MISSING,Surface tag is recommended to assess accessibility
1484174905,way,surface,MISSING,Surface tag is recommended to assess accessibility
1484174906,way,surface,MISSING,Surface tag is recommended to assess accessibility
1484174907,way,surface,MISSING,Surface tag is recommended to assess accessibility
1484174908,way,surface,MISSING,Surface tag is recommended to assess accessibility
1484184427,way,surface,MISSING,Surface tag is recommended to assess accessibility
1484184429,way,surface,MISSING,Surface tag is recommended to assess accessibility
1484184430,way,surface,MISSING,Surface tag is recommended to assess accessibility
1484184432,way,surface,MISSING,Surface tag is recommended to assess accessibility
1485107168,way,surface,MISSING,Surface tag is recommended to assess accessibility
1485107170,way,surface,MISSING,Surface tag is recommended to assess accessibility
1485107171,way,surface,MISSING,Surface tag is recommended to assess accessibility
1485107172,way,surface,MISSING,Surface tag is recommended to assess accessibility
1485107173,way,surface,MISSING,Surface tag is recommended to assess accessibility
1485107174,way,surface,MISSING,Surface tag is recommended to assess accessibility
1485107179,way,surface,MISSING,Surface tag is recommended to assess accessibility
1485107180,way,surface,MISSING,Surface tag is recommended to assess accessibility
1485131374,way,surface,MISSING,Surface tag is recommended to assess accessibility
1485131375,way,surface,MISSING,Surface tag is recommended to assess accessibility
1485131393,way,surface,MISSING,Surface tag is recommended to assess accessibility
1485131397,way,surface,MISSING,Surface tag is recommended to assess accessibility
1485131406,way,surface,MISSING,Surface tag is recommended to assess accessibility
1485135855,way,surface,MISSING,Surface tag is recommended to assess accessibility
1485140846,way,surface,MISSING,Surface tag is recommended to assess accessibility
1485140847,way,surface,MISSING,Surface tag is recommended to assess accessibility
1485140849,way,surface,MISSING,Surface tag is recommended to assess accessibility
1485759949,way,surface,MISSING,Surface tag is recommended to assess accessibility
1485759951,way,surface,MISSING,Surface tag is recommended to assess accessibility
1486058722,way,surface,MISSING,Surface tag is recommended to assess accessibility
1486058724,way,surface,MISSING,Surface tag is recommended to assess accessibility
1486058725,way,surface,MISSING,Surface tag is recommended to assess accessibility
1486058726,way,surface,MISSING,Surface tag is recommended to assess accessibility
1486058727,way,surface,MISSING,Surface tag is recommended to assess accessibility
1486058728,way,surface,MISSING,Surface tag is recommended to assess accessibility
1486058729,way,surface,MISSING,Surface tag is recommended to assess accessibility
1486058730,way,surface,MISSING,Surface tag is recommended to assess accessibility
1486058731,way,surface,MISSING,Surface tag is recommended to assess accessibility
1486058732,way,surface,MISSING,Surface tag is recommended to assess accessibility
1486058733,way,surface,MISSING,Surface tag is recommended to assess accessibility
1486058734,way,surface,MISSING,Surface tag is recommended to assess accessibility
1486058736,way,surface,MISSING,Surface tag is recommended to assess accessibility
1486058737,way,surface,MISSING,Surface tag is recommended to assess accessibility
1486058738,way,surface,MISSING,Surface tag is recommended to assess accessibility
1486058739,way,surface,MISSING,Surface tag is recommended to assess accessibility
1486058740,way,surface,MISSING,Surface tag is recommended to assess accessibility
1486058741,way,surface,MISSING,Surface tag is recommended to assess accessibility
1486058742,way,surface,MISSING,Surface tag is recommended to assess accessibility
1486058743,way,surface,MISSING,Surface tag is recommended to assess accessibility
1486058745,way,surface,MISSING,Surface tag is recommended to assess accessibility
1486058747,way,surface,MISSING,Surface tag is recommended to assess accessibility
1486058750,way,surface,MISSING,Surface tag is recommended to assess accessibility
1486058752,way,surface,MISSING,Surface tag is recommended to assess accessibility
1486058754,way,surface,MISSING,Surface tag is recommended to assess accessibility
1486058761,way,surface,MISSING,Surface tag is recommended to assess accessibility
1486058764,way,surface,MISSING,Surface tag is recommended to assess accessibility
1486058769,way,surface,MISSING,Surface tag is recommended to assess accessibility
1486058770,way,surface,MISSING,Surface tag is recommended to assess accessibility
1486058772,way,surface,MISSING,Surface tag is recommended to assess accessibility
1486058774,way,surface,MISSING,Surface tag is recommended to assess accessibility
1486150481,way,surface,MISSING,Surface tag is recommended to assess accessibility
1486150482,way,surface,MISSING,Surface tag is recommended to assess accessibility
1486150487,way,surface,MISSING,Surface tag is recommended to assess accessibility
1486150488,way,surface,MISSING,Surface tag is recommended to assess accessibility
1486150491,way,surface,MISSING,Surface tag is recommended to assess accessibility
1486150492,way,surface,MISSING,Surface tag is recommended to assess accessibility
1486150493,way,surface,MISSING,Surface tag is recommended to assess accessibility
1486150494,way,surface,MISSING,Surface tag is recommended to assess accessibility
1486150495,way,surface,MISSING,Surface tag is recommended to assess accessibility
1486150496,way,surface,MISSING,Surface tag is recommended to assess accessibility
1486150499,way,surface,MISSING,Surface tag is recommended to assess accessibility
1486150500,way,surface,MISSING,Surface tag is recommended to assess accessibility
1486150503,way,surface,MISSING,Surface tag is recommended to assess accessibility
1486150504,way,surface,MISSING,Surface tag is recommended to assess accessibility
1486150535,way,surface,MISSING,Surface tag is recommended to assess accessibility
1486177499,way,surface,MISSING,Surface tag is recommended to assess accessibility
1486177500,way,surface,MISSING,Surface tag is recommended to assess accessibility
1486275010,way,surface,MISSING,Surface tag is recommended to assess accessibility
1486513410,way,surface,MISSING,Surface tag is recommended to assess accessibility
1486513411,way,surface,MISSING,Surface tag is recommended to assess accessibility
1486513413,way,surface,MISSING,Surface tag is recommended to assess accessibility
1486513415,way,surface,MISSING,Surface tag is recommended to assess accessibility
1489309895,way,surface,MISSING,Surface tag is recommended to assess accessibility
1489309897,way,surface,MISSING,Surface tag is recommended to assess accessibility
1489309898,way,surface,MISSING,Surface tag is recommended to assess accessibility
1491241379,way,surface,MISSING,Surface tag is recommended to assess accessibility
1503817047,way,surface,MISSING,Surface tag is recommended to assess accessibility
1503817048,way,surface,MISSING,Surface tag is recommended to assess accessibility
1503817049,way,surface,MISSING,Surface tag is recommended to assess accessibility
1503817050,way,surface,MISSING,Surface tag is recommended to assess accessibility
1503941591,way,surface,MISSING,Surface tag is recommended to assess accessibility
1503941592,way,surface,MISSING,Surface tag is recommended to assess accessibility
1503941593,way,surface,MISSING,Surface tag is recommended to assess accessibility
1503941594,way,surface,MISSING,Surface tag is recommended to assess accessibility
1507671464,way,surface,MISSING,Surface tag is recommended to assess accessibility
1507671465,way,surface,MISSING,Surface tag is recommended to assess accessibility
1507671466,way,surface,MISSING,Surface tag is recommended to assess accessibility
1507671467,way,surface,MISSING,Surface tag is recommended to assess accessibility
1507671469,way,surface,MISSING,Surface tag is recommended to assess accessibility
1507671470,way,surface,MISSING,Surface tag is recommended to assess accessibility
1507671471,way,surface,MISSING,Surface tag is recommended to assess accessibility
1507671473,way,surface,MISSING,Surface tag is recommended to assess accessibility
1507671474,way,surface,MISSING,Surface tag is recommended to assess accessibility
1507671475,way,surface,MISSING,Surface tag is recommended to assess accessibility
1507671476,way,surface,MISSING,Surface tag is recommended to assess accessibility
1507671477,way,surface,MISSING,Surface tag is recommended to assess accessibility
1507671478,way,surface,MISSING,Surface tag is recommended to assess accessibility
1507819955,way,surface,MISSING,Surface tag is recommended to assess accessibility
1507819957,way,surface,MISSING,Surface tag is recommended to assess accessibility
1507819958,way,surface,MISSING,Surface tag is recommended to assess accessibility
1508174432,way,surface,MISSING,Surface tag is recommended to assess accessibility
1508174433,way,surface,MISSING,Surface tag is recommended to assess accessibility
1508174435,way,surface,MISSING,Surface tag is recommended to assess accessibility
1508174437,way,surface,MISSING,Surface tag is recommended to assess accessibility
1508174439,way,surface,MISSING,Surface tag is recommended to assess accessibility
1508306472,way,surface,MISSING,Surface tag is recommended to assess accessibility
1508306475,way,surface,MISSING,Surface tag is recommended to assess accessibility
1508773663,way,surface,MISSING,Surface tag is recommended to assess accessibility
1508773705,way,surface,MISSING,Surface tag is recommended to assess accessibility
1508773706,way,surface,MISSING,Surface tag is recommended to assess accessibility
1508773708,way,surface,MISSING,Surface tag is recommended to assess accessibility
1508773710,way,surface,MISSING,Surface tag is recommended to assess accessibility
1508785302,way,surface,MISSING,Surface tag is recommended to assess accessibility
1508785304,way,surface,MISSING,Surface tag is recommended to assess accessibility
1508785306,way,surface,MISSING,Surface tag is recommended to assess accessibility
1508800821,way,surface,MISSING,Surface tag is recommended to assess accessibility
1508995151,way,surface,MISSING,Surface tag is recommended to assess accessibility
1508995152,way,surface,MISSING,Surface tag is recommended to assess accessibility
1508995154,way,surface,MISSING,Surface tag is recommended to assess accessibility
1508995156,way,surface,MISSING,Surface tag is recommended to assess accessibility
1508995157,way,surface,MISSING,Surface tag is recommended to assess accessibility
1508995158,way,surface,MISSING,Surface tag is recommended to assess accessibility
1509317781,way,surface,MISSING,Surface tag is recommended to assess accessibility
1509317783,way,surface,MISSING,Surface tag is recommended to assess accessibility
1509454058,way,surface,MISSING,Surface tag is recommended to assess accessibility
1509454060,way,surface,MISSING,Surface tag is recommended to assess accessibility
1509454061,way,surface,MISSING,Surface tag is recommended to assess accessibility
1509454063,way,surface,MISSING,Surface tag is recommended to assess accessibility
1509680037,way,surface,MISSING,Surface tag is recommended to assess accessibility
1509680055,way,surface,MISSING,Surface tag is recommended to assess accessibility
1509680058,way,surface,MISSING,Surface tag is recommended to assess accessibility
1509680059,way,surface,MISSING,Surface tag is recommended to assess accessibility
1509680060,way,surface,MISSING,Surface tag is recommended to assess accessibility
1509690440,way,surface,MISSING,Surface tag is recommended to assess accessibility
1509690456,way,surface,MISSING,Surface tag is recommended to assess accessibility
1510602313,way,surface,MISSING,Surface tag is recommended to assess accessibility
1510602314,way,surface,MISSING,Surface tag is recommended to assess accessibility
1510670049,way,surface,MISSING,Surface tag is recommended to assess accessibility
1511531177,way,surface,MISSING,Surface tag is recommended to assess accessibility
1511531178,way,surface,MISSING,Surface tag is recommended to assess accessibility
1511531180,way,surface,MISSING,Surface tag is recommended to assess accessibility
1511531181,way,surface,MISSING,Surface tag is recommended to assess accessibility
1511531185,way,surface,MISSING,Surface tag is recommended to assess accessibility
1511793964,way,surface,MISSING,Surface tag is recommended to assess accessibility
1511794667,way,surface,MISSING,Surface tag is recommended to assess accessibility
1512084939,way,surface,MISSING,Surface tag is recommended to assess accessibility
1512459182,way,surface,MISSING,Surface tag is recommended to assess accessibility
1512459183,way,surface,MISSING,Surface tag is recommended to assess accessibility
1512459184,way,surface,MISSING,Surface tag is recommended to assess accessibility
1512459185,way,surface,MISSING,Surface tag is recommended to assess accessibility
1512459187,way,surface,MISSING,Surface tag is recommended to assess accessibility
1512459188,way,surface,MISSING,Surface tag is recommended to assess accessibility
1512460425,way,surface,MISSING,Surface tag is recommended to assess accessibility
1512460429,way,surface,MISSING,Surface tag is recommended to assess accessibility
1512582168,way,surface,MISSING,Surface tag is recommended to assess accessibility
1512582170,way,surface,MISSING,Surface tag is recommended to assess accessibility
1512582171,way,surface,MISSING,Surface tag is recommended to assess accessibility
1512582172,way,surface,MISSING,Surface tag is recommended to assess accessibility
1512582176,way,surface,MISSING,Surface tag is recommended to assess accessibility
1512582178,way,surface,MISSING,Surface tag is recommended to assess accessibility
1512582179,way,surface,MISSING,Surface tag is recommended to assess accessibility
1512582181,way,surface,MISSING,Surface tag is recommended to assess accessibility
1512616871,way,surface,MISSING,Surface tag is recommended to assess accessibility
1512616874,way,surface,MISSING,Surface tag is recommended to assess accessibility
1512616875,way,surface,MISSING,Surface tag is recommended to assess accessibility
1512616876,way,surface,MISSING,Surface tag is recommended to assess accessibility
1513534986,way,surface,MISSING,Surface tag is recommended to assess accessibility
1513535014,way,surface,MISSING,Surface tag is recommended to assess accessibility
1515389590,way,surface,MISSING,Surface tag is recommended to assess accessibility
1515389591,way,surface,MISSING,Surface tag is recommended to assess accessibility
1515389592,way,surface,MISSING,Surface tag is recommended to assess accessibility
1515714840,way,surface,MISSING,Surface tag is recommended to assess accessibility
1515714841,way,surface,MISSING,Surface tag is recommended to assess accessibility
1515714842,way,surface,MISSING,Surface tag is recommended to assess accessibility
1515715111,way,surface,MISSING,Surface tag is recommended to assess accessibility
1515715112,way,surface,MISSING,Surface tag is recommended to assess accessibility
1515715113,way,surface,MISSING,Surface tag is recommended to assess accessibility
1515715702,way,surface,MISSING,Surface tag is recommended to assess accessibility
1517166151,way,surface,MISSING,Surface tag is recommended to assess accessibility
1517166152,way,surface,MISSING,Surface tag is recommended to assess accessibility
1518109136,way,surface,MISSING,Surface tag is recommended to assess accessibility
1518532952,way,surface,MISSING,Surface tag is recommended to assess accessibility
1518532953,way,surface,MISSING,Surface tag is recommended to assess accessibility
1518532955,way,surface,MISSING,Surface tag is recommended to assess accessibility
1518532957,way,surface,MISSING,Surface tag is recommended to assess accessibility
1518532958,way,surface,MISSING,Surface tag is recommended to assess accessibility
1521189428,way,surface,MISSING,Surface tag is recommended to assess accessibility
1526728412,way,surface,MISSING,Surface tag is recommended to assess accessibility
1526728413,way,surface,MISSING,Surface tag is recommended to assess accessibility
1526728414,way,surface,MISSING,Surface tag is recommended to assess accessibility
1526728416,way,surface,MISSING,Surface tag is recommended to assess accessibility
1526728418,way,surface,MISSING,Surface tag is recommended to assess accessibility
1528367412,way,surface,MISSING,Surface tag is recommended to assess accessibility
1528453803,way,surface,MISSING,Surface tag is recommended to assess accessibility
1528453834,way,surface,MISSING,Surface tag is recommended to assess accessibility
1528457109,way,surface,MISSING,Surface tag is recommended to assess accessibility
1528457110,way,surface,MISSING,Surface tag is recommended to assess accessibility
1528457111,way,surface,MISSING,Surface tag is recommended to assess accessibility
1528457112,way,surface,MISSING,Surface tag is recommended to assess accessibility
1528772519,way,surface,MISSING,Surface tag is recommended to assess accessibility
1528772520,way,surface,MISSING,Surface tag is recommended to assess accessibility
1528772521,way,surface,MISSING,Surface tag is recommended to assess accessibility
1528772522,way,surface,MISSING,Surface tag is recommended to assess accessibility
1528772523,way,surface,MISSING,Surface tag is recommended to assess accessibility
1528772524,way,surface,MISSING,Surface tag is recommended to assess accessibility
1528772528,way,surface,MISSING,Surface tag is recommended to assess accessibility
1528772529,way,surface,MISSING,Surface tag is recommended to assess accessibility
1528772532,way,surface,MISSING,Surface tag is recommended to assess accessibility
1528778377,way,surface,MISSING,Surface tag is recommended to assess accessibility
1528796462,way,surface,MISSING,Surface tag is recommended to assess accessibility
1528796463,way,surface,MISSING,Surface tag is recommended to assess accessibility
1529377167,way,surface,MISSING,Surface tag is recommended to assess accessibility
1529377168,way,surface,MISSING,Surface tag is recommended to assess accessibility
1533540348,way,surface,MISSING,Surface tag is recommended to assess accessibility
1534189899,way,surface,MISSING,Surface tag is recommended to assess accessibility
1534189900,way,surface,MISSING,Surface tag is recommended to assess accessibility
1534653419,way,surface,MISSING,Surface tag is recommended to assess accessibility
1534653420,way,surface,MISSING,Surface tag is recommended to assess accessibility
1537473333,way,surface,MISSING,Surface tag is recommended to assess accessibility
1537700285,way,surface,MISSING,Surface tag is recommended to assess accessibility
1547779644,way,surface,MISSING,Surface tag is recommended to assess accessibility
1548737005,way,surface,MISSING,Surface tag is recommended to assess accessibility
1548737006,way,surface,MISSING,Surface tag is recommended to assess accessibility
1548878654,way,surface,MISSING,Surface tag is recommended to assess accessibility
1548878655,way,surface,MISSING,Surface tag is recommended to assess accessibility
1552544999,way,surface,MISSING,Surface tag is recommended to assess accessibility
1553177375,way,surface,MISSING,Surface tag is recommended to assess accessibility
1553177376,way,surface,MISSING,Surface tag is recommended to assess accessibility
1553177377,way,surface,MISSING,Surface tag is recommended to assess accessibility
1553177386,way,surface,MISSING,Surface tag is recommended to assess accessibility
1553177417,way,surface,MISSING,Surface tag is recommended to assess accessibility
1553177418,way,surface,MISSING,Surface tag is recommended to assess accessibility
1553177420,way,surface,MISSING,Surface tag is recommended to assess accessibility
1553177422,way,surface,MISSING,Surface tag is recommended to assess accessibility
1553177427,way,surface,MISSING,Surface tag is recommended to assess accessibility
1553177429,way,surface,MISSING,Surface tag is recommended to assess accessibility
1553177437,way,surface,MISSING,Surface tag is recommended to assess accessibility
1553177452,way,surface,MISSING,Surface tag is recommended to assess accessibility
1553177466,way,surface,MISSING,Surface tag is recommended to assess accessibility
1553177478,way,surface,MISSING,Surface tag is recommended to assess accessibility
1553177481,way,surface,MISSING,Surface tag is recommended to assess accessibility
1553212338,way,surface,MISSING,Surface tag is recommended to assess accessibility
1553212364,way,surface,MISSING,Surface tag is recommended to assess accessibility
1553212367,way,surface,MISSING,Surface tag is recommended to assess accessibility
1553212374,way,surface,MISSING,Surface tag is recommended to assess accessibility
1553608094,way,surface,MISSING,Surface tag is recommended to assess accessibility
1553608095,way,surface,MISSING,Surface tag is recommended to assess accessibility
1553608096,way,surface,MISSING,Surface tag is recommended to assess accessibility
1553608097,way,surface,MISSING,Surface tag is recommended to assess accessibility
1553850731,way,surface,MISSING,Surface tag is recommended to assess accessibility
1553850760,way,surface,MISSING,Surface tag is recommended to assess accessibility
1553877604,way,surface,MISSING,Surface tag is recommended to assess accessibility
1553880953,way,surface,MISSING,Surface tag is recommended to assess accessibility
