osm_id,feat_type,key,value,commentary
29314847,way,last_update,6-8-2011,Feature has not been updated in 5 years or more
30813094,way,last_update,30-8-2011,Feature has not been updated in 5 years or more
60945176,way,last_update,13-10-2018,Feature has not been updated in 5 years or more
103496381,way,last_update,7-2-2012,Feature has not been updated in 5 years or more
111598819,way,last_update,27-5-2020,Feature has not been updated in 5 years or more
122385401,way,last_update,30-8-2011,Feature has not been updated in 5 years or more
122385403,way,last_update,30-8-2011,Feature has not been updated in 5 years or more
122385404,way,last_update,8-10-2019,Feature has not been updated in 5 years or more
122385409,way,last_update,30-8-2011,Feature has not been updated in 5 years or more
122620386,way,last_update,14-8-2011,Feature has not been updated in 5 years or more
122620388,way,last_update,14-8-2011,Feature has not been updated in 5 years or more
122620389,way,last_update,14-8-2011,Feature has not been updated in 5 years or more
122620390,way,last_update,14-8-2011,Feature has not been updated in 5 years or more
122620393,way,last_update,14-8-2011,Feature has not been updated in 5 years or more
122620394,way,last_update,14-8-2011,Feature has not been updated in 5 years or more
122620395,way,last_update,14-8-2011,Feature has not been updated in 5 years or more
123660887,way,last_update,31-8-2011,Feature has not been updated in 5 years or more
123660888,way,last_update,18-2-2020,Feature has not been updated in 5 years or more
123685299,way,last_update,14-4-2021,Feature has not been updated in 5 years or more
123685300,way,last_update,6-11-2016,Feature has not been updated in 5 years or more
123685304,way,last_update,6-11-2016,Feature has not been updated in 5 years or more
123685305,way,last_update,18-9-2016,Feature has not been updated in 5 years or more
123685306,way,last_update,5-8-2011,Feature has not been updated in 5 years or more
123685307,way,last_update,5-8-2011,Feature has not been updated in 5 years or more
123685308,way,last_update,10-8-2011,Feature has not been updated in 5 years or more
123685309,way,last_update,6-11-2016,Feature has not been updated in 5 years or more
124723397,way,last_update,18-9-2016,Feature has not been updated in 5 years or more
124723401,way,last_update,6-11-2016,Feature has not been updated in 5 years or more
124723404,way,last_update,6-11-2016,Feature has not been updated in 5 years or more
124723405,way,last_update,18-9-2016,Feature has not been updated in 5 years or more
124723407,way,last_update,6-11-2016,Feature has not been updated in 5 years or more
124723411,way,last_update,6-11-2016,Feature has not been updated in 5 years or more
124723412,way,last_update,6-11-2016,Feature has not been updated in 5 years or more
124723413,way,last_update,18-9-2016,Feature has not been updated in 5 years or more
124723416,way,last_update,18-9-2016,Feature has not been updated in 5 years or more
124723417,way,last_update,18-9-2016,Feature has not been updated in 5 years or more
124723418,way,last_update,18-9-2016,Feature has not been updated in 5 years or more
124723420,way,last_update,18-9-2016,Feature has not been updated in 5 years or more
124723422,way,last_update,6-11-2016,Feature has not been updated in 5 years or more
124723426,way,last_update,6-11-2016,Feature has not been updated in 5 years or more
124723427,way,last_update,18-9-2016,Feature has not been updated in 5 years or more
124723428,way,last_update,6-11-2016,Feature has not been updated in 5 years or more
124723431,way,last_update,6-11-2016,Feature has not been updated in 5 years or more
124723454,way,last_update,6-11-2016,Feature has not been updated in 5 years or more
124723456,way,last_update,6-11-2016,Feature has not been updated in 5 years or more
124723475,way,last_update,6-11-2016,Feature has not been updated in 5 years or more
124723476,way,last_update,8-12-2011,Feature has not been updated in 5 years or more
124723478,way,last_update,8-12-2011,Feature has not been updated in 5 years or more
124723481,way,last_update,6-11-2016,Feature has not been updated in 5 years or more
124723483,way,last_update,14-4-2021,Feature has not been updated in 5 years or more
124723485,way,last_update,18-9-2016,Feature has not been updated in 5 years or more
124723486,way,last_update,6-11-2016,Feature has not been updated in 5 years or more
124723488,way,last_update,14-4-2021,Feature has not been updated in 5 years or more
124824458,way,last_update,6-8-2011,Feature has not been updated in 5 years or more
124824461,way,last_update,6-8-2011,Feature has not been updated in 5 years or more
124824462,way,last_update,6-8-2011,Feature has not been updated in 5 years or more
124824463,way,last_update,7-11-2016,Feature has not been updated in 5 years or more
124824465,way,last_update,13-8-2011,Feature has not been updated in 5 years or more
124824466,way,last_update,23-1-2020,Feature has not been updated in 5 years or more
124824467,way,last_update,12-8-2011,Feature has not been updated in 5 years or more
124824468,way,last_update,12-8-2011,Feature has not been updated in 5 years or more
124824470,way,last_update,6-8-2011,Feature has not been updated in 5 years or more
124824471,way,last_update,6-8-2011,Feature has not been updated in 5 years or more
124824472,way,last_update,6-8-2011,Feature has not been updated in 5 years or more
124824477,way,last_update,6-8-2011,Feature has not been updated in 5 years or more
124824483,way,last_update,6-8-2011,Feature has not been updated in 5 years or more
124824484,way,last_update,6-8-2011,Feature has not been updated in 5 years or more
124824485,way,last_update,6-8-2011,Feature has not been updated in 5 years or more
124824486,way,last_update,6-8-2011,Feature has not been updated in 5 years or more
124824487,way,last_update,16-11-2018,Feature has not been updated in 5 years or more
124824488,way,last_update,6-8-2011,Feature has not been updated in 5 years or more
124824489,way,last_update,6-8-2011,Feature has not been updated in 5 years or more
124824491,way,last_update,6-8-2011,Feature has not been updated in 5 years or more
124824492,way,last_update,23-1-2020,Feature has not been updated in 5 years or more
124824496,way,last_update,6-8-2011,Feature has not been updated in 5 years or more
124824497,way,last_update,12-8-2011,Feature has not been updated in 5 years or more
124824500,way,last_update,6-8-2011,Feature has not been updated in 5 years or more
124824501,way,last_update,6-8-2011,Feature has not been updated in 5 years or more
124824504,way,last_update,23-1-2020,Feature has not been updated in 5 years or more
124824505,way,last_update,23-1-2020,Feature has not been updated in 5 years or more
124824506,way,last_update,28-10-2016,Feature has not been updated in 5 years or more
124824507,way,last_update,7-11-2016,Feature has not been updated in 5 years or more
124824508,way,last_update,6-8-2011,Feature has not been updated in 5 years or more
124824509,way,last_update,13-8-2011,Feature has not been updated in 5 years or more
124824512,way,last_update,6-8-2011,Feature has not been updated in 5 years or more
124824513,way,last_update,6-8-2011,Feature has not been updated in 5 years or more
124824514,way,last_update,6-8-2011,Feature has not been updated in 5 years or more
124824515,way,last_update,6-8-2011,Feature has not been updated in 5 years or more
124824516,way,last_update,6-8-2011,Feature has not been updated in 5 years or more
124824518,way,last_update,26-10-2016,Feature has not been updated in 5 years or more
124824520,way,last_update,6-8-2011,Feature has not been updated in 5 years or more
124824521,way,last_update,16-11-2018,Feature has not been updated in 5 years or more
124824530,way,last_update,6-8-2011,Feature has not been updated in 5 years or more
124824531,way,last_update,6-8-2011,Feature has not been updated in 5 years or more
124824535,way,last_update,16-8-2011,Feature has not been updated in 5 years or more
124824539,way,last_update,6-8-2011,Feature has not been updated in 5 years or more
124824557,way,last_update,6-8-2011,Feature has not been updated in 5 years or more
124824562,way,last_update,6-8-2011,Feature has not been updated in 5 years or more
124824565,way,last_update,6-8-2011,Feature has not been updated in 5 years or more
124824581,way,last_update,6-8-2011,Feature has not been updated in 5 years or more
124824587,way,last_update,7-11-2016,Feature has not been updated in 5 years or more
124824589,way,last_update,23-1-2020,Feature has not been updated in 5 years or more
124824590,way,last_update,6-8-2011,Feature has not been updated in 5 years or more
124824591,way,last_update,6-8-2011,Feature has not been updated in 5 years or more
124824593,way,last_update,6-8-2011,Feature has not been updated in 5 years or more
124824594,way,last_update,7-11-2016,Feature has not been updated in 5 years or more
124824599,way,last_update,13-8-2011,Feature has not been updated in 5 years or more
124824600,way,last_update,23-1-2020,Feature has not been updated in 5 years or more
124824606,way,last_update,24-6-2012,Feature has not been updated in 5 years or more
124862017,way,last_update,9-8-2011,Feature has not been updated in 5 years or more
124862024,way,last_update,18-9-2016,Feature has not been updated in 5 years or more
124862027,way,last_update,18-9-2016,Feature has not been updated in 5 years or more
124862041,way,last_update,6-8-2011,Feature has not been updated in 5 years or more
124862045,way,last_update,3-1-2012,Feature has not been updated in 5 years or more
124862053,way,last_update,6-8-2011,Feature has not been updated in 5 years or more
124862060,way,last_update,4-11-2016,Feature has not been updated in 5 years or more
124862065,way,last_update,4-11-2016,Feature has not been updated in 5 years or more
124862068,way,last_update,6-8-2011,Feature has not been updated in 5 years or more
124862074,way,last_update,6-8-2011,Feature has not been updated in 5 years or more
124862075,way,last_update,6-8-2011,Feature has not been updated in 5 years or more
124862086,way,last_update,6-8-2011,Feature has not been updated in 5 years or more
124862087,way,last_update,6-8-2011,Feature has not been updated in 5 years or more
124862088,way,last_update,4-11-2016,Feature has not been updated in 5 years or more
124862090,way,last_update,6-8-2011,Feature has not been updated in 5 years or more
124862091,way,last_update,6-8-2011,Feature has not been updated in 5 years or more
124862097,way,last_update,6-8-2011,Feature has not been updated in 5 years or more
124862098,way,last_update,6-8-2011,Feature has not been updated in 5 years or more
124862103,way,last_update,6-8-2011,Feature has not been updated in 5 years or more
124862105,way,last_update,6-8-2011,Feature has not been updated in 5 years or more
124862106,way,last_update,6-8-2011,Feature has not been updated in 5 years or more
124862108,way,last_update,6-8-2011,Feature has not been updated in 5 years or more
124862109,way,last_update,6-8-2011,Feature has not been updated in 5 years or more
124862113,way,last_update,6-8-2011,Feature has not been updated in 5 years or more
124862116,way,last_update,6-8-2011,Feature has not been updated in 5 years or more
124862119,way,last_update,6-8-2011,Feature has not been updated in 5 years or more
124862121,way,last_update,6-8-2011,Feature has not been updated in 5 years or more
124862122,way,last_update,3-1-2012,Feature has not been updated in 5 years or more
124862126,way,last_update,11-6-2012,Feature has not been updated in 5 years or more
124862139,way,last_update,4-11-2016,Feature has not been updated in 5 years or more
124862143,way,last_update,6-8-2011,Feature has not been updated in 5 years or more
124862154,way,last_update,6-8-2011,Feature has not been updated in 5 years or more
124862157,way,last_update,6-8-2011,Feature has not been updated in 5 years or more
124862172,way,last_update,6-8-2011,Feature has not been updated in 5 years or more
124862174,way,last_update,6-8-2011,Feature has not been updated in 5 years or more
124862180,way,last_update,6-8-2011,Feature has not been updated in 5 years or more
124862208,way,last_update,18-9-2016,Feature has not been updated in 5 years or more
124862243,way,last_update,18-9-2016,Feature has not been updated in 5 years or more
124862310,way,last_update,18-9-2016,Feature has not been updated in 5 years or more
124862311,way,last_update,18-9-2016,Feature has not been updated in 5 years or more
124862322,way,last_update,18-9-2016,Feature has not been updated in 5 years or more
124862337,way,last_update,4-11-2016,Feature has not been updated in 5 years or more
124950922,way,last_update,6-8-2011,Feature has not been updated in 5 years or more
124950924,way,last_update,7-8-2011,Feature has not been updated in 5 years or more
124950926,way,last_update,21-11-2012,Feature has not been updated in 5 years or more
124950928,way,last_update,21-11-2012,Feature has not been updated in 5 years or more
124950930,way,last_update,6-8-2011,Feature has not been updated in 5 years or more
124950934,way,last_update,6-8-2011,Feature has not been updated in 5 years or more
124950938,way,last_update,26-5-2013,Feature has not been updated in 5 years or more
124950941,way,last_update,7-8-2011,Feature has not been updated in 5 years or more
124950943,way,last_update,21-11-2012,Feature has not been updated in 5 years or more
124950945,way,last_update,9-12-2011,Feature has not been updated in 5 years or more
124950947,way,last_update,6-8-2011,Feature has not been updated in 5 years or more
124950952,way,last_update,6-8-2011,Feature has not been updated in 5 years or more
124950956,way,last_update,12-9-2011,Feature has not been updated in 5 years or more
124950959,way,last_update,14-8-2011,Feature has not been updated in 5 years or more
124950960,way,last_update,6-8-2011,Feature has not been updated in 5 years or more
124950962,way,last_update,6-8-2011,Feature has not been updated in 5 years or more
124950965,way,last_update,9-12-2011,Feature has not been updated in 5 years or more
124950970,way,last_update,23-10-2011,Feature has not been updated in 5 years or more
124950973,way,last_update,6-8-2011,Feature has not been updated in 5 years or more
124950976,way,last_update,6-8-2011,Feature has not been updated in 5 years or more
124950978,way,last_update,6-8-2011,Feature has not been updated in 5 years or more
124950980,way,last_update,21-11-2012,Feature has not been updated in 5 years or more
124950981,way,last_update,21-11-2012,Feature has not been updated in 5 years or more
124950986,way,last_update,13-4-2021,Feature has not been updated in 5 years or more
124950992,way,last_update,21-11-2012,Feature has not been updated in 5 years or more
124950993,way,last_update,6-8-2011,Feature has not been updated in 5 years or more
124950994,way,last_update,6-8-2011,Feature has not been updated in 5 years or more
124950995,way,last_update,9-12-2011,Feature has not been updated in 5 years or more
124950996,way,last_update,6-8-2011,Feature has not been updated in 5 years or more
124950998,way,last_update,6-8-2011,Feature has not been updated in 5 years or more
124951000,way,last_update,6-8-2011,Feature has not been updated in 5 years or more
124951003,way,last_update,12-9-2011,Feature has not been updated in 5 years or more
124951004,way,last_update,6-8-2011,Feature has not been updated in 5 years or more
124951005,way,last_update,7-10-2011,Feature has not been updated in 5 years or more
124951008,way,last_update,28-2-2015,Feature has not been updated in 5 years or more
124963409,way,last_update,4-11-2016,Feature has not been updated in 5 years or more
124963410,way,last_update,4-11-2016,Feature has not been updated in 5 years or more
124963421,way,last_update,4-11-2016,Feature has not been updated in 5 years or more
124963432,way,last_update,4-11-2016,Feature has not been updated in 5 years or more
124963441,way,last_update,4-11-2016,Feature has not been updated in 5 years or more
124963444,way,last_update,4-11-2016,Feature has not been updated in 5 years or more
124963448,way,last_update,7-8-2011,Feature has not been updated in 5 years or more
124963450,way,last_update,4-11-2016,Feature has not been updated in 5 years or more
124963462,way,last_update,4-11-2016,Feature has not been updated in 5 years or more
124963464,way,last_update,4-11-2016,Feature has not been updated in 5 years or more
124963466,way,last_update,4-11-2016,Feature has not been updated in 5 years or more
124963467,way,last_update,4-11-2016,Feature has not been updated in 5 years or more
124963472,way,last_update,4-11-2016,Feature has not been updated in 5 years or more
124963477,way,last_update,4-11-2016,Feature has not been updated in 5 years or more
124963478,way,last_update,7-8-2011,Feature has not been updated in 5 years or more
124963480,way,last_update,7-8-2011,Feature has not been updated in 5 years or more
124963517,way,last_update,19-10-2013,Feature has not been updated in 5 years or more
124963526,way,last_update,19-11-2018,Feature has not been updated in 5 years or more
125128079,way,last_update,13-2-2020,Feature has not been updated in 5 years or more
125128082,way,last_update,8-8-2011,Feature has not been updated in 5 years or more
125128092,way,last_update,28-6-2019,Feature has not been updated in 5 years or more
125128101,way,last_update,15-11-2019,Feature has not been updated in 5 years or more
125128104,way,last_update,13-2-2020,Feature has not been updated in 5 years or more
125128115,way,last_update,8-8-2011,Feature has not been updated in 5 years or more
125128118,way,last_update,8-8-2011,Feature has not been updated in 5 years or more
125128129,way,last_update,29-1-2020,Feature has not been updated in 5 years or more
125128130,way,last_update,8-8-2011,Feature has not been updated in 5 years or more
125128132,way,last_update,8-8-2011,Feature has not been updated in 5 years or more
125128154,way,last_update,22-1-2020,Feature has not been updated in 5 years or more
125128170,way,last_update,8-8-2011,Feature has not been updated in 5 years or more
125128198,way,last_update,4-11-2016,Feature has not been updated in 5 years or more
125144939,way,last_update,4-11-2016,Feature has not been updated in 5 years or more
125144941,way,last_update,16-6-2013,Feature has not been updated in 5 years or more
125144945,way,last_update,4-11-2016,Feature has not been updated in 5 years or more
125144950,way,last_update,8-8-2011,Feature has not been updated in 5 years or more
125144951,way,last_update,4-11-2016,Feature has not been updated in 5 years or more
125144953,way,last_update,4-11-2016,Feature has not been updated in 5 years or more
125144954,way,last_update,16-6-2013,Feature has not been updated in 5 years or more
125144955,way,last_update,8-8-2011,Feature has not been updated in 5 years or more
125144960,way,last_update,4-11-2016,Feature has not been updated in 5 years or more
125144968,way,last_update,4-11-2016,Feature has not been updated in 5 years or more
125144980,way,last_update,12-9-2011,Feature has not been updated in 5 years or more
125144998,way,last_update,2-9-2011,Feature has not been updated in 5 years or more
125321434,way,last_update,24-11-2018,Feature has not been updated in 5 years or more
125321456,way,last_update,9-8-2011,Feature has not been updated in 5 years or more
125321471,way,last_update,9-8-2011,Feature has not been updated in 5 years or more
125321472,way,last_update,9-8-2011,Feature has not been updated in 5 years or more
125321482,way,last_update,9-8-2011,Feature has not been updated in 5 years or more
125321502,way,last_update,24-11-2018,Feature has not been updated in 5 years or more
125321510,way,last_update,9-8-2011,Feature has not been updated in 5 years or more
125321524,way,last_update,9-8-2011,Feature has not been updated in 5 years or more
125321542,way,last_update,9-8-2011,Feature has not been updated in 5 years or more
125321547,way,last_update,24-11-2018,Feature has not been updated in 5 years or more
125321554,way,last_update,9-8-2011,Feature has not been updated in 5 years or more
125321558,way,last_update,9-8-2011,Feature has not been updated in 5 years or more
125321586,way,last_update,9-8-2011,Feature has not been updated in 5 years or more
125321588,way,last_update,9-8-2011,Feature has not been updated in 5 years or more
125321604,way,last_update,24-11-2018,Feature has not been updated in 5 years or more
125321612,way,last_update,9-8-2011,Feature has not been updated in 5 years or more
125321622,way,last_update,19-11-2018,Feature has not been updated in 5 years or more
125321624,way,last_update,9-8-2011,Feature has not been updated in 5 years or more
125321630,way,last_update,9-8-2011,Feature has not been updated in 5 years or more
125321632,way,last_update,9-8-2011,Feature has not been updated in 5 years or more
125321640,way,last_update,9-8-2011,Feature has not been updated in 5 years or more
125321645,way,last_update,9-8-2011,Feature has not been updated in 5 years or more
125321653,way,last_update,9-8-2011,Feature has not been updated in 5 years or more
125321655,way,last_update,17-11-2011,Feature has not been updated in 5 years or more
125321663,way,last_update,9-8-2011,Feature has not been updated in 5 years or more
125321673,way,last_update,9-8-2011,Feature has not been updated in 5 years or more
125321674,way,last_update,2-9-2011,Feature has not been updated in 5 years or more
125321686,way,last_update,9-8-2011,Feature has not been updated in 5 years or more
125321687,way,last_update,9-8-2011,Feature has not been updated in 5 years or more
125321709,way,last_update,19-11-2018,Feature has not been updated in 5 years or more
125321715,way,last_update,9-8-2011,Feature has not been updated in 5 years or more
125321718,way,last_update,9-8-2011,Feature has not been updated in 5 years or more
125321731,way,last_update,9-8-2011,Feature has not been updated in 5 years or more
125321742,way,last_update,9-8-2011,Feature has not been updated in 5 years or more
125321746,way,last_update,9-8-2011,Feature has not been updated in 5 years or more
125321767,way,last_update,9-8-2011,Feature has not been updated in 5 years or more
125321825,way,last_update,19-11-2018,Feature has not been updated in 5 years or more
125321841,way,last_update,9-8-2011,Feature has not been updated in 5 years or more
125322080,way,last_update,2-9-2011,Feature has not been updated in 5 years or more
125437243,way,last_update,10-8-2011,Feature has not been updated in 5 years or more
125437245,way,last_update,10-8-2011,Feature has not been updated in 5 years or more
125437250,way,last_update,10-8-2011,Feature has not been updated in 5 years or more
125437254,way,last_update,10-8-2011,Feature has not been updated in 5 years or more
125437259,way,last_update,10-8-2011,Feature has not been updated in 5 years or more
125437271,way,last_update,10-8-2011,Feature has not been updated in 5 years or more
125437317,way,last_update,10-8-2011,Feature has not been updated in 5 years or more
125450923,way,last_update,10-8-2011,Feature has not been updated in 5 years or more
125450936,way,last_update,10-8-2011,Feature has not been updated in 5 years or more
125450942,way,last_update,10-8-2011,Feature has not been updated in 5 years or more
125450944,way,last_update,10-8-2011,Feature has not been updated in 5 years or more
125483525,way,last_update,10-8-2011,Feature has not been updated in 5 years or more
125483526,way,last_update,7-10-2019,Feature has not been updated in 5 years or more
125483527,way,last_update,7-10-2019,Feature has not been updated in 5 years or more
125483528,way,last_update,10-8-2011,Feature has not been updated in 5 years or more
125483529,way,last_update,10-8-2011,Feature has not been updated in 5 years or more
125483530,way,last_update,10-8-2011,Feature has not been updated in 5 years or more
125483531,way,last_update,10-8-2011,Feature has not been updated in 5 years or more
125483534,way,last_update,14-10-2019,Feature has not been updated in 5 years or more
125483535,way,last_update,14-10-2019,Feature has not been updated in 5 years or more
125483536,way,last_update,10-8-2011,Feature has not been updated in 5 years or more
125483541,way,last_update,10-8-2011,Feature has not been updated in 5 years or more
125483544,way,last_update,16-6-2013,Feature has not been updated in 5 years or more
125483545,way,last_update,14-10-2019,Feature has not been updated in 5 years or more
125483548,way,last_update,10-8-2011,Feature has not been updated in 5 years or more
125483549,way,last_update,4-11-2016,Feature has not been updated in 5 years or more
125483550,way,last_update,16-6-2013,Feature has not been updated in 5 years or more
125483552,way,last_update,7-10-2019,Feature has not been updated in 5 years or more
125483554,way,last_update,10-8-2011,Feature has not been updated in 5 years or more
125483555,way,last_update,10-8-2011,Feature has not been updated in 5 years or more
125483556,way,last_update,14-10-2019,Feature has not been updated in 5 years or more
125483557,way,last_update,10-8-2011,Feature has not been updated in 5 years or more
125483559,way,last_update,10-8-2011,Feature has not been updated in 5 years or more
125483560,way,last_update,7-10-2019,Feature has not been updated in 5 years or more
125483562,way,last_update,10-8-2011,Feature has not been updated in 5 years or more
125483563,way,last_update,16-6-2013,Feature has not been updated in 5 years or more
125483564,way,last_update,14-10-2019,Feature has not been updated in 5 years or more
125483565,way,last_update,7-10-2019,Feature has not been updated in 5 years or more
125483566,way,last_update,7-10-2019,Feature has not been updated in 5 years or more
125483572,way,last_update,10-8-2011,Feature has not been updated in 5 years or more
125483575,way,last_update,10-8-2011,Feature has not been updated in 5 years or more
125483579,way,last_update,21-10-2012,Feature has not been updated in 5 years or more
125483584,way,last_update,4-11-2016,Feature has not been updated in 5 years or more
125483596,way,last_update,14-10-2019,Feature has not been updated in 5 years or more
125483598,way,last_update,10-8-2011,Feature has not been updated in 5 years or more
125483603,way,last_update,19-10-2016,Feature has not been updated in 5 years or more
125483634,way,last_update,10-8-2011,Feature has not been updated in 5 years or more
125483639,way,last_update,21-10-2012,Feature has not been updated in 5 years or more
125483646,way,last_update,21-10-2012,Feature has not been updated in 5 years or more
125483650,way,last_update,14-10-2019,Feature has not been updated in 5 years or more
125483658,way,last_update,18-9-2011,Feature has not been updated in 5 years or more
125483665,way,last_update,10-8-2011,Feature has not been updated in 5 years or more
125483667,way,last_update,14-10-2019,Feature has not been updated in 5 years or more
125483676,way,last_update,14-10-2019,Feature has not been updated in 5 years or more
125483677,way,last_update,10-8-2011,Feature has not been updated in 5 years or more
125483681,way,last_update,4-11-2016,Feature has not been updated in 5 years or more
125483683,way,last_update,19-10-2016,Feature has not been updated in 5 years or more
125483685,way,last_update,4-11-2016,Feature has not been updated in 5 years or more
125483687,way,last_update,4-11-2016,Feature has not been updated in 5 years or more
125483688,way,last_update,14-10-2019,Feature has not been updated in 5 years or more
125594139,way,last_update,14-10-2019,Feature has not been updated in 5 years or more
125594140,way,last_update,4-9-2016,Feature has not been updated in 5 years or more
125594142,way,last_update,11-8-2011,Feature has not been updated in 5 years or more
125594143,way,last_update,14-10-2019,Feature has not been updated in 5 years or more
125594147,way,last_update,14-10-2019,Feature has not been updated in 5 years or more
125594150,way,last_update,14-10-2019,Feature has not been updated in 5 years or more
125594151,way,last_update,14-10-2019,Feature has not been updated in 5 years or more
125594153,way,last_update,14-10-2019,Feature has not been updated in 5 years or more
125594154,way,last_update,11-8-2011,Feature has not been updated in 5 years or more
125594160,way,last_update,11-8-2011,Feature has not been updated in 5 years or more
125594161,way,last_update,14-10-2019,Feature has not been updated in 5 years or more
125594165,way,last_update,11-8-2011,Feature has not been updated in 5 years or more
125594166,way,last_update,14-10-2019,Feature has not been updated in 5 years or more
125594169,way,last_update,14-10-2019,Feature has not been updated in 5 years or more
125594171,way,last_update,14-10-2019,Feature has not been updated in 5 years or more
125594179,way,last_update,11-8-2011,Feature has not been updated in 5 years or more
125594191,way,last_update,11-8-2011,Feature has not been updated in 5 years or more
125594226,way,last_update,2-9-2011,Feature has not been updated in 5 years or more
125594228,way,last_update,24-11-2018,Feature has not been updated in 5 years or more
125594229,way,last_update,24-11-2018,Feature has not been updated in 5 years or more
125594231,way,last_update,24-11-2018,Feature has not been updated in 5 years or more
125594234,way,last_update,14-10-2019,Feature has not been updated in 5 years or more
125746324,way,last_update,7-11-2016,Feature has not been updated in 5 years or more
125746325,way,last_update,26-8-2019,Feature has not been updated in 5 years or more
125746329,way,last_update,4-8-2012,Feature has not been updated in 5 years or more
125746330,way,last_update,12-8-2011,Feature has not been updated in 5 years or more
125746332,way,last_update,7-11-2016,Feature has not been updated in 5 years or more
125746333,way,last_update,12-8-2011,Feature has not been updated in 5 years or more
125746336,way,last_update,29-1-2020,Feature has not been updated in 5 years or more
125746337,way,last_update,26-8-2019,Feature has not been updated in 5 years or more
125746338,way,last_update,23-1-2020,Feature has not been updated in 5 years or more
125746339,way,last_update,7-11-2016,Feature has not been updated in 5 years or more
125746340,way,last_update,7-11-2016,Feature has not been updated in 5 years or more
125746345,way,last_update,28-6-2019,Feature has not been updated in 5 years or more
125746347,way,last_update,5-2-2020,Feature has not been updated in 5 years or more
125746348,way,last_update,28-6-2019,Feature has not been updated in 5 years or more
125746349,way,last_update,1-2-2020,Feature has not been updated in 5 years or more
125746351,way,last_update,30-9-2018,Feature has not been updated in 5 years or more
125746352,way,last_update,12-8-2011,Feature has not been updated in 5 years or more
125746354,way,last_update,12-8-2011,Feature has not been updated in 5 years or more
125746357,way,last_update,12-8-2011,Feature has not been updated in 5 years or more
125746358,way,last_update,5-2-2020,Feature has not been updated in 5 years or more
125746363,way,last_update,12-8-2011,Feature has not been updated in 5 years or more
125746367,way,last_update,28-2-2015,Feature has not been updated in 5 years or more
125746371,way,last_update,12-8-2011,Feature has not been updated in 5 years or more
125746372,way,last_update,7-11-2016,Feature has not been updated in 5 years or more
125746373,way,last_update,12-8-2011,Feature has not been updated in 5 years or more
125746374,way,last_update,7-11-2016,Feature has not been updated in 5 years or more
125746375,way,last_update,7-11-2016,Feature has not been updated in 5 years or more
125746378,way,last_update,12-8-2011,Feature has not been updated in 5 years or more
125746379,way,last_update,7-11-2016,Feature has not been updated in 5 years or more
125746380,way,last_update,12-8-2011,Feature has not been updated in 5 years or more
125746382,way,last_update,12-8-2011,Feature has not been updated in 5 years or more
125746383,way,last_update,7-11-2016,Feature has not been updated in 5 years or more
125746384,way,last_update,5-2-2020,Feature has not been updated in 5 years or more
125746385,way,last_update,5-2-2020,Feature has not been updated in 5 years or more
125746387,way,last_update,17-1-2020,Feature has not been updated in 5 years or more
125746389,way,last_update,12-8-2011,Feature has not been updated in 5 years or more
125746390,way,last_update,28-2-2015,Feature has not been updated in 5 years or more
125746391,way,last_update,7-11-2016,Feature has not been updated in 5 years or more
125746393,way,last_update,12-8-2011,Feature has not been updated in 5 years or more
125746394,way,last_update,30-9-2018,Feature has not been updated in 5 years or more
125746396,way,last_update,7-11-2016,Feature has not been updated in 5 years or more
125746398,way,last_update,12-8-2011,Feature has not been updated in 5 years or more
125746401,way,last_update,12-8-2011,Feature has not been updated in 5 years or more
125746402,way,last_update,27-6-2019,Feature has not been updated in 5 years or more
125746403,way,last_update,7-11-2016,Feature has not been updated in 5 years or more
125746404,way,last_update,30-9-2018,Feature has not been updated in 5 years or more
125746407,way,last_update,12-8-2011,Feature has not been updated in 5 years or more
125746408,way,last_update,7-11-2016,Feature has not been updated in 5 years or more
125746409,way,last_update,12-8-2011,Feature has not been updated in 5 years or more
125746410,way,last_update,7-11-2016,Feature has not been updated in 5 years or more
125746411,way,last_update,7-11-2016,Feature has not been updated in 5 years or more
125746412,way,last_update,12-8-2011,Feature has not been updated in 5 years or more
125746416,way,last_update,27-6-2019,Feature has not been updated in 5 years or more
125746419,way,last_update,12-8-2011,Feature has not been updated in 5 years or more
125746420,way,last_update,12-8-2011,Feature has not been updated in 5 years or more
125746421,way,last_update,7-11-2016,Feature has not been updated in 5 years or more
125746422,way,last_update,12-8-2011,Feature has not been updated in 5 years or more
125746423,way,last_update,12-8-2011,Feature has not been updated in 5 years or more
125746425,way,last_update,12-8-2011,Feature has not been updated in 5 years or more
125746426,way,last_update,30-9-2018,Feature has not been updated in 5 years or more
125746429,way,last_update,12-8-2011,Feature has not been updated in 5 years or more
125746430,way,last_update,12-8-2011,Feature has not been updated in 5 years or more
125746433,way,last_update,5-2-2020,Feature has not been updated in 5 years or more
125746440,way,last_update,26-8-2019,Feature has not been updated in 5 years or more
125746450,way,last_update,12-8-2011,Feature has not been updated in 5 years or more
125746459,way,last_update,12-8-2011,Feature has not been updated in 5 years or more
125746463,way,last_update,12-8-2011,Feature has not been updated in 5 years or more
125746466,way,last_update,12-8-2011,Feature has not been updated in 5 years or more
125746473,way,last_update,16-11-2018,Feature has not been updated in 5 years or more
125746476,way,last_update,16-10-2012,Feature has not been updated in 5 years or more
125746479,way,last_update,12-8-2011,Feature has not been updated in 5 years or more
125746486,way,last_update,7-11-2016,Feature has not been updated in 5 years or more
125746491,way,last_update,7-11-2016,Feature has not been updated in 5 years or more
125746497,way,last_update,30-9-2018,Feature has not been updated in 5 years or more
125746501,way,last_update,12-8-2011,Feature has not been updated in 5 years or more
125746524,way,last_update,12-8-2011,Feature has not been updated in 5 years or more
125746530,way,last_update,30-9-2018,Feature has not been updated in 5 years or more
125746534,way,last_update,12-8-2011,Feature has not been updated in 5 years or more
125746538,way,last_update,12-8-2011,Feature has not been updated in 5 years or more
125746541,way,last_update,30-9-2018,Feature has not been updated in 5 years or more
125746543,way,last_update,12-8-2011,Feature has not been updated in 5 years or more
125746544,way,last_update,12-8-2011,Feature has not been updated in 5 years or more
125746548,way,last_update,26-10-2016,Feature has not been updated in 5 years or more
125746549,way,last_update,7-11-2016,Feature has not been updated in 5 years or more
125746550,way,last_update,7-11-2016,Feature has not been updated in 5 years or more
125746552,way,last_update,5-2-2020,Feature has not been updated in 5 years or more
125746567,way,last_update,5-2-2020,Feature has not been updated in 5 years or more
125746568,way,last_update,12-8-2011,Feature has not been updated in 5 years or more
125746571,way,last_update,7-11-2016,Feature has not been updated in 5 years or more
125746572,way,last_update,7-11-2016,Feature has not been updated in 5 years or more
125746574,way,last_update,28-2-2015,Feature has not been updated in 5 years or more
125746576,way,last_update,12-8-2011,Feature has not been updated in 5 years or more
125746581,way,last_update,7-11-2016,Feature has not been updated in 5 years or more
125746585,way,last_update,26-8-2019,Feature has not been updated in 5 years or more
125746599,way,last_update,26-10-2016,Feature has not been updated in 5 years or more
125844544,way,last_update,3-11-2016,Feature has not been updated in 5 years or more
125844546,way,last_update,6-11-2016,Feature has not been updated in 5 years or more
125844548,way,last_update,13-8-2011,Feature has not been updated in 5 years or more
125844552,way,last_update,23-1-2020,Feature has not been updated in 5 years or more
125844553,way,last_update,7-11-2016,Feature has not been updated in 5 years or more
125844554,way,last_update,13-8-2011,Feature has not been updated in 5 years or more
125844558,way,last_update,28-2-2015,Feature has not been updated in 5 years or more
125844559,way,last_update,27-10-2016,Feature has not been updated in 5 years or more
125844561,way,last_update,13-8-2011,Feature has not been updated in 5 years or more
125844563,way,last_update,13-8-2011,Feature has not been updated in 5 years or more
125844564,way,last_update,7-11-2016,Feature has not been updated in 5 years or more
125844565,way,last_update,13-8-2011,Feature has not been updated in 5 years or more
125844569,way,last_update,1-11-2016,Feature has not been updated in 5 years or more
125844573,way,last_update,13-8-2011,Feature has not been updated in 5 years or more
125844574,way,last_update,6-11-2016,Feature has not been updated in 5 years or more
125844576,way,last_update,6-11-2016,Feature has not been updated in 5 years or more
125844578,way,last_update,27-10-2016,Feature has not been updated in 5 years or more
125844579,way,last_update,30-12-2016,Feature has not been updated in 5 years or more
125844586,way,last_update,26-10-2016,Feature has not been updated in 5 years or more
125844588,way,last_update,28-2-2015,Feature has not been updated in 5 years or more
125844593,way,last_update,27-10-2016,Feature has not been updated in 5 years or more
125844594,way,last_update,6-11-2016,Feature has not been updated in 5 years or more
125844595,way,last_update,7-11-2016,Feature has not been updated in 5 years or more
125844596,way,last_update,27-10-2016,Feature has not been updated in 5 years or more
125844597,way,last_update,6-11-2016,Feature has not been updated in 5 years or more
125844602,way,last_update,13-8-2011,Feature has not been updated in 5 years or more
125844603,way,last_update,28-2-2015,Feature has not been updated in 5 years or more
125844604,way,last_update,13-8-2011,Feature has not been updated in 5 years or more
125844606,way,last_update,13-8-2011,Feature has not been updated in 5 years or more
125844607,way,last_update,13-8-2011,Feature has not been updated in 5 years or more
125844608,way,last_update,13-8-2011,Feature has not been updated in 5 years or more
125844609,way,last_update,13-8-2011,Feature has not been updated in 5 years or more
125844610,way,last_update,27-10-2016,Feature has not been updated in 5 years or more
125844612,way,last_update,27-10-2016,Feature has not been updated in 5 years or more
125844614,way,last_update,6-11-2016,Feature has not been updated in 5 years or more
125844616,way,last_update,13-8-2011,Feature has not been updated in 5 years or more
125844618,way,last_update,26-10-2016,Feature has not been updated in 5 years or more
125844619,way,last_update,13-8-2011,Feature has not been updated in 5 years or more
125844620,way,last_update,13-8-2011,Feature has not been updated in 5 years or more
125844621,way,last_update,13-8-2011,Feature has not been updated in 5 years or more
125844622,way,last_update,13-8-2011,Feature has not been updated in 5 years or more
125844623,way,last_update,13-8-2011,Feature has not been updated in 5 years or more
125844625,way,last_update,1-11-2016,Feature has not been updated in 5 years or more
125844631,way,last_update,13-8-2011,Feature has not been updated in 5 years or more
125844632,way,last_update,26-10-2016,Feature has not been updated in 5 years or more
125844633,way,last_update,13-8-2011,Feature has not been updated in 5 years or more
125844639,way,last_update,23-1-2020,Feature has not been updated in 5 years or more
125844640,way,last_update,14-4-2021,Feature has not been updated in 5 years or more
125844641,way,last_update,3-11-2016,Feature has not been updated in 5 years or more
125844643,way,last_update,13-8-2011,Feature has not been updated in 5 years or more
125844647,way,last_update,7-11-2016,Feature has not been updated in 5 years or more
125844650,way,last_update,27-10-2016,Feature has not been updated in 5 years or more
125844652,way,last_update,3-11-2016,Feature has not been updated in 5 years or more
125844655,way,last_update,14-4-2021,Feature has not been updated in 5 years or more
125844656,way,last_update,27-10-2016,Feature has not been updated in 5 years or more
125844658,way,last_update,27-10-2016,Feature has not been updated in 5 years or more
125844659,way,last_update,23-1-2020,Feature has not been updated in 5 years or more
125844661,way,last_update,26-10-2016,Feature has not been updated in 5 years or more
125844663,way,last_update,28-2-2015,Feature has not been updated in 5 years or more
125844664,way,last_update,13-8-2011,Feature has not been updated in 5 years or more
125844669,way,last_update,13-8-2011,Feature has not been updated in 5 years or more
125844673,way,last_update,26-10-2016,Feature has not been updated in 5 years or more
125844678,way,last_update,26-10-2016,Feature has not been updated in 5 years or more
125844682,way,last_update,23-1-2020,Feature has not been updated in 5 years or more
125844697,way,last_update,13-8-2011,Feature has not been updated in 5 years or more
125844756,way,last_update,30-12-2016,Feature has not been updated in 5 years or more
125844780,way,last_update,23-1-2020,Feature has not been updated in 5 years or more
125844792,way,last_update,13-8-2011,Feature has not been updated in 5 years or more
125844793,way,last_update,3-11-2016,Feature has not been updated in 5 years or more
125844795,way,last_update,13-8-2011,Feature has not been updated in 5 years or more
125844801,way,last_update,13-8-2011,Feature has not been updated in 5 years or more
125844802,way,last_update,14-4-2021,Feature has not been updated in 5 years or more
125844803,way,last_update,13-8-2011,Feature has not been updated in 5 years or more
125844804,way,last_update,23-1-2020,Feature has not been updated in 5 years or more
125844811,way,last_update,3-11-2016,Feature has not been updated in 5 years or more
125844833,way,last_update,3-11-2016,Feature has not been updated in 5 years or more
125844834,way,last_update,3-11-2016,Feature has not been updated in 5 years or more
125844835,way,last_update,3-11-2016,Feature has not been updated in 5 years or more
125844842,way,last_update,6-11-2016,Feature has not been updated in 5 years or more
125844844,way,last_update,14-4-2021,Feature has not been updated in 5 years or more
125844846,way,last_update,7-2-2020,Feature has not been updated in 5 years or more
125844849,way,last_update,16-8-2011,Feature has not been updated in 5 years or more
125844850,way,last_update,13-8-2011,Feature has not been updated in 5 years or more
125844851,way,last_update,13-8-2011,Feature has not been updated in 5 years or more
125844852,way,last_update,14-4-2021,Feature has not been updated in 5 years or more
125844853,way,last_update,4-8-2012,Feature has not been updated in 5 years or more
125844854,way,last_update,7-11-2016,Feature has not been updated in 5 years or more
125844856,way,last_update,13-8-2011,Feature has not been updated in 5 years or more
125844859,way,last_update,23-1-2020,Feature has not been updated in 5 years or more
126014441,way,last_update,6-11-2018,Feature has not been updated in 5 years or more
126014443,way,last_update,22-10-2018,Feature has not been updated in 5 years or more
126014447,way,last_update,11-10-2019,Feature has not been updated in 5 years or more
126014449,way,last_update,28-10-2016,Feature has not been updated in 5 years or more
126014452,way,last_update,14-8-2011,Feature has not been updated in 5 years or more
126014454,way,last_update,14-8-2011,Feature has not been updated in 5 years or more
126014456,way,last_update,22-10-2018,Feature has not been updated in 5 years or more
126014457,way,last_update,14-8-2011,Feature has not been updated in 5 years or more
126014458,way,last_update,22-10-2018,Feature has not been updated in 5 years or more
126014459,way,last_update,14-8-2011,Feature has not been updated in 5 years or more
126014460,way,last_update,14-8-2011,Feature has not been updated in 5 years or more
126014461,way,last_update,14-8-2011,Feature has not been updated in 5 years or more
126014464,way,last_update,14-8-2011,Feature has not been updated in 5 years or more
126014466,way,last_update,14-8-2011,Feature has not been updated in 5 years or more
126014467,way,last_update,14-8-2011,Feature has not been updated in 5 years or more
126014469,way,last_update,14-8-2011,Feature has not been updated in 5 years or more
126014470,way,last_update,14-8-2011,Feature has not been updated in 5 years or more
126014471,way,last_update,14-8-2011,Feature has not been updated in 5 years or more
126014472,way,last_update,22-10-2018,Feature has not been updated in 5 years or more
126014475,way,last_update,6-11-2018,Feature has not been updated in 5 years or more
126014477,way,last_update,22-10-2018,Feature has not been updated in 5 years or more
126014478,way,last_update,14-8-2011,Feature has not been updated in 5 years or more
126014479,way,last_update,14-8-2011,Feature has not been updated in 5 years or more
126014480,way,last_update,14-8-2011,Feature has not been updated in 5 years or more
126014482,way,last_update,14-8-2011,Feature has not been updated in 5 years or more
126014484,way,last_update,14-8-2011,Feature has not been updated in 5 years or more
126014486,way,last_update,14-8-2011,Feature has not been updated in 5 years or more
126014487,way,last_update,14-8-2011,Feature has not been updated in 5 years or more
126014489,way,last_update,14-8-2011,Feature has not been updated in 5 years or more
126014491,way,last_update,6-11-2018,Feature has not been updated in 5 years or more
126014492,way,last_update,22-9-2012,Feature has not been updated in 5 years or more
126014493,way,last_update,4-12-2018,Feature has not been updated in 5 years or more
126014509,way,last_update,28-10-2016,Feature has not been updated in 5 years or more
126014510,way,last_update,14-8-2011,Feature has not been updated in 5 years or more
126014514,way,last_update,22-9-2012,Feature has not been updated in 5 years or more
126014515,way,last_update,14-8-2011,Feature has not been updated in 5 years or more
126014517,way,last_update,20-7-2016,Feature has not been updated in 5 years or more
126014534,way,last_update,22-10-2018,Feature has not been updated in 5 years or more
126014538,way,last_update,6-11-2018,Feature has not been updated in 5 years or more
126014546,way,last_update,14-8-2011,Feature has not been updated in 5 years or more
126014548,way,last_update,20-7-2016,Feature has not been updated in 5 years or more
126014549,way,last_update,22-10-2018,Feature has not been updated in 5 years or more
126014553,way,last_update,22-11-2012,Feature has not been updated in 5 years or more
126073474,way,last_update,14-4-2021,Feature has not been updated in 5 years or more
126073479,way,last_update,7-10-2011,Feature has not been updated in 5 years or more
126073481,way,last_update,6-11-2016,Feature has not been updated in 5 years or more
126073484,way,last_update,14-8-2011,Feature has not been updated in 5 years or more
126073486,way,last_update,14-4-2021,Feature has not been updated in 5 years or more
126073488,way,last_update,6-11-2016,Feature has not been updated in 5 years or more
126073491,way,last_update,16-11-2018,Feature has not been updated in 5 years or more
126073500,way,last_update,14-8-2011,Feature has not been updated in 5 years or more
126073502,way,last_update,14-8-2011,Feature has not been updated in 5 years or more
126073509,way,last_update,14-8-2011,Feature has not been updated in 5 years or more
126073511,way,last_update,16-11-2018,Feature has not been updated in 5 years or more
126073513,way,last_update,14-8-2011,Feature has not been updated in 5 years or more
126073516,way,last_update,6-11-2016,Feature has not been updated in 5 years or more
126073517,way,last_update,14-8-2011,Feature has not been updated in 5 years or more
126073523,way,last_update,14-4-2021,Feature has not been updated in 5 years or more
126073528,way,last_update,14-8-2011,Feature has not been updated in 5 years or more
126073537,way,last_update,14-8-2011,Feature has not been updated in 5 years or more
126073542,way,last_update,16-11-2018,Feature has not been updated in 5 years or more
126073547,way,last_update,14-4-2021,Feature has not been updated in 5 years or more
126073549,way,last_update,14-8-2011,Feature has not been updated in 5 years or more
126073551,way,last_update,6-11-2016,Feature has not been updated in 5 years or more
126073554,way,last_update,14-4-2021,Feature has not been updated in 5 years or more
126073556,way,last_update,14-8-2011,Feature has not been updated in 5 years or more
126073558,way,last_update,6-11-2016,Feature has not been updated in 5 years or more
126073561,way,last_update,6-11-2016,Feature has not been updated in 5 years or more
126073566,way,last_update,6-11-2016,Feature has not been updated in 5 years or more
126073568,way,last_update,14-8-2011,Feature has not been updated in 5 years or more
126073571,way,last_update,14-8-2011,Feature has not been updated in 5 years or more
126073572,way,last_update,14-8-2011,Feature has not been updated in 5 years or more
126073574,way,last_update,16-11-2018,Feature has not been updated in 5 years or more
126073575,way,last_update,6-11-2016,Feature has not been updated in 5 years or more
126073576,way,last_update,14-8-2011,Feature has not been updated in 5 years or more
126073577,way,last_update,16-11-2018,Feature has not been updated in 5 years or more
126073580,way,last_update,14-8-2011,Feature has not been updated in 5 years or more
126073581,way,last_update,14-8-2011,Feature has not been updated in 5 years or more
126073583,way,last_update,14-4-2021,Feature has not been updated in 5 years or more
126073585,way,last_update,14-8-2011,Feature has not been updated in 5 years or more
126073586,way,last_update,6-11-2016,Feature has not been updated in 5 years or more
126073588,way,last_update,6-11-2016,Feature has not been updated in 5 years or more
126073589,way,last_update,14-8-2011,Feature has not been updated in 5 years or more
126073591,way,last_update,14-8-2011,Feature has not been updated in 5 years or more
126073593,way,last_update,6-11-2016,Feature has not been updated in 5 years or more
126073595,way,last_update,14-8-2011,Feature has not been updated in 5 years or more
126073596,way,last_update,14-8-2011,Feature has not been updated in 5 years or more
126073597,way,last_update,6-11-2016,Feature has not been updated in 5 years or more
126073598,way,last_update,14-8-2011,Feature has not been updated in 5 years or more
126073599,way,last_update,6-11-2016,Feature has not been updated in 5 years or more
126073602,way,last_update,14-4-2021,Feature has not been updated in 5 years or more
126073604,way,last_update,6-11-2016,Feature has not been updated in 5 years or more
126073605,way,last_update,14-8-2011,Feature has not been updated in 5 years or more
126073606,way,last_update,6-11-2016,Feature has not been updated in 5 years or more
126073607,way,last_update,12-4-2021,Feature has not been updated in 5 years or more
126073608,way,last_update,14-8-2011,Feature has not been updated in 5 years or more
126073610,way,last_update,6-11-2016,Feature has not been updated in 5 years or more
126073611,way,last_update,16-11-2018,Feature has not been updated in 5 years or more
126073612,way,last_update,16-11-2018,Feature has not been updated in 5 years or more
126073613,way,last_update,16-11-2018,Feature has not been updated in 5 years or more
126073614,way,last_update,16-11-2018,Feature has not been updated in 5 years or more
126073615,way,last_update,14-8-2011,Feature has not been updated in 5 years or more
126073617,way,last_update,16-11-2018,Feature has not been updated in 5 years or more
126073618,way,last_update,14-8-2011,Feature has not been updated in 5 years or more
126073623,way,last_update,12-5-2018,Feature has not been updated in 5 years or more
126073627,way,last_update,12-5-2018,Feature has not been updated in 5 years or more
126073645,way,last_update,16-11-2018,Feature has not been updated in 5 years or more
126073646,way,last_update,14-4-2021,Feature has not been updated in 5 years or more
126073674,way,last_update,14-8-2011,Feature has not been updated in 5 years or more
126073677,way,last_update,13-4-2021,Feature has not been updated in 5 years or more
126073679,way,last_update,14-8-2011,Feature has not been updated in 5 years or more
126073698,way,last_update,13-4-2012,Feature has not been updated in 5 years or more
126073700,way,last_update,14-4-2021,Feature has not been updated in 5 years or more
126073706,way,last_update,8-12-2011,Feature has not been updated in 5 years or more
126073720,way,last_update,16-11-2018,Feature has not been updated in 5 years or more
126073721,way,last_update,6-11-2016,Feature has not been updated in 5 years or more
126073722,way,last_update,16-11-2018,Feature has not been updated in 5 years or more
126073723,way,last_update,16-11-2018,Feature has not been updated in 5 years or more
126073726,way,last_update,16-11-2018,Feature has not been updated in 5 years or more
126073728,way,last_update,6-11-2016,Feature has not been updated in 5 years or more
126073729,way,last_update,8-8-2018,Feature has not been updated in 5 years or more
126073732,way,last_update,6-11-2016,Feature has not been updated in 5 years or more
126073735,way,last_update,16-11-2018,Feature has not been updated in 5 years or more
126073738,way,last_update,6-11-2016,Feature has not been updated in 5 years or more
126073740,way,last_update,14-8-2011,Feature has not been updated in 5 years or more
126073741,way,last_update,9-12-2011,Feature has not been updated in 5 years or more
126073746,way,last_update,14-8-2011,Feature has not been updated in 5 years or more
126073751,way,last_update,14-4-2021,Feature has not been updated in 5 years or more
126073752,way,last_update,14-4-2021,Feature has not been updated in 5 years or more
126073754,way,last_update,16-11-2018,Feature has not been updated in 5 years or more
126073757,way,last_update,14-4-2021,Feature has not been updated in 5 years or more
126073766,way,last_update,16-11-2018,Feature has not been updated in 5 years or more
126073769,way,last_update,6-11-2016,Feature has not been updated in 5 years or more
126309970,way,last_update,16-8-2011,Feature has not been updated in 5 years or more
126309971,way,last_update,30-12-2016,Feature has not been updated in 5 years or more
126309972,way,last_update,16-8-2011,Feature has not been updated in 5 years or more
126309973,way,last_update,16-8-2011,Feature has not been updated in 5 years or more
126309975,way,last_update,16-8-2011,Feature has not been updated in 5 years or more
126309976,way,last_update,16-8-2011,Feature has not been updated in 5 years or more
126309977,way,last_update,16-8-2011,Feature has not been updated in 5 years or more
126309978,way,last_update,16-8-2011,Feature has not been updated in 5 years or more
126309979,way,last_update,16-8-2011,Feature has not been updated in 5 years or more
126309980,way,last_update,16-8-2011,Feature has not been updated in 5 years or more
126309981,way,last_update,5-2-2020,Feature has not been updated in 5 years or more
126309983,way,last_update,16-8-2011,Feature has not been updated in 5 years or more
126309984,way,last_update,30-12-2016,Feature has not been updated in 5 years or more
126309986,way,last_update,30-4-2012,Feature has not been updated in 5 years or more
126309988,way,last_update,16-8-2011,Feature has not been updated in 5 years or more
126309989,way,last_update,23-8-2011,Feature has not been updated in 5 years or more
126309990,way,last_update,16-8-2011,Feature has not been updated in 5 years or more
126309991,way,last_update,16-8-2011,Feature has not been updated in 5 years or more
126309992,way,last_update,5-2-2020,Feature has not been updated in 5 years or more
126309993,way,last_update,16-8-2011,Feature has not been updated in 5 years or more
126309994,way,last_update,16-8-2011,Feature has not been updated in 5 years or more
126309996,way,last_update,5-2-2020,Feature has not been updated in 5 years or more
126309997,way,last_update,16-8-2011,Feature has not been updated in 5 years or more
126309998,way,last_update,16-8-2011,Feature has not been updated in 5 years or more
126310001,way,last_update,5-2-2020,Feature has not been updated in 5 years or more
126310003,way,last_update,16-8-2011,Feature has not been updated in 5 years or more
126310004,way,last_update,16-8-2011,Feature has not been updated in 5 years or more
126310005,way,last_update,30-12-2016,Feature has not been updated in 5 years or more
126310006,way,last_update,28-2-2015,Feature has not been updated in 5 years or more
126310008,way,last_update,5-2-2020,Feature has not been updated in 5 years or more
126310009,way,last_update,16-8-2011,Feature has not been updated in 5 years or more
126310010,way,last_update,16-8-2011,Feature has not been updated in 5 years or more
126310011,way,last_update,16-8-2011,Feature has not been updated in 5 years or more
126310013,way,last_update,16-8-2011,Feature has not been updated in 5 years or more
126310015,way,last_update,1-11-2016,Feature has not been updated in 5 years or more
126310016,way,last_update,5-2-2020,Feature has not been updated in 5 years or more
126310018,way,last_update,16-8-2011,Feature has not been updated in 5 years or more
126310019,way,last_update,5-2-2020,Feature has not been updated in 5 years or more
126310020,way,last_update,20-8-2011,Feature has not been updated in 5 years or more
126310021,way,last_update,16-8-2011,Feature has not been updated in 5 years or more
126310023,way,last_update,16-8-2011,Feature has not been updated in 5 years or more
126310024,way,last_update,5-2-2020,Feature has not been updated in 5 years or more
126310025,way,last_update,16-8-2011,Feature has not been updated in 5 years or more
126310027,way,last_update,16-8-2011,Feature has not been updated in 5 years or more
126310028,way,last_update,16-8-2011,Feature has not been updated in 5 years or more
126310032,way,last_update,28-2-2015,Feature has not been updated in 5 years or more
126310033,way,last_update,16-8-2011,Feature has not been updated in 5 years or more
126310034,way,last_update,16-8-2011,Feature has not been updated in 5 years or more
126310035,way,last_update,28-2-2015,Feature has not been updated in 5 years or more
126310036,way,last_update,16-8-2011,Feature has not been updated in 5 years or more
126310037,way,last_update,28-2-2015,Feature has not been updated in 5 years or more
126310038,way,last_update,16-8-2011,Feature has not been updated in 5 years or more
126310040,way,last_update,16-8-2011,Feature has not been updated in 5 years or more
126310041,way,last_update,16-8-2011,Feature has not been updated in 5 years or more
126310042,way,last_update,16-8-2011,Feature has not been updated in 5 years or more
126310043,way,last_update,5-2-2020,Feature has not been updated in 5 years or more
126310044,way,last_update,16-8-2011,Feature has not been updated in 5 years or more
126310045,way,last_update,16-8-2011,Feature has not been updated in 5 years or more
126310046,way,last_update,5-2-2020,Feature has not been updated in 5 years or more
126310047,way,last_update,30-12-2016,Feature has not been updated in 5 years or more
126310049,way,last_update,16-8-2011,Feature has not been updated in 5 years or more
126310051,way,last_update,16-8-2011,Feature has not been updated in 5 years or more
126310052,way,last_update,20-8-2011,Feature has not been updated in 5 years or more
126310054,way,last_update,20-8-2011,Feature has not been updated in 5 years or more
126310055,way,last_update,16-8-2011,Feature has not been updated in 5 years or more
126310057,way,last_update,16-8-2011,Feature has not been updated in 5 years or more
126310058,way,last_update,16-8-2011,Feature has not been updated in 5 years or more
126310059,way,last_update,30-12-2016,Feature has not been updated in 5 years or more
126310066,way,last_update,16-8-2011,Feature has not been updated in 5 years or more
126310070,way,last_update,30-12-2016,Feature has not been updated in 5 years or more
126310072,way,last_update,30-12-2016,Feature has not been updated in 5 years or more
126310073,way,last_update,5-2-2020,Feature has not been updated in 5 years or more
126310076,way,last_update,28-8-2011,Feature has not been updated in 5 years or more
126310085,way,last_update,28-2-2015,Feature has not been updated in 5 years or more
126310093,way,last_update,16-8-2011,Feature has not been updated in 5 years or more
126310096,way,last_update,30-12-2016,Feature has not been updated in 5 years or more
126310098,way,last_update,30-12-2016,Feature has not been updated in 5 years or more
126310099,way,last_update,30-12-2016,Feature has not been updated in 5 years or more
126310104,way,last_update,16-8-2011,Feature has not been updated in 5 years or more
126310119,way,last_update,23-8-2011,Feature has not been updated in 5 years or more
126310127,way,last_update,28-8-2011,Feature has not been updated in 5 years or more
126310129,way,last_update,16-8-2011,Feature has not been updated in 5 years or more
126310130,way,last_update,30-12-2016,Feature has not been updated in 5 years or more
126310133,way,last_update,30-12-2016,Feature has not been updated in 5 years or more
126310147,way,last_update,30-12-2016,Feature has not been updated in 5 years or more
126310148,way,last_update,1-11-2016,Feature has not been updated in 5 years or more
126310154,way,last_update,16-8-2011,Feature has not been updated in 5 years or more
126310155,way,last_update,12-1-2013,Feature has not been updated in 5 years or more
126310161,way,last_update,5-2-2020,Feature has not been updated in 5 years or more
126310162,way,last_update,23-8-2011,Feature has not been updated in 5 years or more
126310166,way,last_update,30-12-2016,Feature has not been updated in 5 years or more
126310167,way,last_update,18-8-2011,Feature has not been updated in 5 years or more
126310169,way,last_update,5-2-2020,Feature has not been updated in 5 years or more
126310170,way,last_update,30-12-2016,Feature has not been updated in 5 years or more
126310173,way,last_update,5-2-2020,Feature has not been updated in 5 years or more
126310174,way,last_update,28-2-2015,Feature has not been updated in 5 years or more
126310175,way,last_update,16-8-2011,Feature has not been updated in 5 years or more
126310176,way,last_update,16-8-2011,Feature has not been updated in 5 years or more
126310177,way,last_update,30-12-2016,Feature has not been updated in 5 years or more
126310178,way,last_update,28-2-2015,Feature has not been updated in 5 years or more
126310179,way,last_update,16-8-2011,Feature has not been updated in 5 years or more
126310182,way,last_update,30-12-2016,Feature has not been updated in 5 years or more
126310184,way,last_update,16-8-2011,Feature has not been updated in 5 years or more
126310185,way,last_update,30-12-2016,Feature has not been updated in 5 years or more
126310186,way,last_update,5-2-2020,Feature has not been updated in 5 years or more
126310188,way,last_update,16-8-2011,Feature has not been updated in 5 years or more
126310191,way,last_update,5-2-2020,Feature has not been updated in 5 years or more
126310192,way,last_update,29-7-2018,Feature has not been updated in 5 years or more
126310193,way,last_update,16-8-2011,Feature has not been updated in 5 years or more
126310195,way,last_update,5-2-2020,Feature has not been updated in 5 years or more
126310197,way,last_update,23-8-2011,Feature has not been updated in 5 years or more
126310198,way,last_update,28-2-2015,Feature has not been updated in 5 years or more
126310199,way,last_update,16-8-2011,Feature has not been updated in 5 years or more
126310200,way,last_update,28-2-2015,Feature has not been updated in 5 years or more
126319844,way,last_update,28-10-2016,Feature has not been updated in 5 years or more
126319848,way,last_update,16-8-2011,Feature has not been updated in 5 years or more
126319855,way,last_update,1-11-2019,Feature has not been updated in 5 years or more
126319857,way,last_update,1-11-2019,Feature has not been updated in 5 years or more
126319859,way,last_update,1-11-2019,Feature has not been updated in 5 years or more
126319868,way,last_update,28-10-2016,Feature has not been updated in 5 years or more
126319869,way,last_update,16-8-2011,Feature has not been updated in 5 years or more
126319871,way,last_update,16-8-2011,Feature has not been updated in 5 years or more
126319872,way,last_update,1-11-2019,Feature has not been updated in 5 years or more
126319875,way,last_update,16-8-2011,Feature has not been updated in 5 years or more
126319877,way,last_update,28-10-2016,Feature has not been updated in 5 years or more
126319878,way,last_update,1-11-2019,Feature has not been updated in 5 years or more
126319886,way,last_update,1-11-2019,Feature has not been updated in 5 years or more
126319889,way,last_update,1-11-2019,Feature has not been updated in 5 years or more
126319894,way,last_update,1-11-2019,Feature has not been updated in 5 years or more
126319896,way,last_update,1-11-2019,Feature has not been updated in 5 years or more
126319905,way,last_update,1-11-2019,Feature has not been updated in 5 years or more
126319906,way,last_update,16-8-2011,Feature has not been updated in 5 years or more
126319907,way,last_update,1-11-2019,Feature has not been updated in 5 years or more
126319911,way,last_update,1-11-2019,Feature has not been updated in 5 years or more
126319913,way,last_update,1-11-2019,Feature has not been updated in 5 years or more
126319915,way,last_update,1-11-2019,Feature has not been updated in 5 years or more
126319918,way,last_update,16-8-2011,Feature has not been updated in 5 years or more
126319922,way,last_update,28-10-2016,Feature has not been updated in 5 years or more
126319951,way,last_update,6-11-2018,Feature has not been updated in 5 years or more
126319959,way,last_update,1-11-2019,Feature has not been updated in 5 years or more
126319984,way,last_update,16-8-2011,Feature has not been updated in 5 years or more
126319986,way,last_update,12-9-2011,Feature has not been updated in 5 years or more
126319992,way,last_update,28-10-2016,Feature has not been updated in 5 years or more
126319993,way,last_update,28-10-2016,Feature has not been updated in 5 years or more
126320005,way,last_update,1-11-2019,Feature has not been updated in 5 years or more
126320018,way,last_update,28-10-2016,Feature has not been updated in 5 years or more
126320020,way,last_update,19-9-2016,Feature has not been updated in 5 years or more
126320031,way,last_update,1-11-2019,Feature has not been updated in 5 years or more
126320041,way,last_update,22-9-2012,Feature has not been updated in 5 years or more
126320048,way,last_update,28-10-2016,Feature has not been updated in 5 years or more
126320051,way,last_update,1-11-2019,Feature has not been updated in 5 years or more
126320053,way,last_update,1-11-2019,Feature has not been updated in 5 years or more
126618176,way,last_update,31-10-2016,Feature has not been updated in 5 years or more
126618177,way,last_update,18-8-2011,Feature has not been updated in 5 years or more
126618184,way,last_update,18-8-2011,Feature has not been updated in 5 years or more
126618185,way,last_update,2-3-2013,Feature has not been updated in 5 years or more
126618191,way,last_update,18-8-2011,Feature has not been updated in 5 years or more
126618194,way,last_update,18-8-2011,Feature has not been updated in 5 years or more
126618195,way,last_update,31-10-2016,Feature has not been updated in 5 years or more
126618196,way,last_update,22-10-2018,Feature has not been updated in 5 years or more
126618198,way,last_update,18-8-2011,Feature has not been updated in 5 years or more
126618200,way,last_update,18-8-2011,Feature has not been updated in 5 years or more
126618201,way,last_update,22-10-2018,Feature has not been updated in 5 years or more
126618206,way,last_update,18-8-2011,Feature has not been updated in 5 years or more
126618209,way,last_update,18-8-2011,Feature has not been updated in 5 years or more
126618211,way,last_update,28-2-2015,Feature has not been updated in 5 years or more
126618212,way,last_update,2-3-2013,Feature has not been updated in 5 years or more
126618215,way,last_update,28-2-2015,Feature has not been updated in 5 years or more
126618217,way,last_update,18-8-2011,Feature has not been updated in 5 years or more
126618226,way,last_update,18-8-2011,Feature has not been updated in 5 years or more
126618230,way,last_update,18-8-2011,Feature has not been updated in 5 years or more
126618231,way,last_update,18-8-2011,Feature has not been updated in 5 years or more
126618233,way,last_update,18-8-2011,Feature has not been updated in 5 years or more
126618235,way,last_update,22-10-2018,Feature has not been updated in 5 years or more
126618236,way,last_update,28-2-2015,Feature has not been updated in 5 years or more
126618239,way,last_update,18-8-2011,Feature has not been updated in 5 years or more
126618241,way,last_update,27-1-2012,Feature has not been updated in 5 years or more
126618247,way,last_update,18-8-2011,Feature has not been updated in 5 years or more
126618248,way,last_update,18-8-2011,Feature has not been updated in 5 years or more
126618252,way,last_update,18-8-2011,Feature has not been updated in 5 years or more
126618283,way,last_update,28-2-2015,Feature has not been updated in 5 years or more
126618324,way,last_update,18-8-2011,Feature has not been updated in 5 years or more
126618325,way,last_update,28-2-2015,Feature has not been updated in 5 years or more
126618342,way,last_update,2-3-2013,Feature has not been updated in 5 years or more
126618344,way,last_update,28-1-2020,Feature has not been updated in 5 years or more
126618345,way,last_update,18-8-2011,Feature has not been updated in 5 years or more
126618349,way,last_update,2-3-2013,Feature has not been updated in 5 years or more
126618353,way,last_update,18-8-2011,Feature has not been updated in 5 years or more
126618354,way,last_update,22-10-2018,Feature has not been updated in 5 years or more
126618356,way,last_update,22-10-2018,Feature has not been updated in 5 years or more
126618360,way,last_update,18-8-2011,Feature has not been updated in 5 years or more
126618361,way,last_update,18-8-2011,Feature has not been updated in 5 years or more
126618365,way,last_update,28-2-2015,Feature has not been updated in 5 years or more
126618367,way,last_update,28-2-2015,Feature has not been updated in 5 years or more
126618369,way,last_update,2-3-2013,Feature has not been updated in 5 years or more
126618372,way,last_update,28-2-2015,Feature has not been updated in 5 years or more
126618374,way,last_update,19-8-2011,Feature has not been updated in 5 years or more
126774565,way,last_update,19-8-2011,Feature has not been updated in 5 years or more
126774566,way,last_update,19-8-2011,Feature has not been updated in 5 years or more
126774567,way,last_update,19-8-2011,Feature has not been updated in 5 years or more
126774568,way,last_update,19-8-2011,Feature has not been updated in 5 years or more
126774569,way,last_update,19-8-2011,Feature has not been updated in 5 years or more
126774570,way,last_update,19-8-2011,Feature has not been updated in 5 years or more
126774574,way,last_update,19-8-2011,Feature has not been updated in 5 years or more
126774575,way,last_update,19-8-2011,Feature has not been updated in 5 years or more
126774579,way,last_update,19-8-2011,Feature has not been updated in 5 years or more
126774580,way,last_update,17-1-2020,Feature has not been updated in 5 years or more
126774582,way,last_update,5-2-2020,Feature has not been updated in 5 years or more
126774583,way,last_update,19-8-2011,Feature has not been updated in 5 years or more
126774584,way,last_update,19-8-2011,Feature has not been updated in 5 years or more
126774585,way,last_update,19-8-2011,Feature has not been updated in 5 years or more
126774586,way,last_update,19-8-2011,Feature has not been updated in 5 years or more
126774590,way,last_update,19-8-2011,Feature has not been updated in 5 years or more
126774591,way,last_update,19-8-2011,Feature has not been updated in 5 years or more
126774593,way,last_update,19-8-2011,Feature has not been updated in 5 years or more
126774596,way,last_update,19-8-2011,Feature has not been updated in 5 years or more
126774597,way,last_update,4-9-2016,Feature has not been updated in 5 years or more
126774598,way,last_update,19-8-2011,Feature has not been updated in 5 years or more
126774599,way,last_update,19-8-2011,Feature has not been updated in 5 years or more
126774600,way,last_update,19-8-2011,Feature has not been updated in 5 years or more
126774602,way,last_update,30-12-2016,Feature has not been updated in 5 years or more
126774605,way,last_update,19-8-2011,Feature has not been updated in 5 years or more
126774606,way,last_update,5-2-2020,Feature has not been updated in 5 years or more
126774607,way,last_update,19-8-2011,Feature has not been updated in 5 years or more
126774610,way,last_update,19-8-2011,Feature has not been updated in 5 years or more
126774611,way,last_update,19-8-2011,Feature has not been updated in 5 years or more
126774612,way,last_update,19-8-2011,Feature has not been updated in 5 years or more
126774614,way,last_update,19-8-2011,Feature has not been updated in 5 years or more
126774616,way,last_update,19-8-2011,Feature has not been updated in 5 years or more
126774619,way,last_update,4-9-2016,Feature has not been updated in 5 years or more
126774621,way,last_update,19-8-2011,Feature has not been updated in 5 years or more
126774623,way,last_update,12-1-2013,Feature has not been updated in 5 years or more
126774626,way,last_update,19-8-2011,Feature has not been updated in 5 years or more
126774628,way,last_update,19-8-2011,Feature has not been updated in 5 years or more
126774629,way,last_update,19-8-2011,Feature has not been updated in 5 years or more
126774630,way,last_update,19-8-2011,Feature has not been updated in 5 years or more
126774631,way,last_update,19-8-2011,Feature has not been updated in 5 years or more
126774632,way,last_update,19-8-2011,Feature has not been updated in 5 years or more
126774633,way,last_update,19-8-2011,Feature has not been updated in 5 years or more
126774634,way,last_update,19-8-2011,Feature has not been updated in 5 years or more
126774635,way,last_update,19-8-2011,Feature has not been updated in 5 years or more
126774636,way,last_update,4-9-2016,Feature has not been updated in 5 years or more
126774637,way,last_update,19-8-2011,Feature has not been updated in 5 years or more
126774641,way,last_update,19-8-2011,Feature has not been updated in 5 years or more
126774685,way,last_update,19-8-2011,Feature has not been updated in 5 years or more
126774700,way,last_update,19-8-2011,Feature has not been updated in 5 years or more
126774702,way,last_update,30-12-2016,Feature has not been updated in 5 years or more
126774708,way,last_update,5-2-2020,Feature has not been updated in 5 years or more
126774712,way,last_update,19-8-2011,Feature has not been updated in 5 years or more
126774715,way,last_update,19-8-2011,Feature has not been updated in 5 years or more
126774731,way,last_update,4-9-2016,Feature has not been updated in 5 years or more
126774732,way,last_update,19-8-2011,Feature has not been updated in 5 years or more
126774733,way,last_update,2-3-2013,Feature has not been updated in 5 years or more
126774734,way,last_update,19-8-2011,Feature has not been updated in 5 years or more
126774736,way,last_update,4-9-2016,Feature has not been updated in 5 years or more
126774739,way,last_update,19-8-2011,Feature has not been updated in 5 years or more
126774740,way,last_update,4-9-2016,Feature has not been updated in 5 years or more
126774745,way,last_update,4-9-2016,Feature has not been updated in 5 years or more
126774746,way,last_update,19-8-2011,Feature has not been updated in 5 years or more
126774747,way,last_update,30-12-2016,Feature has not been updated in 5 years or more
126774750,way,last_update,4-9-2016,Feature has not been updated in 5 years or more
126774751,way,last_update,12-1-2013,Feature has not been updated in 5 years or more
126774752,way,last_update,4-9-2016,Feature has not been updated in 5 years or more
126774753,way,last_update,4-9-2016,Feature has not been updated in 5 years or more
126774755,way,last_update,19-8-2011,Feature has not been updated in 5 years or more
126774758,way,last_update,3-12-2011,Feature has not been updated in 5 years or more
126774759,way,last_update,30-12-2016,Feature has not been updated in 5 years or more
126774761,way,last_update,30-12-2016,Feature has not been updated in 5 years or more
126774762,way,last_update,5-2-2020,Feature has not been updated in 5 years or more
126774769,way,last_update,4-9-2016,Feature has not been updated in 5 years or more
126774771,way,last_update,30-12-2016,Feature has not been updated in 5 years or more
126774773,way,last_update,12-1-2013,Feature has not been updated in 5 years or more
126774777,way,last_update,30-12-2016,Feature has not been updated in 5 years or more
126774779,way,last_update,4-9-2016,Feature has not been updated in 5 years or more
126774780,way,last_update,4-9-2016,Feature has not been updated in 5 years or more
126774781,way,last_update,4-9-2016,Feature has not been updated in 5 years or more
126774785,way,last_update,22-3-2012,Feature has not been updated in 5 years or more
126867864,way,last_update,16-8-2012,Feature has not been updated in 5 years or more
126867865,way,last_update,17-6-2012,Feature has not been updated in 5 years or more
126867866,way,last_update,28-8-2019,Feature has not been updated in 5 years or more
126867867,way,last_update,17-6-2012,Feature has not been updated in 5 years or more
126867869,way,last_update,20-8-2011,Feature has not been updated in 5 years or more
126867871,way,last_update,20-8-2011,Feature has not been updated in 5 years or more
126867874,way,last_update,20-8-2011,Feature has not been updated in 5 years or more
126867875,way,last_update,20-8-2011,Feature has not been updated in 5 years or more
126867876,way,last_update,20-8-2011,Feature has not been updated in 5 years or more
126867879,way,last_update,20-8-2011,Feature has not been updated in 5 years or more
126867880,way,last_update,20-8-2011,Feature has not been updated in 5 years or more
126867883,way,last_update,20-8-2011,Feature has not been updated in 5 years or more
126867884,way,last_update,20-8-2011,Feature has not been updated in 5 years or more
126867885,way,last_update,20-8-2011,Feature has not been updated in 5 years or more
126867886,way,last_update,20-8-2011,Feature has not been updated in 5 years or more
126867887,way,last_update,20-8-2011,Feature has not been updated in 5 years or more
126867890,way,last_update,17-6-2012,Feature has not been updated in 5 years or more
126867891,way,last_update,17-6-2012,Feature has not been updated in 5 years or more
126867893,way,last_update,20-8-2011,Feature has not been updated in 5 years or more
126867895,way,last_update,20-8-2011,Feature has not been updated in 5 years or more
126867896,way,last_update,20-8-2011,Feature has not been updated in 5 years or more
126867898,way,last_update,20-8-2011,Feature has not been updated in 5 years or more
126867899,way,last_update,20-8-2011,Feature has not been updated in 5 years or more
126867900,way,last_update,20-8-2011,Feature has not been updated in 5 years or more
126867902,way,last_update,20-8-2011,Feature has not been updated in 5 years or more
126867903,way,last_update,20-8-2011,Feature has not been updated in 5 years or more
126867904,way,last_update,20-8-2011,Feature has not been updated in 5 years or more
126867906,way,last_update,20-8-2011,Feature has not been updated in 5 years or more
126867915,way,last_update,20-8-2011,Feature has not been updated in 5 years or more
126867924,way,last_update,28-8-2019,Feature has not been updated in 5 years or more
126867933,way,last_update,20-8-2011,Feature has not been updated in 5 years or more
126867934,way,last_update,20-8-2011,Feature has not been updated in 5 years or more
126867935,way,last_update,20-8-2011,Feature has not been updated in 5 years or more
126867940,way,last_update,28-8-2019,Feature has not been updated in 5 years or more
126867946,way,last_update,20-8-2011,Feature has not been updated in 5 years or more
126867949,way,last_update,6-8-2018,Feature has not been updated in 5 years or more
126867951,way,last_update,20-8-2011,Feature has not been updated in 5 years or more
127018618,way,last_update,28-10-2016,Feature has not been updated in 5 years or more
127018619,way,last_update,28-10-2016,Feature has not been updated in 5 years or more
127018620,way,last_update,21-8-2011,Feature has not been updated in 5 years or more
127018621,way,last_update,21-8-2011,Feature has not been updated in 5 years or more
127018622,way,last_update,28-10-2016,Feature has not been updated in 5 years or more
127018623,way,last_update,28-10-2016,Feature has not been updated in 5 years or more
127018624,way,last_update,28-10-2016,Feature has not been updated in 5 years or more
127018626,way,last_update,21-8-2011,Feature has not been updated in 5 years or more
127018627,way,last_update,28-10-2016,Feature has not been updated in 5 years or more
127018628,way,last_update,31-10-2016,Feature has not been updated in 5 years or more
127018629,way,last_update,28-10-2016,Feature has not been updated in 5 years or more
127018630,way,last_update,21-8-2011,Feature has not been updated in 5 years or more
127018631,way,last_update,21-8-2011,Feature has not been updated in 5 years or more
127018632,way,last_update,28-10-2016,Feature has not been updated in 5 years or more
127018633,way,last_update,28-10-2016,Feature has not been updated in 5 years or more
127018634,way,last_update,21-8-2011,Feature has not been updated in 5 years or more
127018635,way,last_update,28-10-2016,Feature has not been updated in 5 years or more
127018636,way,last_update,28-10-2016,Feature has not been updated in 5 years or more
127018637,way,last_update,28-10-2016,Feature has not been updated in 5 years or more
127018638,way,last_update,31-10-2016,Feature has not been updated in 5 years or more
127018639,way,last_update,28-10-2016,Feature has not been updated in 5 years or more
127018640,way,last_update,28-10-2016,Feature has not been updated in 5 years or more
127018642,way,last_update,21-8-2011,Feature has not been updated in 5 years or more
127018643,way,last_update,28-10-2016,Feature has not been updated in 5 years or more
127018644,way,last_update,21-8-2011,Feature has not been updated in 5 years or more
127018646,way,last_update,28-10-2016,Feature has not been updated in 5 years or more
127018647,way,last_update,28-10-2016,Feature has not been updated in 5 years or more
127018648,way,last_update,21-8-2011,Feature has not been updated in 5 years or more
127018649,way,last_update,28-10-2016,Feature has not been updated in 5 years or more
127018651,way,last_update,28-10-2016,Feature has not been updated in 5 years or more
127018652,way,last_update,31-10-2016,Feature has not been updated in 5 years or more
127018653,way,last_update,21-8-2011,Feature has not been updated in 5 years or more
127018654,way,last_update,21-8-2011,Feature has not been updated in 5 years or more
127018655,way,last_update,28-10-2016,Feature has not been updated in 5 years or more
127018656,way,last_update,28-10-2016,Feature has not been updated in 5 years or more
127018657,way,last_update,28-10-2016,Feature has not been updated in 5 years or more
127018658,way,last_update,28-10-2016,Feature has not been updated in 5 years or more
127018659,way,last_update,21-8-2011,Feature has not been updated in 5 years or more
127018660,way,last_update,31-10-2016,Feature has not been updated in 5 years or more
127018661,way,last_update,28-1-2020,Feature has not been updated in 5 years or more
127018662,way,last_update,28-10-2016,Feature has not been updated in 5 years or more
127018663,way,last_update,28-10-2016,Feature has not been updated in 5 years or more
127018664,way,last_update,28-10-2016,Feature has not been updated in 5 years or more
127018665,way,last_update,21-8-2011,Feature has not been updated in 5 years or more
127018666,way,last_update,21-8-2011,Feature has not been updated in 5 years or more
127018667,way,last_update,28-10-2016,Feature has not been updated in 5 years or more
127018668,way,last_update,28-10-2016,Feature has not been updated in 5 years or more
127018669,way,last_update,1-11-2016,Feature has not been updated in 5 years or more
127018671,way,last_update,21-8-2011,Feature has not been updated in 5 years or more
127018673,way,last_update,21-8-2011,Feature has not been updated in 5 years or more
127018674,way,last_update,21-8-2011,Feature has not been updated in 5 years or more
127018675,way,last_update,28-10-2016,Feature has not been updated in 5 years or more
127018676,way,last_update,21-8-2011,Feature has not been updated in 5 years or more
127018677,way,last_update,31-10-2016,Feature has not been updated in 5 years or more
127018678,way,last_update,28-10-2016,Feature has not been updated in 5 years or more
127018679,way,last_update,28-10-2016,Feature has not been updated in 5 years or more
127018680,way,last_update,28-10-2016,Feature has not been updated in 5 years or more
127018681,way,last_update,21-8-2011,Feature has not been updated in 5 years or more
127018682,way,last_update,21-8-2011,Feature has not been updated in 5 years or more
127018683,way,last_update,28-10-2016,Feature has not been updated in 5 years or more
127018684,way,last_update,28-10-2016,Feature has not been updated in 5 years or more
127018685,way,last_update,21-8-2011,Feature has not been updated in 5 years or more
127018686,way,last_update,21-8-2011,Feature has not been updated in 5 years or more
127018687,way,last_update,21-8-2011,Feature has not been updated in 5 years or more
127018688,way,last_update,21-8-2011,Feature has not been updated in 5 years or more
127018689,way,last_update,21-8-2011,Feature has not been updated in 5 years or more
127018690,way,last_update,21-8-2011,Feature has not been updated in 5 years or more
127018691,way,last_update,21-8-2011,Feature has not been updated in 5 years or more
127018692,way,last_update,28-10-2016,Feature has not been updated in 5 years or more
127018693,way,last_update,21-8-2011,Feature has not been updated in 5 years or more
127018694,way,last_update,21-8-2011,Feature has not been updated in 5 years or more
127018695,way,last_update,28-10-2016,Feature has not been updated in 5 years or more
127018696,way,last_update,1-11-2016,Feature has not been updated in 5 years or more
127018697,way,last_update,28-10-2016,Feature has not been updated in 5 years or more
127018699,way,last_update,28-10-2016,Feature has not been updated in 5 years or more
127018700,way,last_update,21-8-2011,Feature has not been updated in 5 years or more
127018701,way,last_update,21-8-2011,Feature has not been updated in 5 years or more
127018706,way,last_update,28-10-2016,Feature has not been updated in 5 years or more
127018714,way,last_update,28-10-2016,Feature has not been updated in 5 years or more
127018733,way,last_update,28-10-2016,Feature has not been updated in 5 years or more
127018734,way,last_update,21-8-2011,Feature has not been updated in 5 years or more
127018737,way,last_update,16-7-2018,Feature has not been updated in 5 years or more
127018739,way,last_update,28-10-2016,Feature has not been updated in 5 years or more
127018742,way,last_update,28-10-2016,Feature has not been updated in 5 years or more
127018747,way,last_update,28-10-2016,Feature has not been updated in 5 years or more
127018749,way,last_update,28-10-2016,Feature has not been updated in 5 years or more
127018755,way,last_update,28-10-2016,Feature has not been updated in 5 years or more
127018757,way,last_update,21-8-2011,Feature has not been updated in 5 years or more
127018760,way,last_update,31-10-2016,Feature has not been updated in 5 years or more
127018761,way,last_update,28-10-2016,Feature has not been updated in 5 years or more
127018773,way,last_update,31-10-2016,Feature has not been updated in 5 years or more
127018775,way,last_update,28-10-2016,Feature has not been updated in 5 years or more
127018778,way,last_update,28-1-2020,Feature has not been updated in 5 years or more
127018784,way,last_update,21-8-2011,Feature has not been updated in 5 years or more
127018785,way,last_update,21-8-2011,Feature has not been updated in 5 years or more
127018786,way,last_update,28-10-2016,Feature has not been updated in 5 years or more
127018787,way,last_update,28-10-2016,Feature has not been updated in 5 years or more
127018792,way,last_update,21-8-2011,Feature has not been updated in 5 years or more
127018793,way,last_update,28-10-2016,Feature has not been updated in 5 years or more
127018794,way,last_update,21-8-2011,Feature has not been updated in 5 years or more
127018796,way,last_update,28-10-2016,Feature has not been updated in 5 years or more
127018799,way,last_update,28-10-2016,Feature has not been updated in 5 years or more
127018803,way,last_update,31-10-2016,Feature has not been updated in 5 years or more
127018804,way,last_update,28-10-2016,Feature has not been updated in 5 years or more
127018807,way,last_update,31-10-2016,Feature has not been updated in 5 years or more
127018809,way,last_update,28-10-2016,Feature has not been updated in 5 years or more
127018815,way,last_update,28-10-2016,Feature has not been updated in 5 years or more
127018816,way,last_update,28-10-2016,Feature has not been updated in 5 years or more
127018818,way,last_update,28-10-2016,Feature has not been updated in 5 years or more
127018819,way,last_update,28-10-2016,Feature has not been updated in 5 years or more
127018821,way,last_update,31-10-2016,Feature has not been updated in 5 years or more
127018823,way,last_update,31-10-2016,Feature has not been updated in 5 years or more
127018824,way,last_update,28-10-2016,Feature has not been updated in 5 years or more
127018825,way,last_update,28-1-2020,Feature has not been updated in 5 years or more
127018826,way,last_update,28-10-2016,Feature has not been updated in 5 years or more
127018827,way,last_update,28-10-2016,Feature has not been updated in 5 years or more
127018828,way,last_update,28-10-2016,Feature has not been updated in 5 years or more
127018829,way,last_update,31-12-2012,Feature has not been updated in 5 years or more
127018830,way,last_update,31-10-2016,Feature has not been updated in 5 years or more
127018831,way,last_update,28-10-2016,Feature has not been updated in 5 years or more
127018832,way,last_update,28-10-2016,Feature has not been updated in 5 years or more
127190239,way,last_update,24-11-2018,Feature has not been updated in 5 years or more
127190241,way,last_update,22-8-2011,Feature has not been updated in 5 years or more
127190242,way,last_update,22-8-2011,Feature has not been updated in 5 years or more
127190246,way,last_update,24-11-2018,Feature has not been updated in 5 years or more
127190252,way,last_update,22-8-2011,Feature has not been updated in 5 years or more
127190253,way,last_update,22-8-2011,Feature has not been updated in 5 years or more
127190254,way,last_update,22-8-2011,Feature has not been updated in 5 years or more
127190257,way,last_update,24-11-2018,Feature has not been updated in 5 years or more
127190260,way,last_update,22-8-2011,Feature has not been updated in 5 years or more
127190265,way,last_update,22-8-2011,Feature has not been updated in 5 years or more
127190271,way,last_update,24-11-2018,Feature has not been updated in 5 years or more
127190272,way,last_update,24-11-2018,Feature has not been updated in 5 years or more
127190277,way,last_update,22-8-2011,Feature has not been updated in 5 years or more
127190280,way,last_update,24-11-2018,Feature has not been updated in 5 years or more
127190287,way,last_update,22-8-2011,Feature has not been updated in 5 years or more
127190302,way,last_update,2-9-2011,Feature has not been updated in 5 years or more
127190311,way,last_update,24-11-2018,Feature has not been updated in 5 years or more
127190323,way,last_update,22-8-2011,Feature has not been updated in 5 years or more
127190329,way,last_update,8-2-2012,Feature has not been updated in 5 years or more
127190342,way,last_update,22-8-2011,Feature has not been updated in 5 years or more
127190348,way,last_update,24-11-2018,Feature has not been updated in 5 years or more
127330202,way,last_update,23-8-2011,Feature has not been updated in 5 years or more
127330204,way,last_update,30-9-2018,Feature has not been updated in 5 years or more
127330205,way,last_update,30-9-2018,Feature has not been updated in 5 years or more
127330207,way,last_update,23-8-2011,Feature has not been updated in 5 years or more
127330208,way,last_update,1-11-2016,Feature has not been updated in 5 years or more
127330211,way,last_update,30-9-2018,Feature has not been updated in 5 years or more
127330214,way,last_update,23-8-2011,Feature has not been updated in 5 years or more
127330215,way,last_update,1-11-2016,Feature has not been updated in 5 years or more
127330216,way,last_update,23-8-2011,Feature has not been updated in 5 years or more
127330218,way,last_update,23-8-2011,Feature has not been updated in 5 years or more
127330220,way,last_update,23-8-2011,Feature has not been updated in 5 years or more
127330222,way,last_update,23-8-2011,Feature has not been updated in 5 years or more
127330225,way,last_update,1-11-2016,Feature has not been updated in 5 years or more
127330228,way,last_update,30-9-2018,Feature has not been updated in 5 years or more
127330229,way,last_update,30-9-2018,Feature has not been updated in 5 years or more
127330231,way,last_update,30-9-2018,Feature has not been updated in 5 years or more
127330232,way,last_update,23-8-2011,Feature has not been updated in 5 years or more
127330234,way,last_update,30-9-2018,Feature has not been updated in 5 years or more
127330236,way,last_update,30-9-2018,Feature has not been updated in 5 years or more
127330239,way,last_update,30-9-2018,Feature has not been updated in 5 years or more
127330240,way,last_update,23-8-2011,Feature has not been updated in 5 years or more
127330243,way,last_update,31-10-2016,Feature has not been updated in 5 years or more
127330245,way,last_update,23-8-2011,Feature has not been updated in 5 years or more
127330246,way,last_update,23-8-2011,Feature has not been updated in 5 years or more
127330247,way,last_update,23-8-2011,Feature has not been updated in 5 years or more
127330249,way,last_update,30-9-2018,Feature has not been updated in 5 years or more
127330250,way,last_update,23-8-2011,Feature has not been updated in 5 years or more
127330254,way,last_update,31-10-2016,Feature has not been updated in 5 years or more
127330255,way,last_update,30-9-2018,Feature has not been updated in 5 years or more
127330260,way,last_update,23-8-2011,Feature has not been updated in 5 years or more
127330261,way,last_update,23-8-2011,Feature has not been updated in 5 years or more
127330267,way,last_update,1-11-2016,Feature has not been updated in 5 years or more
127330268,way,last_update,31-10-2016,Feature has not been updated in 5 years or more
127330269,way,last_update,23-8-2011,Feature has not been updated in 5 years or more
127330273,way,last_update,31-10-2016,Feature has not been updated in 5 years or more
127330277,way,last_update,30-9-2018,Feature has not been updated in 5 years or more
127330278,way,last_update,1-11-2016,Feature has not been updated in 5 years or more
127330279,way,last_update,23-8-2011,Feature has not been updated in 5 years or more
127330282,way,last_update,30-9-2018,Feature has not been updated in 5 years or more
127330283,way,last_update,30-9-2018,Feature has not been updated in 5 years or more
127330284,way,last_update,31-10-2016,Feature has not been updated in 5 years or more
127330287,way,last_update,23-8-2011,Feature has not been updated in 5 years or more
127330288,way,last_update,23-8-2011,Feature has not been updated in 5 years or more
127330291,way,last_update,1-11-2016,Feature has not been updated in 5 years or more
127330292,way,last_update,23-8-2011,Feature has not been updated in 5 years or more
127330297,way,last_update,1-11-2016,Feature has not been updated in 5 years or more
127330300,way,last_update,30-9-2018,Feature has not been updated in 5 years or more
127330302,way,last_update,31-10-2016,Feature has not been updated in 5 years or more
127330311,way,last_update,31-1-2020,Feature has not been updated in 5 years or more
127330327,way,last_update,1-11-2016,Feature has not been updated in 5 years or more
127330337,way,last_update,30-9-2018,Feature has not been updated in 5 years or more
127330342,way,last_update,31-1-2020,Feature has not been updated in 5 years or more
127330343,way,last_update,31-10-2016,Feature has not been updated in 5 years or more
127330350,way,last_update,30-9-2018,Feature has not been updated in 5 years or more
127330351,way,last_update,31-10-2016,Feature has not been updated in 5 years or more
127330352,way,last_update,30-9-2018,Feature has not been updated in 5 years or more
127330355,way,last_update,30-9-2018,Feature has not been updated in 5 years or more
127330358,way,last_update,30-9-2018,Feature has not been updated in 5 years or more
127330366,way,last_update,30-9-2018,Feature has not been updated in 5 years or more
127330368,way,last_update,31-10-2016,Feature has not been updated in 5 years or more
127330369,way,last_update,30-9-2018,Feature has not been updated in 5 years or more
127330370,way,last_update,30-9-2018,Feature has not been updated in 5 years or more
127330371,way,last_update,31-10-2016,Feature has not been updated in 5 years or more
127330374,way,last_update,31-10-2016,Feature has not been updated in 5 years or more
127330375,way,last_update,31-10-2016,Feature has not been updated in 5 years or more
127330376,way,last_update,30-9-2018,Feature has not been updated in 5 years or more
127330378,way,last_update,31-1-2020,Feature has not been updated in 5 years or more
127330379,way,last_update,31-10-2016,Feature has not been updated in 5 years or more
127330380,way,last_update,31-10-2016,Feature has not been updated in 5 years or more
127330381,way,last_update,1-11-2016,Feature has not been updated in 5 years or more
128008580,way,last_update,1-11-2016,Feature has not been updated in 5 years or more
128008581,way,last_update,1-11-2016,Feature has not been updated in 5 years or more
128008582,way,last_update,28-8-2011,Feature has not been updated in 5 years or more
128008583,way,last_update,30-12-2016,Feature has not been updated in 5 years or more
128008584,way,last_update,30-12-2016,Feature has not been updated in 5 years or more
128008585,way,last_update,28-8-2011,Feature has not been updated in 5 years or more
128008586,way,last_update,28-8-2011,Feature has not been updated in 5 years or more
128008587,way,last_update,28-10-2016,Feature has not been updated in 5 years or more
128008588,way,last_update,1-11-2016,Feature has not been updated in 5 years or more
128008589,way,last_update,1-11-2016,Feature has not been updated in 5 years or more
128008590,way,last_update,28-8-2011,Feature has not been updated in 5 years or more
128008591,way,last_update,28-8-2011,Feature has not been updated in 5 years or more
128008592,way,last_update,28-8-2011,Feature has not been updated in 5 years or more
128008594,way,last_update,28-8-2011,Feature has not been updated in 5 years or more
128008596,way,last_update,28-8-2011,Feature has not been updated in 5 years or more
128008597,way,last_update,28-8-2011,Feature has not been updated in 5 years or more
128008598,way,last_update,30-12-2016,Feature has not been updated in 5 years or more
128008599,way,last_update,28-10-2016,Feature has not been updated in 5 years or more
128008600,way,last_update,28-10-2016,Feature has not been updated in 5 years or more
128008601,way,last_update,1-11-2016,Feature has not been updated in 5 years or more
128008602,way,last_update,28-10-2016,Feature has not been updated in 5 years or more
128008604,way,last_update,1-11-2016,Feature has not been updated in 5 years or more
128008605,way,last_update,1-11-2016,Feature has not been updated in 5 years or more
128008606,way,last_update,1-11-2016,Feature has not been updated in 5 years or more
128008608,way,last_update,1-11-2016,Feature has not been updated in 5 years or more
128008609,way,last_update,31-1-2020,Feature has not been updated in 5 years or more
128008611,way,last_update,28-8-2011,Feature has not been updated in 5 years or more
128008612,way,last_update,1-11-2016,Feature has not been updated in 5 years or more
128008613,way,last_update,28-10-2016,Feature has not been updated in 5 years or more
128008614,way,last_update,30-12-2016,Feature has not been updated in 5 years or more
128008615,way,last_update,28-8-2011,Feature has not been updated in 5 years or more
128008616,way,last_update,28-8-2011,Feature has not been updated in 5 years or more
128008617,way,last_update,28-8-2011,Feature has not been updated in 5 years or more
128008618,way,last_update,28-10-2016,Feature has not been updated in 5 years or more
128008620,way,last_update,1-11-2016,Feature has not been updated in 5 years or more
128008622,way,last_update,30-12-2016,Feature has not been updated in 5 years or more
128008623,way,last_update,28-10-2016,Feature has not been updated in 5 years or more
128008624,way,last_update,31-10-2016,Feature has not been updated in 5 years or more
128008627,way,last_update,28-8-2011,Feature has not been updated in 5 years or more
128008628,way,last_update,1-11-2016,Feature has not been updated in 5 years or more
128008629,way,last_update,1-11-2016,Feature has not been updated in 5 years or more
128008630,way,last_update,1-11-2016,Feature has not been updated in 5 years or more
128008632,way,last_update,1-11-2016,Feature has not been updated in 5 years or more
128008633,way,last_update,28-10-2016,Feature has not been updated in 5 years or more
128008634,way,last_update,28-8-2011,Feature has not been updated in 5 years or more
128008635,way,last_update,1-11-2016,Feature has not been updated in 5 years or more
128008636,way,last_update,1-11-2016,Feature has not been updated in 5 years or more
128008637,way,last_update,1-11-2016,Feature has not been updated in 5 years or more
128008638,way,last_update,1-11-2016,Feature has not been updated in 5 years or more
128008639,way,last_update,1-11-2016,Feature has not been updated in 5 years or more
128008640,way,last_update,28-8-2011,Feature has not been updated in 5 years or more
128008641,way,last_update,28-8-2011,Feature has not been updated in 5 years or more
128008642,way,last_update,1-11-2016,Feature has not been updated in 5 years or more
128008645,way,last_update,28-8-2011,Feature has not been updated in 5 years or more
128008650,way,last_update,1-11-2016,Feature has not been updated in 5 years or more
128008652,way,last_update,28-10-2016,Feature has not been updated in 5 years or more
128008658,way,last_update,1-11-2016,Feature has not been updated in 5 years or more
128008660,way,last_update,28-8-2011,Feature has not been updated in 5 years or more
128008661,way,last_update,30-12-2016,Feature has not been updated in 5 years or more
128008664,way,last_update,1-11-2016,Feature has not been updated in 5 years or more
128008665,way,last_update,30-12-2016,Feature has not been updated in 5 years or more
128008666,way,last_update,28-8-2011,Feature has not been updated in 5 years or more
128008668,way,last_update,28-8-2011,Feature has not been updated in 5 years or more
128008677,way,last_update,28-8-2011,Feature has not been updated in 5 years or more
128008688,way,last_update,28-8-2011,Feature has not been updated in 5 years or more
128008689,way,last_update,1-11-2016,Feature has not been updated in 5 years or more
128008690,way,last_update,28-8-2011,Feature has not been updated in 5 years or more
128008695,way,last_update,1-11-2016,Feature has not been updated in 5 years or more
128008696,way,last_update,1-11-2016,Feature has not been updated in 5 years or more
128008697,way,last_update,1-11-2016,Feature has not been updated in 5 years or more
128008698,way,last_update,30-12-2016,Feature has not been updated in 5 years or more
128008699,way,last_update,1-11-2016,Feature has not been updated in 5 years or more
128008704,way,last_update,1-11-2016,Feature has not been updated in 5 years or more
128008706,way,last_update,1-11-2016,Feature has not been updated in 5 years or more
128008708,way,last_update,28-8-2011,Feature has not been updated in 5 years or more
128008709,way,last_update,1-11-2016,Feature has not been updated in 5 years or more
128008710,way,last_update,1-11-2016,Feature has not been updated in 5 years or more
128008711,way,last_update,1-11-2016,Feature has not been updated in 5 years or more
128046275,way,last_update,9-8-2014,Feature has not been updated in 5 years or more
128046277,way,last_update,28-8-2011,Feature has not been updated in 5 years or more
128046280,way,last_update,7-11-2018,Feature has not been updated in 5 years or more
128046285,way,last_update,7-11-2018,Feature has not been updated in 5 years or more
128046287,way,last_update,22-10-2018,Feature has not been updated in 5 years or more
128046288,way,last_update,22-10-2018,Feature has not been updated in 5 years or more
128046291,way,last_update,7-11-2018,Feature has not been updated in 5 years or more
128046293,way,last_update,22-10-2018,Feature has not been updated in 5 years or more
128046302,way,last_update,7-11-2018,Feature has not been updated in 5 years or more
128046303,way,last_update,22-10-2018,Feature has not been updated in 5 years or more
128046304,way,last_update,7-11-2018,Feature has not been updated in 5 years or more
128046308,way,last_update,28-8-2011,Feature has not been updated in 5 years or more
128046310,way,last_update,7-11-2018,Feature has not been updated in 5 years or more
128046313,way,last_update,7-6-2012,Feature has not been updated in 5 years or more
128046314,way,last_update,22-10-2018,Feature has not been updated in 5 years or more
128046315,way,last_update,7-6-2012,Feature has not been updated in 5 years or more
128046318,way,last_update,22-10-2018,Feature has not been updated in 5 years or more
128046323,way,last_update,22-10-2018,Feature has not been updated in 5 years or more
128046324,way,last_update,22-10-2018,Feature has not been updated in 5 years or more
128046325,way,last_update,7-11-2018,Feature has not been updated in 5 years or more
128046329,way,last_update,7-6-2012,Feature has not been updated in 5 years or more
128046331,way,last_update,7-11-2018,Feature has not been updated in 5 years or more
128046333,way,last_update,7-11-2018,Feature has not been updated in 5 years or more
128046335,way,last_update,22-10-2018,Feature has not been updated in 5 years or more
128046337,way,last_update,22-10-2018,Feature has not been updated in 5 years or more
128046340,way,last_update,7-11-2018,Feature has not been updated in 5 years or more
128046342,way,last_update,22-10-2018,Feature has not been updated in 5 years or more
128046346,way,last_update,7-11-2018,Feature has not been updated in 5 years or more
128046347,way,last_update,7-11-2018,Feature has not been updated in 5 years or more
128046352,way,last_update,28-8-2011,Feature has not been updated in 5 years or more
128046353,way,last_update,22-10-2018,Feature has not been updated in 5 years or more
128046357,way,last_update,28-8-2011,Feature has not been updated in 5 years or more
128046358,way,last_update,22-10-2018,Feature has not been updated in 5 years or more
128046360,way,last_update,13-4-2021,Feature has not been updated in 5 years or more
128046363,way,last_update,7-6-2012,Feature has not been updated in 5 years or more
128046366,way,last_update,7-11-2018,Feature has not been updated in 5 years or more
128046367,way,last_update,7-11-2018,Feature has not been updated in 5 years or more
128046370,way,last_update,28-8-2011,Feature has not been updated in 5 years or more
128046371,way,last_update,7-11-2018,Feature has not been updated in 5 years or more
128046373,way,last_update,28-8-2011,Feature has not been updated in 5 years or more
128046376,way,last_update,7-11-2018,Feature has not been updated in 5 years or more
128046377,way,last_update,7-11-2018,Feature has not been updated in 5 years or more
128046379,way,last_update,7-11-2018,Feature has not been updated in 5 years or more
128046385,way,last_update,7-11-2018,Feature has not been updated in 5 years or more
128046387,way,last_update,22-10-2018,Feature has not been updated in 5 years or more
128046390,way,last_update,7-11-2018,Feature has not been updated in 5 years or more
128046393,way,last_update,7-11-2018,Feature has not been updated in 5 years or more
128046483,way,last_update,13-4-2021,Feature has not been updated in 5 years or more
128046493,way,last_update,7-11-2018,Feature has not been updated in 5 years or more
128046495,way,last_update,22-10-2018,Feature has not been updated in 5 years or more
128046501,way,last_update,7-11-2018,Feature has not been updated in 5 years or more
128046511,way,last_update,7-11-2018,Feature has not been updated in 5 years or more
128046538,way,last_update,28-8-2011,Feature has not been updated in 5 years or more
128046540,way,last_update,20-11-2012,Feature has not been updated in 5 years or more
128046544,way,last_update,7-11-2018,Feature has not been updated in 5 years or more
128046547,way,last_update,7-11-2018,Feature has not been updated in 5 years or more
128046555,way,last_update,7-11-2018,Feature has not been updated in 5 years or more
128046557,way,last_update,7-11-2018,Feature has not been updated in 5 years or more
128171046,way,last_update,29-8-2011,Feature has not been updated in 5 years or more
128171047,way,last_update,29-8-2011,Feature has not been updated in 5 years or more
128171048,way,last_update,29-8-2011,Feature has not been updated in 5 years or more
128171049,way,last_update,29-8-2011,Feature has not been updated in 5 years or more
128171050,way,last_update,29-8-2011,Feature has not been updated in 5 years or more
128171051,way,last_update,29-8-2011,Feature has not been updated in 5 years or more
128171052,way,last_update,14-10-2019,Feature has not been updated in 5 years or more
128171053,way,last_update,29-8-2011,Feature has not been updated in 5 years or more
128171055,way,last_update,29-8-2011,Feature has not been updated in 5 years or more
128171056,way,last_update,29-8-2011,Feature has not been updated in 5 years or more
128171057,way,last_update,10-6-2012,Feature has not been updated in 5 years or more
128171058,way,last_update,29-8-2011,Feature has not been updated in 5 years or more
128171059,way,last_update,29-8-2011,Feature has not been updated in 5 years or more
128171060,way,last_update,29-8-2011,Feature has not been updated in 5 years or more
128171061,way,last_update,29-8-2011,Feature has not been updated in 5 years or more
128171062,way,last_update,29-8-2011,Feature has not been updated in 5 years or more
128171063,way,last_update,29-8-2011,Feature has not been updated in 5 years or more
128171064,way,last_update,29-8-2011,Feature has not been updated in 5 years or more
128171067,way,last_update,29-8-2011,Feature has not been updated in 5 years or more
128171068,way,last_update,29-8-2011,Feature has not been updated in 5 years or more
128171069,way,last_update,29-8-2011,Feature has not been updated in 5 years or more
128171070,way,last_update,29-8-2011,Feature has not been updated in 5 years or more
128171071,way,last_update,29-8-2011,Feature has not been updated in 5 years or more
128171072,way,last_update,29-8-2011,Feature has not been updated in 5 years or more
128171073,way,last_update,29-8-2011,Feature has not been updated in 5 years or more
128171074,way,last_update,29-8-2011,Feature has not been updated in 5 years or more
128171075,way,last_update,29-8-2011,Feature has not been updated in 5 years or more
128171076,way,last_update,29-8-2011,Feature has not been updated in 5 years or more
128171077,way,last_update,29-8-2011,Feature has not been updated in 5 years or more
128171078,way,last_update,29-8-2011,Feature has not been updated in 5 years or more
128171079,way,last_update,29-8-2011,Feature has not been updated in 5 years or more
128171091,way,last_update,30-8-2011,Feature has not been updated in 5 years or more
128171096,way,last_update,30-8-2011,Feature has not been updated in 5 years or more
128171098,way,last_update,29-8-2011,Feature has not been updated in 5 years or more
128171101,way,last_update,29-8-2011,Feature has not been updated in 5 years or more
128171102,way,last_update,29-8-2011,Feature has not been updated in 5 years or more
128171103,way,last_update,29-8-2011,Feature has not been updated in 5 years or more
128171112,way,last_update,29-8-2011,Feature has not been updated in 5 years or more
128171113,way,last_update,8-2-2012,Feature has not been updated in 5 years or more
128171116,way,last_update,29-8-2011,Feature has not been updated in 5 years or more
128171118,way,last_update,29-8-2011,Feature has not been updated in 5 years or more
128171121,way,last_update,29-8-2011,Feature has not been updated in 5 years or more
128171122,way,last_update,31-3-2012,Feature has not been updated in 5 years or more
128171124,way,last_update,29-8-2011,Feature has not been updated in 5 years or more
128171125,way,last_update,29-8-2011,Feature has not been updated in 5 years or more
128171127,way,last_update,29-8-2011,Feature has not been updated in 5 years or more
128171128,way,last_update,3-10-2014,Feature has not been updated in 5 years or more
128171131,way,last_update,19-11-2016,Feature has not been updated in 5 years or more
128171132,way,last_update,29-8-2011,Feature has not been updated in 5 years or more
128171134,way,last_update,29-8-2011,Feature has not been updated in 5 years or more
128171136,way,last_update,31-3-2012,Feature has not been updated in 5 years or more
128183761,way,last_update,4-9-2016,Feature has not been updated in 5 years or more
128183764,way,last_update,4-9-2016,Feature has not been updated in 5 years or more
128183769,way,last_update,22-10-2018,Feature has not been updated in 5 years or more
128183776,way,last_update,29-8-2011,Feature has not been updated in 5 years or more
128183787,way,last_update,30-9-2011,Feature has not been updated in 5 years or more
128183819,way,last_update,13-1-2013,Feature has not been updated in 5 years or more
128183820,way,last_update,3-12-2011,Feature has not been updated in 5 years or more
128277984,way,last_update,1-9-2011,Feature has not been updated in 5 years or more
128277987,way,last_update,30-8-2011,Feature has not been updated in 5 years or more
128277992,way,last_update,30-8-2011,Feature has not been updated in 5 years or more
128277993,way,last_update,30-8-2011,Feature has not been updated in 5 years or more
128277995,way,last_update,21-10-2012,Feature has not been updated in 5 years or more
128278000,way,last_update,30-8-2011,Feature has not been updated in 5 years or more
128278001,way,last_update,30-8-2011,Feature has not been updated in 5 years or more
128278005,way,last_update,30-8-2011,Feature has not been updated in 5 years or more
128278007,way,last_update,14-8-2013,Feature has not been updated in 5 years or more
128278009,way,last_update,30-8-2011,Feature has not been updated in 5 years or more
128278010,way,last_update,14-8-2013,Feature has not been updated in 5 years or more
128278011,way,last_update,14-8-2013,Feature has not been updated in 5 years or more
128278014,way,last_update,14-8-2013,Feature has not been updated in 5 years or more
128278015,way,last_update,30-8-2011,Feature has not been updated in 5 years or more
128278016,way,last_update,30-8-2011,Feature has not been updated in 5 years or more
128278017,way,last_update,14-8-2013,Feature has not been updated in 5 years or more
128278018,way,last_update,30-8-2011,Feature has not been updated in 5 years or more
128278019,way,last_update,30-8-2011,Feature has not been updated in 5 years or more
128278020,way,last_update,14-8-2013,Feature has not been updated in 5 years or more
128278021,way,last_update,30-8-2011,Feature has not been updated in 5 years or more
128278022,way,last_update,14-8-2013,Feature has not been updated in 5 years or more
128278023,way,last_update,12-2-2013,Feature has not been updated in 5 years or more
128278025,way,last_update,30-8-2011,Feature has not been updated in 5 years or more
128278026,way,last_update,30-8-2011,Feature has not been updated in 5 years or more
128278027,way,last_update,8-10-2019,Feature has not been updated in 5 years or more
128278029,way,last_update,30-8-2011,Feature has not been updated in 5 years or more
128278031,way,last_update,30-8-2011,Feature has not been updated in 5 years or more
128278032,way,last_update,30-8-2011,Feature has not been updated in 5 years or more
128278033,way,last_update,30-8-2011,Feature has not been updated in 5 years or more
128278035,way,last_update,30-8-2011,Feature has not been updated in 5 years or more
128278049,way,last_update,30-8-2011,Feature has not been updated in 5 years or more
128278050,way,last_update,14-8-2013,Feature has not been updated in 5 years or more
128278052,way,last_update,30-8-2011,Feature has not been updated in 5 years or more
128278053,way,last_update,30-8-2011,Feature has not been updated in 5 years or more
128278065,way,last_update,30-8-2011,Feature has not been updated in 5 years or more
128278070,way,last_update,30-8-2011,Feature has not been updated in 5 years or more
128278072,way,last_update,30-8-2011,Feature has not been updated in 5 years or more
128278087,way,last_update,30-8-2011,Feature has not been updated in 5 years or more
128278091,way,last_update,30-8-2011,Feature has not been updated in 5 years or more
128278093,way,last_update,8-10-2019,Feature has not been updated in 5 years or more
128278094,way,last_update,30-8-2011,Feature has not been updated in 5 years or more
128278098,way,last_update,30-8-2011,Feature has not been updated in 5 years or more
128278099,way,last_update,30-8-2011,Feature has not been updated in 5 years or more
128278101,way,last_update,30-8-2011,Feature has not been updated in 5 years or more
128278106,way,last_update,21-10-2012,Feature has not been updated in 5 years or more
128278108,way,last_update,14-8-2013,Feature has not been updated in 5 years or more
128278109,way,last_update,30-8-2011,Feature has not been updated in 5 years or more
128278110,way,last_update,30-8-2011,Feature has not been updated in 5 years or more
128278112,way,last_update,30-8-2011,Feature has not been updated in 5 years or more
128278114,way,last_update,30-8-2011,Feature has not been updated in 5 years or more
128396359,way,last_update,31-8-2011,Feature has not been updated in 5 years or more
128396360,way,last_update,31-8-2011,Feature has not been updated in 5 years or more
128396373,way,last_update,31-8-2011,Feature has not been updated in 5 years or more
128396379,way,last_update,31-8-2011,Feature has not been updated in 5 years or more
128396382,way,last_update,25-1-2014,Feature has not been updated in 5 years or more
128396385,way,last_update,31-8-2011,Feature has not been updated in 5 years or more
128396386,way,last_update,31-8-2011,Feature has not been updated in 5 years or more
128396387,way,last_update,31-8-2011,Feature has not been updated in 5 years or more
128396388,way,last_update,31-8-2011,Feature has not been updated in 5 years or more
128396390,way,last_update,31-8-2011,Feature has not been updated in 5 years or more
128396391,way,last_update,31-8-2011,Feature has not been updated in 5 years or more
128396392,way,last_update,31-8-2011,Feature has not been updated in 5 years or more
128396393,way,last_update,31-8-2011,Feature has not been updated in 5 years or more
128396395,way,last_update,31-8-2011,Feature has not been updated in 5 years or more
128396396,way,last_update,31-8-2011,Feature has not been updated in 5 years or more
128396397,way,last_update,31-8-2011,Feature has not been updated in 5 years or more
128396398,way,last_update,17-2-2020,Feature has not been updated in 5 years or more
128396399,way,last_update,31-8-2011,Feature has not been updated in 5 years or more
128396400,way,last_update,31-8-2011,Feature has not been updated in 5 years or more
128396401,way,last_update,31-8-2011,Feature has not been updated in 5 years or more
128396403,way,last_update,31-8-2011,Feature has not been updated in 5 years or more
128396404,way,last_update,31-8-2011,Feature has not been updated in 5 years or more
128396405,way,last_update,31-8-2011,Feature has not been updated in 5 years or more
128396406,way,last_update,31-8-2011,Feature has not been updated in 5 years or more
128396407,way,last_update,31-8-2011,Feature has not been updated in 5 years or more
128396409,way,last_update,31-8-2011,Feature has not been updated in 5 years or more
128396410,way,last_update,17-2-2020,Feature has not been updated in 5 years or more
128396411,way,last_update,31-8-2011,Feature has not been updated in 5 years or more
128396415,way,last_update,31-8-2011,Feature has not been updated in 5 years or more
128396416,way,last_update,31-8-2011,Feature has not been updated in 5 years or more
128396417,way,last_update,31-8-2011,Feature has not been updated in 5 years or more
128396418,way,last_update,31-8-2011,Feature has not been updated in 5 years or more
128396419,way,last_update,31-8-2011,Feature has not been updated in 5 years or more
128396420,way,last_update,31-8-2011,Feature has not been updated in 5 years or more
128396421,way,last_update,31-8-2011,Feature has not been updated in 5 years or more
128396422,way,last_update,31-8-2011,Feature has not been updated in 5 years or more
128396424,way,last_update,31-8-2011,Feature has not been updated in 5 years or more
128396425,way,last_update,31-8-2011,Feature has not been updated in 5 years or more
128396426,way,last_update,31-8-2011,Feature has not been updated in 5 years or more
128396427,way,last_update,7-2-2015,Feature has not been updated in 5 years or more
128396432,way,last_update,31-8-2011,Feature has not been updated in 5 years or more
128396452,way,last_update,17-5-2020,Feature has not been updated in 5 years or more
128396453,way,last_update,31-8-2011,Feature has not been updated in 5 years or more
128396455,way,last_update,31-8-2011,Feature has not been updated in 5 years or more
128396464,way,last_update,8-6-2013,Feature has not been updated in 5 years or more
128396468,way,last_update,2-2-2014,Feature has not been updated in 5 years or more
128396469,way,last_update,31-8-2011,Feature has not been updated in 5 years or more
128396471,way,last_update,5-7-2012,Feature has not been updated in 5 years or more
128396474,way,last_update,6-4-2020,Feature has not been updated in 5 years or more
128396475,way,last_update,4-7-2012,Feature has not been updated in 5 years or more
128396485,way,last_update,31-8-2011,Feature has not been updated in 5 years or more
128396487,way,last_update,31-8-2011,Feature has not been updated in 5 years or more
128396489,way,last_update,31-8-2011,Feature has not been updated in 5 years or more
128396491,way,last_update,31-8-2011,Feature has not been updated in 5 years or more
128396493,way,last_update,31-8-2011,Feature has not been updated in 5 years or more
128396494,way,last_update,31-8-2011,Feature has not been updated in 5 years or more
128396500,way,last_update,31-1-2020,Feature has not been updated in 5 years or more
128396509,way,last_update,31-8-2011,Feature has not been updated in 5 years or more
128396514,way,last_update,31-8-2011,Feature has not been updated in 5 years or more
128396523,way,last_update,20-4-2020,Feature has not been updated in 5 years or more
128396529,way,last_update,25-5-2020,Feature has not been updated in 5 years or more
128396531,way,last_update,18-1-2014,Feature has not been updated in 5 years or more
128396532,way,last_update,31-8-2011,Feature has not been updated in 5 years or more
128396533,way,last_update,31-8-2011,Feature has not been updated in 5 years or more
128396534,way,last_update,31-8-2011,Feature has not been updated in 5 years or more
128396535,way,last_update,6-1-2016,Feature has not been updated in 5 years or more
128396537,way,last_update,31-8-2011,Feature has not been updated in 5 years or more
128486374,way,last_update,12-5-2013,Feature has not been updated in 5 years or more
128486387,way,last_update,1-9-2011,Feature has not been updated in 5 years or more
128486394,way,last_update,1-9-2011,Feature has not been updated in 5 years or more
128486396,way,last_update,8-2-2012,Feature has not been updated in 5 years or more
128486401,way,last_update,1-9-2011,Feature has not been updated in 5 years or more
128486404,way,last_update,1-9-2011,Feature has not been updated in 5 years or more
128486407,way,last_update,1-9-2011,Feature has not been updated in 5 years or more
128486410,way,last_update,1-9-2011,Feature has not been updated in 5 years or more
128486414,way,last_update,1-9-2011,Feature has not been updated in 5 years or more
128486433,way,last_update,3-9-2019,Feature has not been updated in 5 years or more
128486436,way,last_update,1-9-2011,Feature has not been updated in 5 years or more
128486446,way,last_update,1-9-2011,Feature has not been updated in 5 years or more
128486451,way,last_update,1-9-2011,Feature has not been updated in 5 years or more
128486460,way,last_update,3-9-2019,Feature has not been updated in 5 years or more
128486465,way,last_update,1-9-2011,Feature has not been updated in 5 years or more
128486470,way,last_update,1-9-2011,Feature has not been updated in 5 years or more
128486495,way,last_update,13-10-2013,Feature has not been updated in 5 years or more
128486496,way,last_update,1-9-2011,Feature has not been updated in 5 years or more
128486500,way,last_update,1-9-2011,Feature has not been updated in 5 years or more
128486507,way,last_update,1-9-2011,Feature has not been updated in 5 years or more
128486508,way,last_update,1-9-2011,Feature has not been updated in 5 years or more
128486520,way,last_update,1-9-2011,Feature has not been updated in 5 years or more
128486522,way,last_update,1-9-2011,Feature has not been updated in 5 years or more
128489363,way,last_update,3-9-2019,Feature has not been updated in 5 years or more
128576014,way,last_update,2-9-2011,Feature has not been updated in 5 years or more
128576015,way,last_update,2-9-2011,Feature has not been updated in 5 years or more
128576016,way,last_update,2-9-2011,Feature has not been updated in 5 years or more
128576022,way,last_update,2-9-2011,Feature has not been updated in 5 years or more
128576025,way,last_update,2-9-2011,Feature has not been updated in 5 years or more
128576026,way,last_update,12-9-2011,Feature has not been updated in 5 years or more
128576028,way,last_update,12-9-2011,Feature has not been updated in 5 years or more
128600773,way,last_update,2-9-2011,Feature has not been updated in 5 years or more
128600774,way,last_update,2-9-2011,Feature has not been updated in 5 years or more
128600775,way,last_update,2-9-2011,Feature has not been updated in 5 years or more
128600785,way,last_update,2-9-2011,Feature has not been updated in 5 years or more
128600792,way,last_update,2-9-2011,Feature has not been updated in 5 years or more
128600793,way,last_update,2-9-2011,Feature has not been updated in 5 years or more
128600804,way,last_update,24-11-2018,Feature has not been updated in 5 years or more
128600815,way,last_update,2-9-2011,Feature has not been updated in 5 years or more
128600829,way,last_update,2-9-2011,Feature has not been updated in 5 years or more
128600836,way,last_update,2-9-2011,Feature has not been updated in 5 years or more
128600838,way,last_update,19-11-2016,Feature has not been updated in 5 years or more
129077841,way,last_update,9-6-2012,Feature has not been updated in 5 years or more
129077842,way,last_update,4-11-2016,Feature has not been updated in 5 years or more
129077843,way,last_update,4-2-2020,Feature has not been updated in 5 years or more
129077846,way,last_update,4-11-2016,Feature has not been updated in 5 years or more
129077847,way,last_update,6-9-2011,Feature has not been updated in 5 years or more
129077848,way,last_update,6-9-2011,Feature has not been updated in 5 years or more
129077850,way,last_update,6-9-2011,Feature has not been updated in 5 years or more
129077859,way,last_update,4-11-2016,Feature has not been updated in 5 years or more
129209773,way,last_update,14-10-2019,Feature has not been updated in 5 years or more
129209777,way,last_update,7-9-2011,Feature has not been updated in 5 years or more
129209782,way,last_update,7-9-2011,Feature has not been updated in 5 years or more
129209783,way,last_update,7-9-2011,Feature has not been updated in 5 years or more
129209787,way,last_update,14-10-2019,Feature has not been updated in 5 years or more
129209790,way,last_update,7-9-2011,Feature has not been updated in 5 years or more
129209792,way,last_update,7-9-2011,Feature has not been updated in 5 years or more
129209796,way,last_update,7-9-2011,Feature has not been updated in 5 years or more
129209797,way,last_update,14-10-2019,Feature has not been updated in 5 years or more
129209802,way,last_update,7-9-2011,Feature has not been updated in 5 years or more
129209805,way,last_update,14-10-2019,Feature has not been updated in 5 years or more
129209814,way,last_update,7-9-2011,Feature has not been updated in 5 years or more
129209816,way,last_update,7-9-2011,Feature has not been updated in 5 years or more
129209818,way,last_update,7-9-2011,Feature has not been updated in 5 years or more
129209819,way,last_update,7-9-2011,Feature has not been updated in 5 years or more
129209824,way,last_update,7-9-2011,Feature has not been updated in 5 years or more
129209826,way,last_update,7-9-2011,Feature has not been updated in 5 years or more
129209830,way,last_update,7-9-2011,Feature has not been updated in 5 years or more
129209831,way,last_update,7-9-2011,Feature has not been updated in 5 years or more
129209832,way,last_update,7-9-2011,Feature has not been updated in 5 years or more
129209836,way,last_update,7-9-2011,Feature has not been updated in 5 years or more
129209837,way,last_update,7-9-2011,Feature has not been updated in 5 years or more
129209839,way,last_update,7-9-2011,Feature has not been updated in 5 years or more
129209843,way,last_update,7-9-2011,Feature has not been updated in 5 years or more
129209844,way,last_update,7-9-2011,Feature has not been updated in 5 years or more
129209850,way,last_update,7-9-2011,Feature has not been updated in 5 years or more
129209851,way,last_update,7-9-2011,Feature has not been updated in 5 years or more
129209853,way,last_update,7-9-2011,Feature has not been updated in 5 years or more
129209858,way,last_update,7-9-2011,Feature has not been updated in 5 years or more
129209859,way,last_update,7-9-2011,Feature has not been updated in 5 years or more
129209860,way,last_update,14-10-2019,Feature has not been updated in 5 years or more
129209861,way,last_update,7-9-2011,Feature has not been updated in 5 years or more
129209862,way,last_update,14-10-2019,Feature has not been updated in 5 years or more
129209863,way,last_update,7-9-2011,Feature has not been updated in 5 years or more
129209867,way,last_update,7-9-2011,Feature has not been updated in 5 years or more
129209870,way,last_update,7-9-2011,Feature has not been updated in 5 years or more
129209873,way,last_update,7-9-2011,Feature has not been updated in 5 years or more
129209874,way,last_update,18-8-2013,Feature has not been updated in 5 years or more
129209876,way,last_update,21-10-2012,Feature has not been updated in 5 years or more
129209882,way,last_update,19-10-2016,Feature has not been updated in 5 years or more
129209910,way,last_update,7-9-2011,Feature has not been updated in 5 years or more
129209925,way,last_update,24-7-2012,Feature has not been updated in 5 years or more
129209929,way,last_update,7-9-2011,Feature has not been updated in 5 years or more
129209930,way,last_update,14-10-2019,Feature has not been updated in 5 years or more
129209933,way,last_update,19-10-2016,Feature has not been updated in 5 years or more
129209934,way,last_update,7-9-2011,Feature has not been updated in 5 years or more
129209938,way,last_update,19-10-2016,Feature has not been updated in 5 years or more
129209940,way,last_update,18-9-2011,Feature has not been updated in 5 years or more
129614136,way,last_update,11-9-2011,Feature has not been updated in 5 years or more
129614139,way,last_update,11-9-2011,Feature has not been updated in 5 years or more
129751728,way,last_update,12-2-2013,Feature has not been updated in 5 years or more
129751729,way,last_update,12-9-2011,Feature has not been updated in 5 years or more
129751731,way,last_update,12-9-2011,Feature has not been updated in 5 years or more
129751732,way,last_update,12-9-2011,Feature has not been updated in 5 years or more
129751736,way,last_update,12-9-2011,Feature has not been updated in 5 years or more
129751738,way,last_update,12-9-2011,Feature has not been updated in 5 years or more
129751740,way,last_update,24-11-2018,Feature has not been updated in 5 years or more
129751747,way,last_update,12-2-2013,Feature has not been updated in 5 years or more
129751751,way,last_update,12-2-2013,Feature has not been updated in 5 years or more
129751752,way,last_update,6-8-2018,Feature has not been updated in 5 years or more
129751759,way,last_update,14-8-2013,Feature has not been updated in 5 years or more
129765641,way,last_update,12-10-2011,Feature has not been updated in 5 years or more
129765643,way,last_update,21-11-2012,Feature has not been updated in 5 years or more
129765645,way,last_update,12-9-2011,Feature has not been updated in 5 years or more
129765652,way,last_update,12-9-2011,Feature has not been updated in 5 years or more
129765653,way,last_update,12-9-2011,Feature has not been updated in 5 years or more
129765659,way,last_update,12-9-2011,Feature has not been updated in 5 years or more
129765661,way,last_update,12-9-2011,Feature has not been updated in 5 years or more
129765664,way,last_update,12-9-2011,Feature has not been updated in 5 years or more
129765665,way,last_update,16-11-2018,Feature has not been updated in 5 years or more
129765670,way,last_update,12-9-2011,Feature has not been updated in 5 years or more
129765679,way,last_update,12-9-2011,Feature has not been updated in 5 years or more
129765680,way,last_update,12-9-2011,Feature has not been updated in 5 years or more
129765681,way,last_update,16-11-2018,Feature has not been updated in 5 years or more
129765683,way,last_update,21-11-2012,Feature has not been updated in 5 years or more
129765687,way,last_update,12-9-2011,Feature has not been updated in 5 years or more
129765690,way,last_update,12-9-2011,Feature has not been updated in 5 years or more
129765691,way,last_update,12-9-2011,Feature has not been updated in 5 years or more
129765692,way,last_update,12-9-2011,Feature has not been updated in 5 years or more
129765694,way,last_update,12-9-2011,Feature has not been updated in 5 years or more
129765699,way,last_update,12-9-2011,Feature has not been updated in 5 years or more
129765703,way,last_update,12-9-2011,Feature has not been updated in 5 years or more
129765709,way,last_update,12-9-2011,Feature has not been updated in 5 years or more
129765711,way,last_update,12-9-2011,Feature has not been updated in 5 years or more
129765712,way,last_update,12-9-2011,Feature has not been updated in 5 years or more
129765713,way,last_update,12-9-2011,Feature has not been updated in 5 years or more
129765717,way,last_update,12-9-2011,Feature has not been updated in 5 years or more
129765722,way,last_update,12-9-2011,Feature has not been updated in 5 years or more
129765728,way,last_update,16-11-2018,Feature has not been updated in 5 years or more
129765729,way,last_update,12-9-2011,Feature has not been updated in 5 years or more
129765730,way,last_update,12-9-2011,Feature has not been updated in 5 years or more
129765736,way,last_update,12-9-2011,Feature has not been updated in 5 years or more
129765739,way,last_update,12-9-2011,Feature has not been updated in 5 years or more
129765748,way,last_update,16-11-2018,Feature has not been updated in 5 years or more
129765753,way,last_update,12-9-2011,Feature has not been updated in 5 years or more
129765754,way,last_update,12-9-2011,Feature has not been updated in 5 years or more
129765760,way,last_update,12-9-2011,Feature has not been updated in 5 years or more
129765768,way,last_update,12-9-2011,Feature has not been updated in 5 years or more
129765769,way,last_update,12-9-2011,Feature has not been updated in 5 years or more
129765770,way,last_update,12-9-2011,Feature has not been updated in 5 years or more
129765773,way,last_update,12-9-2011,Feature has not been updated in 5 years or more
129765776,way,last_update,16-11-2018,Feature has not been updated in 5 years or more
129765780,way,last_update,16-11-2018,Feature has not been updated in 5 years or more
129765783,way,last_update,12-9-2011,Feature has not been updated in 5 years or more
129765787,way,last_update,12-9-2011,Feature has not been updated in 5 years or more
129765790,way,last_update,12-9-2011,Feature has not been updated in 5 years or more
129765792,way,last_update,12-9-2011,Feature has not been updated in 5 years or more
129836034,way,last_update,13-9-2011,Feature has not been updated in 5 years or more
129836037,way,last_update,13-9-2011,Feature has not been updated in 5 years or more
129836039,way,last_update,13-9-2011,Feature has not been updated in 5 years or more
129836048,way,last_update,13-9-2011,Feature has not been updated in 5 years or more
129836052,way,last_update,13-9-2011,Feature has not been updated in 5 years or more
129836053,way,last_update,13-9-2011,Feature has not been updated in 5 years or more
129836054,way,last_update,13-9-2011,Feature has not been updated in 5 years or more
129836056,way,last_update,13-9-2011,Feature has not been updated in 5 years or more
129836057,way,last_update,13-9-2011,Feature has not been updated in 5 years or more
129836060,way,last_update,13-9-2011,Feature has not been updated in 5 years or more
129836063,way,last_update,13-9-2011,Feature has not been updated in 5 years or more
129836064,way,last_update,13-9-2011,Feature has not been updated in 5 years or more
129836067,way,last_update,13-9-2011,Feature has not been updated in 5 years or more
129836069,way,last_update,2-10-2016,Feature has not been updated in 5 years or more
129836070,way,last_update,13-9-2011,Feature has not been updated in 5 years or more
129836074,way,last_update,13-9-2011,Feature has not been updated in 5 years or more
129836075,way,last_update,13-9-2011,Feature has not been updated in 5 years or more
129836081,way,last_update,13-9-2011,Feature has not been updated in 5 years or more
129836084,way,last_update,13-9-2011,Feature has not been updated in 5 years or more
129836093,way,last_update,13-9-2011,Feature has not been updated in 5 years or more
129836119,way,last_update,13-9-2011,Feature has not been updated in 5 years or more
130371492,way,last_update,4-9-2016,Feature has not been updated in 5 years or more
130371517,way,last_update,4-9-2016,Feature has not been updated in 5 years or more
130404284,way,last_update,13-10-2013,Feature has not been updated in 5 years or more
130404286,way,last_update,7-10-2019,Feature has not been updated in 5 years or more
130404287,way,last_update,7-10-2019,Feature has not been updated in 5 years or more
130404288,way,last_update,7-10-2019,Feature has not been updated in 5 years or more
130404289,way,last_update,7-10-2019,Feature has not been updated in 5 years or more
130404290,way,last_update,18-9-2011,Feature has not been updated in 5 years or more
130404293,way,last_update,7-10-2019,Feature has not been updated in 5 years or more
130404296,way,last_update,18-9-2011,Feature has not been updated in 5 years or more
130404297,way,last_update,7-10-2019,Feature has not been updated in 5 years or more
130404299,way,last_update,18-9-2011,Feature has not been updated in 5 years or more
130404300,way,last_update,18-9-2011,Feature has not been updated in 5 years or more
130404303,way,last_update,18-9-2011,Feature has not been updated in 5 years or more
130404304,way,last_update,18-9-2011,Feature has not been updated in 5 years or more
130404306,way,last_update,18-9-2011,Feature has not been updated in 5 years or more
130404307,way,last_update,7-10-2019,Feature has not been updated in 5 years or more
130404308,way,last_update,13-11-2011,Feature has not been updated in 5 years or more
130404312,way,last_update,18-9-2011,Feature has not been updated in 5 years or more
130404314,way,last_update,7-10-2019,Feature has not been updated in 5 years or more
130404315,way,last_update,7-10-2019,Feature has not been updated in 5 years or more
130404316,way,last_update,18-9-2011,Feature has not been updated in 5 years or more
130404317,way,last_update,18-9-2011,Feature has not been updated in 5 years or more
130404318,way,last_update,7-10-2019,Feature has not been updated in 5 years or more
130404319,way,last_update,18-9-2011,Feature has not been updated in 5 years or more
130404321,way,last_update,18-9-2011,Feature has not been updated in 5 years or more
130404323,way,last_update,7-10-2019,Feature has not been updated in 5 years or more
130404324,way,last_update,18-9-2011,Feature has not been updated in 5 years or more
130404325,way,last_update,7-10-2019,Feature has not been updated in 5 years or more
130404328,way,last_update,18-9-2011,Feature has not been updated in 5 years or more
130404331,way,last_update,7-10-2019,Feature has not been updated in 5 years or more
130404332,way,last_update,7-10-2019,Feature has not been updated in 5 years or more
130404333,way,last_update,7-10-2019,Feature has not been updated in 5 years or more
130404334,way,last_update,18-9-2011,Feature has not been updated in 5 years or more
130404335,way,last_update,18-9-2011,Feature has not been updated in 5 years or more
130404337,way,last_update,18-9-2011,Feature has not been updated in 5 years or more
130404338,way,last_update,7-10-2019,Feature has not been updated in 5 years or more
130404340,way,last_update,14-10-2019,Feature has not been updated in 5 years or more
130404341,way,last_update,18-9-2011,Feature has not been updated in 5 years or more
130404342,way,last_update,18-9-2011,Feature has not been updated in 5 years or more
130404347,way,last_update,7-10-2019,Feature has not been updated in 5 years or more
130404348,way,last_update,7-10-2019,Feature has not been updated in 5 years or more
130404352,way,last_update,7-10-2019,Feature has not been updated in 5 years or more
130404355,way,last_update,18-9-2011,Feature has not been updated in 5 years or more
130404357,way,last_update,7-10-2019,Feature has not been updated in 5 years or more
130404369,way,last_update,7-10-2019,Feature has not been updated in 5 years or more
130404372,way,last_update,18-9-2011,Feature has not been updated in 5 years or more
130404375,way,last_update,18-9-2011,Feature has not been updated in 5 years or more
130404380,way,last_update,18-9-2011,Feature has not been updated in 5 years or more
130404402,way,last_update,7-10-2019,Feature has not been updated in 5 years or more
130404404,way,last_update,7-10-2019,Feature has not been updated in 5 years or more
130404406,way,last_update,18-9-2011,Feature has not been updated in 5 years or more
130404419,way,last_update,7-10-2019,Feature has not been updated in 5 years or more
130404420,way,last_update,7-10-2019,Feature has not been updated in 5 years or more
130404421,way,last_update,18-9-2011,Feature has not been updated in 5 years or more
130404424,way,last_update,13-11-2011,Feature has not been updated in 5 years or more
130523763,way,last_update,19-9-2011,Feature has not been updated in 5 years or more
130523769,way,last_update,7-10-2019,Feature has not been updated in 5 years or more
130523771,way,last_update,19-9-2011,Feature has not been updated in 5 years or more
130523775,way,last_update,19-9-2011,Feature has not been updated in 5 years or more
130523779,way,last_update,19-9-2011,Feature has not been updated in 5 years or more
130523781,way,last_update,19-9-2011,Feature has not been updated in 5 years or more
130523782,way,last_update,7-10-2019,Feature has not been updated in 5 years or more
130523784,way,last_update,19-9-2011,Feature has not been updated in 5 years or more
130523786,way,last_update,19-9-2011,Feature has not been updated in 5 years or more
130523787,way,last_update,19-9-2011,Feature has not been updated in 5 years or more
130523788,way,last_update,19-9-2011,Feature has not been updated in 5 years or more
130523796,way,last_update,19-9-2011,Feature has not been updated in 5 years or more
130523801,way,last_update,19-9-2011,Feature has not been updated in 5 years or more
130523802,way,last_update,19-9-2011,Feature has not been updated in 5 years or more
130523803,way,last_update,7-10-2019,Feature has not been updated in 5 years or more
130523808,way,last_update,7-10-2019,Feature has not been updated in 5 years or more
130523809,way,last_update,10-2-2013,Feature has not been updated in 5 years or more
130523811,way,last_update,7-10-2019,Feature has not been updated in 5 years or more
130523812,way,last_update,19-9-2011,Feature has not been updated in 5 years or more
130523815,way,last_update,19-9-2011,Feature has not been updated in 5 years or more
130523818,way,last_update,19-9-2011,Feature has not been updated in 5 years or more
130523820,way,last_update,19-9-2011,Feature has not been updated in 5 years or more
130523822,way,last_update,19-9-2011,Feature has not been updated in 5 years or more
130523828,way,last_update,19-9-2011,Feature has not been updated in 5 years or more
130523830,way,last_update,19-9-2011,Feature has not been updated in 5 years or more
130523831,way,last_update,19-9-2011,Feature has not been updated in 5 years or more
130523834,way,last_update,19-9-2011,Feature has not been updated in 5 years or more
130523835,way,last_update,19-9-2011,Feature has not been updated in 5 years or more
130523838,way,last_update,19-9-2011,Feature has not been updated in 5 years or more
130523842,way,last_update,19-9-2011,Feature has not been updated in 5 years or more
130523851,way,last_update,19-9-2011,Feature has not been updated in 5 years or more
130523860,way,last_update,19-9-2011,Feature has not been updated in 5 years or more
130523869,way,last_update,19-9-2011,Feature has not been updated in 5 years or more
130523873,way,last_update,19-9-2011,Feature has not been updated in 5 years or more
130523893,way,last_update,13-10-2013,Feature has not been updated in 5 years or more
130523896,way,last_update,19-9-2011,Feature has not been updated in 5 years or more
130523905,way,last_update,19-9-2011,Feature has not been updated in 5 years or more
130523910,way,last_update,19-9-2011,Feature has not been updated in 5 years or more
130523913,way,last_update,19-9-2011,Feature has not been updated in 5 years or more
130523914,way,last_update,19-9-2011,Feature has not been updated in 5 years or more
130523934,way,last_update,19-9-2011,Feature has not been updated in 5 years or more
130523937,way,last_update,7-10-2019,Feature has not been updated in 5 years or more
130523938,way,last_update,19-9-2011,Feature has not been updated in 5 years or more
130523943,way,last_update,7-10-2019,Feature has not been updated in 5 years or more
130523951,way,last_update,7-10-2019,Feature has not been updated in 5 years or more
130523953,way,last_update,19-9-2011,Feature has not been updated in 5 years or more
130523955,way,last_update,7-10-2019,Feature has not been updated in 5 years or more
130523959,way,last_update,7-10-2019,Feature has not been updated in 5 years or more
130523962,way,last_update,23-11-2012,Feature has not been updated in 5 years or more
130523963,way,last_update,23-11-2012,Feature has not been updated in 5 years or more
130523964,way,last_update,7-10-2019,Feature has not been updated in 5 years or more
130946549,way,last_update,10-2-2012,Feature has not been updated in 5 years or more
130946551,way,last_update,21-6-2012,Feature has not been updated in 5 years or more
130946553,way,last_update,23-9-2011,Feature has not been updated in 5 years or more
130946555,way,last_update,21-6-2012,Feature has not been updated in 5 years or more
130946562,way,last_update,23-9-2011,Feature has not been updated in 5 years or more
130946563,way,last_update,23-9-2011,Feature has not been updated in 5 years or more
130946569,way,last_update,23-9-2011,Feature has not been updated in 5 years or more
130946571,way,last_update,23-9-2011,Feature has not been updated in 5 years or more
130946572,way,last_update,23-9-2011,Feature has not been updated in 5 years or more
130946575,way,last_update,23-9-2011,Feature has not been updated in 5 years or more
130946576,way,last_update,23-9-2011,Feature has not been updated in 5 years or more
130946581,way,last_update,23-9-2011,Feature has not been updated in 5 years or more
130946583,way,last_update,23-9-2011,Feature has not been updated in 5 years or more
130946586,way,last_update,23-9-2011,Feature has not been updated in 5 years or more
130946590,way,last_update,23-9-2011,Feature has not been updated in 5 years or more
130946599,way,last_update,23-9-2011,Feature has not been updated in 5 years or more
130946601,way,last_update,10-2-2012,Feature has not been updated in 5 years or more
130946634,way,last_update,23-9-2011,Feature has not been updated in 5 years or more
130946636,way,last_update,23-9-2011,Feature has not been updated in 5 years or more
130976864,way,last_update,23-9-2011,Feature has not been updated in 5 years or more
130976868,way,last_update,23-9-2011,Feature has not been updated in 5 years or more
130976870,way,last_update,21-7-2013,Feature has not been updated in 5 years or more
131158017,way,last_update,24-9-2011,Feature has not been updated in 5 years or more
131158018,way,last_update,24-9-2011,Feature has not been updated in 5 years or more
131158019,way,last_update,24-9-2011,Feature has not been updated in 5 years or more
131158020,way,last_update,24-9-2011,Feature has not been updated in 5 years or more
131158022,way,last_update,24-9-2011,Feature has not been updated in 5 years or more
131158025,way,last_update,24-9-2011,Feature has not been updated in 5 years or more
131340574,way,last_update,31-7-2012,Feature has not been updated in 5 years or more
131340576,way,last_update,25-9-2011,Feature has not been updated in 5 years or more
131340577,way,last_update,25-9-2011,Feature has not been updated in 5 years or more
131340582,way,last_update,25-9-2011,Feature has not been updated in 5 years or more
131340583,way,last_update,20-11-2012,Feature has not been updated in 5 years or more
131340584,way,last_update,25-9-2011,Feature has not been updated in 5 years or more
131340586,way,last_update,26-9-2011,Feature has not been updated in 5 years or more
131340587,way,last_update,25-9-2011,Feature has not been updated in 5 years or more
131340588,way,last_update,26-9-2011,Feature has not been updated in 5 years or more
131340590,way,last_update,25-9-2011,Feature has not been updated in 5 years or more
131340591,way,last_update,25-9-2011,Feature has not been updated in 5 years or more
131340592,way,last_update,25-9-2011,Feature has not been updated in 5 years or more
131340596,way,last_update,25-9-2011,Feature has not been updated in 5 years or more
131340598,way,last_update,20-11-2012,Feature has not been updated in 5 years or more
131340603,way,last_update,25-9-2011,Feature has not been updated in 5 years or more
131340604,way,last_update,22-10-2011,Feature has not been updated in 5 years or more
131340606,way,last_update,25-9-2011,Feature has not been updated in 5 years or more
131340607,way,last_update,25-9-2011,Feature has not been updated in 5 years or more
131340608,way,last_update,25-9-2011,Feature has not been updated in 5 years or more
131340610,way,last_update,25-9-2011,Feature has not been updated in 5 years or more
131340614,way,last_update,25-9-2011,Feature has not been updated in 5 years or more
131340615,way,last_update,25-9-2011,Feature has not been updated in 5 years or more
131340616,way,last_update,8-3-2018,Feature has not been updated in 5 years or more
131340618,way,last_update,22-10-2011,Feature has not been updated in 5 years or more
131340620,way,last_update,22-10-2011,Feature has not been updated in 5 years or more
131340622,way,last_update,25-9-2011,Feature has not been updated in 5 years or more
131340624,way,last_update,25-9-2011,Feature has not been updated in 5 years or more
131340626,way,last_update,8-3-2018,Feature has not been updated in 5 years or more
131340630,way,last_update,25-9-2011,Feature has not been updated in 5 years or more
131340632,way,last_update,25-9-2011,Feature has not been updated in 5 years or more
131340634,way,last_update,25-9-2011,Feature has not been updated in 5 years or more
131340642,way,last_update,25-9-2011,Feature has not been updated in 5 years or more
131340644,way,last_update,25-9-2011,Feature has not been updated in 5 years or more
131340646,way,last_update,25-9-2011,Feature has not been updated in 5 years or more
131340648,way,last_update,25-9-2011,Feature has not been updated in 5 years or more
131340650,way,last_update,25-9-2011,Feature has not been updated in 5 years or more
131340652,way,last_update,25-9-2011,Feature has not been updated in 5 years or more
131340656,way,last_update,25-9-2011,Feature has not been updated in 5 years or more
131340659,way,last_update,25-9-2011,Feature has not been updated in 5 years or more
131340661,way,last_update,25-9-2011,Feature has not been updated in 5 years or more
131340669,way,last_update,2-3-2014,Feature has not been updated in 5 years or more
131340671,way,last_update,20-11-2012,Feature has not been updated in 5 years or more
131340675,way,last_update,20-10-2011,Feature has not been updated in 5 years or more
131340676,way,last_update,20-10-2011,Feature has not been updated in 5 years or more
131414270,way,last_update,7-6-2012,Feature has not been updated in 5 years or more
131414284,way,last_update,26-9-2011,Feature has not been updated in 5 years or more
131414286,way,last_update,26-9-2011,Feature has not been updated in 5 years or more
131414288,way,last_update,12-4-2021,Feature has not been updated in 5 years or more
131414292,way,last_update,26-9-2011,Feature has not been updated in 5 years or more
131414294,way,last_update,26-9-2011,Feature has not been updated in 5 years or more
131414298,way,last_update,26-9-2011,Feature has not been updated in 5 years or more
131414302,way,last_update,26-9-2011,Feature has not been updated in 5 years or more
131414304,way,last_update,12-4-2021,Feature has not been updated in 5 years or more
131414310,way,last_update,26-9-2011,Feature has not been updated in 5 years or more
131414314,way,last_update,20-11-2012,Feature has not been updated in 5 years or more
131414323,way,last_update,12-4-2021,Feature has not been updated in 5 years or more
131414325,way,last_update,20-11-2012,Feature has not been updated in 5 years or more
131414329,way,last_update,12-4-2021,Feature has not been updated in 5 years or more
131414331,way,last_update,26-9-2011,Feature has not been updated in 5 years or more
131414333,way,last_update,20-11-2012,Feature has not been updated in 5 years or more
131414354,way,last_update,26-9-2011,Feature has not been updated in 5 years or more
131414362,way,last_update,6-12-2018,Feature has not been updated in 5 years or more
131463725,way,last_update,19-9-2016,Feature has not been updated in 5 years or more
131737727,way,last_update,30-9-2011,Feature has not been updated in 5 years or more
131737737,way,last_update,30-9-2011,Feature has not been updated in 5 years or more
131737740,way,last_update,30-9-2011,Feature has not been updated in 5 years or more
131737748,way,last_update,30-9-2011,Feature has not been updated in 5 years or more
131737752,way,last_update,30-9-2011,Feature has not been updated in 5 years or more
131737754,way,last_update,30-9-2011,Feature has not been updated in 5 years or more
131737755,way,last_update,30-9-2011,Feature has not been updated in 5 years or more
131737777,way,last_update,19-10-2016,Feature has not been updated in 5 years or more
131737778,way,last_update,13-1-2013,Feature has not been updated in 5 years or more
131876465,way,last_update,1-10-2011,Feature has not been updated in 5 years or more
131876467,way,last_update,1-10-2011,Feature has not been updated in 5 years or more
131876468,way,last_update,1-10-2011,Feature has not been updated in 5 years or more
131876471,way,last_update,20-6-2012,Feature has not been updated in 5 years or more
131876472,way,last_update,1-10-2011,Feature has not been updated in 5 years or more
131876473,way,last_update,1-10-2011,Feature has not been updated in 5 years or more
131876474,way,last_update,1-10-2011,Feature has not been updated in 5 years or more
131876475,way,last_update,1-10-2011,Feature has not been updated in 5 years or more
131876476,way,last_update,1-10-2011,Feature has not been updated in 5 years or more
131876478,way,last_update,1-10-2011,Feature has not been updated in 5 years or more
131876479,way,last_update,1-10-2011,Feature has not been updated in 5 years or more
131876481,way,last_update,1-10-2011,Feature has not been updated in 5 years or more
131876482,way,last_update,1-10-2011,Feature has not been updated in 5 years or more
131876483,way,last_update,1-10-2011,Feature has not been updated in 5 years or more
131876484,way,last_update,1-10-2011,Feature has not been updated in 5 years or more
131876485,way,last_update,1-10-2011,Feature has not been updated in 5 years or more
131876486,way,last_update,1-10-2011,Feature has not been updated in 5 years or more
131876487,way,last_update,1-10-2011,Feature has not been updated in 5 years or more
131876488,way,last_update,1-10-2011,Feature has not been updated in 5 years or more
131876490,way,last_update,1-10-2011,Feature has not been updated in 5 years or more
131876497,way,last_update,1-10-2011,Feature has not been updated in 5 years or more
131876502,way,last_update,1-10-2011,Feature has not been updated in 5 years or more
131876512,way,last_update,1-10-2011,Feature has not been updated in 5 years or more
131876514,way,last_update,20-6-2012,Feature has not been updated in 5 years or more
131876515,way,last_update,1-10-2011,Feature has not been updated in 5 years or more
131876516,way,last_update,1-10-2011,Feature has not been updated in 5 years or more
131876517,way,last_update,1-10-2011,Feature has not been updated in 5 years or more
131937611,way,last_update,2-10-2011,Feature has not been updated in 5 years or more
131937612,way,last_update,2-10-2011,Feature has not been updated in 5 years or more
131937613,way,last_update,2-10-2011,Feature has not been updated in 5 years or more
131937614,way,last_update,2-10-2011,Feature has not been updated in 5 years or more
131937615,way,last_update,2-10-2011,Feature has not been updated in 5 years or more
131937616,way,last_update,2-10-2011,Feature has not been updated in 5 years or more
131937617,way,last_update,2-10-2011,Feature has not been updated in 5 years or more
131937618,way,last_update,2-10-2011,Feature has not been updated in 5 years or more
131937619,way,last_update,2-10-2011,Feature has not been updated in 5 years or more
131937621,way,last_update,2-10-2011,Feature has not been updated in 5 years or more
131937622,way,last_update,2-10-2011,Feature has not been updated in 5 years or more
131937623,way,last_update,2-10-2011,Feature has not been updated in 5 years or more
131937625,way,last_update,2-10-2011,Feature has not been updated in 5 years or more
131937631,way,last_update,2-10-2011,Feature has not been updated in 5 years or more
131937632,way,last_update,2-10-2011,Feature has not been updated in 5 years or more
131937639,way,last_update,2-10-2011,Feature has not been updated in 5 years or more
131937640,way,last_update,2-10-2011,Feature has not been updated in 5 years or more
132204427,way,last_update,4-10-2011,Feature has not been updated in 5 years or more
132204428,way,last_update,26-2-2012,Feature has not been updated in 5 years or more
132204431,way,last_update,20-6-2012,Feature has not been updated in 5 years or more
132204435,way,last_update,4-10-2011,Feature has not been updated in 5 years or more
132204436,way,last_update,4-10-2011,Feature has not been updated in 5 years or more
132204438,way,last_update,4-10-2011,Feature has not been updated in 5 years or more
132204439,way,last_update,4-10-2011,Feature has not been updated in 5 years or more
132204441,way,last_update,4-10-2011,Feature has not been updated in 5 years or more
132204442,way,last_update,4-10-2011,Feature has not been updated in 5 years or more
132204443,way,last_update,4-10-2011,Feature has not been updated in 5 years or more
132204444,way,last_update,4-10-2011,Feature has not been updated in 5 years or more
132204447,way,last_update,4-10-2011,Feature has not been updated in 5 years or more
132204448,way,last_update,4-10-2011,Feature has not been updated in 5 years or more
132204449,way,last_update,4-10-2011,Feature has not been updated in 5 years or more
132204452,way,last_update,4-10-2011,Feature has not been updated in 5 years or more
132204453,way,last_update,4-10-2011,Feature has not been updated in 5 years or more
132204454,way,last_update,4-10-2011,Feature has not been updated in 5 years or more
132204466,way,last_update,4-10-2011,Feature has not been updated in 5 years or more
132204470,way,last_update,11-10-2011,Feature has not been updated in 5 years or more
132204471,way,last_update,26-2-2012,Feature has not been updated in 5 years or more
132204472,way,last_update,4-10-2011,Feature has not been updated in 5 years or more
132310094,way,last_update,5-10-2011,Feature has not been updated in 5 years or more
132310095,way,last_update,30-9-2018,Feature has not been updated in 5 years or more
132310096,way,last_update,30-9-2018,Feature has not been updated in 5 years or more
132310097,way,last_update,5-10-2011,Feature has not been updated in 5 years or more
132310098,way,last_update,30-9-2018,Feature has not been updated in 5 years or more
132310100,way,last_update,30-9-2018,Feature has not been updated in 5 years or more
132310104,way,last_update,30-9-2018,Feature has not been updated in 5 years or more
132310107,way,last_update,30-9-2018,Feature has not been updated in 5 years or more
132310114,way,last_update,30-9-2018,Feature has not been updated in 5 years or more
132314479,way,last_update,28-10-2016,Feature has not been updated in 5 years or more
132314480,way,last_update,28-10-2016,Feature has not been updated in 5 years or more
132314481,way,last_update,28-10-2016,Feature has not been updated in 5 years or more
132314482,way,last_update,30-9-2018,Feature has not been updated in 5 years or more
132314485,way,last_update,30-9-2018,Feature has not been updated in 5 years or more
132314486,way,last_update,30-9-2018,Feature has not been updated in 5 years or more
132314488,way,last_update,28-10-2016,Feature has not been updated in 5 years or more
132314489,way,last_update,30-9-2018,Feature has not been updated in 5 years or more
132314490,way,last_update,28-10-2016,Feature has not been updated in 5 years or more
132314493,way,last_update,28-10-2016,Feature has not been updated in 5 years or more
132314503,way,last_update,28-10-2016,Feature has not been updated in 5 years or more
132314525,way,last_update,28-10-2016,Feature has not been updated in 5 years or more
132325588,way,last_update,5-10-2011,Feature has not been updated in 5 years or more
132325589,way,last_update,5-10-2011,Feature has not been updated in 5 years or more
132325590,way,last_update,5-10-2011,Feature has not been updated in 5 years or more
132325591,way,last_update,5-10-2011,Feature has not been updated in 5 years or more
132325592,way,last_update,5-10-2011,Feature has not been updated in 5 years or more
132325594,way,last_update,5-10-2011,Feature has not been updated in 5 years or more
132325595,way,last_update,5-10-2011,Feature has not been updated in 5 years or more
132325596,way,last_update,5-10-2011,Feature has not been updated in 5 years or more
132325597,way,last_update,5-10-2011,Feature has not been updated in 5 years or more
132325598,way,last_update,5-10-2011,Feature has not been updated in 5 years or more
132325603,way,last_update,5-10-2011,Feature has not been updated in 5 years or more
132325611,way,last_update,5-10-2011,Feature has not been updated in 5 years or more
132325619,way,last_update,28-10-2016,Feature has not been updated in 5 years or more
132325620,way,last_update,5-10-2011,Feature has not been updated in 5 years or more
132407235,way,last_update,12-8-2013,Feature has not been updated in 5 years or more
132527477,way,last_update,20-7-2016,Feature has not been updated in 5 years or more
132527483,way,last_update,3-11-2016,Feature has not been updated in 5 years or more
132527486,way,last_update,7-10-2011,Feature has not been updated in 5 years or more
132527487,way,last_update,3-11-2016,Feature has not been updated in 5 years or more
132527492,way,last_update,7-10-2011,Feature has not been updated in 5 years or more
132527496,way,last_update,7-10-2011,Feature has not been updated in 5 years or more
132527498,way,last_update,7-10-2011,Feature has not been updated in 5 years or more
132527502,way,last_update,3-11-2016,Feature has not been updated in 5 years or more
132527506,way,last_update,7-10-2011,Feature has not been updated in 5 years or more
132527508,way,last_update,3-11-2016,Feature has not been updated in 5 years or more
132527512,way,last_update,7-10-2011,Feature has not been updated in 5 years or more
132527518,way,last_update,20-7-2016,Feature has not been updated in 5 years or more
132527519,way,last_update,7-10-2011,Feature has not been updated in 5 years or more
132527521,way,last_update,7-10-2011,Feature has not been updated in 5 years or more
132527526,way,last_update,7-10-2011,Feature has not been updated in 5 years or more
132527529,way,last_update,7-10-2011,Feature has not been updated in 5 years or more
132527531,way,last_update,20-7-2016,Feature has not been updated in 5 years or more
132527537,way,last_update,3-11-2016,Feature has not been updated in 5 years or more
132527550,way,last_update,7-10-2011,Feature has not been updated in 5 years or more
132527556,way,last_update,3-11-2016,Feature has not been updated in 5 years or more
132527559,way,last_update,20-7-2016,Feature has not been updated in 5 years or more
132527563,way,last_update,7-10-2011,Feature has not been updated in 5 years or more
132527632,way,last_update,20-7-2016,Feature has not been updated in 5 years or more
132527642,way,last_update,20-7-2016,Feature has not been updated in 5 years or more
132527643,way,last_update,3-11-2016,Feature has not been updated in 5 years or more
132527644,way,last_update,3-11-2016,Feature has not been updated in 5 years or more
132921442,way,last_update,23-6-2012,Feature has not been updated in 5 years or more
132921444,way,last_update,10-5-2018,Feature has not been updated in 5 years or more
132921445,way,last_update,11-10-2011,Feature has not been updated in 5 years or more
132921446,way,last_update,11-10-2011,Feature has not been updated in 5 years or more
132921447,way,last_update,11-10-2011,Feature has not been updated in 5 years or more
132921448,way,last_update,11-10-2011,Feature has not been updated in 5 years or more
132921449,way,last_update,11-10-2011,Feature has not been updated in 5 years or more
132921450,way,last_update,11-10-2011,Feature has not been updated in 5 years or more
132921454,way,last_update,11-10-2011,Feature has not been updated in 5 years or more
132921455,way,last_update,11-10-2011,Feature has not been updated in 5 years or more
132921456,way,last_update,11-10-2011,Feature has not been updated in 5 years or more
132921457,way,last_update,11-10-2011,Feature has not been updated in 5 years or more
132921458,way,last_update,11-10-2011,Feature has not been updated in 5 years or more
132921459,way,last_update,11-10-2011,Feature has not been updated in 5 years or more
132921462,way,last_update,3-3-2013,Feature has not been updated in 5 years or more
132921466,way,last_update,20-3-2017,Feature has not been updated in 5 years or more
132921473,way,last_update,11-10-2011,Feature has not been updated in 5 years or more
132921474,way,last_update,11-10-2011,Feature has not been updated in 5 years or more
132921475,way,last_update,11-10-2011,Feature has not been updated in 5 years or more
132921478,way,last_update,11-10-2011,Feature has not been updated in 5 years or more
133031897,way,last_update,12-10-2011,Feature has not been updated in 5 years or more
133037638,way,last_update,9-11-2011,Feature has not been updated in 5 years or more
133037640,way,last_update,12-10-2011,Feature has not been updated in 5 years or more
133037641,way,last_update,12-10-2011,Feature has not been updated in 5 years or more
133037642,way,last_update,12-10-2011,Feature has not been updated in 5 years or more
133037644,way,last_update,12-10-2011,Feature has not been updated in 5 years or more
133037645,way,last_update,12-10-2011,Feature has not been updated in 5 years or more
133037646,way,last_update,12-10-2011,Feature has not been updated in 5 years or more
133037647,way,last_update,12-10-2011,Feature has not been updated in 5 years or more
133037648,way,last_update,12-10-2011,Feature has not been updated in 5 years or more
133037649,way,last_update,12-10-2011,Feature has not been updated in 5 years or more
133037650,way,last_update,12-10-2011,Feature has not been updated in 5 years or more
133037651,way,last_update,12-10-2011,Feature has not been updated in 5 years or more
133037652,way,last_update,12-10-2011,Feature has not been updated in 5 years or more
133037654,way,last_update,12-10-2011,Feature has not been updated in 5 years or more
133037655,way,last_update,12-10-2011,Feature has not been updated in 5 years or more
133037656,way,last_update,12-10-2011,Feature has not been updated in 5 years or more
133037657,way,last_update,29-8-2019,Feature has not been updated in 5 years or more
133037658,way,last_update,29-8-2019,Feature has not been updated in 5 years or more
133037660,way,last_update,28-8-2019,Feature has not been updated in 5 years or more
133037662,way,last_update,17-6-2012,Feature has not been updated in 5 years or more
133037669,way,last_update,12-10-2011,Feature has not been updated in 5 years or more
133476633,way,last_update,7-11-2018,Feature has not been updated in 5 years or more
133476638,way,last_update,13-4-2021,Feature has not been updated in 5 years or more
133476640,way,last_update,16-10-2011,Feature has not been updated in 5 years or more
133476642,way,last_update,16-10-2011,Feature has not been updated in 5 years or more
133476643,way,last_update,16-10-2011,Feature has not been updated in 5 years or more
133476644,way,last_update,7-11-2018,Feature has not been updated in 5 years or more
133476646,way,last_update,16-10-2011,Feature has not been updated in 5 years or more
133476660,way,last_update,7-11-2018,Feature has not been updated in 5 years or more
133476661,way,last_update,7-11-2018,Feature has not been updated in 5 years or more
133476669,way,last_update,16-10-2011,Feature has not been updated in 5 years or more
133476672,way,last_update,16-10-2011,Feature has not been updated in 5 years or more
133476674,way,last_update,16-10-2011,Feature has not been updated in 5 years or more
133476676,way,last_update,7-11-2018,Feature has not been updated in 5 years or more
133476680,way,last_update,7-11-2018,Feature has not been updated in 5 years or more
133476683,way,last_update,16-10-2011,Feature has not been updated in 5 years or more
133476685,way,last_update,7-11-2018,Feature has not been updated in 5 years or more
133476694,way,last_update,12-4-2021,Feature has not been updated in 5 years or more
133476702,way,last_update,16-10-2011,Feature has not been updated in 5 years or more
133476704,way,last_update,16-10-2011,Feature has not been updated in 5 years or more
133476707,way,last_update,7-11-2018,Feature has not been updated in 5 years or more
133476709,way,last_update,16-10-2011,Feature has not been updated in 5 years or more
133476713,way,last_update,16-10-2011,Feature has not been updated in 5 years or more
133476719,way,last_update,16-10-2011,Feature has not been updated in 5 years or more
133476721,way,last_update,7-11-2018,Feature has not been updated in 5 years or more
133476727,way,last_update,16-10-2011,Feature has not been updated in 5 years or more
133476756,way,last_update,16-10-2011,Feature has not been updated in 5 years or more
133476809,way,last_update,16-10-2011,Feature has not been updated in 5 years or more
133476827,way,last_update,16-10-2011,Feature has not been updated in 5 years or more
133476834,way,last_update,16-10-2011,Feature has not been updated in 5 years or more
133476857,way,last_update,16-10-2011,Feature has not been updated in 5 years or more
133476876,way,last_update,7-6-2012,Feature has not been updated in 5 years or more
133476879,way,last_update,7-6-2012,Feature has not been updated in 5 years or more
133731713,way,last_update,18-10-2011,Feature has not been updated in 5 years or more
133731714,way,last_update,18-10-2011,Feature has not been updated in 5 years or more
133731715,way,last_update,18-10-2011,Feature has not been updated in 5 years or more
133731716,way,last_update,19-10-2011,Feature has not been updated in 5 years or more
133731718,way,last_update,18-10-2011,Feature has not been updated in 5 years or more
133731720,way,last_update,18-10-2011,Feature has not been updated in 5 years or more
133731722,way,last_update,18-10-2011,Feature has not been updated in 5 years or more
133731723,way,last_update,18-10-2011,Feature has not been updated in 5 years or more
133731724,way,last_update,18-10-2011,Feature has not been updated in 5 years or more
133731726,way,last_update,7-11-2018,Feature has not been updated in 5 years or more
133731736,way,last_update,18-10-2011,Feature has not been updated in 5 years or more
133813808,way,last_update,19-10-2011,Feature has not been updated in 5 years or more
133813819,way,last_update,19-10-2011,Feature has not been updated in 5 years or more
133831486,way,last_update,19-10-2011,Feature has not been updated in 5 years or more
133831490,way,last_update,19-10-2011,Feature has not been updated in 5 years or more
133831494,way,last_update,19-10-2011,Feature has not been updated in 5 years or more
133831495,way,last_update,19-10-2011,Feature has not been updated in 5 years or more
133831496,way,last_update,19-10-2011,Feature has not been updated in 5 years or more
133831498,way,last_update,19-10-2011,Feature has not been updated in 5 years or more
133831503,way,last_update,19-10-2011,Feature has not been updated in 5 years or more
133831504,way,last_update,19-10-2011,Feature has not been updated in 5 years or more
133831505,way,last_update,19-10-2011,Feature has not been updated in 5 years or more
133831508,way,last_update,8-12-2012,Feature has not been updated in 5 years or more
133831510,way,last_update,17-3-2021,Feature has not been updated in 5 years or more
133831512,way,last_update,19-10-2011,Feature has not been updated in 5 years or more
133831542,way,last_update,19-10-2011,Feature has not been updated in 5 years or more
133831545,way,last_update,19-10-2011,Feature has not been updated in 5 years or more
133953136,way,last_update,7-6-2012,Feature has not been updated in 5 years or more
134102232,way,last_update,4-2-2012,Feature has not been updated in 5 years or more
134102241,way,last_update,23-2-2013,Feature has not been updated in 5 years or more
134191598,way,last_update,5-12-2018,Feature has not been updated in 5 years or more
134191601,way,last_update,29-7-2018,Feature has not been updated in 5 years or more
134191603,way,last_update,22-10-2011,Feature has not been updated in 5 years or more
134191606,way,last_update,5-12-2018,Feature has not been updated in 5 years or more
134191609,way,last_update,22-10-2011,Feature has not been updated in 5 years or more
134191614,way,last_update,5-12-2018,Feature has not been updated in 5 years or more
134210096,way,last_update,30-12-2016,Feature has not been updated in 5 years or more
134210105,way,last_update,28-10-2016,Feature has not been updated in 5 years or more
134210111,way,last_update,28-10-2016,Feature has not been updated in 5 years or more
134210117,way,last_update,28-10-2016,Feature has not been updated in 5 years or more
134302512,way,last_update,29-7-2018,Feature has not been updated in 5 years or more
134302513,way,last_update,29-7-2018,Feature has not been updated in 5 years or more
134992443,way,last_update,10-11-2011,Feature has not been updated in 5 years or more
135942538,way,last_update,25-11-2012,Feature has not been updated in 5 years or more
135942539,way,last_update,4-9-2016,Feature has not been updated in 5 years or more
135942543,way,last_update,4-9-2016,Feature has not been updated in 5 years or more
135942545,way,last_update,5-11-2011,Feature has not been updated in 5 years or more
135942547,way,last_update,5-11-2011,Feature has not been updated in 5 years or more
135942548,way,last_update,5-11-2011,Feature has not been updated in 5 years or more
135942549,way,last_update,4-9-2016,Feature has not been updated in 5 years or more
135942550,way,last_update,2-1-2013,Feature has not been updated in 5 years or more
135942552,way,last_update,14-10-2019,Feature has not been updated in 5 years or more
135942555,way,last_update,4-9-2016,Feature has not been updated in 5 years or more
135942556,way,last_update,4-9-2016,Feature has not been updated in 5 years or more
135942557,way,last_update,5-11-2011,Feature has not been updated in 5 years or more
135942559,way,last_update,14-10-2019,Feature has not been updated in 5 years or more
135942561,way,last_update,5-11-2011,Feature has not been updated in 5 years or more
135942562,way,last_update,5-11-2011,Feature has not been updated in 5 years or more
135942563,way,last_update,5-11-2011,Feature has not been updated in 5 years or more
135942564,way,last_update,4-9-2016,Feature has not been updated in 5 years or more
135942567,way,last_update,4-9-2016,Feature has not been updated in 5 years or more
135942568,way,last_update,5-11-2011,Feature has not been updated in 5 years or more
135942569,way,last_update,5-11-2011,Feature has not been updated in 5 years or more
135942571,way,last_update,5-11-2011,Feature has not been updated in 5 years or more
135942580,way,last_update,3-9-2016,Feature has not been updated in 5 years or more
135942581,way,last_update,4-9-2016,Feature has not been updated in 5 years or more
135942607,way,last_update,5-11-2011,Feature has not been updated in 5 years or more
135942608,way,last_update,4-9-2016,Feature has not been updated in 5 years or more
135942611,way,last_update,4-9-2016,Feature has not been updated in 5 years or more
135942612,way,last_update,3-9-2016,Feature has not been updated in 5 years or more
135942614,way,last_update,4-9-2016,Feature has not been updated in 5 years or more
135942615,way,last_update,4-9-2016,Feature has not been updated in 5 years or more
135942616,way,last_update,2-3-2013,Feature has not been updated in 5 years or more
135942617,way,last_update,3-9-2016,Feature has not been updated in 5 years or more
136396721,way,last_update,28-8-2019,Feature has not been updated in 5 years or more
136396722,way,last_update,28-8-2019,Feature has not been updated in 5 years or more
136396723,way,last_update,28-8-2019,Feature has not been updated in 5 years or more
136396724,way,last_update,28-8-2019,Feature has not been updated in 5 years or more
136396725,way,last_update,9-11-2011,Feature has not been updated in 5 years or more
136396727,way,last_update,9-11-2011,Feature has not been updated in 5 years or more
136396728,way,last_update,9-11-2011,Feature has not been updated in 5 years or more
136396729,way,last_update,9-11-2011,Feature has not been updated in 5 years or more
136396730,way,last_update,9-11-2011,Feature has not been updated in 5 years or more
136396731,way,last_update,9-11-2011,Feature has not been updated in 5 years or more
136396732,way,last_update,9-11-2011,Feature has not been updated in 5 years or more
136396733,way,last_update,9-11-2011,Feature has not been updated in 5 years or more
136396734,way,last_update,9-11-2011,Feature has not been updated in 5 years or more
136396735,way,last_update,9-11-2011,Feature has not been updated in 5 years or more
136396737,way,last_update,9-11-2011,Feature has not been updated in 5 years or more
136396738,way,last_update,9-11-2011,Feature has not been updated in 5 years or more
136396739,way,last_update,9-11-2011,Feature has not been updated in 5 years or more
136396740,way,last_update,9-11-2011,Feature has not been updated in 5 years or more
136396741,way,last_update,9-11-2011,Feature has not been updated in 5 years or more
136396742,way,last_update,9-11-2011,Feature has not been updated in 5 years or more
136396744,way,last_update,9-11-2011,Feature has not been updated in 5 years or more
136396746,way,last_update,9-11-2011,Feature has not been updated in 5 years or more
136396747,way,last_update,9-11-2011,Feature has not been updated in 5 years or more
136396748,way,last_update,9-11-2011,Feature has not been updated in 5 years or more
136396749,way,last_update,9-11-2011,Feature has not been updated in 5 years or more
136396750,way,last_update,9-11-2011,Feature has not been updated in 5 years or more
136396752,way,last_update,9-11-2011,Feature has not been updated in 5 years or more
136396753,way,last_update,9-11-2011,Feature has not been updated in 5 years or more
136396754,way,last_update,9-11-2011,Feature has not been updated in 5 years or more
136396756,way,last_update,9-11-2011,Feature has not been updated in 5 years or more
136396757,way,last_update,9-11-2011,Feature has not been updated in 5 years or more
136396758,way,last_update,9-11-2011,Feature has not been updated in 5 years or more
136396759,way,last_update,9-11-2011,Feature has not been updated in 5 years or more
136396760,way,last_update,19-12-2016,Feature has not been updated in 5 years or more
136396761,way,last_update,9-11-2011,Feature has not been updated in 5 years or more
136396762,way,last_update,9-11-2011,Feature has not been updated in 5 years or more
136396763,way,last_update,9-11-2011,Feature has not been updated in 5 years or more
136396764,way,last_update,9-11-2011,Feature has not been updated in 5 years or more
136396765,way,last_update,9-11-2011,Feature has not been updated in 5 years or more
136396766,way,last_update,9-11-2011,Feature has not been updated in 5 years or more
136396767,way,last_update,9-11-2011,Feature has not been updated in 5 years or more
136396769,way,last_update,28-8-2019,Feature has not been updated in 5 years or more
136396784,way,last_update,19-12-2016,Feature has not been updated in 5 years or more
136396786,way,last_update,19-12-2016,Feature has not been updated in 5 years or more
136396793,way,last_update,9-11-2011,Feature has not been updated in 5 years or more
136396796,way,last_update,9-11-2011,Feature has not been updated in 5 years or more
136396798,way,last_update,9-11-2011,Feature has not been updated in 5 years or more
136396803,way,last_update,9-11-2011,Feature has not been updated in 5 years or more
136396806,way,last_update,9-11-2011,Feature has not been updated in 5 years or more
136396807,way,last_update,9-11-2011,Feature has not been updated in 5 years or more
136396808,way,last_update,9-11-2011,Feature has not been updated in 5 years or more
136396809,way,last_update,9-11-2011,Feature has not been updated in 5 years or more
136396810,way,last_update,9-11-2011,Feature has not been updated in 5 years or more
136482482,way,last_update,24-2-2012,Feature has not been updated in 5 years or more
136482483,way,last_update,28-8-2019,Feature has not been updated in 5 years or more
136482484,way,last_update,27-8-2019,Feature has not been updated in 5 years or more
136482485,way,last_update,10-11-2011,Feature has not been updated in 5 years or more
136482486,way,last_update,19-12-2016,Feature has not been updated in 5 years or more
136482487,way,last_update,10-11-2011,Feature has not been updated in 5 years or more
136482488,way,last_update,10-11-2011,Feature has not been updated in 5 years or more
136482489,way,last_update,10-11-2011,Feature has not been updated in 5 years or more
136482490,way,last_update,10-11-2011,Feature has not been updated in 5 years or more
136482491,way,last_update,10-11-2011,Feature has not been updated in 5 years or more
136482492,way,last_update,10-11-2011,Feature has not been updated in 5 years or more
136482493,way,last_update,19-12-2016,Feature has not been updated in 5 years or more
136482494,way,last_update,10-11-2011,Feature has not been updated in 5 years or more
136482495,way,last_update,10-11-2011,Feature has not been updated in 5 years or more
136482496,way,last_update,10-11-2011,Feature has not been updated in 5 years or more
136482497,way,last_update,19-12-2016,Feature has not been updated in 5 years or more
136482498,way,last_update,10-11-2011,Feature has not been updated in 5 years or more
136482499,way,last_update,10-11-2011,Feature has not been updated in 5 years or more
136482500,way,last_update,10-11-2011,Feature has not been updated in 5 years or more
136482501,way,last_update,10-11-2011,Feature has not been updated in 5 years or more
136482502,way,last_update,10-11-2011,Feature has not been updated in 5 years or more
136482503,way,last_update,10-11-2011,Feature has not been updated in 5 years or more
136482504,way,last_update,10-11-2011,Feature has not been updated in 5 years or more
136482505,way,last_update,10-11-2011,Feature has not been updated in 5 years or more
136482506,way,last_update,10-11-2011,Feature has not been updated in 5 years or more
136482507,way,last_update,19-12-2016,Feature has not been updated in 5 years or more
136482508,way,last_update,19-12-2016,Feature has not been updated in 5 years or more
136482509,way,last_update,10-11-2011,Feature has not been updated in 5 years or more
136482510,way,last_update,10-11-2011,Feature has not been updated in 5 years or more
136482511,way,last_update,10-11-2011,Feature has not been updated in 5 years or more
136482521,way,last_update,10-11-2011,Feature has not been updated in 5 years or more
136482526,way,last_update,19-12-2016,Feature has not been updated in 5 years or more
136482531,way,last_update,19-12-2016,Feature has not been updated in 5 years or more
136482550,way,last_update,19-12-2016,Feature has not been updated in 5 years or more
136482551,way,last_update,10-11-2011,Feature has not been updated in 5 years or more
136482553,way,last_update,10-11-2011,Feature has not been updated in 5 years or more
136482554,way,last_update,10-11-2011,Feature has not been updated in 5 years or more
136482555,way,last_update,10-11-2011,Feature has not been updated in 5 years or more
136482557,way,last_update,29-8-2019,Feature has not been updated in 5 years or more
136482558,way,last_update,10-11-2011,Feature has not been updated in 5 years or more
136482559,way,last_update,27-8-2019,Feature has not been updated in 5 years or more
136482560,way,last_update,19-12-2016,Feature has not been updated in 5 years or more
136482561,way,last_update,10-11-2011,Feature has not been updated in 5 years or more
136482562,way,last_update,10-11-2011,Feature has not been updated in 5 years or more
136482563,way,last_update,10-11-2011,Feature has not been updated in 5 years or more
136482564,way,last_update,10-11-2011,Feature has not been updated in 5 years or more
136482565,way,last_update,17-6-2012,Feature has not been updated in 5 years or more
136598976,way,last_update,11-11-2011,Feature has not been updated in 5 years or more
136598978,way,last_update,11-11-2011,Feature has not been updated in 5 years or more
136598981,way,last_update,11-11-2011,Feature has not been updated in 5 years or more
136598982,way,last_update,11-11-2011,Feature has not been updated in 5 years or more
136598984,way,last_update,11-11-2011,Feature has not been updated in 5 years or more
136598987,way,last_update,11-11-2011,Feature has not been updated in 5 years or more
136598990,way,last_update,11-11-2011,Feature has not been updated in 5 years or more
136598991,way,last_update,11-11-2011,Feature has not been updated in 5 years or more
136598993,way,last_update,11-11-2011,Feature has not been updated in 5 years or more
136598994,way,last_update,11-11-2011,Feature has not been updated in 5 years or more
136598995,way,last_update,11-11-2011,Feature has not been updated in 5 years or more
136598996,way,last_update,11-11-2011,Feature has not been updated in 5 years or more
136598997,way,last_update,11-11-2011,Feature has not been updated in 5 years or more
136598998,way,last_update,11-11-2011,Feature has not been updated in 5 years or more
136599001,way,last_update,11-11-2011,Feature has not been updated in 5 years or more
136599002,way,last_update,11-11-2011,Feature has not been updated in 5 years or more
136599003,way,last_update,11-11-2011,Feature has not been updated in 5 years or more
136599004,way,last_update,11-11-2011,Feature has not been updated in 5 years or more
136599006,way,last_update,11-11-2011,Feature has not been updated in 5 years or more
136599010,way,last_update,11-11-2011,Feature has not been updated in 5 years or more
136599028,way,last_update,11-11-2011,Feature has not been updated in 5 years or more
136599032,way,last_update,11-11-2011,Feature has not been updated in 5 years or more
136599033,way,last_update,11-11-2011,Feature has not been updated in 5 years or more
136599034,way,last_update,11-11-2011,Feature has not been updated in 5 years or more
136706249,way,last_update,12-11-2011,Feature has not been updated in 5 years or more
136706252,way,last_update,12-11-2011,Feature has not been updated in 5 years or more
136706259,way,last_update,18-12-2016,Feature has not been updated in 5 years or more
136706260,way,last_update,27-2-2017,Feature has not been updated in 5 years or more
136706262,way,last_update,12-11-2011,Feature has not been updated in 5 years or more
136706264,way,last_update,12-11-2011,Feature has not been updated in 5 years or more
136706265,way,last_update,12-11-2011,Feature has not been updated in 5 years or more
136706266,way,last_update,12-11-2011,Feature has not been updated in 5 years or more
136706274,way,last_update,12-11-2011,Feature has not been updated in 5 years or more
136706278,way,last_update,12-11-2011,Feature has not been updated in 5 years or more
136706281,way,last_update,12-11-2011,Feature has not been updated in 5 years or more
136706283,way,last_update,12-11-2011,Feature has not been updated in 5 years or more
136706284,way,last_update,12-11-2011,Feature has not been updated in 5 years or more
136706287,way,last_update,12-11-2011,Feature has not been updated in 5 years or more
136706288,way,last_update,12-11-2011,Feature has not been updated in 5 years or more
136706289,way,last_update,12-11-2011,Feature has not been updated in 5 years or more
136706290,way,last_update,12-11-2011,Feature has not been updated in 5 years or more
136706292,way,last_update,12-11-2011,Feature has not been updated in 5 years or more
136706293,way,last_update,12-11-2011,Feature has not been updated in 5 years or more
136706294,way,last_update,12-11-2011,Feature has not been updated in 5 years or more
136706295,way,last_update,12-11-2011,Feature has not been updated in 5 years or more
136706296,way,last_update,12-11-2011,Feature has not been updated in 5 years or more
136706298,way,last_update,12-11-2011,Feature has not been updated in 5 years or more
136706299,way,last_update,12-11-2011,Feature has not been updated in 5 years or more
136706301,way,last_update,12-11-2011,Feature has not been updated in 5 years or more
136706302,way,last_update,12-11-2011,Feature has not been updated in 5 years or more
136706303,way,last_update,12-11-2011,Feature has not been updated in 5 years or more
136706304,way,last_update,12-11-2011,Feature has not been updated in 5 years or more
136706305,way,last_update,12-11-2011,Feature has not been updated in 5 years or more
136706306,way,last_update,12-11-2011,Feature has not been updated in 5 years or more
136706307,way,last_update,12-11-2011,Feature has not been updated in 5 years or more
136706309,way,last_update,12-11-2011,Feature has not been updated in 5 years or more
136706310,way,last_update,12-11-2011,Feature has not been updated in 5 years or more
136706312,way,last_update,12-11-2011,Feature has not been updated in 5 years or more
136706313,way,last_update,12-11-2011,Feature has not been updated in 5 years or more
136706314,way,last_update,12-11-2011,Feature has not been updated in 5 years or more
136706316,way,last_update,18-12-2016,Feature has not been updated in 5 years or more
136706317,way,last_update,18-12-2016,Feature has not been updated in 5 years or more
136706323,way,last_update,12-11-2011,Feature has not been updated in 5 years or more
136706324,way,last_update,12-11-2011,Feature has not been updated in 5 years or more
136706332,way,last_update,12-11-2011,Feature has not been updated in 5 years or more
136706337,way,last_update,12-11-2011,Feature has not been updated in 5 years or more
136706350,way,last_update,12-11-2011,Feature has not been updated in 5 years or more
136706351,way,last_update,12-11-2011,Feature has not been updated in 5 years or more
136706352,way,last_update,12-11-2011,Feature has not been updated in 5 years or more
136706353,way,last_update,12-11-2011,Feature has not been updated in 5 years or more
136706355,way,last_update,12-11-2011,Feature has not been updated in 5 years or more
136706356,way,last_update,12-11-2011,Feature has not been updated in 5 years or more
136706357,way,last_update,17-6-2012,Feature has not been updated in 5 years or more
136706358,way,last_update,28-2-2017,Feature has not been updated in 5 years or more
136706360,way,last_update,12-11-2011,Feature has not been updated in 5 years or more
136717692,way,last_update,10-5-2013,Feature has not been updated in 5 years or more
136717706,way,last_update,12-11-2011,Feature has not been updated in 5 years or more
136717715,way,last_update,12-11-2011,Feature has not been updated in 5 years or more
136717720,way,last_update,12-11-2011,Feature has not been updated in 5 years or more
136717721,way,last_update,12-11-2011,Feature has not been updated in 5 years or more
136717733,way,last_update,12-11-2011,Feature has not been updated in 5 years or more
136717738,way,last_update,12-11-2011,Feature has not been updated in 5 years or more
136717741,way,last_update,12-11-2011,Feature has not been updated in 5 years or more
136717745,way,last_update,12-11-2011,Feature has not been updated in 5 years or more
136717746,way,last_update,12-11-2011,Feature has not been updated in 5 years or more
136717752,way,last_update,12-11-2011,Feature has not been updated in 5 years or more
136717754,way,last_update,12-11-2011,Feature has not been updated in 5 years or more
136717758,way,last_update,12-11-2011,Feature has not been updated in 5 years or more
136717764,way,last_update,12-11-2011,Feature has not been updated in 5 years or more
136717768,way,last_update,12-11-2011,Feature has not been updated in 5 years or more
136717771,way,last_update,12-11-2011,Feature has not been updated in 5 years or more
136717773,way,last_update,18-12-2016,Feature has not been updated in 5 years or more
136717775,way,last_update,12-11-2011,Feature has not been updated in 5 years or more
136717781,way,last_update,12-11-2011,Feature has not been updated in 5 years or more
136717783,way,last_update,18-12-2016,Feature has not been updated in 5 years or more
136717786,way,last_update,12-11-2011,Feature has not been updated in 5 years or more
136717787,way,last_update,12-11-2011,Feature has not been updated in 5 years or more
136717791,way,last_update,12-11-2011,Feature has not been updated in 5 years or more
136717814,way,last_update,12-11-2011,Feature has not been updated in 5 years or more
136717868,way,last_update,5-1-2016,Feature has not been updated in 5 years or more
136717869,way,last_update,12-11-2011,Feature has not been updated in 5 years or more
136717879,way,last_update,12-11-2011,Feature has not been updated in 5 years or more
136808980,way,last_update,13-11-2011,Feature has not been updated in 5 years or more
136808981,way,last_update,14-10-2019,Feature has not been updated in 5 years or more
136808984,way,last_update,13-11-2011,Feature has not been updated in 5 years or more
136808986,way,last_update,13-11-2011,Feature has not been updated in 5 years or more
136808987,way,last_update,13-11-2011,Feature has not been updated in 5 years or more
136808990,way,last_update,14-10-2019,Feature has not been updated in 5 years or more
136808991,way,last_update,13-11-2011,Feature has not been updated in 5 years or more
136808992,way,last_update,13-11-2011,Feature has not been updated in 5 years or more
136808994,way,last_update,13-11-2011,Feature has not been updated in 5 years or more
136808995,way,last_update,14-10-2019,Feature has not been updated in 5 years or more
136808996,way,last_update,13-11-2011,Feature has not been updated in 5 years or more
136808997,way,last_update,13-11-2011,Feature has not been updated in 5 years or more
136808998,way,last_update,7-10-2019,Feature has not been updated in 5 years or more
136809001,way,last_update,13-11-2011,Feature has not been updated in 5 years or more
136809003,way,last_update,13-11-2011,Feature has not been updated in 5 years or more
136809004,way,last_update,7-10-2019,Feature has not been updated in 5 years or more
136809005,way,last_update,7-10-2019,Feature has not been updated in 5 years or more
136809008,way,last_update,13-11-2011,Feature has not been updated in 5 years or more
136809010,way,last_update,13-11-2011,Feature has not been updated in 5 years or more
136809022,way,last_update,13-11-2011,Feature has not been updated in 5 years or more
136809024,way,last_update,13-11-2011,Feature has not been updated in 5 years or more
136809025,way,last_update,13-11-2011,Feature has not been updated in 5 years or more
136809026,way,last_update,13-11-2011,Feature has not been updated in 5 years or more
136809032,way,last_update,13-11-2011,Feature has not been updated in 5 years or more
136809033,way,last_update,13-11-2011,Feature has not been updated in 5 years or more
136809035,way,last_update,13-11-2011,Feature has not been updated in 5 years or more
136809037,way,last_update,24-7-2012,Feature has not been updated in 5 years or more
136809054,way,last_update,3-12-2011,Feature has not been updated in 5 years or more
136809062,way,last_update,25-11-2012,Feature has not been updated in 5 years or more
136809092,way,last_update,14-10-2019,Feature has not been updated in 5 years or more
136809096,way,last_update,13-11-2011,Feature has not been updated in 5 years or more
136809098,way,last_update,1-1-2013,Feature has not been updated in 5 years or more
136809103,way,last_update,13-11-2011,Feature has not been updated in 5 years or more
136809105,way,last_update,7-10-2019,Feature has not been updated in 5 years or more
136809108,way,last_update,3-9-2016,Feature has not been updated in 5 years or more
136809110,way,last_update,1-1-2013,Feature has not been updated in 5 years or more
136962770,way,last_update,3-9-2016,Feature has not been updated in 5 years or more
136962772,way,last_update,14-11-2011,Feature has not been updated in 5 years or more
136962779,way,last_update,14-11-2011,Feature has not been updated in 5 years or more
136962780,way,last_update,14-11-2011,Feature has not been updated in 5 years or more
136962781,way,last_update,14-11-2011,Feature has not been updated in 5 years or more
136962782,way,last_update,4-9-2016,Feature has not been updated in 5 years or more
136962783,way,last_update,14-11-2011,Feature has not been updated in 5 years or more
136962786,way,last_update,14-11-2011,Feature has not been updated in 5 years or more
136962791,way,last_update,14-11-2011,Feature has not been updated in 5 years or more
136962793,way,last_update,3-9-2016,Feature has not been updated in 5 years or more
136962794,way,last_update,3-9-2016,Feature has not been updated in 5 years or more
136962795,way,last_update,14-11-2011,Feature has not been updated in 5 years or more
136962796,way,last_update,3-9-2016,Feature has not been updated in 5 years or more
136962797,way,last_update,3-9-2016,Feature has not been updated in 5 years or more
136962800,way,last_update,14-11-2011,Feature has not been updated in 5 years or more
136962803,way,last_update,14-11-2011,Feature has not been updated in 5 years or more
136962808,way,last_update,14-11-2011,Feature has not been updated in 5 years or more
136962814,way,last_update,3-9-2016,Feature has not been updated in 5 years or more
136962819,way,last_update,14-11-2011,Feature has not been updated in 5 years or more
136962821,way,last_update,14-11-2011,Feature has not been updated in 5 years or more
136962826,way,last_update,14-11-2011,Feature has not been updated in 5 years or more
136962833,way,last_update,3-9-2016,Feature has not been updated in 5 years or more
136962835,way,last_update,14-11-2011,Feature has not been updated in 5 years or more
136962839,way,last_update,14-11-2011,Feature has not been updated in 5 years or more
136962841,way,last_update,3-9-2016,Feature has not been updated in 5 years or more
136962842,way,last_update,14-11-2011,Feature has not been updated in 5 years or more
136962845,way,last_update,4-9-2016,Feature has not been updated in 5 years or more
136962849,way,last_update,14-11-2011,Feature has not been updated in 5 years or more
136962851,way,last_update,14-11-2011,Feature has not been updated in 5 years or more
136962863,way,last_update,3-9-2016,Feature has not been updated in 5 years or more
136962875,way,last_update,14-11-2011,Feature has not been updated in 5 years or more
136962881,way,last_update,14-11-2011,Feature has not been updated in 5 years or more
136962893,way,last_update,4-9-2016,Feature has not been updated in 5 years or more
136962896,way,last_update,3-9-2016,Feature has not been updated in 5 years or more
136962897,way,last_update,14-11-2011,Feature has not been updated in 5 years or more
136962907,way,last_update,14-11-2011,Feature has not been updated in 5 years or more
136962923,way,last_update,14-11-2011,Feature has not been updated in 5 years or more
136962925,way,last_update,3-9-2016,Feature has not been updated in 5 years or more
136962931,way,last_update,14-11-2011,Feature has not been updated in 5 years or more
136962933,way,last_update,3-9-2016,Feature has not been updated in 5 years or more
136962935,way,last_update,14-11-2011,Feature has not been updated in 5 years or more
136962936,way,last_update,3-9-2016,Feature has not been updated in 5 years or more
136962938,way,last_update,3-9-2016,Feature has not been updated in 5 years or more
136962941,way,last_update,3-9-2016,Feature has not been updated in 5 years or more
136962943,way,last_update,3-9-2016,Feature has not been updated in 5 years or more
136962945,way,last_update,4-9-2016,Feature has not been updated in 5 years or more
136962949,way,last_update,14-11-2011,Feature has not been updated in 5 years or more
136962951,way,last_update,2-3-2013,Feature has not been updated in 5 years or more
136962953,way,last_update,4-9-2016,Feature has not been updated in 5 years or more
136962954,way,last_update,14-11-2011,Feature has not been updated in 5 years or more
136962957,way,last_update,3-9-2016,Feature has not been updated in 5 years or more
137071324,way,last_update,15-11-2011,Feature has not been updated in 5 years or more
137071325,way,last_update,15-11-2011,Feature has not been updated in 5 years or more
137071326,way,last_update,15-11-2011,Feature has not been updated in 5 years or more
137071327,way,last_update,15-11-2011,Feature has not been updated in 5 years or more
137071328,way,last_update,15-11-2011,Feature has not been updated in 5 years or more
137071329,way,last_update,15-11-2011,Feature has not been updated in 5 years or more
137071331,way,last_update,15-11-2011,Feature has not been updated in 5 years or more
137071332,way,last_update,15-11-2011,Feature has not been updated in 5 years or more
137071333,way,last_update,15-11-2011,Feature has not been updated in 5 years or more
137071335,way,last_update,15-11-2011,Feature has not been updated in 5 years or more
137071338,way,last_update,15-11-2011,Feature has not been updated in 5 years or more
137071342,way,last_update,15-11-2011,Feature has not been updated in 5 years or more
137071346,way,last_update,15-11-2011,Feature has not been updated in 5 years or more
137071350,way,last_update,15-11-2011,Feature has not been updated in 5 years or more
137071387,way,last_update,15-11-2011,Feature has not been updated in 5 years or more
137071389,way,last_update,20-3-2017,Feature has not been updated in 5 years or more
137283346,way,last_update,17-11-2011,Feature has not been updated in 5 years or more
139334060,way,last_update,2-12-2011,Feature has not been updated in 5 years or more
139334062,way,last_update,2-12-2011,Feature has not been updated in 5 years or more
139334078,way,last_update,2-12-2011,Feature has not been updated in 5 years or more
139334079,way,last_update,2-12-2011,Feature has not been updated in 5 years or more
139334085,way,last_update,2-12-2011,Feature has not been updated in 5 years or more
139334088,way,last_update,2-12-2011,Feature has not been updated in 5 years or more
139334089,way,last_update,2-12-2011,Feature has not been updated in 5 years or more
139334090,way,last_update,2-12-2011,Feature has not been updated in 5 years or more
139334129,way,last_update,2-12-2011,Feature has not been updated in 5 years or more
139487988,way,last_update,3-12-2011,Feature has not been updated in 5 years or more
139487990,way,last_update,5-12-2018,Feature has not been updated in 5 years or more
139487993,way,last_update,5-12-2018,Feature has not been updated in 5 years or more
139487994,way,last_update,5-12-2018,Feature has not been updated in 5 years or more
139487995,way,last_update,3-12-2011,Feature has not been updated in 5 years or more
139487996,way,last_update,5-12-2018,Feature has not been updated in 5 years or more
139487998,way,last_update,5-12-2018,Feature has not been updated in 5 years or more
139487999,way,last_update,3-12-2011,Feature has not been updated in 5 years or more
139488003,way,last_update,3-12-2011,Feature has not been updated in 5 years or more
139488007,way,last_update,3-12-2011,Feature has not been updated in 5 years or more
139488008,way,last_update,3-12-2011,Feature has not been updated in 5 years or more
139488014,way,last_update,3-12-2011,Feature has not been updated in 5 years or more
139488015,way,last_update,3-12-2011,Feature has not been updated in 5 years or more
139488016,way,last_update,5-12-2018,Feature has not been updated in 5 years or more
139488018,way,last_update,3-12-2011,Feature has not been updated in 5 years or more
139488019,way,last_update,5-12-2018,Feature has not been updated in 5 years or more
139488022,way,last_update,5-12-2018,Feature has not been updated in 5 years or more
139488028,way,last_update,3-12-2011,Feature has not been updated in 5 years or more
139488031,way,last_update,3-12-2011,Feature has not been updated in 5 years or more
139488032,way,last_update,3-12-2011,Feature has not been updated in 5 years or more
139488033,way,last_update,3-12-2011,Feature has not been updated in 5 years or more
139488034,way,last_update,3-12-2011,Feature has not been updated in 5 years or more
139488039,way,last_update,3-12-2011,Feature has not been updated in 5 years or more
139488085,way,last_update,26-5-2013,Feature has not been updated in 5 years or more
139488088,way,last_update,3-12-2011,Feature has not been updated in 5 years or more
139488091,way,last_update,13-6-2015,Feature has not been updated in 5 years or more
139488094,way,last_update,5-12-2018,Feature has not been updated in 5 years or more
139488098,way,last_update,3-12-2011,Feature has not been updated in 5 years or more
139488099,way,last_update,5-12-2018,Feature has not been updated in 5 years or more
139488100,way,last_update,5-12-2018,Feature has not been updated in 5 years or more
139488102,way,last_update,24-9-2012,Feature has not been updated in 5 years or more
139488108,way,last_update,5-12-2018,Feature has not been updated in 5 years or more
139493175,way,last_update,3-12-2011,Feature has not been updated in 5 years or more
139493179,way,last_update,3-12-2011,Feature has not been updated in 5 years or more
139493181,way,last_update,3-12-2011,Feature has not been updated in 5 years or more
139493182,way,last_update,3-12-2011,Feature has not been updated in 5 years or more
139493185,way,last_update,3-12-2011,Feature has not been updated in 5 years or more
139493186,way,last_update,3-12-2011,Feature has not been updated in 5 years or more
139493187,way,last_update,3-12-2011,Feature has not been updated in 5 years or more
139493188,way,last_update,3-12-2011,Feature has not been updated in 5 years or more
139493192,way,last_update,3-12-2011,Feature has not been updated in 5 years or more
139493204,way,last_update,19-11-2018,Feature has not been updated in 5 years or more
139493205,way,last_update,19-11-2018,Feature has not been updated in 5 years or more
139493210,way,last_update,19-11-2018,Feature has not been updated in 5 years or more
139498580,way,last_update,3-12-2011,Feature has not been updated in 5 years or more
139498584,way,last_update,19-11-2018,Feature has not been updated in 5 years or more
139498585,way,last_update,3-12-2011,Feature has not been updated in 5 years or more
139498588,way,last_update,13-1-2013,Feature has not been updated in 5 years or more
139498590,way,last_update,3-12-2011,Feature has not been updated in 5 years or more
139498593,way,last_update,25-11-2012,Feature has not been updated in 5 years or more
139498596,way,last_update,3-12-2011,Feature has not been updated in 5 years or more
139498597,way,last_update,3-12-2011,Feature has not been updated in 5 years or more
139498599,way,last_update,3-12-2011,Feature has not been updated in 5 years or more
139498601,way,last_update,3-12-2011,Feature has not been updated in 5 years or more
139498602,way,last_update,3-12-2011,Feature has not been updated in 5 years or more
139498606,way,last_update,3-12-2011,Feature has not been updated in 5 years or more
139498607,way,last_update,3-12-2011,Feature has not been updated in 5 years or more
139498608,way,last_update,3-12-2011,Feature has not been updated in 5 years or more
139498611,way,last_update,3-12-2011,Feature has not been updated in 5 years or more
139498612,way,last_update,3-12-2011,Feature has not been updated in 5 years or more
139498616,way,last_update,3-12-2011,Feature has not been updated in 5 years or more
139498617,way,last_update,19-11-2018,Feature has not been updated in 5 years or more
139498619,way,last_update,3-12-2011,Feature has not been updated in 5 years or more
139498621,way,last_update,3-12-2011,Feature has not been updated in 5 years or more
139498622,way,last_update,3-12-2011,Feature has not been updated in 5 years or more
139498625,way,last_update,3-12-2011,Feature has not been updated in 5 years or more
139498626,way,last_update,3-12-2011,Feature has not been updated in 5 years or more
139498629,way,last_update,3-12-2011,Feature has not been updated in 5 years or more
139498630,way,last_update,3-12-2011,Feature has not been updated in 5 years or more
139498633,way,last_update,3-12-2011,Feature has not been updated in 5 years or more
139498634,way,last_update,3-12-2011,Feature has not been updated in 5 years or more
139498637,way,last_update,3-12-2011,Feature has not been updated in 5 years or more
139498639,way,last_update,3-12-2011,Feature has not been updated in 5 years or more
139498640,way,last_update,3-12-2011,Feature has not been updated in 5 years or more
139498642,way,last_update,19-11-2018,Feature has not been updated in 5 years or more
139498646,way,last_update,3-12-2011,Feature has not been updated in 5 years or more
139498648,way,last_update,3-12-2011,Feature has not been updated in 5 years or more
139498649,way,last_update,3-12-2011,Feature has not been updated in 5 years or more
139498653,way,last_update,3-12-2011,Feature has not been updated in 5 years or more
139498654,way,last_update,3-12-2011,Feature has not been updated in 5 years or more
139498657,way,last_update,3-12-2011,Feature has not been updated in 5 years or more
139498658,way,last_update,3-12-2011,Feature has not been updated in 5 years or more
139498660,way,last_update,3-12-2011,Feature has not been updated in 5 years or more
139498662,way,last_update,3-12-2011,Feature has not been updated in 5 years or more
139498663,way,last_update,3-12-2011,Feature has not been updated in 5 years or more
139498667,way,last_update,3-12-2011,Feature has not been updated in 5 years or more
139498668,way,last_update,3-12-2011,Feature has not been updated in 5 years or more
139498671,way,last_update,3-12-2011,Feature has not been updated in 5 years or more
139498673,way,last_update,3-12-2011,Feature has not been updated in 5 years or more
139498675,way,last_update,3-12-2011,Feature has not been updated in 5 years or more
139498678,way,last_update,3-12-2011,Feature has not been updated in 5 years or more
139498681,way,last_update,3-12-2011,Feature has not been updated in 5 years or more
139498684,way,last_update,3-12-2011,Feature has not been updated in 5 years or more
139498760,way,last_update,13-1-2013,Feature has not been updated in 5 years or more
139498767,way,last_update,25-11-2012,Feature has not been updated in 5 years or more
139498770,way,last_update,22-10-2018,Feature has not been updated in 5 years or more
139498777,way,last_update,3-12-2011,Feature has not been updated in 5 years or more
139498779,way,last_update,3-12-2011,Feature has not been updated in 5 years or more
139498789,way,last_update,25-11-2012,Feature has not been updated in 5 years or more
139498790,way,last_update,3-12-2011,Feature has not been updated in 5 years or more
139498796,way,last_update,22-10-2018,Feature has not been updated in 5 years or more
139498803,way,last_update,3-12-2011,Feature has not been updated in 5 years or more
139498804,way,last_update,3-12-2011,Feature has not been updated in 5 years or more
139498807,way,last_update,24-7-2012,Feature has not been updated in 5 years or more
139498808,way,last_update,13-1-2013,Feature has not been updated in 5 years or more
140215429,way,last_update,8-12-2011,Feature has not been updated in 5 years or more
140215431,way,last_update,8-12-2011,Feature has not been updated in 5 years or more
140216745,way,last_update,24-3-2013,Feature has not been updated in 5 years or more
140216751,way,last_update,8-12-2011,Feature has not been updated in 5 years or more
140216755,way,last_update,8-12-2011,Feature has not been updated in 5 years or more
140216759,way,last_update,8-12-2011,Feature has not been updated in 5 years or more
140216762,way,last_update,8-12-2011,Feature has not been updated in 5 years or more
140216764,way,last_update,8-12-2011,Feature has not been updated in 5 years or more
140216766,way,last_update,8-12-2011,Feature has not been updated in 5 years or more
140216770,way,last_update,8-12-2011,Feature has not been updated in 5 years or more
140216772,way,last_update,8-12-2011,Feature has not been updated in 5 years or more
140216775,way,last_update,8-12-2011,Feature has not been updated in 5 years or more
140216777,way,last_update,8-12-2011,Feature has not been updated in 5 years or more
140216779,way,last_update,8-12-2011,Feature has not been updated in 5 years or more
140216781,way,last_update,8-12-2011,Feature has not been updated in 5 years or more
140216788,way,last_update,8-12-2011,Feature has not been updated in 5 years or more
140216821,way,last_update,17-7-2018,Feature has not been updated in 5 years or more
140216824,way,last_update,8-12-2011,Feature has not been updated in 5 years or more
140216831,way,last_update,24-3-2013,Feature has not been updated in 5 years or more
140216834,way,last_update,24-3-2013,Feature has not been updated in 5 years or more
140352793,way,last_update,9-12-2011,Feature has not been updated in 5 years or more
140352794,way,last_update,9-12-2011,Feature has not been updated in 5 years or more
140352795,way,last_update,24-9-2012,Feature has not been updated in 5 years or more
140352797,way,last_update,9-12-2011,Feature has not been updated in 5 years or more
140352798,way,last_update,1-12-2013,Feature has not been updated in 5 years or more
140352800,way,last_update,9-12-2011,Feature has not been updated in 5 years or more
140352801,way,last_update,9-12-2011,Feature has not been updated in 5 years or more
140352802,way,last_update,9-12-2011,Feature has not been updated in 5 years or more
140352803,way,last_update,9-12-2011,Feature has not been updated in 5 years or more
140352804,way,last_update,9-12-2011,Feature has not been updated in 5 years or more
140352805,way,last_update,9-12-2011,Feature has not been updated in 5 years or more
140352806,way,last_update,9-12-2011,Feature has not been updated in 5 years or more
140352807,way,last_update,9-12-2011,Feature has not been updated in 5 years or more
140352808,way,last_update,9-12-2011,Feature has not been updated in 5 years or more
140352809,way,last_update,9-12-2011,Feature has not been updated in 5 years or more
140352811,way,last_update,9-12-2011,Feature has not been updated in 5 years or more
140352812,way,last_update,9-12-2011,Feature has not been updated in 5 years or more
140352813,way,last_update,9-12-2011,Feature has not been updated in 5 years or more
140352814,way,last_update,9-12-2011,Feature has not been updated in 5 years or more
140352815,way,last_update,9-12-2011,Feature has not been updated in 5 years or more
140352816,way,last_update,9-12-2011,Feature has not been updated in 5 years or more
140352817,way,last_update,9-12-2011,Feature has not been updated in 5 years or more
140352818,way,last_update,9-12-2011,Feature has not been updated in 5 years or more
140352819,way,last_update,9-12-2011,Feature has not been updated in 5 years or more
140352820,way,last_update,9-12-2011,Feature has not been updated in 5 years or more
140352821,way,last_update,9-12-2011,Feature has not been updated in 5 years or more
140352822,way,last_update,9-12-2011,Feature has not been updated in 5 years or more
140352823,way,last_update,9-12-2011,Feature has not been updated in 5 years or more
140352824,way,last_update,9-12-2011,Feature has not been updated in 5 years or more
140352825,way,last_update,9-12-2011,Feature has not been updated in 5 years or more
140352826,way,last_update,9-12-2011,Feature has not been updated in 5 years or more
140352827,way,last_update,9-12-2011,Feature has not been updated in 5 years or more
140352828,way,last_update,9-12-2011,Feature has not been updated in 5 years or more
140352829,way,last_update,9-12-2011,Feature has not been updated in 5 years or more
140352830,way,last_update,9-12-2011,Feature has not been updated in 5 years or more
140352831,way,last_update,9-12-2011,Feature has not been updated in 5 years or more
140352832,way,last_update,9-12-2011,Feature has not been updated in 5 years or more
140352833,way,last_update,9-12-2011,Feature has not been updated in 5 years or more
140352834,way,last_update,9-12-2011,Feature has not been updated in 5 years or more
140352835,way,last_update,9-12-2011,Feature has not been updated in 5 years or more
140352836,way,last_update,9-12-2011,Feature has not been updated in 5 years or more
140352837,way,last_update,9-12-2011,Feature has not been updated in 5 years or more
140352838,way,last_update,9-12-2011,Feature has not been updated in 5 years or more
140352839,way,last_update,9-12-2011,Feature has not been updated in 5 years or more
140352840,way,last_update,9-12-2011,Feature has not been updated in 5 years or more
140352841,way,last_update,9-12-2011,Feature has not been updated in 5 years or more
140352842,way,last_update,9-12-2011,Feature has not been updated in 5 years or more
140352843,way,last_update,9-12-2011,Feature has not been updated in 5 years or more
140352844,way,last_update,9-12-2011,Feature has not been updated in 5 years or more
140352845,way,last_update,9-12-2011,Feature has not been updated in 5 years or more
140352847,way,last_update,9-12-2011,Feature has not been updated in 5 years or more
140352851,way,last_update,9-12-2011,Feature has not been updated in 5 years or more
140352877,way,last_update,1-7-2012,Feature has not been updated in 5 years or more
140352880,way,last_update,1-7-2012,Feature has not been updated in 5 years or more
140352881,way,last_update,9-12-2011,Feature has not been updated in 5 years or more
140352882,way,last_update,1-12-2013,Feature has not been updated in 5 years or more
140352884,way,last_update,1-12-2013,Feature has not been updated in 5 years or more
140352885,way,last_update,9-12-2011,Feature has not been updated in 5 years or more
140352886,way,last_update,9-12-2011,Feature has not been updated in 5 years or more
140352887,way,last_update,9-12-2011,Feature has not been updated in 5 years or more
140478016,way,last_update,10-12-2011,Feature has not been updated in 5 years or more
140478017,way,last_update,10-12-2011,Feature has not been updated in 5 years or more
140478024,way,last_update,6-11-2016,Feature has not been updated in 5 years or more
140478026,way,last_update,10-12-2011,Feature has not been updated in 5 years or more
140478027,way,last_update,6-11-2016,Feature has not been updated in 5 years or more
140478030,way,last_update,10-12-2011,Feature has not been updated in 5 years or more
140478038,way,last_update,6-11-2016,Feature has not been updated in 5 years or more
140478039,way,last_update,6-11-2016,Feature has not been updated in 5 years or more
140478047,way,last_update,6-11-2016,Feature has not been updated in 5 years or more
140478052,way,last_update,10-12-2011,Feature has not been updated in 5 years or more
140478053,way,last_update,10-12-2011,Feature has not been updated in 5 years or more
140478055,way,last_update,10-12-2011,Feature has not been updated in 5 years or more
140478062,way,last_update,10-12-2011,Feature has not been updated in 5 years or more
140478070,way,last_update,10-12-2011,Feature has not been updated in 5 years or more
140478088,way,last_update,10-12-2011,Feature has not been updated in 5 years or more
140478089,way,last_update,10-12-2011,Feature has not been updated in 5 years or more
140500352,way,last_update,18-12-2016,Feature has not been updated in 5 years or more
140500354,way,last_update,18-12-2016,Feature has not been updated in 5 years or more
140500359,way,last_update,10-12-2011,Feature has not been updated in 5 years or more
140500360,way,last_update,10-12-2011,Feature has not been updated in 5 years or more
140500361,way,last_update,18-12-2016,Feature has not been updated in 5 years or more
140500365,way,last_update,10-12-2011,Feature has not been updated in 5 years or more
140500366,way,last_update,10-12-2011,Feature has not been updated in 5 years or more
140500367,way,last_update,10-12-2011,Feature has not been updated in 5 years or more
140500368,way,last_update,10-12-2011,Feature has not been updated in 5 years or more
140500369,way,last_update,10-12-2011,Feature has not been updated in 5 years or more
140500370,way,last_update,10-12-2011,Feature has not been updated in 5 years or more
140500371,way,last_update,10-12-2011,Feature has not been updated in 5 years or more
140500373,way,last_update,10-12-2011,Feature has not been updated in 5 years or more
140500374,way,last_update,10-12-2011,Feature has not been updated in 5 years or more
140500375,way,last_update,10-12-2011,Feature has not been updated in 5 years or more
140500376,way,last_update,10-12-2011,Feature has not been updated in 5 years or more
140500377,way,last_update,10-12-2011,Feature has not been updated in 5 years or more
140500389,way,last_update,10-12-2011,Feature has not been updated in 5 years or more
140512489,way,last_update,28-2-2015,Feature has not been updated in 5 years or more
140512499,way,last_update,28-2-2015,Feature has not been updated in 5 years or more
140512501,way,last_update,28-2-2015,Feature has not been updated in 5 years or more
140512503,way,last_update,10-12-2011,Feature has not been updated in 5 years or more
140512534,way,last_update,22-11-2016,Feature has not been updated in 5 years or more
140633630,way,last_update,11-12-2011,Feature has not been updated in 5 years or more
140633632,way,last_update,11-12-2011,Feature has not been updated in 5 years or more
141030812,way,last_update,13-12-2011,Feature has not been updated in 5 years or more
141030814,way,last_update,13-12-2011,Feature has not been updated in 5 years or more
141030815,way,last_update,13-12-2011,Feature has not been updated in 5 years or more
141030817,way,last_update,13-12-2011,Feature has not been updated in 5 years or more
141030819,way,last_update,13-12-2011,Feature has not been updated in 5 years or more
141030820,way,last_update,13-12-2011,Feature has not been updated in 5 years or more
141030821,way,last_update,13-12-2011,Feature has not been updated in 5 years or more
141030822,way,last_update,13-12-2011,Feature has not been updated in 5 years or more
141030823,way,last_update,13-12-2011,Feature has not been updated in 5 years or more
141030828,way,last_update,13-12-2011,Feature has not been updated in 5 years or more
141300283,way,last_update,10-5-2019,Feature has not been updated in 5 years or more
141300284,way,last_update,10-5-2019,Feature has not been updated in 5 years or more
141300287,way,last_update,7-11-2012,Feature has not been updated in 5 years or more
141300289,way,last_update,10-5-2019,Feature has not been updated in 5 years or more
141300290,way,last_update,15-12-2011,Feature has not been updated in 5 years or more
141300291,way,last_update,15-12-2011,Feature has not been updated in 5 years or more
141300292,way,last_update,29-7-2018,Feature has not been updated in 5 years or more
141300295,way,last_update,26-5-2013,Feature has not been updated in 5 years or more
141300296,way,last_update,15-12-2011,Feature has not been updated in 5 years or more
141300297,way,last_update,15-12-2011,Feature has not been updated in 5 years or more
141300298,way,last_update,15-12-2011,Feature has not been updated in 5 years or more
141300299,way,last_update,15-12-2011,Feature has not been updated in 5 years or more
141300300,way,last_update,15-12-2011,Feature has not been updated in 5 years or more
141300301,way,last_update,29-7-2018,Feature has not been updated in 5 years or more
141300302,way,last_update,26-5-2013,Feature has not been updated in 5 years or more
141300303,way,last_update,15-12-2011,Feature has not been updated in 5 years or more
141300304,way,last_update,15-12-2011,Feature has not been updated in 5 years or more
141300305,way,last_update,26-5-2013,Feature has not been updated in 5 years or more
141300306,way,last_update,26-5-2013,Feature has not been updated in 5 years or more
141300307,way,last_update,15-12-2011,Feature has not been updated in 5 years or more
141300308,way,last_update,15-12-2011,Feature has not been updated in 5 years or more
141300328,way,last_update,26-5-2013,Feature has not been updated in 5 years or more
141300334,way,last_update,7-11-2012,Feature has not been updated in 5 years or more
142392193,way,last_update,22-12-2011,Feature has not been updated in 5 years or more
142392195,way,last_update,22-12-2011,Feature has not been updated in 5 years or more
142392199,way,last_update,22-12-2011,Feature has not been updated in 5 years or more
142392200,way,last_update,22-12-2011,Feature has not been updated in 5 years or more
142392204,way,last_update,22-12-2011,Feature has not been updated in 5 years or more
142392212,way,last_update,22-12-2011,Feature has not been updated in 5 years or more
142392221,way,last_update,22-12-2011,Feature has not been updated in 5 years or more
142392224,way,last_update,22-12-2011,Feature has not been updated in 5 years or more
144718758,way,last_update,8-1-2012,Feature has not been updated in 5 years or more
144718759,way,last_update,8-1-2012,Feature has not been updated in 5 years or more
144718760,way,last_update,8-1-2012,Feature has not been updated in 5 years or more
144718761,way,last_update,8-1-2012,Feature has not been updated in 5 years or more
144718762,way,last_update,8-1-2012,Feature has not been updated in 5 years or more
144718764,way,last_update,8-1-2012,Feature has not been updated in 5 years or more
144718772,way,last_update,8-1-2012,Feature has not been updated in 5 years or more
144718776,way,last_update,8-1-2012,Feature has not been updated in 5 years or more
144718779,way,last_update,8-1-2012,Feature has not been updated in 5 years or more
144718780,way,last_update,21-10-2012,Feature has not been updated in 5 years or more
144718781,way,last_update,8-1-2012,Feature has not been updated in 5 years or more
144847221,way,last_update,9-1-2012,Feature has not been updated in 5 years or more
144847222,way,last_update,9-1-2012,Feature has not been updated in 5 years or more
144847223,way,last_update,9-1-2012,Feature has not been updated in 5 years or more
144847224,way,last_update,9-1-2012,Feature has not been updated in 5 years or more
144847225,way,last_update,9-1-2012,Feature has not been updated in 5 years or more
144864077,way,last_update,26-5-2013,Feature has not been updated in 5 years or more
144864080,way,last_update,9-1-2012,Feature has not been updated in 5 years or more
144864082,way,last_update,9-1-2012,Feature has not been updated in 5 years or more
144864083,way,last_update,9-1-2012,Feature has not been updated in 5 years or more
144864084,way,last_update,9-1-2012,Feature has not been updated in 5 years or more
144864085,way,last_update,9-1-2012,Feature has not been updated in 5 years or more
144864087,way,last_update,9-1-2012,Feature has not been updated in 5 years or more
144864088,way,last_update,9-1-2012,Feature has not been updated in 5 years or more
144864090,way,last_update,9-1-2012,Feature has not been updated in 5 years or more
144864092,way,last_update,9-1-2012,Feature has not been updated in 5 years or more
144864094,way,last_update,9-1-2012,Feature has not been updated in 5 years or more
144864096,way,last_update,9-1-2012,Feature has not been updated in 5 years or more
144864105,way,last_update,13-3-2015,Feature has not been updated in 5 years or more
144864117,way,last_update,21-7-2016,Feature has not been updated in 5 years or more
144864122,way,last_update,21-7-2016,Feature has not been updated in 5 years or more
147510980,way,last_update,27-1-2012,Feature has not been updated in 5 years or more
147510982,way,last_update,22-1-2020,Feature has not been updated in 5 years or more
147510984,way,last_update,27-1-2012,Feature has not been updated in 5 years or more
147510985,way,last_update,28-2-2015,Feature has not been updated in 5 years or more
147510986,way,last_update,22-10-2018,Feature has not been updated in 5 years or more
147510987,way,last_update,27-1-2012,Feature has not been updated in 5 years or more
147510991,way,last_update,28-2-2015,Feature has not been updated in 5 years or more
147510992,way,last_update,27-1-2012,Feature has not been updated in 5 years or more
147510993,way,last_update,27-1-2012,Feature has not been updated in 5 years or more
147510994,way,last_update,27-1-2012,Feature has not been updated in 5 years or more
147510995,way,last_update,27-1-2012,Feature has not been updated in 5 years or more
147510996,way,last_update,22-10-2018,Feature has not been updated in 5 years or more
147511002,way,last_update,28-2-2015,Feature has not been updated in 5 years or more
147511012,way,last_update,22-10-2018,Feature has not been updated in 5 years or more
147670040,way,last_update,28-1-2012,Feature has not been updated in 5 years or more
147670048,way,last_update,28-1-2012,Feature has not been updated in 5 years or more
147670050,way,last_update,28-1-2012,Feature has not been updated in 5 years or more
147670055,way,last_update,28-1-2012,Feature has not been updated in 5 years or more
147670063,way,last_update,28-1-2012,Feature has not been updated in 5 years or more
147670066,way,last_update,28-1-2012,Feature has not been updated in 5 years or more
148172939,way,last_update,31-1-2012,Feature has not been updated in 5 years or more
148172940,way,last_update,31-1-2012,Feature has not been updated in 5 years or more
148172941,way,last_update,28-10-2016,Feature has not been updated in 5 years or more
148172942,way,last_update,31-1-2012,Feature has not been updated in 5 years or more
148172945,way,last_update,28-10-2016,Feature has not been updated in 5 years or more
148172946,way,last_update,31-1-2012,Feature has not been updated in 5 years or more
148172948,way,last_update,28-10-2016,Feature has not been updated in 5 years or more
148172949,way,last_update,28-10-2016,Feature has not been updated in 5 years or more
148172951,way,last_update,31-1-2012,Feature has not been updated in 5 years or more
148172953,way,last_update,31-1-2012,Feature has not been updated in 5 years or more
148172958,way,last_update,31-1-2012,Feature has not been updated in 5 years or more
148172959,way,last_update,28-10-2016,Feature has not been updated in 5 years or more
148172967,way,last_update,28-10-2016,Feature has not been updated in 5 years or more
148172968,way,last_update,28-10-2016,Feature has not been updated in 5 years or more
148172971,way,last_update,28-10-2016,Feature has not been updated in 5 years or more
148172974,way,last_update,27-11-2016,Feature has not been updated in 5 years or more
148172977,way,last_update,31-1-2012,Feature has not been updated in 5 years or more
148172979,way,last_update,31-1-2012,Feature has not been updated in 5 years or more
148172982,way,last_update,31-1-2012,Feature has not been updated in 5 years or more
148172984,way,last_update,31-1-2012,Feature has not been updated in 5 years or more
148173011,way,last_update,31-1-2012,Feature has not been updated in 5 years or more
148173014,way,last_update,28-10-2016,Feature has not been updated in 5 years or more
148173019,way,last_update,28-10-2016,Feature has not been updated in 5 years or more
148173040,way,last_update,28-10-2016,Feature has not been updated in 5 years or more
148173041,way,last_update,8-12-2013,Feature has not been updated in 5 years or more
148173043,way,last_update,31-1-2012,Feature has not been updated in 5 years or more
148173047,way,last_update,31-1-2012,Feature has not been updated in 5 years or more
148173054,way,last_update,31-1-2012,Feature has not been updated in 5 years or more
148173055,way,last_update,31-1-2012,Feature has not been updated in 5 years or more
148173056,way,last_update,31-1-2012,Feature has not been updated in 5 years or more
148173058,way,last_update,23-11-2016,Feature has not been updated in 5 years or more
148173061,way,last_update,13-4-2021,Feature has not been updated in 5 years or more
148173063,way,last_update,28-10-2016,Feature has not been updated in 5 years or more
148173064,way,last_update,27-11-2016,Feature has not been updated in 5 years or more
148291886,way,last_update,1-2-2012,Feature has not been updated in 5 years or more
148291895,way,last_update,23-2-2014,Feature has not been updated in 5 years or more
148399307,way,last_update,2-2-2012,Feature has not been updated in 5 years or more
148399308,way,last_update,2-2-2012,Feature has not been updated in 5 years or more
148578976,way,last_update,3-2-2012,Feature has not been updated in 5 years or more
148578982,way,last_update,3-2-2012,Feature has not been updated in 5 years or more
148579021,way,last_update,3-2-2012,Feature has not been updated in 5 years or more
148579036,way,last_update,3-2-2012,Feature has not been updated in 5 years or more
148658244,way,last_update,4-2-2012,Feature has not been updated in 5 years or more
148658245,way,last_update,31-10-2018,Feature has not been updated in 5 years or more
148658246,way,last_update,5-11-2018,Feature has not been updated in 5 years or more
148658249,way,last_update,28-10-2016,Feature has not been updated in 5 years or more
148658250,way,last_update,23-2-2013,Feature has not been updated in 5 years or more
148658255,way,last_update,28-10-2016,Feature has not been updated in 5 years or more
148658256,way,last_update,4-2-2012,Feature has not been updated in 5 years or more
148658257,way,last_update,4-2-2012,Feature has not been updated in 5 years or more
148658258,way,last_update,4-2-2012,Feature has not been updated in 5 years or more
148658259,way,last_update,4-2-2012,Feature has not been updated in 5 years or more
148658260,way,last_update,4-2-2012,Feature has not been updated in 5 years or more
148658262,way,last_update,4-2-2012,Feature has not been updated in 5 years or more
148658263,way,last_update,4-2-2012,Feature has not been updated in 5 years or more
148658264,way,last_update,4-2-2012,Feature has not been updated in 5 years or more
148658265,way,last_update,4-2-2012,Feature has not been updated in 5 years or more
148658266,way,last_update,4-2-2012,Feature has not been updated in 5 years or more
148658267,way,last_update,28-10-2016,Feature has not been updated in 5 years or more
148658270,way,last_update,4-2-2012,Feature has not been updated in 5 years or more
148658271,way,last_update,28-10-2016,Feature has not been updated in 5 years or more
148658272,way,last_update,28-10-2016,Feature has not been updated in 5 years or more
148658273,way,last_update,4-2-2012,Feature has not been updated in 5 years or more
148658274,way,last_update,4-2-2012,Feature has not been updated in 5 years or more
148658275,way,last_update,28-10-2016,Feature has not been updated in 5 years or more
148658278,way,last_update,28-10-2016,Feature has not been updated in 5 years or more
148658280,way,last_update,28-10-2016,Feature has not been updated in 5 years or more
148658282,way,last_update,4-2-2012,Feature has not been updated in 5 years or more
148658283,way,last_update,4-2-2012,Feature has not been updated in 5 years or more
148658285,way,last_update,4-2-2012,Feature has not been updated in 5 years or more
148658286,way,last_update,4-2-2012,Feature has not been updated in 5 years or more
148658287,way,last_update,28-10-2016,Feature has not been updated in 5 years or more
148658288,way,last_update,4-2-2012,Feature has not been updated in 5 years or more
148658290,way,last_update,4-2-2012,Feature has not been updated in 5 years or more
148658319,way,last_update,4-2-2012,Feature has not been updated in 5 years or more
148658322,way,last_update,4-2-2012,Feature has not been updated in 5 years or more
148658327,way,last_update,4-2-2012,Feature has not been updated in 5 years or more
148658329,way,last_update,4-2-2012,Feature has not been updated in 5 years or more
148658331,way,last_update,22-10-2018,Feature has not been updated in 5 years or more
148658332,way,last_update,28-10-2016,Feature has not been updated in 5 years or more
148658333,way,last_update,28-10-2016,Feature has not been updated in 5 years or more
149373288,way,last_update,3-12-2018,Feature has not been updated in 5 years or more
149373291,way,last_update,3-12-2018,Feature has not been updated in 5 years or more
149373296,way,last_update,3-12-2018,Feature has not been updated in 5 years or more
149373301,way,last_update,8-2-2012,Feature has not been updated in 5 years or more
149373303,way,last_update,8-2-2012,Feature has not been updated in 5 years or more
149373305,way,last_update,8-2-2012,Feature has not been updated in 5 years or more
149373307,way,last_update,8-2-2012,Feature has not been updated in 5 years or more
149373310,way,last_update,8-2-2012,Feature has not been updated in 5 years or more
149373312,way,last_update,8-2-2012,Feature has not been updated in 5 years or more
149373314,way,last_update,8-2-2012,Feature has not been updated in 5 years or more
149373316,way,last_update,8-2-2012,Feature has not been updated in 5 years or more
149373319,way,last_update,8-2-2012,Feature has not been updated in 5 years or more
149373320,way,last_update,3-12-2018,Feature has not been updated in 5 years or more
149373324,way,last_update,8-2-2012,Feature has not been updated in 5 years or more
149373325,way,last_update,8-2-2012,Feature has not been updated in 5 years or more
149373329,way,last_update,8-2-2012,Feature has not been updated in 5 years or more
149373331,way,last_update,8-2-2012,Feature has not been updated in 5 years or more
149373332,way,last_update,8-2-2012,Feature has not been updated in 5 years or more
149373337,way,last_update,8-2-2012,Feature has not been updated in 5 years or more
149373338,way,last_update,8-2-2012,Feature has not been updated in 5 years or more
149373342,way,last_update,8-2-2012,Feature has not been updated in 5 years or more
149373343,way,last_update,8-2-2012,Feature has not been updated in 5 years or more
149373345,way,last_update,8-2-2012,Feature has not been updated in 5 years or more
149373347,way,last_update,8-2-2012,Feature has not been updated in 5 years or more
149373349,way,last_update,8-2-2012,Feature has not been updated in 5 years or more
149373351,way,last_update,3-12-2018,Feature has not been updated in 5 years or more
149373354,way,last_update,3-12-2018,Feature has not been updated in 5 years or more
149373355,way,last_update,8-2-2012,Feature has not been updated in 5 years or more
149373358,way,last_update,8-2-2012,Feature has not been updated in 5 years or more
149373359,way,last_update,8-2-2012,Feature has not been updated in 5 years or more
149373361,way,last_update,3-12-2018,Feature has not been updated in 5 years or more
149373365,way,last_update,3-12-2018,Feature has not been updated in 5 years or more
149373366,way,last_update,3-12-2018,Feature has not been updated in 5 years or more
149373368,way,last_update,8-2-2012,Feature has not been updated in 5 years or more
149373382,way,last_update,8-2-2012,Feature has not been updated in 5 years or more
149373459,way,last_update,8-10-2019,Feature has not been updated in 5 years or more
149373460,way,last_update,8-2-2012,Feature has not been updated in 5 years or more
149373464,way,last_update,8-2-2012,Feature has not been updated in 5 years or more
149373470,way,last_update,8-2-2012,Feature has not been updated in 5 years or more
149373479,way,last_update,10-6-2012,Feature has not been updated in 5 years or more
149373482,way,last_update,8-2-2012,Feature has not been updated in 5 years or more
149373488,way,last_update,8-10-2019,Feature has not been updated in 5 years or more
149544418,way,last_update,7-11-2018,Feature has not been updated in 5 years or more
149544464,way,last_update,7-11-2018,Feature has not been updated in 5 years or more
150722421,way,last_update,1-2-2020,Feature has not been updated in 5 years or more
150722423,way,last_update,30-12-2016,Feature has not been updated in 5 years or more
150722424,way,last_update,28-10-2016,Feature has not been updated in 5 years or more
150722425,way,last_update,30-12-2016,Feature has not been updated in 5 years or more
150722428,way,last_update,30-12-2016,Feature has not been updated in 5 years or more
150722429,way,last_update,28-10-2016,Feature has not been updated in 5 years or more
150722431,way,last_update,30-12-2016,Feature has not been updated in 5 years or more
150722432,way,last_update,1-2-2020,Feature has not been updated in 5 years or more
150722436,way,last_update,30-12-2016,Feature has not been updated in 5 years or more
150722439,way,last_update,30-12-2016,Feature has not been updated in 5 years or more
150722440,way,last_update,30-12-2016,Feature has not been updated in 5 years or more
150722445,way,last_update,28-10-2016,Feature has not been updated in 5 years or more
150722448,way,last_update,28-10-2016,Feature has not been updated in 5 years or more
150722451,way,last_update,1-2-2020,Feature has not been updated in 5 years or more
150722454,way,last_update,1-2-2020,Feature has not been updated in 5 years or more
150722455,way,last_update,30-12-2016,Feature has not been updated in 5 years or more
150722471,way,last_update,30-12-2016,Feature has not been updated in 5 years or more
150893957,way,last_update,13-10-2018,Feature has not been updated in 5 years or more
150893961,way,last_update,18-2-2012,Feature has not been updated in 5 years or more
150893976,way,last_update,6-4-2012,Feature has not been updated in 5 years or more
150893977,way,last_update,31-8-2018,Feature has not been updated in 5 years or more
152296611,way,last_update,11-4-2012,Feature has not been updated in 5 years or more
152296623,way,last_update,28-2-2012,Feature has not been updated in 5 years or more
152296624,way,last_update,28-2-2012,Feature has not been updated in 5 years or more
152296625,way,last_update,28-2-2012,Feature has not been updated in 5 years or more
152296627,way,last_update,28-2-2012,Feature has not been updated in 5 years or more
152296629,way,last_update,28-2-2012,Feature has not been updated in 5 years or more
152296632,way,last_update,28-2-2012,Feature has not been updated in 5 years or more
152296639,way,last_update,28-2-2012,Feature has not been updated in 5 years or more
152296640,way,last_update,28-2-2012,Feature has not been updated in 5 years or more
152296644,way,last_update,28-2-2012,Feature has not been updated in 5 years or more
152296646,way,last_update,28-2-2012,Feature has not been updated in 5 years or more
152296649,way,last_update,28-2-2012,Feature has not been updated in 5 years or more
152296650,way,last_update,28-2-2012,Feature has not been updated in 5 years or more
152296652,way,last_update,15-10-2012,Feature has not been updated in 5 years or more
152296682,way,last_update,28-5-2012,Feature has not been updated in 5 years or more
152296691,way,last_update,28-2-2012,Feature has not been updated in 5 years or more
152312722,way,last_update,20-7-2016,Feature has not been updated in 5 years or more
152312725,way,last_update,28-2-2012,Feature has not been updated in 5 years or more
152312729,way,last_update,28-2-2012,Feature has not been updated in 5 years or more
152312736,way,last_update,20-7-2016,Feature has not been updated in 5 years or more
152439427,way,last_update,21-8-2014,Feature has not been updated in 5 years or more
152439453,way,last_update,29-2-2012,Feature has not been updated in 5 years or more
152439465,way,last_update,29-2-2012,Feature has not been updated in 5 years or more
152439555,way,last_update,29-2-2012,Feature has not been updated in 5 years or more
152439615,way,last_update,25-9-2012,Feature has not been updated in 5 years or more
153779580,way,last_update,7-3-2012,Feature has not been updated in 5 years or more
153779581,way,last_update,7-3-2012,Feature has not been updated in 5 years or more
153779583,way,last_update,7-3-2012,Feature has not been updated in 5 years or more
153779587,way,last_update,11-4-2012,Feature has not been updated in 5 years or more
153779592,way,last_update,7-3-2012,Feature has not been updated in 5 years or more
153779594,way,last_update,7-3-2012,Feature has not been updated in 5 years or more
153779598,way,last_update,7-3-2012,Feature has not been updated in 5 years or more
153779599,way,last_update,7-3-2012,Feature has not been updated in 5 years or more
153779601,way,last_update,7-3-2012,Feature has not been updated in 5 years or more
153779603,way,last_update,7-3-2012,Feature has not been updated in 5 years or more
153779604,way,last_update,7-3-2012,Feature has not been updated in 5 years or more
153779606,way,last_update,7-3-2012,Feature has not been updated in 5 years or more
153779607,way,last_update,7-3-2012,Feature has not been updated in 5 years or more
153779608,way,last_update,7-3-2012,Feature has not been updated in 5 years or more
153779609,way,last_update,7-3-2012,Feature has not been updated in 5 years or more
153779610,way,last_update,7-3-2012,Feature has not been updated in 5 years or more
153779611,way,last_update,7-3-2012,Feature has not been updated in 5 years or more
153779614,way,last_update,7-3-2012,Feature has not been updated in 5 years or more
153779617,way,last_update,11-4-2012,Feature has not been updated in 5 years or more
153779618,way,last_update,7-3-2012,Feature has not been updated in 5 years or more
153779621,way,last_update,7-3-2012,Feature has not been updated in 5 years or more
153779626,way,last_update,7-3-2012,Feature has not been updated in 5 years or more
153779627,way,last_update,7-3-2012,Feature has not been updated in 5 years or more
153779630,way,last_update,7-3-2012,Feature has not been updated in 5 years or more
153779633,way,last_update,7-3-2012,Feature has not been updated in 5 years or more
153779638,way,last_update,13-10-2018,Feature has not been updated in 5 years or more
153779663,way,last_update,7-3-2012,Feature has not been updated in 5 years or more
153779669,way,last_update,2-6-2012,Feature has not been updated in 5 years or more
153779677,way,last_update,7-3-2012,Feature has not been updated in 5 years or more
153779681,way,last_update,7-3-2012,Feature has not been updated in 5 years or more
153779684,way,last_update,6-4-2012,Feature has not been updated in 5 years or more
153779686,way,last_update,7-3-2012,Feature has not been updated in 5 years or more
153779687,way,last_update,8-8-2018,Feature has not been updated in 5 years or more
153779688,way,last_update,7-3-2012,Feature has not been updated in 5 years or more
153779689,way,last_update,7-3-2012,Feature has not been updated in 5 years or more
154864200,way,last_update,13-3-2012,Feature has not been updated in 5 years or more
154864201,way,last_update,13-3-2012,Feature has not been updated in 5 years or more
154864202,way,last_update,13-3-2012,Feature has not been updated in 5 years or more
154864203,way,last_update,13-3-2012,Feature has not been updated in 5 years or more
154864204,way,last_update,13-3-2012,Feature has not been updated in 5 years or more
154864206,way,last_update,13-3-2012,Feature has not been updated in 5 years or more
154864207,way,last_update,13-3-2012,Feature has not been updated in 5 years or more
154864208,way,last_update,13-3-2012,Feature has not been updated in 5 years or more
154864210,way,last_update,13-3-2012,Feature has not been updated in 5 years or more
154864211,way,last_update,13-3-2012,Feature has not been updated in 5 years or more
154864212,way,last_update,13-3-2012,Feature has not been updated in 5 years or more
154864213,way,last_update,13-3-2012,Feature has not been updated in 5 years or more
154864214,way,last_update,13-3-2012,Feature has not been updated in 5 years or more
154864216,way,last_update,13-3-2012,Feature has not been updated in 5 years or more
154864217,way,last_update,13-3-2012,Feature has not been updated in 5 years or more
154864218,way,last_update,13-3-2012,Feature has not been updated in 5 years or more
154864223,way,last_update,13-3-2012,Feature has not been updated in 5 years or more
154864225,way,last_update,13-3-2012,Feature has not been updated in 5 years or more
154864226,way,last_update,13-3-2012,Feature has not been updated in 5 years or more
154864227,way,last_update,13-3-2012,Feature has not been updated in 5 years or more
154864228,way,last_update,13-3-2012,Feature has not been updated in 5 years or more
154864230,way,last_update,13-3-2012,Feature has not been updated in 5 years or more
154864233,way,last_update,13-3-2012,Feature has not been updated in 5 years or more
154864234,way,last_update,13-3-2012,Feature has not been updated in 5 years or more
154864236,way,last_update,13-3-2012,Feature has not been updated in 5 years or more
154864238,way,last_update,13-3-2012,Feature has not been updated in 5 years or more
154864250,way,last_update,13-3-2012,Feature has not been updated in 5 years or more
154864251,way,last_update,13-3-2012,Feature has not been updated in 5 years or more
154864279,way,last_update,13-3-2012,Feature has not been updated in 5 years or more
154864304,way,last_update,13-3-2012,Feature has not been updated in 5 years or more
154864334,way,last_update,13-3-2012,Feature has not been updated in 5 years or more
154864345,way,last_update,13-3-2012,Feature has not been updated in 5 years or more
154864347,way,last_update,26-5-2013,Feature has not been updated in 5 years or more
154864350,way,last_update,13-3-2012,Feature has not been updated in 5 years or more
154864364,way,last_update,27-4-2012,Feature has not been updated in 5 years or more
155145612,way,last_update,15-3-2012,Feature has not been updated in 5 years or more
155145618,way,last_update,15-3-2012,Feature has not been updated in 5 years or more
155145619,way,last_update,15-3-2012,Feature has not been updated in 5 years or more
155145621,way,last_update,15-3-2012,Feature has not been updated in 5 years or more
155145622,way,last_update,15-3-2012,Feature has not been updated in 5 years or more
155145626,way,last_update,15-3-2012,Feature has not been updated in 5 years or more
155145627,way,last_update,15-3-2012,Feature has not been updated in 5 years or more
155145628,way,last_update,15-3-2012,Feature has not been updated in 5 years or more
155145638,way,last_update,15-3-2012,Feature has not been updated in 5 years or more
155145640,way,last_update,15-3-2012,Feature has not been updated in 5 years or more
155145643,way,last_update,15-3-2012,Feature has not been updated in 5 years or more
155145645,way,last_update,15-3-2012,Feature has not been updated in 5 years or more
155145651,way,last_update,15-3-2012,Feature has not been updated in 5 years or more
155145661,way,last_update,6-6-2012,Feature has not been updated in 5 years or more
155145663,way,last_update,15-3-2012,Feature has not been updated in 5 years or more
155145664,way,last_update,6-5-2013,Feature has not been updated in 5 years or more
155145666,way,last_update,6-6-2012,Feature has not been updated in 5 years or more
155249164,way,last_update,16-3-2012,Feature has not been updated in 5 years or more
155249166,way,last_update,16-3-2012,Feature has not been updated in 5 years or more
155249167,way,last_update,16-3-2012,Feature has not been updated in 5 years or more
155249168,way,last_update,16-3-2012,Feature has not been updated in 5 years or more
155249169,way,last_update,16-3-2012,Feature has not been updated in 5 years or more
155249170,way,last_update,16-3-2012,Feature has not been updated in 5 years or more
155249171,way,last_update,16-3-2012,Feature has not been updated in 5 years or more
155249172,way,last_update,16-3-2012,Feature has not been updated in 5 years or more
155249174,way,last_update,16-3-2012,Feature has not been updated in 5 years or more
155249175,way,last_update,16-3-2012,Feature has not been updated in 5 years or more
155249186,way,last_update,10-4-2012,Feature has not been updated in 5 years or more
155249189,way,last_update,10-4-2012,Feature has not been updated in 5 years or more
155371196,way,last_update,17-3-2012,Feature has not been updated in 5 years or more
155371197,way,last_update,6-11-2016,Feature has not been updated in 5 years or more
155371198,way,last_update,17-3-2012,Feature has not been updated in 5 years or more
155371201,way,last_update,6-11-2016,Feature has not been updated in 5 years or more
157665236,way,last_update,31-3-2012,Feature has not been updated in 5 years or more
157665238,way,last_update,31-3-2012,Feature has not been updated in 5 years or more
157665241,way,last_update,31-3-2012,Feature has not been updated in 5 years or more
157665246,way,last_update,31-3-2012,Feature has not been updated in 5 years or more
157665262,way,last_update,31-3-2012,Feature has not been updated in 5 years or more
158198162,way,last_update,6-4-2012,Feature has not been updated in 5 years or more
158198163,way,last_update,6-4-2012,Feature has not been updated in 5 years or more
158198165,way,last_update,6-4-2012,Feature has not been updated in 5 years or more
158198166,way,last_update,6-4-2012,Feature has not been updated in 5 years or more
158198168,way,last_update,6-4-2012,Feature has not been updated in 5 years or more
158198169,way,last_update,6-4-2012,Feature has not been updated in 5 years or more
158198170,way,last_update,6-4-2012,Feature has not been updated in 5 years or more
158198171,way,last_update,6-4-2012,Feature has not been updated in 5 years or more
158198172,way,last_update,24-5-2012,Feature has not been updated in 5 years or more
158198173,way,last_update,6-4-2012,Feature has not been updated in 5 years or more
158198174,way,last_update,6-4-2012,Feature has not been updated in 5 years or more
158198175,way,last_update,6-4-2012,Feature has not been updated in 5 years or more
158198176,way,last_update,6-4-2012,Feature has not been updated in 5 years or more
158198180,way,last_update,6-4-2012,Feature has not been updated in 5 years or more
158198182,way,last_update,6-4-2012,Feature has not been updated in 5 years or more
158198187,way,last_update,6-4-2012,Feature has not been updated in 5 years or more
158198189,way,last_update,6-4-2012,Feature has not been updated in 5 years or more
158198191,way,last_update,6-4-2012,Feature has not been updated in 5 years or more
158198193,way,last_update,6-4-2012,Feature has not been updated in 5 years or more
158198194,way,last_update,6-4-2012,Feature has not been updated in 5 years or more
158198195,way,last_update,6-4-2012,Feature has not been updated in 5 years or more
158198197,way,last_update,6-4-2012,Feature has not been updated in 5 years or more
158198198,way,last_update,6-4-2012,Feature has not been updated in 5 years or more
158198199,way,last_update,6-4-2012,Feature has not been updated in 5 years or more
158198201,way,last_update,9-4-2012,Feature has not been updated in 5 years or more
158198248,way,last_update,6-4-2012,Feature has not been updated in 5 years or more
158319523,way,last_update,7-4-2012,Feature has not been updated in 5 years or more
158319531,way,last_update,9-4-2012,Feature has not been updated in 5 years or more
158319532,way,last_update,7-4-2012,Feature has not been updated in 5 years or more
158319538,way,last_update,7-4-2012,Feature has not been updated in 5 years or more
158647684,way,last_update,9-4-2012,Feature has not been updated in 5 years or more
158647685,way,last_update,9-4-2012,Feature has not been updated in 5 years or more
158647687,way,last_update,9-4-2012,Feature has not been updated in 5 years or more
158647688,way,last_update,9-4-2012,Feature has not been updated in 5 years or more
158647689,way,last_update,9-4-2012,Feature has not been updated in 5 years or more
158647690,way,last_update,9-4-2012,Feature has not been updated in 5 years or more
158647691,way,last_update,9-4-2012,Feature has not been updated in 5 years or more
158647692,way,last_update,9-4-2012,Feature has not been updated in 5 years or more
158647699,way,last_update,9-4-2012,Feature has not been updated in 5 years or more
158647701,way,last_update,9-4-2012,Feature has not been updated in 5 years or more
158647702,way,last_update,9-4-2012,Feature has not been updated in 5 years or more
158647703,way,last_update,9-4-2012,Feature has not been updated in 5 years or more
158647704,way,last_update,9-4-2012,Feature has not been updated in 5 years or more
158647705,way,last_update,9-4-2012,Feature has not been updated in 5 years or more
158647706,way,last_update,9-4-2012,Feature has not been updated in 5 years or more
158647707,way,last_update,9-4-2012,Feature has not been updated in 5 years or more
158647708,way,last_update,9-4-2012,Feature has not been updated in 5 years or more
158647710,way,last_update,9-4-2012,Feature has not been updated in 5 years or more
158647715,way,last_update,9-4-2012,Feature has not been updated in 5 years or more
158647727,way,last_update,9-4-2012,Feature has not been updated in 5 years or more
158647730,way,last_update,2-6-2012,Feature has not been updated in 5 years or more
158647732,way,last_update,11-4-2012,Feature has not been updated in 5 years or more
158808847,way,last_update,10-4-2012,Feature has not been updated in 5 years or more
158808848,way,last_update,20-5-2015,Feature has not been updated in 5 years or more
158808849,way,last_update,10-4-2012,Feature has not been updated in 5 years or more
158808851,way,last_update,10-4-2012,Feature has not been updated in 5 years or more
158808852,way,last_update,10-4-2012,Feature has not been updated in 5 years or more
158808853,way,last_update,10-4-2012,Feature has not been updated in 5 years or more
158808854,way,last_update,10-4-2012,Feature has not been updated in 5 years or more
158808855,way,last_update,10-4-2012,Feature has not been updated in 5 years or more
158808856,way,last_update,10-4-2012,Feature has not been updated in 5 years or more
158808858,way,last_update,10-4-2012,Feature has not been updated in 5 years or more
158808859,way,last_update,10-4-2012,Feature has not been updated in 5 years or more
158808860,way,last_update,10-4-2012,Feature has not been updated in 5 years or more
158808861,way,last_update,10-4-2012,Feature has not been updated in 5 years or more
158808862,way,last_update,10-4-2012,Feature has not been updated in 5 years or more
158808863,way,last_update,10-4-2012,Feature has not been updated in 5 years or more
158808864,way,last_update,10-4-2012,Feature has not been updated in 5 years or more
158808866,way,last_update,10-4-2012,Feature has not been updated in 5 years or more
158808867,way,last_update,10-4-2012,Feature has not been updated in 5 years or more
158808868,way,last_update,10-4-2012,Feature has not been updated in 5 years or more
158808870,way,last_update,10-4-2012,Feature has not been updated in 5 years or more
158808871,way,last_update,10-4-2012,Feature has not been updated in 5 years or more
158808872,way,last_update,10-4-2012,Feature has not been updated in 5 years or more
158808873,way,last_update,10-4-2012,Feature has not been updated in 5 years or more
158808874,way,last_update,10-4-2012,Feature has not been updated in 5 years or more
158808875,way,last_update,10-4-2012,Feature has not been updated in 5 years or more
158808876,way,last_update,10-4-2012,Feature has not been updated in 5 years or more
158808877,way,last_update,10-4-2012,Feature has not been updated in 5 years or more
158808879,way,last_update,28-5-2012,Feature has not been updated in 5 years or more
158808880,way,last_update,10-4-2012,Feature has not been updated in 5 years or more
158808886,way,last_update,10-4-2012,Feature has not been updated in 5 years or more
158808891,way,last_update,10-4-2012,Feature has not been updated in 5 years or more
158808893,way,last_update,10-4-2012,Feature has not been updated in 5 years or more
158808897,way,last_update,10-4-2012,Feature has not been updated in 5 years or more
158808901,way,last_update,10-4-2012,Feature has not been updated in 5 years or more
158808910,way,last_update,10-4-2012,Feature has not been updated in 5 years or more
158808911,way,last_update,10-4-2012,Feature has not been updated in 5 years or more
158808913,way,last_update,10-4-2012,Feature has not been updated in 5 years or more
158808918,way,last_update,10-4-2012,Feature has not been updated in 5 years or more
158808919,way,last_update,10-4-2012,Feature has not been updated in 5 years or more
158808920,way,last_update,10-4-2012,Feature has not been updated in 5 years or more
158808921,way,last_update,10-4-2012,Feature has not been updated in 5 years or more
158808922,way,last_update,10-4-2012,Feature has not been updated in 5 years or more
158808923,way,last_update,10-4-2012,Feature has not been updated in 5 years or more
158808925,way,last_update,10-4-2012,Feature has not been updated in 5 years or more
158808927,way,last_update,10-4-2012,Feature has not been updated in 5 years or more
158808929,way,last_update,10-4-2012,Feature has not been updated in 5 years or more
158808930,way,last_update,10-4-2012,Feature has not been updated in 5 years or more
158808931,way,last_update,10-4-2012,Feature has not been updated in 5 years or more
158812894,way,last_update,10-4-2012,Feature has not been updated in 5 years or more
158812896,way,last_update,10-4-2012,Feature has not been updated in 5 years or more
158812897,way,last_update,10-4-2012,Feature has not been updated in 5 years or more
158812898,way,last_update,10-4-2012,Feature has not been updated in 5 years or more
158812899,way,last_update,10-4-2012,Feature has not been updated in 5 years or more
158812900,way,last_update,10-4-2012,Feature has not been updated in 5 years or more
158812901,way,last_update,10-4-2012,Feature has not been updated in 5 years or more
158812905,way,last_update,10-4-2012,Feature has not been updated in 5 years or more
158812908,way,last_update,10-4-2012,Feature has not been updated in 5 years or more
158812912,way,last_update,10-4-2012,Feature has not been updated in 5 years or more
158812913,way,last_update,10-4-2012,Feature has not been updated in 5 years or more
158812914,way,last_update,10-4-2012,Feature has not been updated in 5 years or more
158812916,way,last_update,10-4-2012,Feature has not been updated in 5 years or more
158815779,way,last_update,10-4-2012,Feature has not been updated in 5 years or more
158815780,way,last_update,10-4-2012,Feature has not been updated in 5 years or more
158815781,way,last_update,10-4-2012,Feature has not been updated in 5 years or more
158815782,way,last_update,10-4-2012,Feature has not been updated in 5 years or more
158815783,way,last_update,10-4-2012,Feature has not been updated in 5 years or more
158815784,way,last_update,10-4-2012,Feature has not been updated in 5 years or more
158815785,way,last_update,10-4-2012,Feature has not been updated in 5 years or more
158815786,way,last_update,10-4-2012,Feature has not been updated in 5 years or more
158815787,way,last_update,10-4-2012,Feature has not been updated in 5 years or more
158815789,way,last_update,6-5-2013,Feature has not been updated in 5 years or more
158815792,way,last_update,10-4-2012,Feature has not been updated in 5 years or more
158815795,way,last_update,10-4-2012,Feature has not been updated in 5 years or more
158815799,way,last_update,10-4-2012,Feature has not been updated in 5 years or more
158815800,way,last_update,10-4-2012,Feature has not been updated in 5 years or more
158815804,way,last_update,10-4-2012,Feature has not been updated in 5 years or more
158815805,way,last_update,10-4-2012,Feature has not been updated in 5 years or more
158821073,way,last_update,8-8-2018,Feature has not been updated in 5 years or more
158821074,way,last_update,20-4-2012,Feature has not been updated in 5 years or more
158821075,way,last_update,10-4-2012,Feature has not been updated in 5 years or more
158821086,way,last_update,10-4-2012,Feature has not been updated in 5 years or more
158821089,way,last_update,10-4-2012,Feature has not been updated in 5 years or more
158821090,way,last_update,10-4-2012,Feature has not been updated in 5 years or more
158821091,way,last_update,10-4-2012,Feature has not been updated in 5 years or more
158821092,way,last_update,10-4-2012,Feature has not been updated in 5 years or more
158821093,way,last_update,10-4-2012,Feature has not been updated in 5 years or more
158823015,way,last_update,10-4-2012,Feature has not been updated in 5 years or more
158823017,way,last_update,10-4-2012,Feature has not been updated in 5 years or more
158823019,way,last_update,10-4-2012,Feature has not been updated in 5 years or more
158823020,way,last_update,10-4-2012,Feature has not been updated in 5 years or more
158823023,way,last_update,10-4-2012,Feature has not been updated in 5 years or more
158823024,way,last_update,10-4-2012,Feature has not been updated in 5 years or more
158823027,way,last_update,10-4-2012,Feature has not been updated in 5 years or more
158823028,way,last_update,10-4-2012,Feature has not been updated in 5 years or more
158823029,way,last_update,10-4-2012,Feature has not been updated in 5 years or more
158823032,way,last_update,10-4-2012,Feature has not been updated in 5 years or more
158823034,way,last_update,10-4-2012,Feature has not been updated in 5 years or more
158823035,way,last_update,10-4-2012,Feature has not been updated in 5 years or more
158823037,way,last_update,10-4-2012,Feature has not been updated in 5 years or more
158823039,way,last_update,10-4-2012,Feature has not been updated in 5 years or more
158823040,way,last_update,10-4-2012,Feature has not been updated in 5 years or more
158823042,way,last_update,10-4-2012,Feature has not been updated in 5 years or more
158823044,way,last_update,10-4-2012,Feature has not been updated in 5 years or more
158823045,way,last_update,10-4-2012,Feature has not been updated in 5 years or more
158823047,way,last_update,10-4-2012,Feature has not been updated in 5 years or more
158823048,way,last_update,10-4-2012,Feature has not been updated in 5 years or more
158823050,way,last_update,10-4-2012,Feature has not been updated in 5 years or more
158823052,way,last_update,10-4-2012,Feature has not been updated in 5 years or more
158823053,way,last_update,10-4-2012,Feature has not been updated in 5 years or more
158823055,way,last_update,10-4-2012,Feature has not been updated in 5 years or more
158823059,way,last_update,10-4-2012,Feature has not been updated in 5 years or more
158823060,way,last_update,10-4-2012,Feature has not been updated in 5 years or more
158823062,way,last_update,10-4-2012,Feature has not been updated in 5 years or more
158823064,way,last_update,10-4-2012,Feature has not been updated in 5 years or more
158823065,way,last_update,10-4-2012,Feature has not been updated in 5 years or more
158823067,way,last_update,10-4-2012,Feature has not been updated in 5 years or more
158823068,way,last_update,10-4-2012,Feature has not been updated in 5 years or more
158823071,way,last_update,10-4-2012,Feature has not been updated in 5 years or more
158823072,way,last_update,10-4-2012,Feature has not been updated in 5 years or more
158823073,way,last_update,10-4-2012,Feature has not been updated in 5 years or more
158823076,way,last_update,10-4-2012,Feature has not been updated in 5 years or more
158823077,way,last_update,10-4-2012,Feature has not been updated in 5 years or more
158823079,way,last_update,10-4-2012,Feature has not been updated in 5 years or more
158823081,way,last_update,10-4-2012,Feature has not been updated in 5 years or more
158823083,way,last_update,6-3-2019,Feature has not been updated in 5 years or more
158823110,way,last_update,10-4-2012,Feature has not been updated in 5 years or more
158823113,way,last_update,10-4-2012,Feature has not been updated in 5 years or more
158823117,way,last_update,10-4-2012,Feature has not been updated in 5 years or more
158823120,way,last_update,10-4-2012,Feature has not been updated in 5 years or more
158823128,way,last_update,10-4-2012,Feature has not been updated in 5 years or more
158823132,way,last_update,10-4-2012,Feature has not been updated in 5 years or more
158823137,way,last_update,10-4-2012,Feature has not been updated in 5 years or more
158823139,way,last_update,10-4-2012,Feature has not been updated in 5 years or more
158823140,way,last_update,10-4-2012,Feature has not been updated in 5 years or more
158823141,way,last_update,10-4-2012,Feature has not been updated in 5 years or more
158823142,way,last_update,10-4-2012,Feature has not been updated in 5 years or more
158823143,way,last_update,10-4-2012,Feature has not been updated in 5 years or more
158823147,way,last_update,6-5-2013,Feature has not been updated in 5 years or more
158823148,way,last_update,24-5-2012,Feature has not been updated in 5 years or more
158823149,way,last_update,10-4-2012,Feature has not been updated in 5 years or more
158823150,way,last_update,10-4-2012,Feature has not been updated in 5 years or more
158825820,way,last_update,10-4-2012,Feature has not been updated in 5 years or more
158825821,way,last_update,1-6-2012,Feature has not been updated in 5 years or more
158825825,way,last_update,10-4-2012,Feature has not been updated in 5 years or more
158825827,way,last_update,10-4-2012,Feature has not been updated in 5 years or more
158825828,way,last_update,10-4-2012,Feature has not been updated in 5 years or more
158825829,way,last_update,10-4-2012,Feature has not been updated in 5 years or more
158975598,way,last_update,11-4-2012,Feature has not been updated in 5 years or more
158975599,way,last_update,11-4-2012,Feature has not been updated in 5 years or more
158975603,way,last_update,11-4-2012,Feature has not been updated in 5 years or more
158975604,way,last_update,11-4-2012,Feature has not been updated in 5 years or more
158975605,way,last_update,11-4-2012,Feature has not been updated in 5 years or more
158975611,way,last_update,11-4-2012,Feature has not been updated in 5 years or more
158975612,way,last_update,11-4-2012,Feature has not been updated in 5 years or more
158975615,way,last_update,11-4-2012,Feature has not been updated in 5 years or more
158975616,way,last_update,20-10-2019,Feature has not been updated in 5 years or more
158975617,way,last_update,11-4-2012,Feature has not been updated in 5 years or more
158975620,way,last_update,11-4-2012,Feature has not been updated in 5 years or more
158975621,way,last_update,11-4-2012,Feature has not been updated in 5 years or more
158975622,way,last_update,11-4-2012,Feature has not been updated in 5 years or more
158975624,way,last_update,11-4-2012,Feature has not been updated in 5 years or more
158975625,way,last_update,11-4-2012,Feature has not been updated in 5 years or more
158975626,way,last_update,11-4-2012,Feature has not been updated in 5 years or more
158975627,way,last_update,11-4-2012,Feature has not been updated in 5 years or more
158975628,way,last_update,11-4-2012,Feature has not been updated in 5 years or more
158975630,way,last_update,11-4-2012,Feature has not been updated in 5 years or more
158975631,way,last_update,11-4-2012,Feature has not been updated in 5 years or more
158975656,way,last_update,11-4-2012,Feature has not been updated in 5 years or more
158975659,way,last_update,11-4-2012,Feature has not been updated in 5 years or more
158975665,way,last_update,11-4-2012,Feature has not been updated in 5 years or more
158975669,way,last_update,11-4-2012,Feature has not been updated in 5 years or more
158975670,way,last_update,11-4-2012,Feature has not been updated in 5 years or more
158975671,way,last_update,11-4-2012,Feature has not been updated in 5 years or more
158978697,way,last_update,11-4-2012,Feature has not been updated in 5 years or more
158978702,way,last_update,11-4-2012,Feature has not been updated in 5 years or more
158978703,way,last_update,2-6-2012,Feature has not been updated in 5 years or more
158980550,way,last_update,11-4-2012,Feature has not been updated in 5 years or more
158980551,way,last_update,11-4-2012,Feature has not been updated in 5 years or more
158980552,way,last_update,11-4-2012,Feature has not been updated in 5 years or more
158980553,way,last_update,11-4-2012,Feature has not been updated in 5 years or more
158980554,way,last_update,11-4-2012,Feature has not been updated in 5 years or more
158980555,way,last_update,11-4-2012,Feature has not been updated in 5 years or more
158980556,way,last_update,11-4-2012,Feature has not been updated in 5 years or more
158980557,way,last_update,11-4-2012,Feature has not been updated in 5 years or more
158980558,way,last_update,11-4-2012,Feature has not been updated in 5 years or more
158980559,way,last_update,11-4-2012,Feature has not been updated in 5 years or more
158980560,way,last_update,11-4-2012,Feature has not been updated in 5 years or more
158980561,way,last_update,11-4-2012,Feature has not been updated in 5 years or more
158980562,way,last_update,11-4-2012,Feature has not been updated in 5 years or more
158980563,way,last_update,11-4-2012,Feature has not been updated in 5 years or more
158980564,way,last_update,11-4-2012,Feature has not been updated in 5 years or more
158980565,way,last_update,11-4-2012,Feature has not been updated in 5 years or more
158980566,way,last_update,11-4-2012,Feature has not been updated in 5 years or more
158980567,way,last_update,11-4-2012,Feature has not been updated in 5 years or more
158980568,way,last_update,11-4-2012,Feature has not been updated in 5 years or more
158980569,way,last_update,11-4-2012,Feature has not been updated in 5 years or more
158980570,way,last_update,11-4-2012,Feature has not been updated in 5 years or more
158980571,way,last_update,11-4-2012,Feature has not been updated in 5 years or more
158980572,way,last_update,11-4-2012,Feature has not been updated in 5 years or more
158980573,way,last_update,11-4-2012,Feature has not been updated in 5 years or more
158980574,way,last_update,11-4-2012,Feature has not been updated in 5 years or more
158980575,way,last_update,11-4-2012,Feature has not been updated in 5 years or more
158980576,way,last_update,11-4-2012,Feature has not been updated in 5 years or more
158980577,way,last_update,11-4-2012,Feature has not been updated in 5 years or more
158980596,way,last_update,11-4-2012,Feature has not been updated in 5 years or more
158980597,way,last_update,11-4-2012,Feature has not been updated in 5 years or more
158980598,way,last_update,11-4-2012,Feature has not been updated in 5 years or more
158980599,way,last_update,11-4-2012,Feature has not been updated in 5 years or more
159290678,way,last_update,13-4-2012,Feature has not been updated in 5 years or more
159290694,way,last_update,13-4-2012,Feature has not been updated in 5 years or more
159290696,way,last_update,13-4-2012,Feature has not been updated in 5 years or more
159953139,way,last_update,17-4-2012,Feature has not been updated in 5 years or more
159953140,way,last_update,17-4-2012,Feature has not been updated in 5 years or more
159953143,way,last_update,17-4-2012,Feature has not been updated in 5 years or more
159953145,way,last_update,19-4-2012,Feature has not been updated in 5 years or more
159953146,way,last_update,17-4-2012,Feature has not been updated in 5 years or more
159953149,way,last_update,17-4-2012,Feature has not been updated in 5 years or more
159953155,way,last_update,17-4-2012,Feature has not been updated in 5 years or more
159953189,way,last_update,17-4-2012,Feature has not been updated in 5 years or more
159953192,way,last_update,17-4-2012,Feature has not been updated in 5 years or more
159953198,way,last_update,17-4-2012,Feature has not been updated in 5 years or more
159955338,way,last_update,17-4-2012,Feature has not been updated in 5 years or more
159955339,way,last_update,29-8-2012,Feature has not been updated in 5 years or more
159955340,way,last_update,30-7-2012,Feature has not been updated in 5 years or more
159955341,way,last_update,17-4-2012,Feature has not been updated in 5 years or more
159955342,way,last_update,17-4-2012,Feature has not been updated in 5 years or more
159955343,way,last_update,17-4-2012,Feature has not been updated in 5 years or more
159955344,way,last_update,17-4-2012,Feature has not been updated in 5 years or more
159955345,way,last_update,17-4-2012,Feature has not been updated in 5 years or more
159955346,way,last_update,17-4-2012,Feature has not been updated in 5 years or more
159955347,way,last_update,17-4-2012,Feature has not been updated in 5 years or more
159955349,way,last_update,17-4-2012,Feature has not been updated in 5 years or more
159955350,way,last_update,17-4-2012,Feature has not been updated in 5 years or more
159955352,way,last_update,17-4-2012,Feature has not been updated in 5 years or more
159955353,way,last_update,17-4-2012,Feature has not been updated in 5 years or more
159955354,way,last_update,17-4-2012,Feature has not been updated in 5 years or more
159955355,way,last_update,17-4-2012,Feature has not been updated in 5 years or more
159955356,way,last_update,17-4-2012,Feature has not been updated in 5 years or more
159955357,way,last_update,17-4-2012,Feature has not been updated in 5 years or more
159955358,way,last_update,17-4-2012,Feature has not been updated in 5 years or more
159955359,way,last_update,17-4-2012,Feature has not been updated in 5 years or more
159955360,way,last_update,17-4-2012,Feature has not been updated in 5 years or more
159955361,way,last_update,17-4-2012,Feature has not been updated in 5 years or more
159955363,way,last_update,17-4-2012,Feature has not been updated in 5 years or more
159955372,way,last_update,17-4-2012,Feature has not been updated in 5 years or more
159955378,way,last_update,17-4-2012,Feature has not been updated in 5 years or more
159955388,way,last_update,17-4-2012,Feature has not been updated in 5 years or more
159955394,way,last_update,17-4-2012,Feature has not been updated in 5 years or more
160190652,way,last_update,8-8-2018,Feature has not been updated in 5 years or more
160190657,way,last_update,19-4-2012,Feature has not been updated in 5 years or more
160190664,way,last_update,19-4-2012,Feature has not been updated in 5 years or more
160190666,way,last_update,19-4-2012,Feature has not been updated in 5 years or more
160190669,way,last_update,19-4-2012,Feature has not been updated in 5 years or more
160190681,way,last_update,19-4-2012,Feature has not been updated in 5 years or more
160190683,way,last_update,19-4-2012,Feature has not been updated in 5 years or more
160190684,way,last_update,19-4-2012,Feature has not been updated in 5 years or more
160190699,way,last_update,19-4-2012,Feature has not been updated in 5 years or more
160190703,way,last_update,19-4-2012,Feature has not been updated in 5 years or more
160190705,way,last_update,19-4-2012,Feature has not been updated in 5 years or more
160190714,way,last_update,19-4-2012,Feature has not been updated in 5 years or more
160301291,way,last_update,20-4-2012,Feature has not been updated in 5 years or more
160301294,way,last_update,20-4-2012,Feature has not been updated in 5 years or more
160301296,way,last_update,20-4-2012,Feature has not been updated in 5 years or more
160301297,way,last_update,20-4-2012,Feature has not been updated in 5 years or more
160301305,way,last_update,20-4-2012,Feature has not been updated in 5 years or more
160301311,way,last_update,20-4-2012,Feature has not been updated in 5 years or more
160301314,way,last_update,20-4-2012,Feature has not been updated in 5 years or more
160301319,way,last_update,20-4-2012,Feature has not been updated in 5 years or more
160301322,way,last_update,20-4-2012,Feature has not been updated in 5 years or more
160301331,way,last_update,20-4-2012,Feature has not been updated in 5 years or more
160301332,way,last_update,20-4-2012,Feature has not been updated in 5 years or more
160301337,way,last_update,20-4-2012,Feature has not been updated in 5 years or more
160301339,way,last_update,20-4-2012,Feature has not been updated in 5 years or more
160301340,way,last_update,20-4-2012,Feature has not been updated in 5 years or more
160301344,way,last_update,20-4-2012,Feature has not been updated in 5 years or more
160301347,way,last_update,20-4-2012,Feature has not been updated in 5 years or more
160301349,way,last_update,20-4-2012,Feature has not been updated in 5 years or more
160301353,way,last_update,20-4-2012,Feature has not been updated in 5 years or more
160301356,way,last_update,20-4-2012,Feature has not been updated in 5 years or more
160301358,way,last_update,20-4-2012,Feature has not been updated in 5 years or more
160301362,way,last_update,20-4-2012,Feature has not been updated in 5 years or more
160301370,way,last_update,20-4-2012,Feature has not been updated in 5 years or more
160301380,way,last_update,20-4-2012,Feature has not been updated in 5 years or more
160301381,way,last_update,20-4-2012,Feature has not been updated in 5 years or more
160301388,way,last_update,20-4-2012,Feature has not been updated in 5 years or more
160301389,way,last_update,20-4-2012,Feature has not been updated in 5 years or more
160301390,way,last_update,20-4-2012,Feature has not been updated in 5 years or more
160301414,way,last_update,20-4-2012,Feature has not been updated in 5 years or more
160301418,way,last_update,20-4-2012,Feature has not been updated in 5 years or more
160301420,way,last_update,20-4-2012,Feature has not been updated in 5 years or more
160301423,way,last_update,20-4-2012,Feature has not been updated in 5 years or more
160301424,way,last_update,20-4-2012,Feature has not been updated in 5 years or more
160301425,way,last_update,20-4-2012,Feature has not been updated in 5 years or more
160301427,way,last_update,20-4-2012,Feature has not been updated in 5 years or more
160301428,way,last_update,20-4-2012,Feature has not been updated in 5 years or more
160301429,way,last_update,20-4-2012,Feature has not been updated in 5 years or more
160301431,way,last_update,20-4-2012,Feature has not been updated in 5 years or more
160301432,way,last_update,20-4-2012,Feature has not been updated in 5 years or more
160305997,way,last_update,20-4-2012,Feature has not been updated in 5 years or more
161272369,way,last_update,27-4-2012,Feature has not been updated in 5 years or more
161273635,way,last_update,30-7-2012,Feature has not been updated in 5 years or more
161747376,way,last_update,30-9-2018,Feature has not been updated in 5 years or more
161747377,way,last_update,30-9-2018,Feature has not been updated in 5 years or more
161747383,way,last_update,1-5-2012,Feature has not been updated in 5 years or more
161841373,way,last_update,2-5-2012,Feature has not been updated in 5 years or more
161841374,way,last_update,2-5-2012,Feature has not been updated in 5 years or more
161841375,way,last_update,2-5-2012,Feature has not been updated in 5 years or more
161841376,way,last_update,2-5-2012,Feature has not been updated in 5 years or more
161841377,way,last_update,2-5-2012,Feature has not been updated in 5 years or more
161841378,way,last_update,2-5-2012,Feature has not been updated in 5 years or more
161841380,way,last_update,2-5-2012,Feature has not been updated in 5 years or more
161841381,way,last_update,2-5-2012,Feature has not been updated in 5 years or more
161841382,way,last_update,14-2-2017,Feature has not been updated in 5 years or more
161841383,way,last_update,2-5-2012,Feature has not been updated in 5 years or more
161841384,way,last_update,3-3-2015,Feature has not been updated in 5 years or more
161841385,way,last_update,2-5-2012,Feature has not been updated in 5 years or more
161841387,way,last_update,2-5-2012,Feature has not been updated in 5 years or more
161841388,way,last_update,2-5-2012,Feature has not been updated in 5 years or more
161841389,way,last_update,15-8-2012,Feature has not been updated in 5 years or more
161841390,way,last_update,2-5-2012,Feature has not been updated in 5 years or more
161841392,way,last_update,2-5-2012,Feature has not been updated in 5 years or more
161841396,way,last_update,19-2-2021,Feature has not been updated in 5 years or more
161841401,way,last_update,2-5-2012,Feature has not been updated in 5 years or more
161841403,way,last_update,2-5-2012,Feature has not been updated in 5 years or more
161841408,way,last_update,2-5-2012,Feature has not been updated in 5 years or more
161841413,way,last_update,2-5-2012,Feature has not been updated in 5 years or more
161841417,way,last_update,15-8-2012,Feature has not been updated in 5 years or more
161841418,way,last_update,2-5-2012,Feature has not been updated in 5 years or more
161841419,way,last_update,15-8-2012,Feature has not been updated in 5 years or more
161841421,way,last_update,29-4-2019,Feature has not been updated in 5 years or more
161841422,way,last_update,31-8-2014,Feature has not been updated in 5 years or more
161841423,way,last_update,26-3-2013,Feature has not been updated in 5 years or more
161841425,way,last_update,2-5-2012,Feature has not been updated in 5 years or more
161841426,way,last_update,15-8-2012,Feature has not been updated in 5 years or more
161841427,way,last_update,15-8-2012,Feature has not been updated in 5 years or more
161841429,way,last_update,15-8-2012,Feature has not been updated in 5 years or more
161841727,way,last_update,2-5-2012,Feature has not been updated in 5 years or more
161841728,way,last_update,2-5-2012,Feature has not been updated in 5 years or more
161841729,way,last_update,2-5-2012,Feature has not been updated in 5 years or more
161841730,way,last_update,2-5-2012,Feature has not been updated in 5 years or more
161841731,way,last_update,2-5-2012,Feature has not been updated in 5 years or more
161841732,way,last_update,2-5-2012,Feature has not been updated in 5 years or more
161841733,way,last_update,2-5-2012,Feature has not been updated in 5 years or more
161841734,way,last_update,2-5-2012,Feature has not been updated in 5 years or more
161841735,way,last_update,2-5-2012,Feature has not been updated in 5 years or more
161841736,way,last_update,2-5-2012,Feature has not been updated in 5 years or more
161841737,way,last_update,2-5-2012,Feature has not been updated in 5 years or more
161841747,way,last_update,11-8-2019,Feature has not been updated in 5 years or more
161841882,way,last_update,11-8-2019,Feature has not been updated in 5 years or more
161841883,way,last_update,15-8-2012,Feature has not been updated in 5 years or more
161841884,way,last_update,15-8-2012,Feature has not been updated in 5 years or more
164813118,way,last_update,24-5-2012,Feature has not been updated in 5 years or more
164813119,way,last_update,24-5-2012,Feature has not been updated in 5 years or more
164813121,way,last_update,24-5-2012,Feature has not been updated in 5 years or more
164813122,way,last_update,24-5-2012,Feature has not been updated in 5 years or more
164813123,way,last_update,24-5-2012,Feature has not been updated in 5 years or more
164813124,way,last_update,24-5-2012,Feature has not been updated in 5 years or more
164813125,way,last_update,24-5-2012,Feature has not been updated in 5 years or more
164813126,way,last_update,24-5-2012,Feature has not been updated in 5 years or more
164813127,way,last_update,24-5-2012,Feature has not been updated in 5 years or more
164813131,way,last_update,24-5-2012,Feature has not been updated in 5 years or more
164813132,way,last_update,24-5-2012,Feature has not been updated in 5 years or more
164813133,way,last_update,24-5-2012,Feature has not been updated in 5 years or more
164813134,way,last_update,24-5-2012,Feature has not been updated in 5 years or more
164813136,way,last_update,24-5-2012,Feature has not been updated in 5 years or more
164813138,way,last_update,24-5-2012,Feature has not been updated in 5 years or more
164813139,way,last_update,24-5-2012,Feature has not been updated in 5 years or more
164813149,way,last_update,24-5-2012,Feature has not been updated in 5 years or more
164813152,way,last_update,24-5-2012,Feature has not been updated in 5 years or more
164813158,way,last_update,24-5-2012,Feature has not been updated in 5 years or more
164813161,way,last_update,24-5-2012,Feature has not been updated in 5 years or more
164813167,way,last_update,26-5-2012,Feature has not been updated in 5 years or more
164813172,way,last_update,24-5-2012,Feature has not been updated in 5 years or more
164815151,way,last_update,24-5-2012,Feature has not been updated in 5 years or more
164815152,way,last_update,24-5-2012,Feature has not been updated in 5 years or more
165029526,way,last_update,26-5-2012,Feature has not been updated in 5 years or more
165029529,way,last_update,26-5-2012,Feature has not been updated in 5 years or more
165029530,way,last_update,26-5-2012,Feature has not been updated in 5 years or more
165029533,way,last_update,26-5-2012,Feature has not been updated in 5 years or more
165029540,way,last_update,26-5-2012,Feature has not been updated in 5 years or more
165029548,way,last_update,26-5-2012,Feature has not been updated in 5 years or more
165029556,way,last_update,26-5-2012,Feature has not been updated in 5 years or more
165029558,way,last_update,26-5-2012,Feature has not been updated in 5 years or more
165029561,way,last_update,26-5-2012,Feature has not been updated in 5 years or more
165029562,way,last_update,26-5-2012,Feature has not been updated in 5 years or more
165029569,way,last_update,26-5-2012,Feature has not been updated in 5 years or more
165029577,way,last_update,26-5-2012,Feature has not been updated in 5 years or more
165029581,way,last_update,26-5-2012,Feature has not been updated in 5 years or more
165029583,way,last_update,27-5-2012,Feature has not been updated in 5 years or more
165029632,way,last_update,26-5-2012,Feature has not been updated in 5 years or more
165029659,way,last_update,29-9-2013,Feature has not been updated in 5 years or more
165029683,way,last_update,26-5-2012,Feature has not been updated in 5 years or more
165029688,way,last_update,26-5-2012,Feature has not been updated in 5 years or more
165146014,way,last_update,27-5-2012,Feature has not been updated in 5 years or more
165146021,way,last_update,16-11-2018,Feature has not been updated in 5 years or more
165146028,way,last_update,29-9-2013,Feature has not been updated in 5 years or more
165313105,way,last_update,28-5-2012,Feature has not been updated in 5 years or more
165313110,way,last_update,28-5-2012,Feature has not been updated in 5 years or more
165313117,way,last_update,28-5-2012,Feature has not been updated in 5 years or more
165313119,way,last_update,28-5-2012,Feature has not been updated in 5 years or more
165313123,way,last_update,28-5-2012,Feature has not been updated in 5 years or more
165313125,way,last_update,28-5-2012,Feature has not been updated in 5 years or more
165313130,way,last_update,28-5-2012,Feature has not been updated in 5 years or more
165313134,way,last_update,28-5-2012,Feature has not been updated in 5 years or more
165313137,way,last_update,28-5-2012,Feature has not been updated in 5 years or more
165313141,way,last_update,28-5-2012,Feature has not been updated in 5 years or more
165313143,way,last_update,28-5-2012,Feature has not been updated in 5 years or more
165313145,way,last_update,28-5-2012,Feature has not been updated in 5 years or more
165313165,way,last_update,28-5-2012,Feature has not been updated in 5 years or more
165313190,way,last_update,28-5-2012,Feature has not been updated in 5 years or more
165313196,way,last_update,16-11-2018,Feature has not been updated in 5 years or more
165313202,way,last_update,28-5-2012,Feature has not been updated in 5 years or more
166355911,way,last_update,6-6-2012,Feature has not been updated in 5 years or more
166355913,way,last_update,6-6-2012,Feature has not been updated in 5 years or more
166355916,way,last_update,14-4-2016,Feature has not been updated in 5 years or more
166355919,way,last_update,6-6-2012,Feature has not been updated in 5 years or more
166355924,way,last_update,6-6-2012,Feature has not been updated in 5 years or more
166355925,way,last_update,6-6-2012,Feature has not been updated in 5 years or more
166355926,way,last_update,6-6-2012,Feature has not been updated in 5 years or more
166355927,way,last_update,6-6-2012,Feature has not been updated in 5 years or more
166355928,way,last_update,6-6-2012,Feature has not been updated in 5 years or more
166355929,way,last_update,6-6-2012,Feature has not been updated in 5 years or more
166355930,way,last_update,6-6-2012,Feature has not been updated in 5 years or more
166355931,way,last_update,6-6-2012,Feature has not been updated in 5 years or more
166355932,way,last_update,6-6-2012,Feature has not been updated in 5 years or more
166355933,way,last_update,6-6-2012,Feature has not been updated in 5 years or more
166355938,way,last_update,6-6-2012,Feature has not been updated in 5 years or more
166355940,way,last_update,6-6-2012,Feature has not been updated in 5 years or more
166355941,way,last_update,6-6-2012,Feature has not been updated in 5 years or more
166355942,way,last_update,6-6-2012,Feature has not been updated in 5 years or more
166355943,way,last_update,6-6-2012,Feature has not been updated in 5 years or more
166355948,way,last_update,6-6-2012,Feature has not been updated in 5 years or more
166355950,way,last_update,6-6-2012,Feature has not been updated in 5 years or more
166355951,way,last_update,6-6-2012,Feature has not been updated in 5 years or more
166355952,way,last_update,6-6-2012,Feature has not been updated in 5 years or more
166355954,way,last_update,6-6-2012,Feature has not been updated in 5 years or more
166355955,way,last_update,6-6-2012,Feature has not been updated in 5 years or more
166355981,way,last_update,6-6-2012,Feature has not been updated in 5 years or more
166356001,way,last_update,6-6-2012,Feature has not been updated in 5 years or more
166356005,way,last_update,6-6-2012,Feature has not been updated in 5 years or more
166356007,way,last_update,6-6-2012,Feature has not been updated in 5 years or more
166356008,way,last_update,6-6-2012,Feature has not been updated in 5 years or more
166356009,way,last_update,6-6-2012,Feature has not been updated in 5 years or more
166356025,way,last_update,6-6-2012,Feature has not been updated in 5 years or more
166356034,way,last_update,6-6-2012,Feature has not been updated in 5 years or more
166476054,way,last_update,7-6-2012,Feature has not been updated in 5 years or more
166476056,way,last_update,7-6-2012,Feature has not been updated in 5 years or more
166476057,way,last_update,7-6-2012,Feature has not been updated in 5 years or more
166476058,way,last_update,7-6-2012,Feature has not been updated in 5 years or more
166476059,way,last_update,7-11-2018,Feature has not been updated in 5 years or more
166476060,way,last_update,7-6-2012,Feature has not been updated in 5 years or more
166476061,way,last_update,7-6-2012,Feature has not been updated in 5 years or more
166476062,way,last_update,7-6-2012,Feature has not been updated in 5 years or more
166476063,way,last_update,7-11-2018,Feature has not been updated in 5 years or more
166476087,way,last_update,7-6-2012,Feature has not been updated in 5 years or more
166476088,way,last_update,7-6-2012,Feature has not been updated in 5 years or more
166476095,way,last_update,7-6-2012,Feature has not been updated in 5 years or more
166476096,way,last_update,7-6-2012,Feature has not been updated in 5 years or more
166476098,way,last_update,7-6-2012,Feature has not been updated in 5 years or more
166477623,way,last_update,13-4-2021,Feature has not been updated in 5 years or more
166477624,way,last_update,4-12-2018,Feature has not been updated in 5 years or more
166477625,way,last_update,22-10-2018,Feature has not been updated in 5 years or more
166477626,way,last_update,7-6-2012,Feature has not been updated in 5 years or more
166477627,way,last_update,7-6-2012,Feature has not been updated in 5 years or more
166477628,way,last_update,22-10-2018,Feature has not been updated in 5 years or more
166477630,way,last_update,7-6-2012,Feature has not been updated in 5 years or more
166477631,way,last_update,7-6-2012,Feature has not been updated in 5 years or more
166477632,way,last_update,7-6-2012,Feature has not been updated in 5 years or more
166477633,way,last_update,7-6-2012,Feature has not been updated in 5 years or more
166477634,way,last_update,7-6-2012,Feature has not been updated in 5 years or more
166477640,way,last_update,7-11-2018,Feature has not been updated in 5 years or more
166477644,way,last_update,17-3-2013,Feature has not been updated in 5 years or more
166675496,way,last_update,9-6-2012,Feature has not been updated in 5 years or more
166675502,way,last_update,9-6-2012,Feature has not been updated in 5 years or more
166675504,way,last_update,9-6-2012,Feature has not been updated in 5 years or more
166675505,way,last_update,9-6-2012,Feature has not been updated in 5 years or more
166675508,way,last_update,9-6-2012,Feature has not been updated in 5 years or more
166675521,way,last_update,9-6-2012,Feature has not been updated in 5 years or more
166675531,way,last_update,9-6-2012,Feature has not been updated in 5 years or more
166675548,way,last_update,9-6-2012,Feature has not been updated in 5 years or more
166681759,way,last_update,9-6-2012,Feature has not been updated in 5 years or more
166681760,way,last_update,9-6-2012,Feature has not been updated in 5 years or more
166681762,way,last_update,9-6-2012,Feature has not been updated in 5 years or more
166681763,way,last_update,9-6-2012,Feature has not been updated in 5 years or more
166681764,way,last_update,9-6-2012,Feature has not been updated in 5 years or more
166811582,way,last_update,3-12-2018,Feature has not been updated in 5 years or more
167863160,way,last_update,28-8-2019,Feature has not been updated in 5 years or more
167863165,way,last_update,16-8-2012,Feature has not been updated in 5 years or more
167863166,way,last_update,17-6-2012,Feature has not been updated in 5 years or more
167863167,way,last_update,17-6-2012,Feature has not been updated in 5 years or more
167863171,way,last_update,6-8-2018,Feature has not been updated in 5 years or more
167863172,way,last_update,17-6-2012,Feature has not been updated in 5 years or more
167863173,way,last_update,17-6-2012,Feature has not been updated in 5 years or more
167863176,way,last_update,17-6-2012,Feature has not been updated in 5 years or more
167863178,way,last_update,17-6-2012,Feature has not been updated in 5 years or more
167863182,way,last_update,17-6-2012,Feature has not been updated in 5 years or more
167863194,way,last_update,17-6-2012,Feature has not been updated in 5 years or more
167863195,way,last_update,17-6-2012,Feature has not been updated in 5 years or more
167863205,way,last_update,28-8-2019,Feature has not been updated in 5 years or more
168297141,way,last_update,20-6-2012,Feature has not been updated in 5 years or more
168437445,way,last_update,21-6-2012,Feature has not been updated in 5 years or more
168437447,way,last_update,21-6-2012,Feature has not been updated in 5 years or more
168704291,way,last_update,2-12-2018,Feature has not been updated in 5 years or more
168852826,way,last_update,1-11-2016,Feature has not been updated in 5 years or more
168852828,way,last_update,1-11-2016,Feature has not been updated in 5 years or more
168860049,way,last_update,13-4-2014,Feature has not been updated in 5 years or more
168860052,way,last_update,30-9-2018,Feature has not been updated in 5 years or more
169445868,way,last_update,11-5-2020,Feature has not been updated in 5 years or more
169445874,way,last_update,29-6-2012,Feature has not been updated in 5 years or more
169445879,way,last_update,29-6-2012,Feature has not been updated in 5 years or more
169445881,way,last_update,18-3-2018,Feature has not been updated in 5 years or more
169445883,way,last_update,24-2-2020,Feature has not been updated in 5 years or more
169518345,way,last_update,30-6-2012,Feature has not been updated in 5 years or more
169518346,way,last_update,30-6-2012,Feature has not been updated in 5 years or more
169518347,way,last_update,30-6-2012,Feature has not been updated in 5 years or more
169518348,way,last_update,30-6-2012,Feature has not been updated in 5 years or more
169518349,way,last_update,30-6-2012,Feature has not been updated in 5 years or more
169518350,way,last_update,30-6-2012,Feature has not been updated in 5 years or more
169518351,way,last_update,30-6-2012,Feature has not been updated in 5 years or more
169518353,way,last_update,30-6-2012,Feature has not been updated in 5 years or more
169518355,way,last_update,30-6-2012,Feature has not been updated in 5 years or more
169518357,way,last_update,30-6-2012,Feature has not been updated in 5 years or more
169518358,way,last_update,30-6-2012,Feature has not been updated in 5 years or more
169518359,way,last_update,30-6-2012,Feature has not been updated in 5 years or more
169518366,way,last_update,30-6-2012,Feature has not been updated in 5 years or more
169518369,way,last_update,30-6-2012,Feature has not been updated in 5 years or more
169518376,way,last_update,30-6-2012,Feature has not been updated in 5 years or more
169518380,way,last_update,30-6-2012,Feature has not been updated in 5 years or more
169518381,way,last_update,30-6-2012,Feature has not been updated in 5 years or more
169518386,way,last_update,30-6-2012,Feature has not been updated in 5 years or more
169518392,way,last_update,30-6-2012,Feature has not been updated in 5 years or more
169518393,way,last_update,30-6-2012,Feature has not been updated in 5 years or more
169518399,way,last_update,30-6-2012,Feature has not been updated in 5 years or more
169518400,way,last_update,30-6-2012,Feature has not been updated in 5 years or more
169518406,way,last_update,30-6-2012,Feature has not been updated in 5 years or more
169518414,way,last_update,30-6-2012,Feature has not been updated in 5 years or more
169518415,way,last_update,30-6-2012,Feature has not been updated in 5 years or more
169518421,way,last_update,30-6-2012,Feature has not been updated in 5 years or more
169518425,way,last_update,30-6-2012,Feature has not been updated in 5 years or more
169518429,way,last_update,30-6-2012,Feature has not been updated in 5 years or more
169518468,way,last_update,30-6-2012,Feature has not been updated in 5 years or more
169518471,way,last_update,30-6-2012,Feature has not been updated in 5 years or more
169518473,way,last_update,30-6-2012,Feature has not been updated in 5 years or more
169518474,way,last_update,30-6-2012,Feature has not been updated in 5 years or more
169518475,way,last_update,30-6-2012,Feature has not been updated in 5 years or more
169518476,way,last_update,30-6-2012,Feature has not been updated in 5 years or more
169518477,way,last_update,30-6-2012,Feature has not been updated in 5 years or more
169518478,way,last_update,30-6-2012,Feature has not been updated in 5 years or more
169518479,way,last_update,30-6-2012,Feature has not been updated in 5 years or more
169518480,way,last_update,30-6-2012,Feature has not been updated in 5 years or more
169520328,way,last_update,30-6-2012,Feature has not been updated in 5 years or more
169672585,way,last_update,1-7-2012,Feature has not been updated in 5 years or more
169672587,way,last_update,1-7-2012,Feature has not been updated in 5 years or more
169672588,way,last_update,1-7-2012,Feature has not been updated in 5 years or more
169672589,way,last_update,1-7-2012,Feature has not been updated in 5 years or more
169673018,way,last_update,1-7-2012,Feature has not been updated in 5 years or more
169673020,way,last_update,1-7-2012,Feature has not been updated in 5 years or more
170088388,way,last_update,6-4-2020,Feature has not been updated in 5 years or more
170088394,way,last_update,4-7-2012,Feature has not been updated in 5 years or more
170192185,way,last_update,3-12-2018,Feature has not been updated in 5 years or more
170192187,way,last_update,5-7-2012,Feature has not been updated in 5 years or more
170192190,way,last_update,5-7-2012,Feature has not been updated in 5 years or more
170192197,way,last_update,29-2-2020,Feature has not been updated in 5 years or more
170192198,way,last_update,5-7-2012,Feature has not been updated in 5 years or more
170192208,way,last_update,5-7-2012,Feature has not been updated in 5 years or more
170192211,way,last_update,5-7-2012,Feature has not been updated in 5 years or more
170192217,way,last_update,5-7-2012,Feature has not been updated in 5 years or more
170192223,way,last_update,5-7-2012,Feature has not been updated in 5 years or more
170192246,way,last_update,19-4-2020,Feature has not been updated in 5 years or more
170192250,way,last_update,29-2-2020,Feature has not been updated in 5 years or more
170724819,way,last_update,9-7-2012,Feature has not been updated in 5 years or more
170724824,way,last_update,9-7-2012,Feature has not been updated in 5 years or more
170724826,way,last_update,9-7-2012,Feature has not been updated in 5 years or more
170724828,way,last_update,17-3-2013,Feature has not been updated in 5 years or more
170724830,way,last_update,9-7-2012,Feature has not been updated in 5 years or more
170724831,way,last_update,17-3-2013,Feature has not been updated in 5 years or more
170724836,way,last_update,9-7-2012,Feature has not been updated in 5 years or more
170724840,way,last_update,9-7-2012,Feature has not been updated in 5 years or more
170724842,way,last_update,17-3-2013,Feature has not been updated in 5 years or more
170724846,way,last_update,17-3-2013,Feature has not been updated in 5 years or more
171848625,way,last_update,17-2-2020,Feature has not been updated in 5 years or more
171848628,way,last_update,17-7-2012,Feature has not been updated in 5 years or more
171848636,way,last_update,17-7-2012,Feature has not been updated in 5 years or more
171848639,way,last_update,17-7-2012,Feature has not been updated in 5 years or more
171848641,way,last_update,17-7-2012,Feature has not been updated in 5 years or more
171848647,way,last_update,17-7-2012,Feature has not been updated in 5 years or more
171848649,way,last_update,17-7-2012,Feature has not been updated in 5 years or more
171848651,way,last_update,17-7-2012,Feature has not been updated in 5 years or more
171848656,way,last_update,17-7-2012,Feature has not been updated in 5 years or more
171848659,way,last_update,17-7-2012,Feature has not been updated in 5 years or more
171848662,way,last_update,17-7-2012,Feature has not been updated in 5 years or more
171848668,way,last_update,25-1-2014,Feature has not been updated in 5 years or more
171848687,way,last_update,17-7-2012,Feature has not been updated in 5 years or more
171848700,way,last_update,18-2-2020,Feature has not been updated in 5 years or more
171848710,way,last_update,24-2-2020,Feature has not been updated in 5 years or more
171848715,way,last_update,18-2-2020,Feature has not been updated in 5 years or more
171848716,way,last_update,17-7-2012,Feature has not been updated in 5 years or more
172739635,way,last_update,24-7-2012,Feature has not been updated in 5 years or more
173145211,way,last_update,7-10-2019,Feature has not been updated in 5 years or more
173564663,way,last_update,30-7-2012,Feature has not been updated in 5 years or more
173564665,way,last_update,30-7-2012,Feature has not been updated in 5 years or more
173564666,way,last_update,30-7-2012,Feature has not been updated in 5 years or more
173564670,way,last_update,30-7-2012,Feature has not been updated in 5 years or more
173564671,way,last_update,30-7-2012,Feature has not been updated in 5 years or more
173564672,way,last_update,30-7-2012,Feature has not been updated in 5 years or more
173564673,way,last_update,30-7-2012,Feature has not been updated in 5 years or more
173564675,way,last_update,30-7-2012,Feature has not been updated in 5 years or more
173564679,way,last_update,30-7-2012,Feature has not been updated in 5 years or more
173757041,way,last_update,29-7-2018,Feature has not been updated in 5 years or more
173757044,way,last_update,31-7-2012,Feature has not been updated in 5 years or more
173757046,way,last_update,31-7-2012,Feature has not been updated in 5 years or more
173757047,way,last_update,29-7-2018,Feature has not been updated in 5 years or more
173757048,way,last_update,31-7-2012,Feature has not been updated in 5 years or more
173757049,way,last_update,31-7-2012,Feature has not been updated in 5 years or more
173757055,way,last_update,31-7-2012,Feature has not been updated in 5 years or more
173757057,way,last_update,29-7-2018,Feature has not been updated in 5 years or more
173757072,way,last_update,29-7-2018,Feature has not been updated in 5 years or more
173760195,way,last_update,29-7-2018,Feature has not been updated in 5 years or more
173760196,way,last_update,4-12-2018,Feature has not been updated in 5 years or more
173760197,way,last_update,31-7-2012,Feature has not been updated in 5 years or more
173760199,way,last_update,31-7-2012,Feature has not been updated in 5 years or more
173760200,way,last_update,31-7-2012,Feature has not been updated in 5 years or more
173760201,way,last_update,31-7-2012,Feature has not been updated in 5 years or more
173760202,way,last_update,31-7-2012,Feature has not been updated in 5 years or more
173760203,way,last_update,31-7-2012,Feature has not been updated in 5 years or more
173760205,way,last_update,31-7-2012,Feature has not been updated in 5 years or more
173760208,way,last_update,31-7-2012,Feature has not been updated in 5 years or more
173760215,way,last_update,31-7-2012,Feature has not been updated in 5 years or more
173760220,way,last_update,31-7-2012,Feature has not been updated in 5 years or more
173760222,way,last_update,31-7-2012,Feature has not been updated in 5 years or more
173760224,way,last_update,31-7-2012,Feature has not been updated in 5 years or more
173760226,way,last_update,31-7-2012,Feature has not been updated in 5 years or more
173760229,way,last_update,31-7-2012,Feature has not been updated in 5 years or more
173760235,way,last_update,31-7-2012,Feature has not been updated in 5 years or more
173760237,way,last_update,31-7-2012,Feature has not been updated in 5 years or more
173760239,way,last_update,31-7-2012,Feature has not been updated in 5 years or more
173760244,way,last_update,31-7-2012,Feature has not been updated in 5 years or more
173760246,way,last_update,31-7-2012,Feature has not been updated in 5 years or more
173760248,way,last_update,31-7-2012,Feature has not been updated in 5 years or more
173760250,way,last_update,31-7-2012,Feature has not been updated in 5 years or more
173760252,way,last_update,31-7-2012,Feature has not been updated in 5 years or more
173760272,way,last_update,31-7-2012,Feature has not been updated in 5 years or more
173760293,way,last_update,7-11-2015,Feature has not been updated in 5 years or more
173760305,way,last_update,29-7-2018,Feature has not been updated in 5 years or more
173760313,way,last_update,29-7-2018,Feature has not been updated in 5 years or more
173760330,way,last_update,29-7-2018,Feature has not been updated in 5 years or more
173760331,way,last_update,29-7-2018,Feature has not been updated in 5 years or more
173760336,way,last_update,29-7-2018,Feature has not been updated in 5 years or more
173760341,way,last_update,8-3-2018,Feature has not been updated in 5 years or more
173760342,way,last_update,4-12-2018,Feature has not been updated in 5 years or more
174420250,way,last_update,4-8-2012,Feature has not been updated in 5 years or more
174420251,way,last_update,4-8-2012,Feature has not been updated in 5 years or more
174420255,way,last_update,4-8-2012,Feature has not been updated in 5 years or more
174420256,way,last_update,4-8-2012,Feature has not been updated in 5 years or more
174420270,way,last_update,23-1-2020,Feature has not been updated in 5 years or more
174420271,way,last_update,23-1-2020,Feature has not been updated in 5 years or more
174420272,way,last_update,23-1-2020,Feature has not been updated in 5 years or more
174420273,way,last_update,23-1-2020,Feature has not been updated in 5 years or more
174420274,way,last_update,23-1-2020,Feature has not been updated in 5 years or more
174420276,way,last_update,23-1-2020,Feature has not been updated in 5 years or more
174420277,way,last_update,23-1-2020,Feature has not been updated in 5 years or more
176114404,way,last_update,15-8-2012,Feature has not been updated in 5 years or more
176114405,way,last_update,15-8-2012,Feature has not been updated in 5 years or more
176114406,way,last_update,15-8-2012,Feature has not been updated in 5 years or more
176114407,way,last_update,15-8-2012,Feature has not been updated in 5 years or more
176114413,way,last_update,15-8-2012,Feature has not been updated in 5 years or more
176115200,way,last_update,15-8-2012,Feature has not been updated in 5 years or more
176115201,way,last_update,15-8-2012,Feature has not been updated in 5 years or more
176115202,way,last_update,15-8-2012,Feature has not been updated in 5 years or more
176115203,way,last_update,15-8-2012,Feature has not been updated in 5 years or more
176115205,way,last_update,15-8-2012,Feature has not been updated in 5 years or more
176115206,way,last_update,15-8-2012,Feature has not been updated in 5 years or more
176115207,way,last_update,15-8-2012,Feature has not been updated in 5 years or more
176115208,way,last_update,15-8-2012,Feature has not been updated in 5 years or more
176115209,way,last_update,15-8-2012,Feature has not been updated in 5 years or more
176115210,way,last_update,15-8-2012,Feature has not been updated in 5 years or more
176115211,way,last_update,15-8-2012,Feature has not been updated in 5 years or more
176115212,way,last_update,15-8-2012,Feature has not been updated in 5 years or more
176115214,way,last_update,15-8-2012,Feature has not been updated in 5 years or more
176115215,way,last_update,15-8-2012,Feature has not been updated in 5 years or more
176115216,way,last_update,15-8-2012,Feature has not been updated in 5 years or more
176115217,way,last_update,15-8-2012,Feature has not been updated in 5 years or more
176115218,way,last_update,15-8-2012,Feature has not been updated in 5 years or more
176115219,way,last_update,15-8-2012,Feature has not been updated in 5 years or more
176115220,way,last_update,15-8-2012,Feature has not been updated in 5 years or more
176115221,way,last_update,15-8-2012,Feature has not been updated in 5 years or more
176115222,way,last_update,15-8-2012,Feature has not been updated in 5 years or more
176115223,way,last_update,15-8-2012,Feature has not been updated in 5 years or more
176115224,way,last_update,15-8-2012,Feature has not been updated in 5 years or more
176115225,way,last_update,15-8-2012,Feature has not been updated in 5 years or more
176115226,way,last_update,15-8-2012,Feature has not been updated in 5 years or more
176115227,way,last_update,15-8-2012,Feature has not been updated in 5 years or more
176115228,way,last_update,15-8-2012,Feature has not been updated in 5 years or more
176115229,way,last_update,15-8-2012,Feature has not been updated in 5 years or more
176115230,way,last_update,15-8-2012,Feature has not been updated in 5 years or more
176115241,way,last_update,15-8-2012,Feature has not been updated in 5 years or more
176115251,way,last_update,15-8-2012,Feature has not been updated in 5 years or more
176115255,way,last_update,15-8-2012,Feature has not been updated in 5 years or more
176115256,way,last_update,15-8-2012,Feature has not been updated in 5 years or more
176115257,way,last_update,15-8-2012,Feature has not been updated in 5 years or more
176115260,way,last_update,19-5-2017,Feature has not been updated in 5 years or more
176115261,way,last_update,15-8-2012,Feature has not been updated in 5 years or more
176115263,way,last_update,15-8-2012,Feature has not been updated in 5 years or more
176115266,way,last_update,15-8-2012,Feature has not been updated in 5 years or more
176115267,way,last_update,15-8-2012,Feature has not been updated in 5 years or more
176118958,way,last_update,15-8-2012,Feature has not been updated in 5 years or more
176118960,way,last_update,15-8-2012,Feature has not been updated in 5 years or more
176118961,way,last_update,15-8-2012,Feature has not been updated in 5 years or more
176118963,way,last_update,15-8-2012,Feature has not been updated in 5 years or more
176118965,way,last_update,15-8-2012,Feature has not been updated in 5 years or more
176118967,way,last_update,15-8-2012,Feature has not been updated in 5 years or more
176118972,way,last_update,15-8-2012,Feature has not been updated in 5 years or more
176118973,way,last_update,15-8-2012,Feature has not been updated in 5 years or more
176118974,way,last_update,5-2-2021,Feature has not been updated in 5 years or more
176118978,way,last_update,15-8-2012,Feature has not been updated in 5 years or more
176118979,way,last_update,15-8-2012,Feature has not been updated in 5 years or more
176118983,way,last_update,15-8-2012,Feature has not been updated in 5 years or more
176118987,way,last_update,15-8-2012,Feature has not been updated in 5 years or more
176118992,way,last_update,15-8-2012,Feature has not been updated in 5 years or more
176119001,way,last_update,15-8-2012,Feature has not been updated in 5 years or more
176119006,way,last_update,15-8-2012,Feature has not been updated in 5 years or more
176119010,way,last_update,5-9-2014,Feature has not been updated in 5 years or more
176119015,way,last_update,27-5-2020,Feature has not been updated in 5 years or more
176119018,way,last_update,15-8-2012,Feature has not been updated in 5 years or more
176123428,way,last_update,15-8-2012,Feature has not been updated in 5 years or more
176123433,way,last_update,13-4-2013,Feature has not been updated in 5 years or more
176123434,way,last_update,13-4-2013,Feature has not been updated in 5 years or more
176123435,way,last_update,23-8-2014,Feature has not been updated in 5 years or more
176123438,way,last_update,15-8-2012,Feature has not been updated in 5 years or more
176123440,way,last_update,15-8-2012,Feature has not been updated in 5 years or more
176123441,way,last_update,15-8-2012,Feature has not been updated in 5 years or more
176123442,way,last_update,15-8-2012,Feature has not been updated in 5 years or more
176123443,way,last_update,15-8-2012,Feature has not been updated in 5 years or more
176123447,way,last_update,15-8-2012,Feature has not been updated in 5 years or more
176123448,way,last_update,6-1-2016,Feature has not been updated in 5 years or more
176123455,way,last_update,15-8-2012,Feature has not been updated in 5 years or more
176123460,way,last_update,15-8-2012,Feature has not been updated in 5 years or more
176123463,way,last_update,15-8-2012,Feature has not been updated in 5 years or more
176123464,way,last_update,15-8-2012,Feature has not been updated in 5 years or more
176123465,way,last_update,13-4-2013,Feature has not been updated in 5 years or more
176125088,way,last_update,15-8-2012,Feature has not been updated in 5 years or more
176125089,way,last_update,15-8-2012,Feature has not been updated in 5 years or more
176125091,way,last_update,15-8-2012,Feature has not been updated in 5 years or more
176125092,way,last_update,15-8-2012,Feature has not been updated in 5 years or more
176125093,way,last_update,15-8-2012,Feature has not been updated in 5 years or more
176125094,way,last_update,15-8-2012,Feature has not been updated in 5 years or more
176125095,way,last_update,15-8-2012,Feature has not been updated in 5 years or more
176125096,way,last_update,15-8-2012,Feature has not been updated in 5 years or more
176125097,way,last_update,15-8-2012,Feature has not been updated in 5 years or more
176125098,way,last_update,15-8-2012,Feature has not been updated in 5 years or more
176125099,way,last_update,15-8-2012,Feature has not been updated in 5 years or more
176125100,way,last_update,15-8-2012,Feature has not been updated in 5 years or more
176125101,way,last_update,15-8-2012,Feature has not been updated in 5 years or more
176125102,way,last_update,15-8-2012,Feature has not been updated in 5 years or more
176125109,way,last_update,15-8-2012,Feature has not been updated in 5 years or more
176125143,way,last_update,15-8-2012,Feature has not been updated in 5 years or more
176125144,way,last_update,15-8-2012,Feature has not been updated in 5 years or more
176125147,way,last_update,19-2-2021,Feature has not been updated in 5 years or more
176125148,way,last_update,15-8-2012,Feature has not been updated in 5 years or more
176179929,way,last_update,15-8-2012,Feature has not been updated in 5 years or more
176179930,way,last_update,15-8-2012,Feature has not been updated in 5 years or more
176179931,way,last_update,15-8-2012,Feature has not been updated in 5 years or more
176179932,way,last_update,15-8-2012,Feature has not been updated in 5 years or more
176179933,way,last_update,15-8-2012,Feature has not been updated in 5 years or more
176179934,way,last_update,15-8-2012,Feature has not been updated in 5 years or more
176179937,way,last_update,15-8-2012,Feature has not been updated in 5 years or more
176179939,way,last_update,26-5-2013,Feature has not been updated in 5 years or more
176179940,way,last_update,26-5-2013,Feature has not been updated in 5 years or more
176319936,way,last_update,16-8-2012,Feature has not been updated in 5 years or more
176319937,way,last_update,11-1-2013,Feature has not been updated in 5 years or more
176319945,way,last_update,16-8-2012,Feature has not been updated in 5 years or more
176319947,way,last_update,16-8-2012,Feature has not been updated in 5 years or more
176321794,way,last_update,16-8-2012,Feature has not been updated in 5 years or more
176322528,way,last_update,16-8-2012,Feature has not been updated in 5 years or more
176322530,way,last_update,16-8-2012,Feature has not been updated in 5 years or more
176322538,way,last_update,16-8-2012,Feature has not been updated in 5 years or more
176646077,way,last_update,18-8-2012,Feature has not been updated in 5 years or more
176646079,way,last_update,18-8-2012,Feature has not been updated in 5 years or more
176650539,way,last_update,18-8-2012,Feature has not been updated in 5 years or more
176650540,way,last_update,18-8-2012,Feature has not been updated in 5 years or more
176650542,way,last_update,18-8-2012,Feature has not been updated in 5 years or more
176650543,way,last_update,18-8-2012,Feature has not been updated in 5 years or more
176650544,way,last_update,18-8-2012,Feature has not been updated in 5 years or more
176650545,way,last_update,18-8-2012,Feature has not been updated in 5 years or more
176650546,way,last_update,18-8-2012,Feature has not been updated in 5 years or more
176650547,way,last_update,18-8-2012,Feature has not been updated in 5 years or more
176650548,way,last_update,18-8-2012,Feature has not been updated in 5 years or more
176650550,way,last_update,18-8-2012,Feature has not been updated in 5 years or more
176650558,way,last_update,18-8-2012,Feature has not been updated in 5 years or more
176650559,way,last_update,27-2-2017,Feature has not been updated in 5 years or more
176652881,way,last_update,18-8-2012,Feature has not been updated in 5 years or more
176652884,way,last_update,18-8-2012,Feature has not been updated in 5 years or more
176652885,way,last_update,18-8-2012,Feature has not been updated in 5 years or more
176652886,way,last_update,18-8-2012,Feature has not been updated in 5 years or more
176652888,way,last_update,18-8-2012,Feature has not been updated in 5 years or more
176652889,way,last_update,18-8-2012,Feature has not been updated in 5 years or more
176652890,way,last_update,18-8-2012,Feature has not been updated in 5 years or more
176652891,way,last_update,18-8-2012,Feature has not been updated in 5 years or more
176652892,way,last_update,18-8-2012,Feature has not been updated in 5 years or more
176652893,way,last_update,18-8-2012,Feature has not been updated in 5 years or more
176652903,way,last_update,18-8-2012,Feature has not been updated in 5 years or more
177621438,way,last_update,10-10-2016,Feature has not been updated in 5 years or more
177621440,way,last_update,24-8-2012,Feature has not been updated in 5 years or more
177621441,way,last_update,24-8-2012,Feature has not been updated in 5 years or more
177621444,way,last_update,10-10-2016,Feature has not been updated in 5 years or more
177621448,way,last_update,24-8-2012,Feature has not been updated in 5 years or more
177792641,way,last_update,28-8-2012,Feature has not been updated in 5 years or more
177792644,way,last_update,24-11-2018,Feature has not been updated in 5 years or more
177792647,way,last_update,24-11-2018,Feature has not been updated in 5 years or more
177792654,way,last_update,24-11-2018,Feature has not been updated in 5 years or more
177792670,way,last_update,25-8-2012,Feature has not been updated in 5 years or more
178252330,way,last_update,28-8-2012,Feature has not been updated in 5 years or more
178252332,way,last_update,24-11-2018,Feature has not been updated in 5 years or more
178252333,way,last_update,28-8-2012,Feature has not been updated in 5 years or more
178252334,way,last_update,28-8-2012,Feature has not been updated in 5 years or more
178252337,way,last_update,24-11-2018,Feature has not been updated in 5 years or more
178252346,way,last_update,24-11-2018,Feature has not been updated in 5 years or more
178252347,way,last_update,21-11-2018,Feature has not been updated in 5 years or more
178252348,way,last_update,24-11-2018,Feature has not been updated in 5 years or more
178252349,way,last_update,24-11-2018,Feature has not been updated in 5 years or more
178253109,way,last_update,21-11-2018,Feature has not been updated in 5 years or more
178253111,way,last_update,21-11-2018,Feature has not been updated in 5 years or more
178253114,way,last_update,28-8-2012,Feature has not been updated in 5 years or more
178253116,way,last_update,28-8-2012,Feature has not been updated in 5 years or more
178253118,way,last_update,28-8-2012,Feature has not been updated in 5 years or more
178253119,way,last_update,21-11-2018,Feature has not been updated in 5 years or more
178253120,way,last_update,28-8-2012,Feature has not been updated in 5 years or more
178253123,way,last_update,24-11-2018,Feature has not been updated in 5 years or more
178253127,way,last_update,28-8-2012,Feature has not been updated in 5 years or more
178253128,way,last_update,28-8-2012,Feature has not been updated in 5 years or more
178253134,way,last_update,28-8-2012,Feature has not been updated in 5 years or more
178253138,way,last_update,21-11-2018,Feature has not been updated in 5 years or more
178253139,way,last_update,24-11-2018,Feature has not been updated in 5 years or more
178253141,way,last_update,21-11-2018,Feature has not been updated in 5 years or more
178253143,way,last_update,21-11-2018,Feature has not been updated in 5 years or more
178253144,way,last_update,28-8-2012,Feature has not been updated in 5 years or more
178253886,way,last_update,21-11-2018,Feature has not been updated in 5 years or more
178253892,way,last_update,21-11-2018,Feature has not been updated in 5 years or more
178253893,way,last_update,20-11-2018,Feature has not been updated in 5 years or more
178253894,way,last_update,28-8-2012,Feature has not been updated in 5 years or more
178254169,way,last_update,17-7-2018,Feature has not been updated in 5 years or more
178254172,way,last_update,17-7-2018,Feature has not been updated in 5 years or more
178254174,way,last_update,17-7-2018,Feature has not been updated in 5 years or more
178254180,way,last_update,28-8-2012,Feature has not been updated in 5 years or more
178254181,way,last_update,12-5-2019,Feature has not been updated in 5 years or more
178508380,way,last_update,29-8-2012,Feature has not been updated in 5 years or more
178508383,way,last_update,29-8-2012,Feature has not been updated in 5 years or more
178508387,way,last_update,29-8-2012,Feature has not been updated in 5 years or more
178508394,way,last_update,29-8-2012,Feature has not been updated in 5 years or more
178508400,way,last_update,29-8-2012,Feature has not been updated in 5 years or more
178508402,way,last_update,29-8-2012,Feature has not been updated in 5 years or more
178984388,way,last_update,1-9-2012,Feature has not been updated in 5 years or more
178988788,way,last_update,3-9-2012,Feature has not been updated in 5 years or more
178988789,way,last_update,1-9-2012,Feature has not been updated in 5 years or more
178988790,way,last_update,1-9-2012,Feature has not been updated in 5 years or more
178988791,way,last_update,1-9-2012,Feature has not been updated in 5 years or more
178988792,way,last_update,1-9-2012,Feature has not been updated in 5 years or more
178988794,way,last_update,1-9-2012,Feature has not been updated in 5 years or more
178988796,way,last_update,1-9-2012,Feature has not been updated in 5 years or more
178988797,way,last_update,1-9-2012,Feature has not been updated in 5 years or more
178988798,way,last_update,1-9-2012,Feature has not been updated in 5 years or more
178988799,way,last_update,1-9-2012,Feature has not been updated in 5 years or more
178988810,way,last_update,1-9-2012,Feature has not been updated in 5 years or more
178988811,way,last_update,1-9-2012,Feature has not been updated in 5 years or more
178988812,way,last_update,1-9-2012,Feature has not been updated in 5 years or more
178988813,way,last_update,1-9-2012,Feature has not been updated in 5 years or more
178988815,way,last_update,3-9-2012,Feature has not been updated in 5 years or more
178992011,way,last_update,1-9-2012,Feature has not been updated in 5 years or more
178992013,way,last_update,1-9-2012,Feature has not been updated in 5 years or more
178992014,way,last_update,1-9-2012,Feature has not been updated in 5 years or more
178992015,way,last_update,1-9-2012,Feature has not been updated in 5 years or more
178992017,way,last_update,1-9-2012,Feature has not been updated in 5 years or more
178992018,way,last_update,28-1-2019,Feature has not been updated in 5 years or more
178992019,way,last_update,29-1-2019,Feature has not been updated in 5 years or more
178992034,way,last_update,29-1-2019,Feature has not been updated in 5 years or more
178992539,way,last_update,1-9-2012,Feature has not been updated in 5 years or more
179249058,way,last_update,3-9-2012,Feature has not been updated in 5 years or more
179249060,way,last_update,3-9-2012,Feature has not been updated in 5 years or more
179249061,way,last_update,3-9-2012,Feature has not been updated in 5 years or more
179249062,way,last_update,3-9-2012,Feature has not been updated in 5 years or more
179249063,way,last_update,3-9-2012,Feature has not been updated in 5 years or more
179249065,way,last_update,3-9-2012,Feature has not been updated in 5 years or more
179249066,way,last_update,3-9-2012,Feature has not been updated in 5 years or more
179249067,way,last_update,3-9-2012,Feature has not been updated in 5 years or more
179249068,way,last_update,3-9-2012,Feature has not been updated in 5 years or more
179249069,way,last_update,3-9-2012,Feature has not been updated in 5 years or more
179249070,way,last_update,3-9-2012,Feature has not been updated in 5 years or more
179249072,way,last_update,4-10-2019,Feature has not been updated in 5 years or more
179249085,way,last_update,3-9-2012,Feature has not been updated in 5 years or more
179249086,way,last_update,3-9-2012,Feature has not been updated in 5 years or more
179249087,way,last_update,3-9-2012,Feature has not been updated in 5 years or more
179252276,way,last_update,3-9-2012,Feature has not been updated in 5 years or more
179252277,way,last_update,3-9-2012,Feature has not been updated in 5 years or more
179252282,way,last_update,3-9-2012,Feature has not been updated in 5 years or more
179256994,way,last_update,4-10-2019,Feature has not been updated in 5 years or more
179257001,way,last_update,3-9-2012,Feature has not been updated in 5 years or more
179257002,way,last_update,3-9-2012,Feature has not been updated in 5 years or more
179257003,way,last_update,3-9-2012,Feature has not been updated in 5 years or more
179257007,way,last_update,3-9-2012,Feature has not been updated in 5 years or more
179257009,way,last_update,3-9-2012,Feature has not been updated in 5 years or more
179257010,way,last_update,3-9-2012,Feature has not been updated in 5 years or more
179257011,way,last_update,3-9-2012,Feature has not been updated in 5 years or more
179257012,way,last_update,3-9-2012,Feature has not been updated in 5 years or more
179257013,way,last_update,3-9-2012,Feature has not been updated in 5 years or more
179257017,way,last_update,3-9-2012,Feature has not been updated in 5 years or more
179257018,way,last_update,3-9-2012,Feature has not been updated in 5 years or more
179257019,way,last_update,3-9-2012,Feature has not been updated in 5 years or more
179924429,way,last_update,19-11-2018,Feature has not been updated in 5 years or more
179924434,way,last_update,19-11-2018,Feature has not been updated in 5 years or more
179924438,way,last_update,19-11-2018,Feature has not been updated in 5 years or more
179924449,way,last_update,19-11-2018,Feature has not been updated in 5 years or more
179924491,way,last_update,15-10-2019,Feature has not been updated in 5 years or more
179924494,way,last_update,19-11-2018,Feature has not been updated in 5 years or more
179924497,way,last_update,19-11-2018,Feature has not been updated in 5 years or more
179924504,way,last_update,19-11-2018,Feature has not been updated in 5 years or more
179933517,way,last_update,7-9-2012,Feature has not been updated in 5 years or more
179933519,way,last_update,7-9-2012,Feature has not been updated in 5 years or more
179933521,way,last_update,7-9-2012,Feature has not been updated in 5 years or more
179933523,way,last_update,15-10-2019,Feature has not been updated in 5 years or more
179933524,way,last_update,7-9-2012,Feature has not been updated in 5 years or more
179933526,way,last_update,15-10-2019,Feature has not been updated in 5 years or more
179933528,way,last_update,15-10-2019,Feature has not been updated in 5 years or more
179933529,way,last_update,7-9-2012,Feature has not been updated in 5 years or more
179934379,way,last_update,15-10-2019,Feature has not been updated in 5 years or more
181067577,way,last_update,15-9-2012,Feature has not been updated in 5 years or more
181067595,way,last_update,1-2-2015,Feature has not been updated in 5 years or more
181069332,way,last_update,15-9-2012,Feature has not been updated in 5 years or more
181069333,way,last_update,15-9-2012,Feature has not been updated in 5 years or more
181069334,way,last_update,15-9-2012,Feature has not been updated in 5 years or more
181069335,way,last_update,15-9-2012,Feature has not been updated in 5 years or more
181069337,way,last_update,15-9-2012,Feature has not been updated in 5 years or more
181069338,way,last_update,15-9-2012,Feature has not been updated in 5 years or more
181069339,way,last_update,15-9-2012,Feature has not been updated in 5 years or more
181069340,way,last_update,15-9-2012,Feature has not been updated in 5 years or more
181069341,way,last_update,15-9-2012,Feature has not been updated in 5 years or more
181069342,way,last_update,15-9-2012,Feature has not been updated in 5 years or more
181069343,way,last_update,15-9-2012,Feature has not been updated in 5 years or more
181069344,way,last_update,15-9-2012,Feature has not been updated in 5 years or more
181069362,way,last_update,15-9-2012,Feature has not been updated in 5 years or more
181069363,way,last_update,15-9-2012,Feature has not been updated in 5 years or more
181069365,way,last_update,26-1-2015,Feature has not been updated in 5 years or more
181069366,way,last_update,15-9-2012,Feature has not been updated in 5 years or more
181069368,way,last_update,15-9-2012,Feature has not been updated in 5 years or more
181069369,way,last_update,15-9-2012,Feature has not been updated in 5 years or more
181069371,way,last_update,26-1-2015,Feature has not been updated in 5 years or more
181069372,way,last_update,15-9-2012,Feature has not been updated in 5 years or more
181069373,way,last_update,26-1-2015,Feature has not been updated in 5 years or more
181069374,way,last_update,27-1-2015,Feature has not been updated in 5 years or more
181069375,way,last_update,15-9-2012,Feature has not been updated in 5 years or more
181972741,way,last_update,20-9-2012,Feature has not been updated in 5 years or more
181972742,way,last_update,20-9-2012,Feature has not been updated in 5 years or more
181972743,way,last_update,20-9-2012,Feature has not been updated in 5 years or more
181972744,way,last_update,20-9-2012,Feature has not been updated in 5 years or more
181972745,way,last_update,20-9-2012,Feature has not been updated in 5 years or more
181972746,way,last_update,20-9-2012,Feature has not been updated in 5 years or more
181972747,way,last_update,20-9-2012,Feature has not been updated in 5 years or more
181972749,way,last_update,20-9-2012,Feature has not been updated in 5 years or more
181972750,way,last_update,20-9-2012,Feature has not been updated in 5 years or more
181972751,way,last_update,20-9-2012,Feature has not been updated in 5 years or more
181972753,way,last_update,20-9-2012,Feature has not been updated in 5 years or more
181972754,way,last_update,20-9-2012,Feature has not been updated in 5 years or more
181972755,way,last_update,20-9-2012,Feature has not been updated in 5 years or more
181972756,way,last_update,20-9-2012,Feature has not been updated in 5 years or more
181972757,way,last_update,20-9-2012,Feature has not been updated in 5 years or more
181972771,way,last_update,20-9-2012,Feature has not been updated in 5 years or more
181973041,way,last_update,20-9-2012,Feature has not been updated in 5 years or more
181973043,way,last_update,20-9-2012,Feature has not been updated in 5 years or more
181973044,way,last_update,20-9-2012,Feature has not been updated in 5 years or more
181973045,way,last_update,20-9-2012,Feature has not been updated in 5 years or more
181973046,way,last_update,22-11-2016,Feature has not been updated in 5 years or more
181973048,way,last_update,20-9-2012,Feature has not been updated in 5 years or more
181973049,way,last_update,22-11-2016,Feature has not been updated in 5 years or more
181973050,way,last_update,20-9-2012,Feature has not been updated in 5 years or more
181973051,way,last_update,20-9-2012,Feature has not been updated in 5 years or more
181973052,way,last_update,20-9-2012,Feature has not been updated in 5 years or more
181973054,way,last_update,20-9-2012,Feature has not been updated in 5 years or more
181973055,way,last_update,20-9-2012,Feature has not been updated in 5 years or more
181973056,way,last_update,22-11-2016,Feature has not been updated in 5 years or more
181973057,way,last_update,20-9-2012,Feature has not been updated in 5 years or more
181973071,way,last_update,5-3-2017,Feature has not been updated in 5 years or more
181974945,way,last_update,16-12-2016,Feature has not been updated in 5 years or more
181974946,way,last_update,22-11-2016,Feature has not been updated in 5 years or more
181974948,way,last_update,16-12-2016,Feature has not been updated in 5 years or more
181974950,way,last_update,20-9-2012,Feature has not been updated in 5 years or more
181974951,way,last_update,20-9-2012,Feature has not been updated in 5 years or more
181974952,way,last_update,16-12-2016,Feature has not been updated in 5 years or more
181974953,way,last_update,20-9-2012,Feature has not been updated in 5 years or more
181974954,way,last_update,20-9-2012,Feature has not been updated in 5 years or more
181974955,way,last_update,20-9-2012,Feature has not been updated in 5 years or more
181974957,way,last_update,20-9-2012,Feature has not been updated in 5 years or more
181974958,way,last_update,20-9-2012,Feature has not been updated in 5 years or more
181974960,way,last_update,20-9-2012,Feature has not been updated in 5 years or more
182300153,way,last_update,22-9-2012,Feature has not been updated in 5 years or more
182300155,way,last_update,22-9-2012,Feature has not been updated in 5 years or more
182300158,way,last_update,22-9-2012,Feature has not been updated in 5 years or more
182300160,way,last_update,22-9-2012,Feature has not been updated in 5 years or more
182300163,way,last_update,22-9-2012,Feature has not been updated in 5 years or more
182301310,way,last_update,22-9-2012,Feature has not been updated in 5 years or more
182301311,way,last_update,22-9-2012,Feature has not been updated in 5 years or more
182301312,way,last_update,22-9-2012,Feature has not been updated in 5 years or more
182301313,way,last_update,22-11-2012,Feature has not been updated in 5 years or more
182301314,way,last_update,22-9-2012,Feature has not been updated in 5 years or more
182301315,way,last_update,22-9-2012,Feature has not been updated in 5 years or more
182301316,way,last_update,22-9-2012,Feature has not been updated in 5 years or more
182301317,way,last_update,22-9-2012,Feature has not been updated in 5 years or more
182301318,way,last_update,22-9-2012,Feature has not been updated in 5 years or more
182301319,way,last_update,22-9-2012,Feature has not been updated in 5 years or more
182301320,way,last_update,22-9-2012,Feature has not been updated in 5 years or more
182301322,way,last_update,22-9-2012,Feature has not been updated in 5 years or more
182301326,way,last_update,22-9-2012,Feature has not been updated in 5 years or more
182301327,way,last_update,22-9-2012,Feature has not been updated in 5 years or more
182301332,way,last_update,22-9-2012,Feature has not been updated in 5 years or more
182301333,way,last_update,22-9-2012,Feature has not been updated in 5 years or more
182301335,way,last_update,17-7-2019,Feature has not been updated in 5 years or more
182301336,way,last_update,20-7-2016,Feature has not been updated in 5 years or more
182654106,way,last_update,26-5-2013,Feature has not been updated in 5 years or more
182654108,way,last_update,24-9-2012,Feature has not been updated in 5 years or more
182654110,way,last_update,24-9-2012,Feature has not been updated in 5 years or more
182654111,way,last_update,26-5-2013,Feature has not been updated in 5 years or more
182654113,way,last_update,24-9-2012,Feature has not been updated in 5 years or more
182654114,way,last_update,26-5-2013,Feature has not been updated in 5 years or more
182654116,way,last_update,26-5-2013,Feature has not been updated in 5 years or more
182654118,way,last_update,24-9-2012,Feature has not been updated in 5 years or more
182654120,way,last_update,24-9-2012,Feature has not been updated in 5 years or more
182654121,way,last_update,26-5-2013,Feature has not been updated in 5 years or more
182654122,way,last_update,24-9-2012,Feature has not been updated in 5 years or more
182654123,way,last_update,24-9-2012,Feature has not been updated in 5 years or more
182654136,way,last_update,26-5-2013,Feature has not been updated in 5 years or more
182654144,way,last_update,26-5-2013,Feature has not been updated in 5 years or more
182654145,way,last_update,24-9-2012,Feature has not been updated in 5 years or more
182656671,way,last_update,24-9-2012,Feature has not been updated in 5 years or more
182656672,way,last_update,24-9-2012,Feature has not been updated in 5 years or more
182830616,way,last_update,2-6-2013,Feature has not been updated in 5 years or more
182830619,way,last_update,25-9-2012,Feature has not been updated in 5 years or more
182830628,way,last_update,16-5-2020,Feature has not been updated in 5 years or more
182830629,way,last_update,25-9-2012,Feature has not been updated in 5 years or more
182830631,way,last_update,25-9-2012,Feature has not been updated in 5 years or more
182830633,way,last_update,13-3-2020,Feature has not been updated in 5 years or more
182830634,way,last_update,25-9-2012,Feature has not been updated in 5 years or more
182830636,way,last_update,25-9-2012,Feature has not been updated in 5 years or more
182830637,way,last_update,25-9-2012,Feature has not been updated in 5 years or more
182830638,way,last_update,25-9-2012,Feature has not been updated in 5 years or more
182830639,way,last_update,25-9-2012,Feature has not been updated in 5 years or more
182830640,way,last_update,25-9-2012,Feature has not been updated in 5 years or more
182830641,way,last_update,25-9-2012,Feature has not been updated in 5 years or more
182830642,way,last_update,25-9-2012,Feature has not been updated in 5 years or more
182830644,way,last_update,25-9-2012,Feature has not been updated in 5 years or more
182830646,way,last_update,25-9-2012,Feature has not been updated in 5 years or more
182830647,way,last_update,25-9-2012,Feature has not been updated in 5 years or more
182830648,way,last_update,25-9-2012,Feature has not been updated in 5 years or more
182830649,way,last_update,25-9-2012,Feature has not been updated in 5 years or more
182830651,way,last_update,25-9-2012,Feature has not been updated in 5 years or more
182830652,way,last_update,25-9-2012,Feature has not been updated in 5 years or more
182830653,way,last_update,25-9-2012,Feature has not been updated in 5 years or more
182830654,way,last_update,25-9-2012,Feature has not been updated in 5 years or more
182830655,way,last_update,25-9-2012,Feature has not been updated in 5 years or more
182830656,way,last_update,25-9-2012,Feature has not been updated in 5 years or more
182830659,way,last_update,25-9-2012,Feature has not been updated in 5 years or more
182830661,way,last_update,25-9-2012,Feature has not been updated in 5 years or more
182830663,way,last_update,25-9-2012,Feature has not been updated in 5 years or more
182830665,way,last_update,28-9-2012,Feature has not been updated in 5 years or more
182830669,way,last_update,25-9-2012,Feature has not been updated in 5 years or more
182830672,way,last_update,25-9-2012,Feature has not been updated in 5 years or more
182830675,way,last_update,25-9-2012,Feature has not been updated in 5 years or more
182830678,way,last_update,25-9-2012,Feature has not been updated in 5 years or more
182830680,way,last_update,25-9-2012,Feature has not been updated in 5 years or more
182830683,way,last_update,25-9-2012,Feature has not been updated in 5 years or more
182830685,way,last_update,25-9-2012,Feature has not been updated in 5 years or more
182830690,way,last_update,25-9-2012,Feature has not been updated in 5 years or more
182830692,way,last_update,25-9-2012,Feature has not been updated in 5 years or more
182830695,way,last_update,28-9-2012,Feature has not been updated in 5 years or more
182830698,way,last_update,25-9-2012,Feature has not been updated in 5 years or more
182830700,way,last_update,25-9-2012,Feature has not been updated in 5 years or more
182830702,way,last_update,25-9-2012,Feature has not been updated in 5 years or more
182830704,way,last_update,25-9-2012,Feature has not been updated in 5 years or more
182830706,way,last_update,25-9-2012,Feature has not been updated in 5 years or more
182830710,way,last_update,25-9-2012,Feature has not been updated in 5 years or more
182830712,way,last_update,25-9-2012,Feature has not been updated in 5 years or more
182830715,way,last_update,25-9-2012,Feature has not been updated in 5 years or more
182830716,way,last_update,25-9-2012,Feature has not been updated in 5 years or more
182830717,way,last_update,25-9-2012,Feature has not been updated in 5 years or more
182830722,way,last_update,25-9-2012,Feature has not been updated in 5 years or more
182830723,way,last_update,25-9-2012,Feature has not been updated in 5 years or more
182830741,way,last_update,25-9-2012,Feature has not been updated in 5 years or more
182830746,way,last_update,25-9-2012,Feature has not been updated in 5 years or more
182830748,way,last_update,25-9-2012,Feature has not been updated in 5 years or more
182830754,way,last_update,25-9-2012,Feature has not been updated in 5 years or more
182830755,way,last_update,25-9-2012,Feature has not been updated in 5 years or more
182830756,way,last_update,18-2-2020,Feature has not been updated in 5 years or more
182830757,way,last_update,25-9-2012,Feature has not been updated in 5 years or more
182830763,way,last_update,25-9-2012,Feature has not been updated in 5 years or more
182830767,way,last_update,25-9-2012,Feature has not been updated in 5 years or more
182830769,way,last_update,25-9-2012,Feature has not been updated in 5 years or more
182830773,way,last_update,25-9-2012,Feature has not been updated in 5 years or more
182830774,way,last_update,25-9-2012,Feature has not been updated in 5 years or more
182830777,way,last_update,25-9-2012,Feature has not been updated in 5 years or more
182830782,way,last_update,25-9-2012,Feature has not been updated in 5 years or more
182830788,way,last_update,25-9-2012,Feature has not been updated in 5 years or more
182830789,way,last_update,25-9-2012,Feature has not been updated in 5 years or more
182830806,way,last_update,28-9-2012,Feature has not been updated in 5 years or more
182830807,way,last_update,13-3-2020,Feature has not been updated in 5 years or more
182830808,way,last_update,28-9-2012,Feature has not been updated in 5 years or more
182830811,way,last_update,29-9-2012,Feature has not been updated in 5 years or more
182830812,way,last_update,25-9-2012,Feature has not been updated in 5 years or more
182830813,way,last_update,25-9-2012,Feature has not been updated in 5 years or more
182830814,way,last_update,25-9-2012,Feature has not been updated in 5 years or more
182830815,way,last_update,25-9-2012,Feature has not been updated in 5 years or more
182830816,way,last_update,25-9-2012,Feature has not been updated in 5 years or more
182830817,way,last_update,25-9-2012,Feature has not been updated in 5 years or more
182830819,way,last_update,25-9-2012,Feature has not been updated in 5 years or more
182830820,way,last_update,28-9-2012,Feature has not been updated in 5 years or more
182830823,way,last_update,25-9-2012,Feature has not been updated in 5 years or more
182830827,way,last_update,25-9-2012,Feature has not been updated in 5 years or more
182830828,way,last_update,25-9-2012,Feature has not been updated in 5 years or more
182830829,way,last_update,7-4-2013,Feature has not been updated in 5 years or more
182830830,way,last_update,25-9-2012,Feature has not been updated in 5 years or more
182830832,way,last_update,25-9-2012,Feature has not been updated in 5 years or more
182840526,way,last_update,25-9-2012,Feature has not been updated in 5 years or more
182840530,way,last_update,18-2-2020,Feature has not been updated in 5 years or more
182840534,way,last_update,25-9-2012,Feature has not been updated in 5 years or more
182840540,way,last_update,25-9-2012,Feature has not been updated in 5 years or more
182840543,way,last_update,25-9-2012,Feature has not been updated in 5 years or more
182840554,way,last_update,17-5-2020,Feature has not been updated in 5 years or more
182840555,way,last_update,25-9-2012,Feature has not been updated in 5 years or more
182840561,way,last_update,25-9-2012,Feature has not been updated in 5 years or more
182840566,way,last_update,25-9-2012,Feature has not been updated in 5 years or more
182840573,way,last_update,25-9-2012,Feature has not been updated in 5 years or more
182840578,way,last_update,25-9-2012,Feature has not been updated in 5 years or more
182840586,way,last_update,25-9-2012,Feature has not been updated in 5 years or more
182840611,way,last_update,25-9-2012,Feature has not been updated in 5 years or more
182849606,way,last_update,25-9-2012,Feature has not been updated in 5 years or more
183251395,way,last_update,28-9-2012,Feature has not been updated in 5 years or more
183251399,way,last_update,28-9-2012,Feature has not been updated in 5 years or more
183251400,way,last_update,28-9-2012,Feature has not been updated in 5 years or more
183251401,way,last_update,28-9-2012,Feature has not been updated in 5 years or more
183251403,way,last_update,28-9-2012,Feature has not been updated in 5 years or more
183251404,way,last_update,28-9-2012,Feature has not been updated in 5 years or more
183251406,way,last_update,28-9-2012,Feature has not been updated in 5 years or more
183251407,way,last_update,28-9-2012,Feature has not been updated in 5 years or more
183251408,way,last_update,28-9-2012,Feature has not been updated in 5 years or more
183251409,way,last_update,28-9-2012,Feature has not been updated in 5 years or more
183251410,way,last_update,28-9-2012,Feature has not been updated in 5 years or more
183251411,way,last_update,28-9-2012,Feature has not been updated in 5 years or more
183251412,way,last_update,28-9-2012,Feature has not been updated in 5 years or more
183251413,way,last_update,28-9-2012,Feature has not been updated in 5 years or more
183251414,way,last_update,28-9-2012,Feature has not been updated in 5 years or more
183251415,way,last_update,28-9-2012,Feature has not been updated in 5 years or more
183251417,way,last_update,28-9-2012,Feature has not been updated in 5 years or more
183251419,way,last_update,28-9-2012,Feature has not been updated in 5 years or more
183251420,way,last_update,28-9-2012,Feature has not been updated in 5 years or more
183251422,way,last_update,28-9-2012,Feature has not been updated in 5 years or more
183251423,way,last_update,28-9-2012,Feature has not been updated in 5 years or more
183251424,way,last_update,28-9-2012,Feature has not been updated in 5 years or more
183251425,way,last_update,28-9-2012,Feature has not been updated in 5 years or more
183251426,way,last_update,28-9-2012,Feature has not been updated in 5 years or more
183251436,way,last_update,28-9-2012,Feature has not been updated in 5 years or more
183251442,way,last_update,28-9-2012,Feature has not been updated in 5 years or more
183251449,way,last_update,28-9-2012,Feature has not been updated in 5 years or more
183251450,way,last_update,28-9-2012,Feature has not been updated in 5 years or more
183251451,way,last_update,28-9-2012,Feature has not been updated in 5 years or more
183251452,way,last_update,28-9-2012,Feature has not been updated in 5 years or more
183251456,way,last_update,28-9-2012,Feature has not been updated in 5 years or more
183251457,way,last_update,28-9-2012,Feature has not been updated in 5 years or more
183251458,way,last_update,28-9-2012,Feature has not been updated in 5 years or more
183251459,way,last_update,28-9-2012,Feature has not been updated in 5 years or more
183251460,way,last_update,28-9-2012,Feature has not been updated in 5 years or more
183252221,way,last_update,28-9-2012,Feature has not been updated in 5 years or more
183252223,way,last_update,28-9-2012,Feature has not been updated in 5 years or more
183252224,way,last_update,28-9-2012,Feature has not been updated in 5 years or more
183253178,way,last_update,28-9-2012,Feature has not been updated in 5 years or more
183253179,way,last_update,28-9-2012,Feature has not been updated in 5 years or more
183253180,way,last_update,28-9-2012,Feature has not been updated in 5 years or more
183253181,way,last_update,28-9-2012,Feature has not been updated in 5 years or more
183253182,way,last_update,28-9-2012,Feature has not been updated in 5 years or more
183253183,way,last_update,28-9-2012,Feature has not been updated in 5 years or more
183253185,way,last_update,28-9-2012,Feature has not been updated in 5 years or more
183253192,way,last_update,9-3-2020,Feature has not been updated in 5 years or more
183253193,way,last_update,2-6-2013,Feature has not been updated in 5 years or more
183253194,way,last_update,28-9-2012,Feature has not been updated in 5 years or more
183253195,way,last_update,28-9-2012,Feature has not been updated in 5 years or more
183254100,way,last_update,28-9-2012,Feature has not been updated in 5 years or more
183390040,way,last_update,29-9-2012,Feature has not been updated in 5 years or more
183390043,way,last_update,29-9-2012,Feature has not been updated in 5 years or more
183390052,way,last_update,29-9-2012,Feature has not been updated in 5 years or more
183390071,way,last_update,29-9-2012,Feature has not been updated in 5 years or more
183390076,way,last_update,29-9-2012,Feature has not been updated in 5 years or more
183390081,way,last_update,29-9-2012,Feature has not been updated in 5 years or more
183390088,way,last_update,29-9-2012,Feature has not been updated in 5 years or more
184103422,way,last_update,4-10-2012,Feature has not been updated in 5 years or more
184103423,way,last_update,20-12-2018,Feature has not been updated in 5 years or more
184103424,way,last_update,20-12-2018,Feature has not been updated in 5 years or more
184103425,way,last_update,20-12-2018,Feature has not been updated in 5 years or more
184103426,way,last_update,4-10-2012,Feature has not been updated in 5 years or more
184103427,way,last_update,4-10-2012,Feature has not been updated in 5 years or more
184103428,way,last_update,4-10-2012,Feature has not been updated in 5 years or more
184103431,way,last_update,4-10-2012,Feature has not been updated in 5 years or more
184103433,way,last_update,4-10-2012,Feature has not been updated in 5 years or more
184103434,way,last_update,4-10-2012,Feature has not been updated in 5 years or more
184103435,way,last_update,4-10-2012,Feature has not been updated in 5 years or more
184103436,way,last_update,4-10-2012,Feature has not been updated in 5 years or more
184103439,way,last_update,4-10-2012,Feature has not been updated in 5 years or more
184103440,way,last_update,4-10-2012,Feature has not been updated in 5 years or more
184103441,way,last_update,4-10-2012,Feature has not been updated in 5 years or more
184103443,way,last_update,4-10-2012,Feature has not been updated in 5 years or more
184103444,way,last_update,4-10-2012,Feature has not been updated in 5 years or more
184103445,way,last_update,4-10-2012,Feature has not been updated in 5 years or more
184103446,way,last_update,4-10-2012,Feature has not been updated in 5 years or more
184103453,way,last_update,4-10-2012,Feature has not been updated in 5 years or more
184103463,way,last_update,4-10-2012,Feature has not been updated in 5 years or more
184103472,way,last_update,4-10-2012,Feature has not been updated in 5 years or more
184103473,way,last_update,4-10-2012,Feature has not been updated in 5 years or more
184106240,way,last_update,4-10-2012,Feature has not been updated in 5 years or more
184106242,way,last_update,4-10-2012,Feature has not been updated in 5 years or more
184106246,way,last_update,4-10-2012,Feature has not been updated in 5 years or more
184106247,way,last_update,4-10-2012,Feature has not been updated in 5 years or more
184107331,way,last_update,4-10-2012,Feature has not been updated in 5 years or more
184107334,way,last_update,4-10-2012,Feature has not been updated in 5 years or more
184107357,way,last_update,4-10-2012,Feature has not been updated in 5 years or more
184148219,way,last_update,4-10-2012,Feature has not been updated in 5 years or more
185742577,way,last_update,18-10-2019,Feature has not been updated in 5 years or more
185742578,way,last_update,14-10-2012,Feature has not been updated in 5 years or more
185742579,way,last_update,14-10-2012,Feature has not been updated in 5 years or more
185742580,way,last_update,14-10-2012,Feature has not been updated in 5 years or more
185742581,way,last_update,14-10-2012,Feature has not been updated in 5 years or more
185742582,way,last_update,14-10-2012,Feature has not been updated in 5 years or more
185742589,way,last_update,14-10-2012,Feature has not been updated in 5 years or more
185986370,way,last_update,15-10-2012,Feature has not been updated in 5 years or more
185986373,way,last_update,15-10-2012,Feature has not been updated in 5 years or more
185986376,way,last_update,15-10-2012,Feature has not been updated in 5 years or more
185986380,way,last_update,15-10-2012,Feature has not been updated in 5 years or more
185986385,way,last_update,15-10-2012,Feature has not been updated in 5 years or more
185986387,way,last_update,15-10-2012,Feature has not been updated in 5 years or more
185986389,way,last_update,15-10-2012,Feature has not been updated in 5 years or more
185986391,way,last_update,15-10-2012,Feature has not been updated in 5 years or more
185986418,way,last_update,15-10-2012,Feature has not been updated in 5 years or more
185986424,way,last_update,15-10-2012,Feature has not been updated in 5 years or more
185986426,way,last_update,15-10-2012,Feature has not been updated in 5 years or more
185986429,way,last_update,15-10-2012,Feature has not been updated in 5 years or more
185986432,way,last_update,15-10-2012,Feature has not been updated in 5 years or more
186087150,way,last_update,16-10-2012,Feature has not been updated in 5 years or more
186087151,way,last_update,16-10-2012,Feature has not been updated in 5 years or more
186087152,way,last_update,16-10-2012,Feature has not been updated in 5 years or more
186087153,way,last_update,16-10-2012,Feature has not been updated in 5 years or more
188458704,way,last_update,31-10-2012,Feature has not been updated in 5 years or more
188458706,way,last_update,31-10-2012,Feature has not been updated in 5 years or more
188464550,way,last_update,7-10-2019,Feature has not been updated in 5 years or more
189166604,way,last_update,5-11-2012,Feature has not been updated in 5 years or more
189166606,way,last_update,9-4-2020,Feature has not been updated in 5 years or more
189166608,way,last_update,5-11-2012,Feature has not been updated in 5 years or more
189166609,way,last_update,5-11-2012,Feature has not been updated in 5 years or more
189166610,way,last_update,5-11-2012,Feature has not been updated in 5 years or more
189166611,way,last_update,5-11-2012,Feature has not been updated in 5 years or more
189166614,way,last_update,5-11-2012,Feature has not been updated in 5 years or more
189166617,way,last_update,5-11-2012,Feature has not been updated in 5 years or more
189166618,way,last_update,5-11-2012,Feature has not been updated in 5 years or more
189166620,way,last_update,5-11-2012,Feature has not been updated in 5 years or more
189166621,way,last_update,5-11-2012,Feature has not been updated in 5 years or more
189166622,way,last_update,5-11-2012,Feature has not been updated in 5 years or more
189166625,way,last_update,5-11-2012,Feature has not been updated in 5 years or more
189166626,way,last_update,5-11-2012,Feature has not been updated in 5 years or more
189166627,way,last_update,5-11-2012,Feature has not been updated in 5 years or more
189166632,way,last_update,5-11-2012,Feature has not been updated in 5 years or more
189166633,way,last_update,5-11-2012,Feature has not been updated in 5 years or more
189166634,way,last_update,5-11-2012,Feature has not been updated in 5 years or more
189166635,way,last_update,5-11-2012,Feature has not been updated in 5 years or more
189166636,way,last_update,5-11-2012,Feature has not been updated in 5 years or more
189166648,way,last_update,5-11-2012,Feature has not been updated in 5 years or more
189166650,way,last_update,5-11-2012,Feature has not been updated in 5 years or more
189166656,way,last_update,5-11-2012,Feature has not been updated in 5 years or more
189166664,way,last_update,5-11-2012,Feature has not been updated in 5 years or more
189166676,way,last_update,5-11-2012,Feature has not been updated in 5 years or more
189166680,way,last_update,5-11-2012,Feature has not been updated in 5 years or more
189166683,way,last_update,5-11-2012,Feature has not been updated in 5 years or more
189166685,way,last_update,5-11-2012,Feature has not been updated in 5 years or more
189166698,way,last_update,5-11-2012,Feature has not been updated in 5 years or more
189166700,way,last_update,9-4-2020,Feature has not been updated in 5 years or more
189166702,way,last_update,5-11-2012,Feature has not been updated in 5 years or more
189166704,way,last_update,9-4-2020,Feature has not been updated in 5 years or more
189166707,way,last_update,5-11-2012,Feature has not been updated in 5 years or more
189166710,way,last_update,5-11-2012,Feature has not been updated in 5 years or more
189166712,way,last_update,5-11-2012,Feature has not been updated in 5 years or more
189473298,way,last_update,7-11-2012,Feature has not been updated in 5 years or more
189473300,way,last_update,7-11-2012,Feature has not been updated in 5 years or more
189476256,way,last_update,7-11-2012,Feature has not been updated in 5 years or more
189476259,way,last_update,7-11-2012,Feature has not been updated in 5 years or more
189476261,way,last_update,7-11-2012,Feature has not been updated in 5 years or more
189476263,way,last_update,7-11-2012,Feature has not been updated in 5 years or more
189476265,way,last_update,7-11-2012,Feature has not been updated in 5 years or more
189476266,way,last_update,7-11-2012,Feature has not been updated in 5 years or more
189476267,way,last_update,7-11-2012,Feature has not been updated in 5 years or more
189476271,way,last_update,7-11-2012,Feature has not been updated in 5 years or more
189476273,way,last_update,7-11-2012,Feature has not been updated in 5 years or more
189476275,way,last_update,1-4-2013,Feature has not been updated in 5 years or more
189476277,way,last_update,7-11-2012,Feature has not been updated in 5 years or more
189476279,way,last_update,7-11-2012,Feature has not been updated in 5 years or more
189477961,way,last_update,7-11-2012,Feature has not been updated in 5 years or more
189477963,way,last_update,7-11-2012,Feature has not been updated in 5 years or more
189477964,way,last_update,7-11-2012,Feature has not been updated in 5 years or more
189477965,way,last_update,26-5-2013,Feature has not been updated in 5 years or more
189477966,way,last_update,7-11-2012,Feature has not been updated in 5 years or more
189477967,way,last_update,7-11-2012,Feature has not been updated in 5 years or more
189477969,way,last_update,7-11-2012,Feature has not been updated in 5 years or more
189477970,way,last_update,7-11-2012,Feature has not been updated in 5 years or more
189477972,way,last_update,7-11-2012,Feature has not been updated in 5 years or more
189477973,way,last_update,7-11-2012,Feature has not been updated in 5 years or more
189477974,way,last_update,7-11-2012,Feature has not been updated in 5 years or more
189477976,way,last_update,7-11-2012,Feature has not been updated in 5 years or more
189477978,way,last_update,7-11-2012,Feature has not been updated in 5 years or more
189477979,way,last_update,7-11-2012,Feature has not been updated in 5 years or more
189477980,way,last_update,7-11-2012,Feature has not been updated in 5 years or more
189477981,way,last_update,7-11-2012,Feature has not been updated in 5 years or more
189477982,way,last_update,7-11-2012,Feature has not been updated in 5 years or more
189477992,way,last_update,7-11-2012,Feature has not been updated in 5 years or more
189477999,way,last_update,7-11-2012,Feature has not been updated in 5 years or more
189478001,way,last_update,7-11-2012,Feature has not been updated in 5 years or more
189478002,way,last_update,7-11-2012,Feature has not been updated in 5 years or more
189478003,way,last_update,7-11-2012,Feature has not been updated in 5 years or more
189478005,way,last_update,26-5-2013,Feature has not been updated in 5 years or more
189478006,way,last_update,7-11-2012,Feature has not been updated in 5 years or more
189478007,way,last_update,7-11-2012,Feature has not been updated in 5 years or more
189478008,way,last_update,7-11-2012,Feature has not been updated in 5 years or more
189478009,way,last_update,7-11-2012,Feature has not been updated in 5 years or more
189479192,way,last_update,7-11-2012,Feature has not been updated in 5 years or more
189479193,way,last_update,7-11-2012,Feature has not been updated in 5 years or more
189479195,way,last_update,7-11-2012,Feature has not been updated in 5 years or more
189479198,way,last_update,7-11-2012,Feature has not been updated in 5 years or more
190155766,way,last_update,7-2-2015,Feature has not been updated in 5 years or more
190155767,way,last_update,11-11-2012,Feature has not been updated in 5 years or more
190155771,way,last_update,11-11-2012,Feature has not been updated in 5 years or more
190155772,way,last_update,11-11-2012,Feature has not been updated in 5 years or more
190155774,way,last_update,11-11-2012,Feature has not been updated in 5 years or more
190155775,way,last_update,11-11-2012,Feature has not been updated in 5 years or more
190155778,way,last_update,11-11-2012,Feature has not been updated in 5 years or more
190155781,way,last_update,11-11-2012,Feature has not been updated in 5 years or more
190155782,way,last_update,11-11-2012,Feature has not been updated in 5 years or more
190155783,way,last_update,11-11-2012,Feature has not been updated in 5 years or more
190155785,way,last_update,11-11-2012,Feature has not been updated in 5 years or more
190155786,way,last_update,11-11-2012,Feature has not been updated in 5 years or more
190155787,way,last_update,11-11-2012,Feature has not been updated in 5 years or more
190155788,way,last_update,11-11-2012,Feature has not been updated in 5 years or more
190155789,way,last_update,11-11-2012,Feature has not been updated in 5 years or more
190155790,way,last_update,11-11-2012,Feature has not been updated in 5 years or more
190155811,way,last_update,11-11-2012,Feature has not been updated in 5 years or more
190155812,way,last_update,11-11-2012,Feature has not been updated in 5 years or more
190155813,way,last_update,21-7-2016,Feature has not been updated in 5 years or more
191667262,way,last_update,8-12-2012,Feature has not been updated in 5 years or more
191667263,way,last_update,20-11-2012,Feature has not been updated in 5 years or more
191667264,way,last_update,20-11-2012,Feature has not been updated in 5 years or more
191667265,way,last_update,20-11-2012,Feature has not been updated in 5 years or more
191667268,way,last_update,20-11-2012,Feature has not been updated in 5 years or more
191667269,way,last_update,20-11-2012,Feature has not been updated in 5 years or more
191667272,way,last_update,20-11-2012,Feature has not been updated in 5 years or more
191667280,way,last_update,20-11-2012,Feature has not been updated in 5 years or more
191667283,way,last_update,20-11-2012,Feature has not been updated in 5 years or more
191667284,way,last_update,20-11-2012,Feature has not been updated in 5 years or more
191672776,way,last_update,20-11-2012,Feature has not been updated in 5 years or more
191672777,way,last_update,17-3-2013,Feature has not been updated in 5 years or more
191861020,way,last_update,21-11-2012,Feature has not been updated in 5 years or more
191861022,way,last_update,21-11-2012,Feature has not been updated in 5 years or more
192031179,way,last_update,22-11-2012,Feature has not been updated in 5 years or more
192031181,way,last_update,17-7-2019,Feature has not been updated in 5 years or more
192031182,way,last_update,22-11-2012,Feature has not been updated in 5 years or more
192031183,way,last_update,22-11-2012,Feature has not been updated in 5 years or more
192031184,way,last_update,22-11-2012,Feature has not been updated in 5 years or more
192031185,way,last_update,17-7-2019,Feature has not been updated in 5 years or more
192031186,way,last_update,17-7-2019,Feature has not been updated in 5 years or more
192031187,way,last_update,22-11-2012,Feature has not been updated in 5 years or more
192031188,way,last_update,22-11-2012,Feature has not been updated in 5 years or more
192031189,way,last_update,17-7-2019,Feature has not been updated in 5 years or more
192031190,way,last_update,17-7-2019,Feature has not been updated in 5 years or more
192031191,way,last_update,22-11-2012,Feature has not been updated in 5 years or more
192031192,way,last_update,22-11-2012,Feature has not been updated in 5 years or more
192031193,way,last_update,22-11-2012,Feature has not been updated in 5 years or more
192031194,way,last_update,22-11-2012,Feature has not been updated in 5 years or more
192031195,way,last_update,22-11-2012,Feature has not been updated in 5 years or more
192031196,way,last_update,17-7-2019,Feature has not been updated in 5 years or more
192031197,way,last_update,22-11-2012,Feature has not been updated in 5 years or more
192031198,way,last_update,22-11-2012,Feature has not been updated in 5 years or more
192031199,way,last_update,22-11-2012,Feature has not been updated in 5 years or more
192031201,way,last_update,22-11-2012,Feature has not been updated in 5 years or more
192031202,way,last_update,17-7-2019,Feature has not been updated in 5 years or more
192031203,way,last_update,22-11-2012,Feature has not been updated in 5 years or more
192031207,way,last_update,17-7-2019,Feature has not been updated in 5 years or more
192031214,way,last_update,17-7-2019,Feature has not been updated in 5 years or more
192031217,way,last_update,17-7-2019,Feature has not been updated in 5 years or more
192031232,way,last_update,22-11-2012,Feature has not been updated in 5 years or more
192031233,way,last_update,22-11-2012,Feature has not been updated in 5 years or more
192031236,way,last_update,17-7-2019,Feature has not been updated in 5 years or more
192031237,way,last_update,22-11-2012,Feature has not been updated in 5 years or more
192031238,way,last_update,17-7-2019,Feature has not been updated in 5 years or more
192031240,way,last_update,17-7-2019,Feature has not been updated in 5 years or more
192031241,way,last_update,22-11-2012,Feature has not been updated in 5 years or more
192226618,way,last_update,23-11-2012,Feature has not been updated in 5 years or more
192226619,way,last_update,23-11-2012,Feature has not been updated in 5 years or more
192226620,way,last_update,23-11-2012,Feature has not been updated in 5 years or more
192226621,way,last_update,23-11-2012,Feature has not been updated in 5 years or more
192226622,way,last_update,23-11-2012,Feature has not been updated in 5 years or more
192226623,way,last_update,23-11-2012,Feature has not been updated in 5 years or more
192226624,way,last_update,23-11-2012,Feature has not been updated in 5 years or more
192226625,way,last_update,23-11-2012,Feature has not been updated in 5 years or more
192226626,way,last_update,23-11-2012,Feature has not been updated in 5 years or more
192227434,way,last_update,23-11-2012,Feature has not been updated in 5 years or more
192227438,way,last_update,23-11-2012,Feature has not been updated in 5 years or more
192227439,way,last_update,23-11-2012,Feature has not been updated in 5 years or more
192579887,way,last_update,25-11-2012,Feature has not been updated in 5 years or more
192579888,way,last_update,25-11-2012,Feature has not been updated in 5 years or more
192579890,way,last_update,25-11-2012,Feature has not been updated in 5 years or more
192579891,way,last_update,25-11-2012,Feature has not been updated in 5 years or more
192579893,way,last_update,25-11-2012,Feature has not been updated in 5 years or more
192579894,way,last_update,25-11-2012,Feature has not been updated in 5 years or more
192579895,way,last_update,14-10-2019,Feature has not been updated in 5 years or more
192579896,way,last_update,25-11-2012,Feature has not been updated in 5 years or more
192579897,way,last_update,25-11-2012,Feature has not been updated in 5 years or more
192579898,way,last_update,25-11-2012,Feature has not been updated in 5 years or more
192579899,way,last_update,25-11-2012,Feature has not been updated in 5 years or more
192579900,way,last_update,25-11-2012,Feature has not been updated in 5 years or more
192579901,way,last_update,25-11-2012,Feature has not been updated in 5 years or more
192579903,way,last_update,14-10-2019,Feature has not been updated in 5 years or more
192579904,way,last_update,25-11-2012,Feature has not been updated in 5 years or more
192579905,way,last_update,25-11-2012,Feature has not been updated in 5 years or more
192579906,way,last_update,25-11-2012,Feature has not been updated in 5 years or more
192579907,way,last_update,25-11-2012,Feature has not been updated in 5 years or more
192579908,way,last_update,25-11-2012,Feature has not been updated in 5 years or more
192579920,way,last_update,14-10-2019,Feature has not been updated in 5 years or more
192579939,way,last_update,25-11-2012,Feature has not been updated in 5 years or more
192579941,way,last_update,25-11-2012,Feature has not been updated in 5 years or more
192579942,way,last_update,25-11-2012,Feature has not been updated in 5 years or more
192579943,way,last_update,25-11-2012,Feature has not been updated in 5 years or more
192579945,way,last_update,25-11-2012,Feature has not been updated in 5 years or more
192579946,way,last_update,25-11-2012,Feature has not been updated in 5 years or more
192579947,way,last_update,25-11-2012,Feature has not been updated in 5 years or more
192579948,way,last_update,25-11-2012,Feature has not been updated in 5 years or more
192579949,way,last_update,25-11-2012,Feature has not been updated in 5 years or more
192579950,way,last_update,22-10-2018,Feature has not been updated in 5 years or more
192579951,way,last_update,25-11-2012,Feature has not been updated in 5 years or more
192579952,way,last_update,25-11-2012,Feature has not been updated in 5 years or more
192579953,way,last_update,25-11-2012,Feature has not been updated in 5 years or more
192579954,way,last_update,25-11-2012,Feature has not been updated in 5 years or more
192579955,way,last_update,25-11-2012,Feature has not been updated in 5 years or more
192579956,way,last_update,25-11-2012,Feature has not been updated in 5 years or more
192579957,way,last_update,14-10-2019,Feature has not been updated in 5 years or more
192579958,way,last_update,25-11-2012,Feature has not been updated in 5 years or more
192579959,way,last_update,25-11-2012,Feature has not been updated in 5 years or more
192581328,way,last_update,25-11-2012,Feature has not been updated in 5 years or more
192581333,way,last_update,14-10-2019,Feature has not been updated in 5 years or more
192581338,way,last_update,2-3-2013,Feature has not been updated in 5 years or more
192581339,way,last_update,22-1-2020,Feature has not been updated in 5 years or more
192581342,way,last_update,25-11-2012,Feature has not been updated in 5 years or more
195089122,way,last_update,8-12-2012,Feature has not been updated in 5 years or more
195089124,way,last_update,8-12-2012,Feature has not been updated in 5 years or more
195089125,way,last_update,8-12-2012,Feature has not been updated in 5 years or more
195089126,way,last_update,8-12-2012,Feature has not been updated in 5 years or more
195089127,way,last_update,8-12-2012,Feature has not been updated in 5 years or more
195089131,way,last_update,8-12-2012,Feature has not been updated in 5 years or more
196291838,way,last_update,14-12-2012,Feature has not been updated in 5 years or more
197773494,way,last_update,23-12-2012,Feature has not been updated in 5 years or more
197773498,way,last_update,23-12-2012,Feature has not been updated in 5 years or more
197773500,way,last_update,23-12-2012,Feature has not been updated in 5 years or more
197773516,way,last_update,23-12-2012,Feature has not been updated in 5 years or more
197773521,way,last_update,23-12-2012,Feature has not been updated in 5 years or more
197773530,way,last_update,23-12-2012,Feature has not been updated in 5 years or more
197773539,way,last_update,23-12-2012,Feature has not been updated in 5 years or more
197773542,way,last_update,23-12-2012,Feature has not been updated in 5 years or more
197775728,way,last_update,23-12-2012,Feature has not been updated in 5 years or more
199074911,way,last_update,1-1-2013,Feature has not been updated in 5 years or more
199074912,way,last_update,1-1-2013,Feature has not been updated in 5 years or more
199074913,way,last_update,1-1-2013,Feature has not been updated in 5 years or more
199074914,way,last_update,1-1-2013,Feature has not been updated in 5 years or more
199074915,way,last_update,1-1-2013,Feature has not been updated in 5 years or more
199074916,way,last_update,1-1-2013,Feature has not been updated in 5 years or more
199074917,way,last_update,1-1-2013,Feature has not been updated in 5 years or more
199074918,way,last_update,1-1-2013,Feature has not been updated in 5 years or more
199074919,way,last_update,1-1-2013,Feature has not been updated in 5 years or more
199074920,way,last_update,1-1-2013,Feature has not been updated in 5 years or more
199074921,way,last_update,1-1-2013,Feature has not been updated in 5 years or more
199074922,way,last_update,1-1-2013,Feature has not been updated in 5 years or more
199074923,way,last_update,1-1-2013,Feature has not been updated in 5 years or more
199074926,way,last_update,1-1-2013,Feature has not been updated in 5 years or more
199074927,way,last_update,1-1-2013,Feature has not been updated in 5 years or more
199074928,way,last_update,1-1-2013,Feature has not been updated in 5 years or more
199074929,way,last_update,1-1-2013,Feature has not been updated in 5 years or more
199074930,way,last_update,1-1-2013,Feature has not been updated in 5 years or more
199074931,way,last_update,1-1-2013,Feature has not been updated in 5 years or more
199074932,way,last_update,1-1-2013,Feature has not been updated in 5 years or more
199074933,way,last_update,1-1-2013,Feature has not been updated in 5 years or more
199074934,way,last_update,1-1-2013,Feature has not been updated in 5 years or more
199074936,way,last_update,1-1-2013,Feature has not been updated in 5 years or more
199074945,way,last_update,1-1-2013,Feature has not been updated in 5 years or more
199074953,way,last_update,1-1-2013,Feature has not been updated in 5 years or more
199074959,way,last_update,1-1-2013,Feature has not been updated in 5 years or more
199074965,way,last_update,22-10-2018,Feature has not been updated in 5 years or more
199074966,way,last_update,1-1-2013,Feature has not been updated in 5 years or more
199074967,way,last_update,1-1-2013,Feature has not been updated in 5 years or more
199074968,way,last_update,1-1-2013,Feature has not been updated in 5 years or more
199074970,way,last_update,19-11-2018,Feature has not been updated in 5 years or more
199080214,way,last_update,1-1-2013,Feature has not been updated in 5 years or more
199080215,way,last_update,1-1-2013,Feature has not been updated in 5 years or more
199080216,way,last_update,1-1-2013,Feature has not been updated in 5 years or more
199080217,way,last_update,1-1-2013,Feature has not been updated in 5 years or more
199080218,way,last_update,1-1-2013,Feature has not been updated in 5 years or more
199080219,way,last_update,1-1-2013,Feature has not been updated in 5 years or more
199080220,way,last_update,1-1-2013,Feature has not been updated in 5 years or more
199080221,way,last_update,1-1-2013,Feature has not been updated in 5 years or more
199080222,way,last_update,1-1-2013,Feature has not been updated in 5 years or more
199080228,way,last_update,1-1-2013,Feature has not been updated in 5 years or more
199080229,way,last_update,1-1-2013,Feature has not been updated in 5 years or more
199080232,way,last_update,1-1-2013,Feature has not been updated in 5 years or more
199080233,way,last_update,1-1-2013,Feature has not been updated in 5 years or more
199080234,way,last_update,1-1-2013,Feature has not been updated in 5 years or more
199137813,way,last_update,2-1-2013,Feature has not been updated in 5 years or more
199137814,way,last_update,2-1-2013,Feature has not been updated in 5 years or more
199137815,way,last_update,22-1-2020,Feature has not been updated in 5 years or more
199137816,way,last_update,22-1-2020,Feature has not been updated in 5 years or more
199137823,way,last_update,22-1-2020,Feature has not been updated in 5 years or more
199137828,way,last_update,2-1-2013,Feature has not been updated in 5 years or more
199138495,way,last_update,2-1-2013,Feature has not been updated in 5 years or more
200539095,way,last_update,11-1-2013,Feature has not been updated in 5 years or more
200539096,way,last_update,29-9-2014,Feature has not been updated in 5 years or more
200539102,way,last_update,11-1-2013,Feature has not been updated in 5 years or more
200539106,way,last_update,11-1-2013,Feature has not been updated in 5 years or more
200539107,way,last_update,11-1-2013,Feature has not been updated in 5 years or more
200539109,way,last_update,11-1-2013,Feature has not been updated in 5 years or more
200539122,way,last_update,11-1-2013,Feature has not been updated in 5 years or more
200539123,way,last_update,11-1-2013,Feature has not been updated in 5 years or more
200539124,way,last_update,11-1-2013,Feature has not been updated in 5 years or more
200539131,way,last_update,11-1-2013,Feature has not been updated in 5 years or more
200539133,way,last_update,11-1-2013,Feature has not been updated in 5 years or more
200539134,way,last_update,8-8-2021,Feature has not been updated in 5 years or more
200540811,way,last_update,11-1-2013,Feature has not been updated in 5 years or more
200540813,way,last_update,8-8-2021,Feature has not been updated in 5 years or more
200551552,way,last_update,11-1-2013,Feature has not been updated in 5 years or more
200551553,way,last_update,11-1-2013,Feature has not been updated in 5 years or more
200551554,way,last_update,11-1-2013,Feature has not been updated in 5 years or more
200551555,way,last_update,11-1-2013,Feature has not been updated in 5 years or more
200551556,way,last_update,11-1-2013,Feature has not been updated in 5 years or more
200551565,way,last_update,11-1-2013,Feature has not been updated in 5 years or more
200738233,way,last_update,12-1-2013,Feature has not been updated in 5 years or more
200738234,way,last_update,12-1-2013,Feature has not been updated in 5 years or more
200738235,way,last_update,12-1-2013,Feature has not been updated in 5 years or more
200738236,way,last_update,12-1-2013,Feature has not been updated in 5 years or more
200875391,way,last_update,13-1-2013,Feature has not been updated in 5 years or more
200875393,way,last_update,13-1-2013,Feature has not been updated in 5 years or more
200875394,way,last_update,13-1-2013,Feature has not been updated in 5 years or more
200875399,way,last_update,13-1-2013,Feature has not been updated in 5 years or more
200875405,way,last_update,22-10-2018,Feature has not been updated in 5 years or more
202058564,way,last_update,20-1-2013,Feature has not been updated in 5 years or more
203052704,way,last_update,27-1-2013,Feature has not been updated in 5 years or more
203052706,way,last_update,27-1-2013,Feature has not been updated in 5 years or more
203052710,way,last_update,27-1-2013,Feature has not been updated in 5 years or more
203052711,way,last_update,27-1-2013,Feature has not been updated in 5 years or more
203052712,way,last_update,27-1-2013,Feature has not been updated in 5 years or more
204802187,way,last_update,30-4-2019,Feature has not been updated in 5 years or more
204802189,way,last_update,30-4-2019,Feature has not been updated in 5 years or more
204802190,way,last_update,30-4-2019,Feature has not been updated in 5 years or more
204802192,way,last_update,30-4-2019,Feature has not been updated in 5 years or more
204802193,way,last_update,30-4-2019,Feature has not been updated in 5 years or more
204802195,way,last_update,9-2-2013,Feature has not been updated in 5 years or more
204802196,way,last_update,30-4-2019,Feature has not been updated in 5 years or more
204802197,way,last_update,9-2-2013,Feature has not been updated in 5 years or more
204802200,way,last_update,30-4-2019,Feature has not been updated in 5 years or more
204802207,way,last_update,9-2-2013,Feature has not been updated in 5 years or more
204802208,way,last_update,9-2-2013,Feature has not been updated in 5 years or more
204802209,way,last_update,9-2-2013,Feature has not been updated in 5 years or more
204802210,way,last_update,30-4-2019,Feature has not been updated in 5 years or more
204802211,way,last_update,9-2-2013,Feature has not been updated in 5 years or more
204802213,way,last_update,9-2-2013,Feature has not been updated in 5 years or more
204802215,way,last_update,9-2-2013,Feature has not been updated in 5 years or more
204802216,way,last_update,9-2-2013,Feature has not been updated in 5 years or more
204802217,way,last_update,9-2-2013,Feature has not been updated in 5 years or more
204802218,way,last_update,9-2-2013,Feature has not been updated in 5 years or more
204802220,way,last_update,9-2-2013,Feature has not been updated in 5 years or more
204802221,way,last_update,9-2-2013,Feature has not been updated in 5 years or more
204802222,way,last_update,9-2-2013,Feature has not been updated in 5 years or more
204802223,way,last_update,30-4-2019,Feature has not been updated in 5 years or more
204802224,way,last_update,9-2-2013,Feature has not been updated in 5 years or more
204802225,way,last_update,30-4-2019,Feature has not been updated in 5 years or more
204802227,way,last_update,9-2-2013,Feature has not been updated in 5 years or more
204802228,way,last_update,9-2-2013,Feature has not been updated in 5 years or more
204802229,way,last_update,9-2-2013,Feature has not been updated in 5 years or more
204802231,way,last_update,30-4-2019,Feature has not been updated in 5 years or more
204802232,way,last_update,9-2-2013,Feature has not been updated in 5 years or more
204802234,way,last_update,9-2-2013,Feature has not been updated in 5 years or more
204802235,way,last_update,9-2-2013,Feature has not been updated in 5 years or more
204802236,way,last_update,9-2-2013,Feature has not been updated in 5 years or more
204802237,way,last_update,9-2-2013,Feature has not been updated in 5 years or more
204802239,way,last_update,9-2-2013,Feature has not been updated in 5 years or more
204802240,way,last_update,9-2-2013,Feature has not been updated in 5 years or more
204802241,way,last_update,9-2-2013,Feature has not been updated in 5 years or more
204802242,way,last_update,9-2-2013,Feature has not been updated in 5 years or more
204802244,way,last_update,30-4-2019,Feature has not been updated in 5 years or more
204802245,way,last_update,9-2-2013,Feature has not been updated in 5 years or more
204802270,way,last_update,15-3-2013,Feature has not been updated in 5 years or more
204802282,way,last_update,9-2-2013,Feature has not been updated in 5 years or more
204802286,way,last_update,30-4-2019,Feature has not been updated in 5 years or more
204802287,way,last_update,9-2-2013,Feature has not been updated in 5 years or more
204802289,way,last_update,30-4-2019,Feature has not been updated in 5 years or more
204802291,way,last_update,9-2-2013,Feature has not been updated in 5 years or more
204802293,way,last_update,30-4-2019,Feature has not been updated in 5 years or more
204802297,way,last_update,15-3-2013,Feature has not been updated in 5 years or more
204802299,way,last_update,9-2-2013,Feature has not been updated in 5 years or more
204802304,way,last_update,30-4-2019,Feature has not been updated in 5 years or more
204802305,way,last_update,9-2-2013,Feature has not been updated in 5 years or more
204802306,way,last_update,30-4-2019,Feature has not been updated in 5 years or more
204802308,way,last_update,30-4-2019,Feature has not been updated in 5 years or more
204802309,way,last_update,30-4-2019,Feature has not been updated in 5 years or more
205724616,way,last_update,22-10-2018,Feature has not been updated in 5 years or more
206831442,way,last_update,23-2-2013,Feature has not been updated in 5 years or more
206831443,way,last_update,23-2-2013,Feature has not been updated in 5 years or more
206831446,way,last_update,23-2-2013,Feature has not been updated in 5 years or more
206831453,way,last_update,23-2-2013,Feature has not been updated in 5 years or more
206831454,way,last_update,23-2-2013,Feature has not been updated in 5 years or more
206831456,way,last_update,23-2-2013,Feature has not been updated in 5 years or more
206831457,way,last_update,23-2-2013,Feature has not been updated in 5 years or more
206831458,way,last_update,23-2-2013,Feature has not been updated in 5 years or more
206831459,way,last_update,23-2-2013,Feature has not been updated in 5 years or more
206834427,way,last_update,23-2-2013,Feature has not been updated in 5 years or more
206834428,way,last_update,23-2-2013,Feature has not been updated in 5 years or more
206834429,way,last_update,23-2-2013,Feature has not been updated in 5 years or more
206834430,way,last_update,23-2-2013,Feature has not been updated in 5 years or more
206834431,way,last_update,23-2-2013,Feature has not been updated in 5 years or more
206834432,way,last_update,23-2-2013,Feature has not been updated in 5 years or more
206834433,way,last_update,23-2-2013,Feature has not been updated in 5 years or more
206834434,way,last_update,23-2-2013,Feature has not been updated in 5 years or more
206834435,way,last_update,23-2-2013,Feature has not been updated in 5 years or more
206834436,way,last_update,23-2-2013,Feature has not been updated in 5 years or more
206834437,way,last_update,23-2-2013,Feature has not been updated in 5 years or more
206834438,way,last_update,23-2-2013,Feature has not been updated in 5 years or more
206834439,way,last_update,23-2-2013,Feature has not been updated in 5 years or more
206834440,way,last_update,23-2-2013,Feature has not been updated in 5 years or more
206834441,way,last_update,23-2-2013,Feature has not been updated in 5 years or more
206834442,way,last_update,23-2-2013,Feature has not been updated in 5 years or more
206834443,way,last_update,23-2-2013,Feature has not been updated in 5 years or more
206834457,way,last_update,16-2-2014,Feature has not been updated in 5 years or more
206834459,way,last_update,5-11-2018,Feature has not been updated in 5 years or more
206834460,way,last_update,5-11-2018,Feature has not been updated in 5 years or more
206834461,way,last_update,23-2-2013,Feature has not been updated in 5 years or more
206834462,way,last_update,31-10-2018,Feature has not been updated in 5 years or more
206834463,way,last_update,5-11-2018,Feature has not been updated in 5 years or more
206839821,way,last_update,28-10-2016,Feature has not been updated in 5 years or more
206839823,way,last_update,28-10-2016,Feature has not been updated in 5 years or more
206839825,way,last_update,28-10-2016,Feature has not been updated in 5 years or more
206839827,way,last_update,28-10-2016,Feature has not been updated in 5 years or more
206839829,way,last_update,28-10-2016,Feature has not been updated in 5 years or more
206839831,way,last_update,28-10-2016,Feature has not been updated in 5 years or more
206839832,way,last_update,28-10-2016,Feature has not been updated in 5 years or more
206839835,way,last_update,28-10-2016,Feature has not been updated in 5 years or more
206839836,way,last_update,28-10-2016,Feature has not been updated in 5 years or more
206839842,way,last_update,28-10-2016,Feature has not been updated in 5 years or more
206839843,way,last_update,28-10-2016,Feature has not been updated in 5 years or more
206839844,way,last_update,28-10-2016,Feature has not been updated in 5 years or more
206839853,way,last_update,28-10-2016,Feature has not been updated in 5 years or more
207899770,way,last_update,22-1-2020,Feature has not been updated in 5 years or more
207899771,way,last_update,2-3-2013,Feature has not been updated in 5 years or more
207899772,way,last_update,2-3-2013,Feature has not been updated in 5 years or more
207899773,way,last_update,22-1-2020,Feature has not been updated in 5 years or more
207899774,way,last_update,2-3-2013,Feature has not been updated in 5 years or more
207899775,way,last_update,2-3-2013,Feature has not been updated in 5 years or more
207899776,way,last_update,2-3-2013,Feature has not been updated in 5 years or more
207899777,way,last_update,2-3-2013,Feature has not been updated in 5 years or more
207899778,way,last_update,2-3-2013,Feature has not been updated in 5 years or more
207899779,way,last_update,2-3-2013,Feature has not been updated in 5 years or more
207899780,way,last_update,2-3-2013,Feature has not been updated in 5 years or more
207899781,way,last_update,2-3-2013,Feature has not been updated in 5 years or more
207899782,way,last_update,22-1-2020,Feature has not been updated in 5 years or more
207899784,way,last_update,2-3-2013,Feature has not been updated in 5 years or more
207899785,way,last_update,22-1-2020,Feature has not been updated in 5 years or more
207899786,way,last_update,2-3-2013,Feature has not been updated in 5 years or more
207899787,way,last_update,2-3-2013,Feature has not been updated in 5 years or more
207899789,way,last_update,22-1-2020,Feature has not been updated in 5 years or more
207899791,way,last_update,22-1-2020,Feature has not been updated in 5 years or more
207899792,way,last_update,22-1-2020,Feature has not been updated in 5 years or more
207899793,way,last_update,22-1-2020,Feature has not been updated in 5 years or more
207899794,way,last_update,22-1-2020,Feature has not been updated in 5 years or more
207899795,way,last_update,2-3-2013,Feature has not been updated in 5 years or more
207899796,way,last_update,2-3-2013,Feature has not been updated in 5 years or more
207899797,way,last_update,2-3-2013,Feature has not been updated in 5 years or more
207899798,way,last_update,2-3-2013,Feature has not been updated in 5 years or more
207899799,way,last_update,2-3-2013,Feature has not been updated in 5 years or more
207899800,way,last_update,2-3-2013,Feature has not been updated in 5 years or more
207899801,way,last_update,2-3-2013,Feature has not been updated in 5 years or more
207899802,way,last_update,2-3-2013,Feature has not been updated in 5 years or more
207899803,way,last_update,22-1-2020,Feature has not been updated in 5 years or more
207899804,way,last_update,2-3-2013,Feature has not been updated in 5 years or more
207899805,way,last_update,2-3-2013,Feature has not been updated in 5 years or more
207899806,way,last_update,2-3-2013,Feature has not been updated in 5 years or more
207899808,way,last_update,2-3-2013,Feature has not been updated in 5 years or more
207899809,way,last_update,22-1-2020,Feature has not been updated in 5 years or more
207899825,way,last_update,22-1-2020,Feature has not been updated in 5 years or more
207899837,way,last_update,2-3-2013,Feature has not been updated in 5 years or more
207899839,way,last_update,2-3-2013,Feature has not been updated in 5 years or more
207899849,way,last_update,2-3-2013,Feature has not been updated in 5 years or more
207899853,way,last_update,2-3-2013,Feature has not been updated in 5 years or more
207899860,way,last_update,2-3-2013,Feature has not been updated in 5 years or more
207899863,way,last_update,2-3-2013,Feature has not been updated in 5 years or more
207899865,way,last_update,2-3-2013,Feature has not been updated in 5 years or more
207899867,way,last_update,2-3-2013,Feature has not been updated in 5 years or more
207899869,way,last_update,2-3-2013,Feature has not been updated in 5 years or more
207899871,way,last_update,2-3-2013,Feature has not been updated in 5 years or more
207899873,way,last_update,2-3-2013,Feature has not been updated in 5 years or more
207899875,way,last_update,2-3-2013,Feature has not been updated in 5 years or more
207899877,way,last_update,22-1-2020,Feature has not been updated in 5 years or more
207899878,way,last_update,22-1-2020,Feature has not been updated in 5 years or more
207899879,way,last_update,3-9-2016,Feature has not been updated in 5 years or more
207899881,way,last_update,2-3-2013,Feature has not been updated in 5 years or more
207899882,way,last_update,22-1-2020,Feature has not been updated in 5 years or more
207899883,way,last_update,2-3-2013,Feature has not been updated in 5 years or more
207899885,way,last_update,2-3-2013,Feature has not been updated in 5 years or more
207899886,way,last_update,22-1-2020,Feature has not been updated in 5 years or more
207899887,way,last_update,2-3-2013,Feature has not been updated in 5 years or more
208001236,way,last_update,3-3-2013,Feature has not been updated in 5 years or more
208001237,way,last_update,3-3-2013,Feature has not been updated in 5 years or more
208001238,way,last_update,5-3-2013,Feature has not been updated in 5 years or more
208001239,way,last_update,26-8-2015,Feature has not been updated in 5 years or more
208001240,way,last_update,3-3-2013,Feature has not been updated in 5 years or more
208001248,way,last_update,5-3-2013,Feature has not been updated in 5 years or more
208001250,way,last_update,5-3-2013,Feature has not been updated in 5 years or more
208425379,way,last_update,5-3-2013,Feature has not been updated in 5 years or more
208425380,way,last_update,20-3-2017,Feature has not been updated in 5 years or more
208425433,way,last_update,5-3-2013,Feature has not been updated in 5 years or more
208428435,way,last_update,5-3-2013,Feature has not been updated in 5 years or more
208428436,way,last_update,5-3-2013,Feature has not been updated in 5 years or more
208428437,way,last_update,5-3-2013,Feature has not been updated in 5 years or more
208428438,way,last_update,5-3-2013,Feature has not been updated in 5 years or more
210228767,way,last_update,15-3-2013,Feature has not been updated in 5 years or more
210228768,way,last_update,15-3-2013,Feature has not been updated in 5 years or more
210228769,way,last_update,15-3-2013,Feature has not been updated in 5 years or more
210228770,way,last_update,15-3-2013,Feature has not been updated in 5 years or more
210228771,way,last_update,15-3-2013,Feature has not been updated in 5 years or more
210228772,way,last_update,15-3-2013,Feature has not been updated in 5 years or more
210228773,way,last_update,15-3-2013,Feature has not been updated in 5 years or more
210228774,way,last_update,15-3-2013,Feature has not been updated in 5 years or more
210228775,way,last_update,15-3-2013,Feature has not been updated in 5 years or more
210228783,way,last_update,15-3-2013,Feature has not been updated in 5 years or more
210228784,way,last_update,15-3-2013,Feature has not been updated in 5 years or more
210544421,way,last_update,17-3-2013,Feature has not been updated in 5 years or more
210544422,way,last_update,17-3-2013,Feature has not been updated in 5 years or more
210544423,way,last_update,17-3-2013,Feature has not been updated in 5 years or more
210544425,way,last_update,17-3-2013,Feature has not been updated in 5 years or more
210544426,way,last_update,17-3-2013,Feature has not been updated in 5 years or more
210544427,way,last_update,17-3-2013,Feature has not been updated in 5 years or more
210544436,way,last_update,4-12-2018,Feature has not been updated in 5 years or more
210544437,way,last_update,4-12-2018,Feature has not been updated in 5 years or more
210544843,way,last_update,4-12-2018,Feature has not been updated in 5 years or more
210544845,way,last_update,17-3-2013,Feature has not been updated in 5 years or more
210544846,way,last_update,17-3-2013,Feature has not been updated in 5 years or more
210544847,way,last_update,4-12-2018,Feature has not been updated in 5 years or more
210544848,way,last_update,17-3-2013,Feature has not been updated in 5 years or more
210544849,way,last_update,17-3-2013,Feature has not been updated in 5 years or more
210544850,way,last_update,17-3-2013,Feature has not been updated in 5 years or more
210544851,way,last_update,17-3-2013,Feature has not been updated in 5 years or more
210544852,way,last_update,17-3-2013,Feature has not been updated in 5 years or more
210544853,way,last_update,4-12-2018,Feature has not been updated in 5 years or more
210544854,way,last_update,17-3-2013,Feature has not been updated in 5 years or more
210544855,way,last_update,4-12-2018,Feature has not been updated in 5 years or more
210544856,way,last_update,4-12-2018,Feature has not been updated in 5 years or more
210544857,way,last_update,4-12-2018,Feature has not been updated in 5 years or more
210544858,way,last_update,17-3-2013,Feature has not been updated in 5 years or more
210544859,way,last_update,17-3-2013,Feature has not been updated in 5 years or more
210544860,way,last_update,4-12-2018,Feature has not been updated in 5 years or more
210544861,way,last_update,4-12-2018,Feature has not been updated in 5 years or more
210544862,way,last_update,4-12-2018,Feature has not been updated in 5 years or more
210544863,way,last_update,17-3-2013,Feature has not been updated in 5 years or more
210544864,way,last_update,17-3-2013,Feature has not been updated in 5 years or more
210544865,way,last_update,4-12-2018,Feature has not been updated in 5 years or more
210544886,way,last_update,4-12-2018,Feature has not been updated in 5 years or more
210544887,way,last_update,4-12-2018,Feature has not been updated in 5 years or more
210544895,way,last_update,4-12-2018,Feature has not been updated in 5 years or more
210544896,way,last_update,17-3-2013,Feature has not been updated in 5 years or more
210544897,way,last_update,17-3-2013,Feature has not been updated in 5 years or more
210544898,way,last_update,4-12-2018,Feature has not been updated in 5 years or more
210544899,way,last_update,4-12-2018,Feature has not been updated in 5 years or more
210544900,way,last_update,17-3-2013,Feature has not been updated in 5 years or more
210544901,way,last_update,17-3-2013,Feature has not been updated in 5 years or more
210544902,way,last_update,17-3-2013,Feature has not been updated in 5 years or more
210544903,way,last_update,4-12-2018,Feature has not been updated in 5 years or more
210544904,way,last_update,4-12-2018,Feature has not been updated in 5 years or more
210544905,way,last_update,4-12-2018,Feature has not been updated in 5 years or more
210544906,way,last_update,4-12-2018,Feature has not been updated in 5 years or more
210544907,way,last_update,4-12-2018,Feature has not been updated in 5 years or more
210544908,way,last_update,17-3-2013,Feature has not been updated in 5 years or more
211840240,way,last_update,17-7-2018,Feature has not been updated in 5 years or more
211840242,way,last_update,24-3-2013,Feature has not been updated in 5 years or more
211840249,way,last_update,24-3-2013,Feature has not been updated in 5 years or more
211840250,way,last_update,24-3-2013,Feature has not been updated in 5 years or more
211840251,way,last_update,24-3-2013,Feature has not been updated in 5 years or more
211840252,way,last_update,24-3-2013,Feature has not been updated in 5 years or more
211840253,way,last_update,24-3-2013,Feature has not been updated in 5 years or more
211840254,way,last_update,24-3-2013,Feature has not been updated in 5 years or more
211840256,way,last_update,24-3-2013,Feature has not been updated in 5 years or more
211840262,way,last_update,24-3-2013,Feature has not been updated in 5 years or more
211840264,way,last_update,24-3-2013,Feature has not been updated in 5 years or more
211840270,way,last_update,24-3-2013,Feature has not been updated in 5 years or more
211840275,way,last_update,24-3-2013,Feature has not been updated in 5 years or more
211840277,way,last_update,3-7-2013,Feature has not been updated in 5 years or more
211840291,way,last_update,24-3-2013,Feature has not been updated in 5 years or more
211840304,way,last_update,24-3-2013,Feature has not been updated in 5 years or more
211840305,way,last_update,24-3-2013,Feature has not been updated in 5 years or more
211840307,way,last_update,3-7-2013,Feature has not been updated in 5 years or more
211840309,way,last_update,24-3-2013,Feature has not been updated in 5 years or more
211840311,way,last_update,24-3-2013,Feature has not been updated in 5 years or more
211840319,way,last_update,24-3-2013,Feature has not been updated in 5 years or more
211840322,way,last_update,17-7-2018,Feature has not been updated in 5 years or more
211840323,way,last_update,17-7-2018,Feature has not been updated in 5 years or more
211840324,way,last_update,24-3-2013,Feature has not been updated in 5 years or more
211840329,way,last_update,24-3-2013,Feature has not been updated in 5 years or more
211840330,way,last_update,24-3-2013,Feature has not been updated in 5 years or more
211849383,way,last_update,3-7-2013,Feature has not been updated in 5 years or more
211849385,way,last_update,17-7-2018,Feature has not been updated in 5 years or more
211849386,way,last_update,17-7-2018,Feature has not been updated in 5 years or more
211849387,way,last_update,17-7-2018,Feature has not been updated in 5 years or more
211849388,way,last_update,17-7-2018,Feature has not been updated in 5 years or more
211849389,way,last_update,17-7-2018,Feature has not been updated in 5 years or more
211849391,way,last_update,17-7-2018,Feature has not been updated in 5 years or more
211849398,way,last_update,17-7-2018,Feature has not been updated in 5 years or more
211849399,way,last_update,17-7-2018,Feature has not been updated in 5 years or more
214600562,way,last_update,1-4-2013,Feature has not been updated in 5 years or more
214600566,way,last_update,1-4-2013,Feature has not been updated in 5 years or more
214600580,way,last_update,1-4-2013,Feature has not been updated in 5 years or more
214600584,way,last_update,1-4-2013,Feature has not been updated in 5 years or more
214600585,way,last_update,1-4-2013,Feature has not been updated in 5 years or more
214600588,way,last_update,1-4-2013,Feature has not been updated in 5 years or more
216033057,way,last_update,7-4-2013,Feature has not been updated in 5 years or more
216033060,way,last_update,7-4-2013,Feature has not been updated in 5 years or more
216033062,way,last_update,7-4-2013,Feature has not been updated in 5 years or more
216033067,way,last_update,7-4-2013,Feature has not been updated in 5 years or more
216033068,way,last_update,7-4-2013,Feature has not been updated in 5 years or more
216033072,way,last_update,7-4-2013,Feature has not been updated in 5 years or more
216033075,way,last_update,7-4-2013,Feature has not been updated in 5 years or more
216033076,way,last_update,7-4-2013,Feature has not been updated in 5 years or more
216033078,way,last_update,7-4-2013,Feature has not been updated in 5 years or more
216033079,way,last_update,7-4-2013,Feature has not been updated in 5 years or more
216033082,way,last_update,7-4-2013,Feature has not been updated in 5 years or more
216033083,way,last_update,7-4-2013,Feature has not been updated in 5 years or more
216033086,way,last_update,7-4-2013,Feature has not been updated in 5 years or more
216033088,way,last_update,7-4-2013,Feature has not been updated in 5 years or more
216033090,way,last_update,7-4-2013,Feature has not been updated in 5 years or more
216033092,way,last_update,7-4-2013,Feature has not been updated in 5 years or more
216033093,way,last_update,7-4-2013,Feature has not been updated in 5 years or more
216033096,way,last_update,7-4-2013,Feature has not been updated in 5 years or more
216033098,way,last_update,7-4-2013,Feature has not been updated in 5 years or more
216033101,way,last_update,7-4-2013,Feature has not been updated in 5 years or more
216033103,way,last_update,7-4-2013,Feature has not been updated in 5 years or more
216033105,way,last_update,7-4-2013,Feature has not been updated in 5 years or more
216033125,way,last_update,7-4-2013,Feature has not been updated in 5 years or more
216033133,way,last_update,7-4-2013,Feature has not been updated in 5 years or more
216033156,way,last_update,7-4-2013,Feature has not been updated in 5 years or more
216033161,way,last_update,7-4-2013,Feature has not been updated in 5 years or more
216033164,way,last_update,7-4-2013,Feature has not been updated in 5 years or more
216033168,way,last_update,7-4-2013,Feature has not been updated in 5 years or more
216033170,way,last_update,7-4-2013,Feature has not been updated in 5 years or more
216033174,way,last_update,7-4-2013,Feature has not been updated in 5 years or more
216033178,way,last_update,7-4-2013,Feature has not been updated in 5 years or more
216033183,way,last_update,13-4-2013,Feature has not been updated in 5 years or more
216033184,way,last_update,7-4-2013,Feature has not been updated in 5 years or more
216033188,way,last_update,5-3-2020,Feature has not been updated in 5 years or more
216033193,way,last_update,7-9-2015,Feature has not been updated in 5 years or more
216033197,way,last_update,21-8-2014,Feature has not been updated in 5 years or more
216033201,way,last_update,5-5-2013,Feature has not been updated in 5 years or more
217322431,way,last_update,13-4-2013,Feature has not been updated in 5 years or more
217322432,way,last_update,13-4-2013,Feature has not been updated in 5 years or more
217322434,way,last_update,13-4-2013,Feature has not been updated in 5 years or more
217322435,way,last_update,13-4-2013,Feature has not been updated in 5 years or more
217322436,way,last_update,13-4-2013,Feature has not been updated in 5 years or more
217322437,way,last_update,13-4-2013,Feature has not been updated in 5 years or more
217322438,way,last_update,13-4-2013,Feature has not been updated in 5 years or more
217322439,way,last_update,13-4-2013,Feature has not been updated in 5 years or more
217322440,way,last_update,13-4-2013,Feature has not been updated in 5 years or more
217322443,way,last_update,13-4-2013,Feature has not been updated in 5 years or more
217322444,way,last_update,13-4-2013,Feature has not been updated in 5 years or more
217322447,way,last_update,13-4-2013,Feature has not been updated in 5 years or more
217322451,way,last_update,13-4-2013,Feature has not been updated in 5 years or more
217322458,way,last_update,13-4-2013,Feature has not been updated in 5 years or more
217322459,way,last_update,13-4-2013,Feature has not been updated in 5 years or more
217322460,way,last_update,13-4-2013,Feature has not been updated in 5 years or more
219171792,way,last_update,21-11-2016,Feature has not been updated in 5 years or more
219171794,way,last_update,21-11-2016,Feature has not been updated in 5 years or more
219171795,way,last_update,21-11-2016,Feature has not been updated in 5 years or more
219171805,way,last_update,15-8-2019,Feature has not been updated in 5 years or more
219171806,way,last_update,22-11-2016,Feature has not been updated in 5 years or more
219171808,way,last_update,21-11-2016,Feature has not been updated in 5 years or more
219171833,way,last_update,2-9-2019,Feature has not been updated in 5 years or more
219171839,way,last_update,15-8-2019,Feature has not been updated in 5 years or more
219171844,way,last_update,7-8-2019,Feature has not been updated in 5 years or more
219478981,way,last_update,30-4-2013,Feature has not been updated in 5 years or more
219478982,way,last_update,30-4-2013,Feature has not been updated in 5 years or more
220723188,way,last_update,10-5-2013,Feature has not been updated in 5 years or more
220723189,way,last_update,10-5-2013,Feature has not been updated in 5 years or more
220723190,way,last_update,10-5-2013,Feature has not been updated in 5 years or more
220723191,way,last_update,10-5-2013,Feature has not been updated in 5 years or more
220723192,way,last_update,10-5-2013,Feature has not been updated in 5 years or more
220723193,way,last_update,10-5-2013,Feature has not been updated in 5 years or more
220990928,way,last_update,26-4-2020,Feature has not been updated in 5 years or more
220990929,way,last_update,12-5-2013,Feature has not been updated in 5 years or more
220990932,way,last_update,12-5-2013,Feature has not been updated in 5 years or more
220990933,way,last_update,12-5-2013,Feature has not been updated in 5 years or more
220990936,way,last_update,12-5-2013,Feature has not been updated in 5 years or more
220990937,way,last_update,12-5-2013,Feature has not been updated in 5 years or more
220990938,way,last_update,12-5-2013,Feature has not been updated in 5 years or more
220990939,way,last_update,12-5-2013,Feature has not been updated in 5 years or more
220990940,way,last_update,12-5-2013,Feature has not been updated in 5 years or more
220990941,way,last_update,12-5-2013,Feature has not been updated in 5 years or more
220990947,way,last_update,12-5-2013,Feature has not been updated in 5 years or more
220990951,way,last_update,29-2-2020,Feature has not been updated in 5 years or more
223089557,way,last_update,26-5-2013,Feature has not been updated in 5 years or more
223118879,way,last_update,26-5-2013,Feature has not been updated in 5 years or more
223118882,way,last_update,2-12-2018,Feature has not been updated in 5 years or more
224060422,way,last_update,2-6-2013,Feature has not been updated in 5 years or more
224060426,way,last_update,2-6-2013,Feature has not been updated in 5 years or more
224060427,way,last_update,2-6-2013,Feature has not been updated in 5 years or more
224061645,way,last_update,9-2-2021,Feature has not been updated in 5 years or more
224061646,way,last_update,2-6-2013,Feature has not been updated in 5 years or more
224061648,way,last_update,2-6-2013,Feature has not been updated in 5 years or more
224061649,way,last_update,2-6-2013,Feature has not been updated in 5 years or more
224061650,way,last_update,5-3-2020,Feature has not been updated in 5 years or more
224061651,way,last_update,2-6-2013,Feature has not been updated in 5 years or more
224061652,way,last_update,2-6-2013,Feature has not been updated in 5 years or more
224061655,way,last_update,2-6-2013,Feature has not been updated in 5 years or more
224061661,way,last_update,2-6-2013,Feature has not been updated in 5 years or more
224061668,way,last_update,30-3-2020,Feature has not been updated in 5 years or more
224061669,way,last_update,2-6-2013,Feature has not been updated in 5 years or more
224061670,way,last_update,2-6-2013,Feature has not been updated in 5 years or more
224061671,way,last_update,2-6-2013,Feature has not been updated in 5 years or more
224061672,way,last_update,16-5-2020,Feature has not been updated in 5 years or more
224061674,way,last_update,30-3-2020,Feature has not been updated in 5 years or more
224061675,way,last_update,2-6-2013,Feature has not been updated in 5 years or more
224061676,way,last_update,2-6-2013,Feature has not been updated in 5 years or more
224061677,way,last_update,30-4-2020,Feature has not been updated in 5 years or more
224827713,way,last_update,8-6-2013,Feature has not been updated in 5 years or more
224827715,way,last_update,8-6-2013,Feature has not been updated in 5 years or more
224945687,way,last_update,7-12-2018,Feature has not been updated in 5 years or more
224945688,way,last_update,7-12-2018,Feature has not been updated in 5 years or more
224945689,way,last_update,9-6-2013,Feature has not been updated in 5 years or more
224945691,way,last_update,9-6-2013,Feature has not been updated in 5 years or more
224945692,way,last_update,9-6-2013,Feature has not been updated in 5 years or more
224945693,way,last_update,9-6-2013,Feature has not been updated in 5 years or more
224945695,way,last_update,9-6-2013,Feature has not been updated in 5 years or more
224945706,way,last_update,9-6-2013,Feature has not been updated in 5 years or more
224945707,way,last_update,9-6-2013,Feature has not been updated in 5 years or more
224945712,way,last_update,9-6-2013,Feature has not been updated in 5 years or more
224945713,way,last_update,9-6-2013,Feature has not been updated in 5 years or more
224945722,way,last_update,9-6-2013,Feature has not been updated in 5 years or more
224945725,way,last_update,9-6-2013,Feature has not been updated in 5 years or more
224945727,way,last_update,9-6-2013,Feature has not been updated in 5 years or more
224945730,way,last_update,9-6-2013,Feature has not been updated in 5 years or more
224945743,way,last_update,9-6-2013,Feature has not been updated in 5 years or more
224945754,way,last_update,7-12-2018,Feature has not been updated in 5 years or more
224945764,way,last_update,9-6-2013,Feature has not been updated in 5 years or more
224945767,way,last_update,7-12-2018,Feature has not been updated in 5 years or more
224945770,way,last_update,7-12-2018,Feature has not been updated in 5 years or more
224945771,way,last_update,9-6-2013,Feature has not been updated in 5 years or more
224945772,way,last_update,7-12-2018,Feature has not been updated in 5 years or more
224945773,way,last_update,7-12-2018,Feature has not been updated in 5 years or more
224945774,way,last_update,7-12-2018,Feature has not been updated in 5 years or more
225935577,way,last_update,16-6-2013,Feature has not been updated in 5 years or more
228512894,way,last_update,3-7-2013,Feature has not been updated in 5 years or more
228512896,way,last_update,12-5-2019,Feature has not been updated in 5 years or more
228512898,way,last_update,3-7-2013,Feature has not been updated in 5 years or more
228512900,way,last_update,12-5-2019,Feature has not been updated in 5 years or more
228512902,way,last_update,17-7-2018,Feature has not been updated in 5 years or more
228512905,way,last_update,1-1-2014,Feature has not been updated in 5 years or more
228512907,way,last_update,3-7-2013,Feature has not been updated in 5 years or more
228512909,way,last_update,12-5-2019,Feature has not been updated in 5 years or more
228512913,way,last_update,3-7-2013,Feature has not been updated in 5 years or more
228512915,way,last_update,3-7-2013,Feature has not been updated in 5 years or more
228512925,way,last_update,3-7-2013,Feature has not been updated in 5 years or more
228512929,way,last_update,3-7-2013,Feature has not been updated in 5 years or more
228512931,way,last_update,3-7-2013,Feature has not been updated in 5 years or more
228512933,way,last_update,12-5-2019,Feature has not been updated in 5 years or more
228512936,way,last_update,3-7-2013,Feature has not been updated in 5 years or more
228512938,way,last_update,3-7-2013,Feature has not been updated in 5 years or more
228512940,way,last_update,3-7-2013,Feature has not been updated in 5 years or more
228512942,way,last_update,3-7-2013,Feature has not been updated in 5 years or more
228512943,way,last_update,3-7-2013,Feature has not been updated in 5 years or more
228512945,way,last_update,3-7-2013,Feature has not been updated in 5 years or more
228512947,way,last_update,3-7-2013,Feature has not been updated in 5 years or more
228512949,way,last_update,3-7-2013,Feature has not been updated in 5 years or more
228512950,way,last_update,3-7-2013,Feature has not been updated in 5 years or more
228512952,way,last_update,3-7-2013,Feature has not been updated in 5 years or more
228512954,way,last_update,3-7-2013,Feature has not been updated in 5 years or more
228512956,way,last_update,3-7-2013,Feature has not been updated in 5 years or more
228512957,way,last_update,3-7-2013,Feature has not been updated in 5 years or more
228512959,way,last_update,3-7-2013,Feature has not been updated in 5 years or more
228512961,way,last_update,12-5-2019,Feature has not been updated in 5 years or more
228512962,way,last_update,3-7-2013,Feature has not been updated in 5 years or more
228512964,way,last_update,3-7-2013,Feature has not been updated in 5 years or more
228512966,way,last_update,3-7-2013,Feature has not been updated in 5 years or more
228512970,way,last_update,12-5-2019,Feature has not been updated in 5 years or more
228512971,way,last_update,3-7-2013,Feature has not been updated in 5 years or more
228512973,way,last_update,3-7-2013,Feature has not been updated in 5 years or more
228512975,way,last_update,3-7-2013,Feature has not been updated in 5 years or more
228512979,way,last_update,3-7-2013,Feature has not been updated in 5 years or more
228512980,way,last_update,17-7-2018,Feature has not been updated in 5 years or more
228512982,way,last_update,3-7-2013,Feature has not been updated in 5 years or more
228512983,way,last_update,3-7-2013,Feature has not been updated in 5 years or more
228513023,way,last_update,3-7-2013,Feature has not been updated in 5 years or more
228513045,way,last_update,3-7-2013,Feature has not been updated in 5 years or more
228513047,way,last_update,3-7-2013,Feature has not been updated in 5 years or more
228513050,way,last_update,3-7-2013,Feature has not been updated in 5 years or more
228513061,way,last_update,3-7-2013,Feature has not been updated in 5 years or more
228513065,way,last_update,29-7-2018,Feature has not been updated in 5 years or more
228513067,way,last_update,3-7-2013,Feature has not been updated in 5 years or more
228513076,way,last_update,3-7-2013,Feature has not been updated in 5 years or more
228513080,way,last_update,3-7-2013,Feature has not been updated in 5 years or more
228513082,way,last_update,3-7-2013,Feature has not been updated in 5 years or more
228513083,way,last_update,3-7-2013,Feature has not been updated in 5 years or more
228513085,way,last_update,3-7-2013,Feature has not been updated in 5 years or more
228513087,way,last_update,10-5-2019,Feature has not been updated in 5 years or more
228513089,way,last_update,10-5-2019,Feature has not been updated in 5 years or more
228513091,way,last_update,3-7-2013,Feature has not been updated in 5 years or more
228513093,way,last_update,1-1-2014,Feature has not been updated in 5 years or more
228513102,way,last_update,3-7-2013,Feature has not been updated in 5 years or more
228513107,way,last_update,3-7-2013,Feature has not been updated in 5 years or more
230622554,way,last_update,21-7-2013,Feature has not been updated in 5 years or more
230622556,way,last_update,21-7-2013,Feature has not been updated in 5 years or more
230622558,way,last_update,21-7-2013,Feature has not been updated in 5 years or more
230622564,way,last_update,21-7-2013,Feature has not been updated in 5 years or more
233209075,way,last_update,24-8-2018,Feature has not been updated in 5 years or more
233209077,way,last_update,12-8-2013,Feature has not been updated in 5 years or more
233209078,way,last_update,12-8-2013,Feature has not been updated in 5 years or more
233209079,way,last_update,12-8-2013,Feature has not been updated in 5 years or more
233209080,way,last_update,12-8-2013,Feature has not been updated in 5 years or more
233209081,way,last_update,12-8-2013,Feature has not been updated in 5 years or more
233209082,way,last_update,12-8-2013,Feature has not been updated in 5 years or more
233209083,way,last_update,12-8-2013,Feature has not been updated in 5 years or more
233209084,way,last_update,12-8-2013,Feature has not been updated in 5 years or more
233209085,way,last_update,12-8-2013,Feature has not been updated in 5 years or more
233209087,way,last_update,12-8-2013,Feature has not been updated in 5 years or more
233209088,way,last_update,12-8-2013,Feature has not been updated in 5 years or more
233209105,way,last_update,12-8-2013,Feature has not been updated in 5 years or more
233209106,way,last_update,12-8-2013,Feature has not been updated in 5 years or more
233209107,way,last_update,12-8-2013,Feature has not been updated in 5 years or more
233209108,way,last_update,12-8-2013,Feature has not been updated in 5 years or more
233209109,way,last_update,12-8-2013,Feature has not been updated in 5 years or more
233209111,way,last_update,12-8-2013,Feature has not been updated in 5 years or more
233473819,way,last_update,14-8-2013,Feature has not been updated in 5 years or more
233473820,way,last_update,14-8-2013,Feature has not been updated in 5 years or more
238454474,way,last_update,26-2-2017,Feature has not been updated in 5 years or more
238454475,way,last_update,18-9-2013,Feature has not been updated in 5 years or more
238454476,way,last_update,18-9-2013,Feature has not been updated in 5 years or more
238454477,way,last_update,18-9-2013,Feature has not been updated in 5 years or more
238454478,way,last_update,18-9-2013,Feature has not been updated in 5 years or more
238454482,way,last_update,18-9-2013,Feature has not been updated in 5 years or more
238454483,way,last_update,18-9-2013,Feature has not been updated in 5 years or more
238454484,way,last_update,18-9-2013,Feature has not been updated in 5 years or more
238454485,way,last_update,18-9-2013,Feature has not been updated in 5 years or more
238454486,way,last_update,18-9-2013,Feature has not been updated in 5 years or more
238454487,way,last_update,18-9-2013,Feature has not been updated in 5 years or more
238454488,way,last_update,18-9-2013,Feature has not been updated in 5 years or more
238454489,way,last_update,26-2-2017,Feature has not been updated in 5 years or more
238454490,way,last_update,18-9-2013,Feature has not been updated in 5 years or more
238454491,way,last_update,26-2-2017,Feature has not been updated in 5 years or more
238454503,way,last_update,18-9-2013,Feature has not been updated in 5 years or more
238454505,way,last_update,26-2-2017,Feature has not been updated in 5 years or more
238454508,way,last_update,18-9-2013,Feature has not been updated in 5 years or more
238454510,way,last_update,26-2-2017,Feature has not been updated in 5 years or more
238454511,way,last_update,26-2-2017,Feature has not been updated in 5 years or more
238454512,way,last_update,18-9-2013,Feature has not been updated in 5 years or more
238454514,way,last_update,18-9-2013,Feature has not been updated in 5 years or more
238962815,way,last_update,22-9-2013,Feature has not been updated in 5 years or more
238962816,way,last_update,22-9-2013,Feature has not been updated in 5 years or more
238962817,way,last_update,22-9-2013,Feature has not been updated in 5 years or more
238962818,way,last_update,22-9-2013,Feature has not been updated in 5 years or more
238962819,way,last_update,22-9-2013,Feature has not been updated in 5 years or more
238962820,way,last_update,22-9-2013,Feature has not been updated in 5 years or more
238962822,way,last_update,22-9-2013,Feature has not been updated in 5 years or more
238962823,way,last_update,22-9-2013,Feature has not been updated in 5 years or more
238962825,way,last_update,22-9-2013,Feature has not been updated in 5 years or more
238962827,way,last_update,22-9-2013,Feature has not been updated in 5 years or more
238962828,way,last_update,22-9-2013,Feature has not been updated in 5 years or more
238962829,way,last_update,22-9-2013,Feature has not been updated in 5 years or more
238962830,way,last_update,22-9-2013,Feature has not been updated in 5 years or more
238962833,way,last_update,22-9-2013,Feature has not been updated in 5 years or more
238962856,way,last_update,22-9-2013,Feature has not been updated in 5 years or more
238962862,way,last_update,22-9-2013,Feature has not been updated in 5 years or more
238962864,way,last_update,22-9-2013,Feature has not been updated in 5 years or more
238962866,way,last_update,22-9-2013,Feature has not been updated in 5 years or more
238962870,way,last_update,22-9-2013,Feature has not been updated in 5 years or more
238962872,way,last_update,22-9-2013,Feature has not been updated in 5 years or more
238962875,way,last_update,22-9-2013,Feature has not been updated in 5 years or more
239832039,way,last_update,29-9-2013,Feature has not been updated in 5 years or more
239832040,way,last_update,29-9-2013,Feature has not been updated in 5 years or more
239832041,way,last_update,29-9-2013,Feature has not been updated in 5 years or more
239832042,way,last_update,8-8-2018,Feature has not been updated in 5 years or more
239832043,way,last_update,2-11-2018,Feature has not been updated in 5 years or more
239832050,way,last_update,29-9-2013,Feature has not been updated in 5 years or more
239832053,way,last_update,2-11-2018,Feature has not been updated in 5 years or more
241887343,way,last_update,13-10-2013,Feature has not been updated in 5 years or more
241887345,way,last_update,13-10-2013,Feature has not been updated in 5 years or more
241887346,way,last_update,13-10-2013,Feature has not been updated in 5 years or more
241887349,way,last_update,13-10-2013,Feature has not been updated in 5 years or more
241887350,way,last_update,13-10-2013,Feature has not been updated in 5 years or more
241887352,way,last_update,13-10-2013,Feature has not been updated in 5 years or more
241887356,way,last_update,13-10-2013,Feature has not been updated in 5 years or more
241887357,way,last_update,13-10-2013,Feature has not been updated in 5 years or more
241887359,way,last_update,13-10-2013,Feature has not been updated in 5 years or more
241887361,way,last_update,13-10-2013,Feature has not been updated in 5 years or more
241887362,way,last_update,13-10-2013,Feature has not been updated in 5 years or more
241887364,way,last_update,13-10-2013,Feature has not been updated in 5 years or more
241887366,way,last_update,13-10-2013,Feature has not been updated in 5 years or more
241887367,way,last_update,3-12-2018,Feature has not been updated in 5 years or more
241887368,way,last_update,13-10-2013,Feature has not been updated in 5 years or more
241887382,way,last_update,13-10-2013,Feature has not been updated in 5 years or more
241887383,way,last_update,13-10-2013,Feature has not been updated in 5 years or more
241887384,way,last_update,13-10-2013,Feature has not been updated in 5 years or more
241887386,way,last_update,13-10-2013,Feature has not been updated in 5 years or more
241887389,way,last_update,13-10-2013,Feature has not been updated in 5 years or more
241887391,way,last_update,13-10-2013,Feature has not been updated in 5 years or more
241887395,way,last_update,13-10-2013,Feature has not been updated in 5 years or more
242216869,way,last_update,5-12-2018,Feature has not been updated in 5 years or more
242216873,way,last_update,5-12-2018,Feature has not been updated in 5 years or more
247207913,way,last_update,20-11-2013,Feature has not been updated in 5 years or more
249344711,way,last_update,1-12-2013,Feature has not been updated in 5 years or more
249344712,way,last_update,1-12-2013,Feature has not been updated in 5 years or more
249344714,way,last_update,1-12-2013,Feature has not been updated in 5 years or more
249344717,way,last_update,1-12-2013,Feature has not been updated in 5 years or more
249344722,way,last_update,1-12-2013,Feature has not been updated in 5 years or more
249344723,way,last_update,1-12-2013,Feature has not been updated in 5 years or more
249344724,way,last_update,1-12-2013,Feature has not been updated in 5 years or more
250734018,way,last_update,28-11-2016,Feature has not been updated in 5 years or more
250734024,way,last_update,8-12-2013,Feature has not been updated in 5 years or more
250734578,way,last_update,5-11-2018,Feature has not been updated in 5 years or more
254604193,way,last_update,10-5-2019,Feature has not been updated in 5 years or more
254604194,way,last_update,1-1-2014,Feature has not been updated in 5 years or more
254604195,way,last_update,1-1-2014,Feature has not been updated in 5 years or more
254604196,way,last_update,1-1-2014,Feature has not been updated in 5 years or more
254604197,way,last_update,1-1-2014,Feature has not been updated in 5 years or more
254604198,way,last_update,1-1-2014,Feature has not been updated in 5 years or more
254604205,way,last_update,1-1-2014,Feature has not been updated in 5 years or more
255360384,way,last_update,1-2-2020,Feature has not been updated in 5 years or more
255360388,way,last_update,30-12-2016,Feature has not been updated in 5 years or more
255360391,way,last_update,30-12-2016,Feature has not been updated in 5 years or more
255360393,way,last_update,30-12-2016,Feature has not been updated in 5 years or more
255360394,way,last_update,30-12-2016,Feature has not been updated in 5 years or more
257048875,way,last_update,19-2-2020,Feature has not been updated in 5 years or more
257048876,way,last_update,19-2-2020,Feature has not been updated in 5 years or more
257048877,way,last_update,13-2-2020,Feature has not been updated in 5 years or more
257048878,way,last_update,18-1-2014,Feature has not been updated in 5 years or more
257048883,way,last_update,13-2-2020,Feature has not been updated in 5 years or more
258277948,way,last_update,25-1-2014,Feature has not been updated in 5 years or more
258277951,way,last_update,25-1-2014,Feature has not been updated in 5 years or more
258277954,way,last_update,25-1-2014,Feature has not been updated in 5 years or more
258277955,way,last_update,25-1-2014,Feature has not been updated in 5 years or more
258277958,way,last_update,25-1-2014,Feature has not been updated in 5 years or more
258277960,way,last_update,25-1-2014,Feature has not been updated in 5 years or more
258277963,way,last_update,25-1-2014,Feature has not been updated in 5 years or more
258277965,way,last_update,25-1-2014,Feature has not been updated in 5 years or more
258277966,way,last_update,25-1-2014,Feature has not been updated in 5 years or more
258277967,way,last_update,25-1-2014,Feature has not been updated in 5 years or more
258277969,way,last_update,25-1-2014,Feature has not been updated in 5 years or more
258277970,way,last_update,25-1-2014,Feature has not been updated in 5 years or more
258277973,way,last_update,25-1-2014,Feature has not been updated in 5 years or more
258277975,way,last_update,25-1-2014,Feature has not been updated in 5 years or more
258277977,way,last_update,25-1-2014,Feature has not been updated in 5 years or more
258277980,way,last_update,25-1-2014,Feature has not been updated in 5 years or more
258277983,way,last_update,25-1-2014,Feature has not been updated in 5 years or more
258277985,way,last_update,2-2-2014,Feature has not been updated in 5 years or more
258278030,way,last_update,30-4-2020,Feature has not been updated in 5 years or more
258450237,way,last_update,26-1-2014,Feature has not been updated in 5 years or more
258450240,way,last_update,26-1-2014,Feature has not been updated in 5 years or more
258450252,way,last_update,26-1-2014,Feature has not been updated in 5 years or more
258450255,way,last_update,26-1-2014,Feature has not been updated in 5 years or more
258452738,way,last_update,10-5-2020,Feature has not been updated in 5 years or more
258452739,way,last_update,4-10-2018,Feature has not been updated in 5 years or more
258452740,way,last_update,26-1-2014,Feature has not been updated in 5 years or more
258452742,way,last_update,26-1-2014,Feature has not been updated in 5 years or more
258452743,way,last_update,6-3-2018,Feature has not been updated in 5 years or more
258452746,way,last_update,26-1-2014,Feature has not been updated in 5 years or more
258452749,way,last_update,4-10-2018,Feature has not been updated in 5 years or more
258452750,way,last_update,26-1-2014,Feature has not been updated in 5 years or more
258452751,way,last_update,4-10-2018,Feature has not been updated in 5 years or more
258452752,way,last_update,26-1-2014,Feature has not been updated in 5 years or more
258452753,way,last_update,26-1-2014,Feature has not been updated in 5 years or more
258452756,way,last_update,26-1-2014,Feature has not been updated in 5 years or more
258452757,way,last_update,4-10-2018,Feature has not been updated in 5 years or more
258452758,way,last_update,26-1-2014,Feature has not been updated in 5 years or more
258452759,way,last_update,4-10-2018,Feature has not been updated in 5 years or more
258452760,way,last_update,4-10-2018,Feature has not been updated in 5 years or more
258452761,way,last_update,4-10-2018,Feature has not been updated in 5 years or more
258452762,way,last_update,26-1-2014,Feature has not been updated in 5 years or more
258452763,way,last_update,26-1-2014,Feature has not been updated in 5 years or more
258452766,way,last_update,26-1-2014,Feature has not been updated in 5 years or more
258452772,way,last_update,26-1-2014,Feature has not been updated in 5 years or more
258452776,way,last_update,11-5-2020,Feature has not been updated in 5 years or more
258452789,way,last_update,4-10-2018,Feature has not been updated in 5 years or more
258452790,way,last_update,26-1-2014,Feature has not been updated in 5 years or more
258452792,way,last_update,13-2-2020,Feature has not been updated in 5 years or more
258452793,way,last_update,13-2-2020,Feature has not been updated in 5 years or more
258452794,way,last_update,10-5-2020,Feature has not been updated in 5 years or more
259494218,way,last_update,2-2-2014,Feature has not been updated in 5 years or more
259494219,way,last_update,2-2-2014,Feature has not been updated in 5 years or more
259494220,way,last_update,2-2-2014,Feature has not been updated in 5 years or more
259494221,way,last_update,2-2-2014,Feature has not been updated in 5 years or more
259494222,way,last_update,2-2-2014,Feature has not been updated in 5 years or more
259494223,way,last_update,2-2-2014,Feature has not been updated in 5 years or more
259494224,way,last_update,2-2-2014,Feature has not been updated in 5 years or more
259494225,way,last_update,2-2-2014,Feature has not been updated in 5 years or more
259494226,way,last_update,2-2-2014,Feature has not been updated in 5 years or more
259494227,way,last_update,2-2-2014,Feature has not been updated in 5 years or more
259494233,way,last_update,2-2-2014,Feature has not been updated in 5 years or more
259494237,way,last_update,2-2-2014,Feature has not been updated in 5 years or more
259494238,way,last_update,2-2-2014,Feature has not been updated in 5 years or more
259494239,way,last_update,2-2-2014,Feature has not been updated in 5 years or more
259494241,way,last_update,17-5-2020,Feature has not been updated in 5 years or more
261712789,way,last_update,31-10-2018,Feature has not been updated in 5 years or more
261712790,way,last_update,15-2-2014,Feature has not been updated in 5 years or more
261712792,way,last_update,15-2-2014,Feature has not been updated in 5 years or more
261712793,way,last_update,31-10-2018,Feature has not been updated in 5 years or more
261712794,way,last_update,31-10-2018,Feature has not been updated in 5 years or more
261712800,way,last_update,5-11-2018,Feature has not been updated in 5 years or more
261806196,way,last_update,4-12-2018,Feature has not been updated in 5 years or more
261806197,way,last_update,16-2-2014,Feature has not been updated in 5 years or more
261812490,way,last_update,31-10-2018,Feature has not been updated in 5 years or more
261812492,way,last_update,16-2-2014,Feature has not been updated in 5 years or more
261812494,way,last_update,16-2-2014,Feature has not been updated in 5 years or more
261812496,way,last_update,16-2-2014,Feature has not been updated in 5 years or more
261812497,way,last_update,16-2-2014,Feature has not been updated in 5 years or more
261812498,way,last_update,16-2-2014,Feature has not been updated in 5 years or more
261812499,way,last_update,16-2-2014,Feature has not been updated in 5 years or more
261812500,way,last_update,31-10-2018,Feature has not been updated in 5 years or more
261812501,way,last_update,16-2-2014,Feature has not been updated in 5 years or more
261812502,way,last_update,31-10-2018,Feature has not been updated in 5 years or more
261812504,way,last_update,16-2-2014,Feature has not been updated in 5 years or more
261812505,way,last_update,16-2-2014,Feature has not been updated in 5 years or more
261812506,way,last_update,16-2-2014,Feature has not been updated in 5 years or more
261812507,way,last_update,16-2-2014,Feature has not been updated in 5 years or more
261812508,way,last_update,16-2-2014,Feature has not been updated in 5 years or more
261812509,way,last_update,16-2-2014,Feature has not been updated in 5 years or more
261812510,way,last_update,16-2-2014,Feature has not been updated in 5 years or more
261812511,way,last_update,16-2-2014,Feature has not been updated in 5 years or more
261812514,way,last_update,16-2-2014,Feature has not been updated in 5 years or more
261812515,way,last_update,31-10-2018,Feature has not been updated in 5 years or more
261812516,way,last_update,16-2-2014,Feature has not been updated in 5 years or more
261812518,way,last_update,31-10-2018,Feature has not been updated in 5 years or more
261812519,way,last_update,16-2-2014,Feature has not been updated in 5 years or more
261812528,way,last_update,16-2-2014,Feature has not been updated in 5 years or more
261812534,way,last_update,16-2-2014,Feature has not been updated in 5 years or more
261812536,way,last_update,16-2-2014,Feature has not been updated in 5 years or more
261812539,way,last_update,16-2-2014,Feature has not been updated in 5 years or more
261812543,way,last_update,16-2-2014,Feature has not been updated in 5 years or more
261812547,way,last_update,16-2-2014,Feature has not been updated in 5 years or more
261812548,way,last_update,16-2-2014,Feature has not been updated in 5 years or more
261812549,way,last_update,31-10-2018,Feature has not been updated in 5 years or more
261812551,way,last_update,16-2-2014,Feature has not been updated in 5 years or more
261812552,way,last_update,28-6-2015,Feature has not been updated in 5 years or more
261812553,way,last_update,31-10-2018,Feature has not been updated in 5 years or more
261812554,way,last_update,31-10-2018,Feature has not been updated in 5 years or more
261812555,way,last_update,5-11-2018,Feature has not been updated in 5 years or more
261812556,way,last_update,31-10-2018,Feature has not been updated in 5 years or more
262835296,way,last_update,19-5-2019,Feature has not been updated in 5 years or more
262835297,way,last_update,22-2-2014,Feature has not been updated in 5 years or more
262835298,way,last_update,22-2-2014,Feature has not been updated in 5 years or more
262835299,way,last_update,22-2-2014,Feature has not been updated in 5 years or more
262835300,way,last_update,22-2-2014,Feature has not been updated in 5 years or more
262835301,way,last_update,22-2-2014,Feature has not been updated in 5 years or more
262835302,way,last_update,19-5-2019,Feature has not been updated in 5 years or more
262835305,way,last_update,22-2-2014,Feature has not been updated in 5 years or more
262835306,way,last_update,22-2-2014,Feature has not been updated in 5 years or more
262835308,way,last_update,22-2-2014,Feature has not been updated in 5 years or more
262835309,way,last_update,22-2-2014,Feature has not been updated in 5 years or more
262835311,way,last_update,22-2-2014,Feature has not been updated in 5 years or more
262835312,way,last_update,22-2-2014,Feature has not been updated in 5 years or more
262835313,way,last_update,22-2-2014,Feature has not been updated in 5 years or more
262835314,way,last_update,22-2-2014,Feature has not been updated in 5 years or more
262835315,way,last_update,22-2-2014,Feature has not been updated in 5 years or more
262835317,way,last_update,22-2-2014,Feature has not been updated in 5 years or more
262835318,way,last_update,22-2-2014,Feature has not been updated in 5 years or more
262835319,way,last_update,22-2-2014,Feature has not been updated in 5 years or more
262835320,way,last_update,22-2-2014,Feature has not been updated in 5 years or more
262835321,way,last_update,22-2-2014,Feature has not been updated in 5 years or more
262835322,way,last_update,22-2-2014,Feature has not been updated in 5 years or more
262835323,way,last_update,22-2-2014,Feature has not been updated in 5 years or more
262835324,way,last_update,22-2-2014,Feature has not been updated in 5 years or more
262835325,way,last_update,22-2-2014,Feature has not been updated in 5 years or more
262835326,way,last_update,22-2-2014,Feature has not been updated in 5 years or more
262835327,way,last_update,22-2-2014,Feature has not been updated in 5 years or more
262835328,way,last_update,22-2-2014,Feature has not been updated in 5 years or more
262835329,way,last_update,22-2-2014,Feature has not been updated in 5 years or more
262835330,way,last_update,22-2-2014,Feature has not been updated in 5 years or more
262835331,way,last_update,22-2-2014,Feature has not been updated in 5 years or more
262835334,way,last_update,22-2-2014,Feature has not been updated in 5 years or more
262835335,way,last_update,22-2-2014,Feature has not been updated in 5 years or more
262835337,way,last_update,22-2-2014,Feature has not been updated in 5 years or more
262835339,way,last_update,22-2-2014,Feature has not been updated in 5 years or more
262835340,way,last_update,22-2-2014,Feature has not been updated in 5 years or more
262835341,way,last_update,15-7-2018,Feature has not been updated in 5 years or more
262835344,way,last_update,22-2-2014,Feature has not been updated in 5 years or more
262835394,way,last_update,18-5-2019,Feature has not been updated in 5 years or more
262835399,way,last_update,22-2-2014,Feature has not been updated in 5 years or more
262835403,way,last_update,22-2-2014,Feature has not been updated in 5 years or more
262835406,way,last_update,22-2-2014,Feature has not been updated in 5 years or more
262835411,way,last_update,19-5-2019,Feature has not been updated in 5 years or more
262836677,way,last_update,22-2-2014,Feature has not been updated in 5 years or more
262836678,way,last_update,22-2-2014,Feature has not been updated in 5 years or more
262836679,way,last_update,22-2-2014,Feature has not been updated in 5 years or more
262836680,way,last_update,22-2-2014,Feature has not been updated in 5 years or more
262836681,way,last_update,22-2-2014,Feature has not been updated in 5 years or more
262836682,way,last_update,22-2-2014,Feature has not been updated in 5 years or more
262977512,way,last_update,3-3-2017,Feature has not been updated in 5 years or more
262977514,way,last_update,23-2-2014,Feature has not been updated in 5 years or more
262977515,way,last_update,23-2-2014,Feature has not been updated in 5 years or more
262977516,way,last_update,23-2-2014,Feature has not been updated in 5 years or more
262977517,way,last_update,23-2-2014,Feature has not been updated in 5 years or more
262977518,way,last_update,23-2-2014,Feature has not been updated in 5 years or more
262977520,way,last_update,23-2-2014,Feature has not been updated in 5 years or more
262977521,way,last_update,23-2-2014,Feature has not been updated in 5 years or more
262977523,way,last_update,23-2-2014,Feature has not been updated in 5 years or more
262977524,way,last_update,23-2-2014,Feature has not been updated in 5 years or more
262977532,way,last_update,23-2-2014,Feature has not been updated in 5 years or more
264052549,way,last_update,2-3-2014,Feature has not been updated in 5 years or more
264052550,way,last_update,7-11-2018,Feature has not been updated in 5 years or more
264052553,way,last_update,2-3-2014,Feature has not been updated in 5 years or more
264052555,way,last_update,2-3-2014,Feature has not been updated in 5 years or more
264052560,way,last_update,7-11-2018,Feature has not been updated in 5 years or more
264052569,way,last_update,7-11-2018,Feature has not been updated in 5 years or more
296878469,way,last_update,9-8-2014,Feature has not been updated in 5 years or more
296878472,way,last_update,13-4-2021,Feature has not been updated in 5 years or more
296878476,way,last_update,9-8-2014,Feature has not been updated in 5 years or more
299255338,way,last_update,21-8-2014,Feature has not been updated in 5 years or more
299255344,way,last_update,21-8-2014,Feature has not been updated in 5 years or more
299255349,way,last_update,21-8-2014,Feature has not been updated in 5 years or more
299255350,way,last_update,21-8-2014,Feature has not been updated in 5 years or more
299255353,way,last_update,21-8-2014,Feature has not been updated in 5 years or more
299255368,way,last_update,21-8-2014,Feature has not been updated in 5 years or more
299255375,way,last_update,11-2-2020,Feature has not been updated in 5 years or more
299255377,way,last_update,11-2-2020,Feature has not been updated in 5 years or more
324649860,way,last_update,27-1-2015,Feature has not been updated in 5 years or more
330645511,way,last_update,28-2-2015,Feature has not been updated in 5 years or more
330645512,way,last_update,28-2-2015,Feature has not been updated in 5 years or more
330645513,way,last_update,28-2-2015,Feature has not been updated in 5 years or more
330645514,way,last_update,28-2-2015,Feature has not been updated in 5 years or more
330645515,way,last_update,28-2-2015,Feature has not been updated in 5 years or more
330645516,way,last_update,28-2-2015,Feature has not been updated in 5 years or more
330645517,way,last_update,5-2-2020,Feature has not been updated in 5 years or more
330645518,way,last_update,28-2-2015,Feature has not been updated in 5 years or more
330645526,way,last_update,28-2-2015,Feature has not been updated in 5 years or more
330645532,way,last_update,28-2-2015,Feature has not been updated in 5 years or more
330645541,way,last_update,28-2-2015,Feature has not been updated in 5 years or more
330645542,way,last_update,28-2-2015,Feature has not been updated in 5 years or more
330669825,way,last_update,21-7-2016,Feature has not been updated in 5 years or more
332265507,way,last_update,10-4-2020,Feature has not been updated in 5 years or more
332265508,way,last_update,11-3-2015,Feature has not been updated in 5 years or more
332265509,way,last_update,11-3-2015,Feature has not been updated in 5 years or more
332265511,way,last_update,11-3-2015,Feature has not been updated in 5 years or more
332265517,way,last_update,11-3-2015,Feature has not been updated in 5 years or more
332265519,way,last_update,11-3-2015,Feature has not been updated in 5 years or more
332265520,way,last_update,12-3-2015,Feature has not been updated in 5 years or more
332265524,way,last_update,11-3-2015,Feature has not been updated in 5 years or more
332265528,way,last_update,11-3-2015,Feature has not been updated in 5 years or more
332265530,way,last_update,11-3-2015,Feature has not been updated in 5 years or more
332265531,way,last_update,11-3-2015,Feature has not been updated in 5 years or more
332265532,way,last_update,11-3-2015,Feature has not been updated in 5 years or more
332265534,way,last_update,11-3-2015,Feature has not been updated in 5 years or more
332265539,way,last_update,11-3-2015,Feature has not been updated in 5 years or more
332265541,way,last_update,11-3-2015,Feature has not been updated in 5 years or more
332265543,way,last_update,10-4-2020,Feature has not been updated in 5 years or more
332265544,way,last_update,11-3-2015,Feature has not been updated in 5 years or more
332265545,way,last_update,11-3-2015,Feature has not been updated in 5 years or more
332265548,way,last_update,11-3-2015,Feature has not been updated in 5 years or more
332265551,way,last_update,11-3-2015,Feature has not been updated in 5 years or more
332265555,way,last_update,10-4-2020,Feature has not been updated in 5 years or more
332265556,way,last_update,11-3-2015,Feature has not been updated in 5 years or more
332265557,way,last_update,11-3-2015,Feature has not been updated in 5 years or more
332265558,way,last_update,11-3-2015,Feature has not been updated in 5 years or more
332265560,way,last_update,10-4-2020,Feature has not been updated in 5 years or more
332265567,way,last_update,11-3-2015,Feature has not been updated in 5 years or more
332265571,way,last_update,11-3-2015,Feature has not been updated in 5 years or more
332391820,way,last_update,12-3-2015,Feature has not been updated in 5 years or more
332391821,way,last_update,12-3-2015,Feature has not been updated in 5 years or more
332391822,way,last_update,12-3-2015,Feature has not been updated in 5 years or more
332391824,way,last_update,12-3-2015,Feature has not been updated in 5 years or more
353383416,way,last_update,13-6-2015,Feature has not been updated in 5 years or more
353383418,way,last_update,18-12-2017,Feature has not been updated in 5 years or more
353383419,way,last_update,7-9-2015,Feature has not been updated in 5 years or more
353383422,way,last_update,13-6-2015,Feature has not been updated in 5 years or more
353383425,way,last_update,13-6-2015,Feature has not been updated in 5 years or more
353383426,way,last_update,13-6-2015,Feature has not been updated in 5 years or more
353383436,way,last_update,13-6-2015,Feature has not been updated in 5 years or more
356749952,way,last_update,24-11-2018,Feature has not been updated in 5 years or more
356876481,way,last_update,23-4-2020,Feature has not been updated in 5 years or more
356876482,way,last_update,28-6-2015,Feature has not been updated in 5 years or more
356876483,way,last_update,23-4-2020,Feature has not been updated in 5 years or more
356876484,way,last_update,23-4-2020,Feature has not been updated in 5 years or more
356876485,way,last_update,28-6-2015,Feature has not been updated in 5 years or more
356876486,way,last_update,23-4-2020,Feature has not been updated in 5 years or more
356876487,way,last_update,28-6-2015,Feature has not been updated in 5 years or more
356876489,way,last_update,23-4-2020,Feature has not been updated in 5 years or more
356876490,way,last_update,23-4-2020,Feature has not been updated in 5 years or more
356876491,way,last_update,28-6-2015,Feature has not been updated in 5 years or more
356876497,way,last_update,28-6-2015,Feature has not been updated in 5 years or more
356876499,way,last_update,28-6-2015,Feature has not been updated in 5 years or more
356876500,way,last_update,28-6-2015,Feature has not been updated in 5 years or more
356876501,way,last_update,29-2-2020,Feature has not been updated in 5 years or more
356876502,way,last_update,28-6-2015,Feature has not been updated in 5 years or more
356876503,way,last_update,28-6-2015,Feature has not been updated in 5 years or more
356876504,way,last_update,28-6-2015,Feature has not been updated in 5 years or more
356876505,way,last_update,23-4-2020,Feature has not been updated in 5 years or more
356876506,way,last_update,28-6-2015,Feature has not been updated in 5 years or more
356876507,way,last_update,28-6-2015,Feature has not been updated in 5 years or more
356876509,way,last_update,28-6-2015,Feature has not been updated in 5 years or more
356876510,way,last_update,28-6-2015,Feature has not been updated in 5 years or more
356876511,way,last_update,28-6-2015,Feature has not been updated in 5 years or more
356876512,way,last_update,23-4-2020,Feature has not been updated in 5 years or more
356876513,way,last_update,25-8-2020,Feature has not been updated in 5 years or more
356876514,way,last_update,26-4-2020,Feature has not been updated in 5 years or more
356876515,way,last_update,23-4-2020,Feature has not been updated in 5 years or more
356876516,way,last_update,28-6-2015,Feature has not been updated in 5 years or more
356876517,way,last_update,28-6-2015,Feature has not been updated in 5 years or more
356876518,way,last_update,4-5-2020,Feature has not been updated in 5 years or more
356876519,way,last_update,28-6-2015,Feature has not been updated in 5 years or more
356876520,way,last_update,28-6-2015,Feature has not been updated in 5 years or more
356876521,way,last_update,28-6-2015,Feature has not been updated in 5 years or more
356876522,way,last_update,28-6-2015,Feature has not been updated in 5 years or more
356876523,way,last_update,28-6-2015,Feature has not been updated in 5 years or more
356876524,way,last_update,28-6-2015,Feature has not been updated in 5 years or more
356876525,way,last_update,10-4-2020,Feature has not been updated in 5 years or more
356876526,way,last_update,28-6-2015,Feature has not been updated in 5 years or more
356876527,way,last_update,28-6-2015,Feature has not been updated in 5 years or more
356876529,way,last_update,23-4-2020,Feature has not been updated in 5 years or more
356894505,way,last_update,5-11-2018,Feature has not been updated in 5 years or more
356894507,way,last_update,28-6-2015,Feature has not been updated in 5 years or more
356894508,way,last_update,28-6-2015,Feature has not been updated in 5 years or more
356894509,way,last_update,28-6-2015,Feature has not been updated in 5 years or more
356894510,way,last_update,28-6-2015,Feature has not been updated in 5 years or more
389188975,way,last_update,28-10-2016,Feature has not been updated in 5 years or more
389188976,way,last_update,28-10-2016,Feature has not been updated in 5 years or more
389188977,way,last_update,2-1-2016,Feature has not been updated in 5 years or more
389188978,way,last_update,2-1-2016,Feature has not been updated in 5 years or more
389188980,way,last_update,28-10-2016,Feature has not been updated in 5 years or more
389188981,way,last_update,28-10-2016,Feature has not been updated in 5 years or more
389188993,way,last_update,28-10-2016,Feature has not been updated in 5 years or more
389188995,way,last_update,22-11-2016,Feature has not been updated in 5 years or more
389189000,way,last_update,30-9-2018,Feature has not been updated in 5 years or more
389189001,way,last_update,2-1-2016,Feature has not been updated in 5 years or more
389189002,way,last_update,22-11-2016,Feature has not been updated in 5 years or more
389494067,way,last_update,4-1-2016,Feature has not been updated in 5 years or more
389494073,way,last_update,4-1-2016,Feature has not been updated in 5 years or more
389650301,way,last_update,5-1-2016,Feature has not been updated in 5 years or more
389650302,way,last_update,5-1-2016,Feature has not been updated in 5 years or more
389650303,way,last_update,5-1-2016,Feature has not been updated in 5 years or more
389650304,way,last_update,5-1-2016,Feature has not been updated in 5 years or more
389650305,way,last_update,5-1-2016,Feature has not been updated in 5 years or more
389650306,way,last_update,5-1-2016,Feature has not been updated in 5 years or more
389650307,way,last_update,5-1-2016,Feature has not been updated in 5 years or more
389650308,way,last_update,5-1-2016,Feature has not been updated in 5 years or more
389650318,way,last_update,5-1-2016,Feature has not been updated in 5 years or more
390230925,way,last_update,8-1-2016,Feature has not been updated in 5 years or more
394788704,way,last_update,2-9-2019,Feature has not been updated in 5 years or more
399434199,way,last_update,8-8-2021,Feature has not been updated in 5 years or more
399434200,way,last_update,23-2-2016,Feature has not been updated in 5 years or more
399434202,way,last_update,23-2-2016,Feature has not been updated in 5 years or more
399437564,way,last_update,23-2-2016,Feature has not been updated in 5 years or more
399437565,way,last_update,23-2-2016,Feature has not been updated in 5 years or more
399439925,way,last_update,23-2-2016,Feature has not been updated in 5 years or more
399439933,way,last_update,30-7-2019,Feature has not been updated in 5 years or more
413606857,way,last_update,26-4-2016,Feature has not been updated in 5 years or more
413606858,way,last_update,26-4-2016,Feature has not been updated in 5 years or more
427989840,way,last_update,29-6-2016,Feature has not been updated in 5 years or more
427989843,way,last_update,29-6-2016,Feature has not been updated in 5 years or more
427989845,way,last_update,29-6-2016,Feature has not been updated in 5 years or more
427989846,way,last_update,29-6-2016,Feature has not been updated in 5 years or more
427989852,way,last_update,29-6-2016,Feature has not been updated in 5 years or more
427989853,way,last_update,29-6-2016,Feature has not been updated in 5 years or more
427989854,way,last_update,29-6-2016,Feature has not been updated in 5 years or more
427989855,way,last_update,29-6-2016,Feature has not been updated in 5 years or more
427989863,way,last_update,29-6-2016,Feature has not been updated in 5 years or more
427989864,way,last_update,29-6-2016,Feature has not been updated in 5 years or more
427989866,way,last_update,29-6-2016,Feature has not been updated in 5 years or more
429452878,way,last_update,6-7-2016,Feature has not been updated in 5 years or more
429452880,way,last_update,6-7-2016,Feature has not been updated in 5 years or more
429452884,way,last_update,6-7-2016,Feature has not been updated in 5 years or more
429452885,way,last_update,21-11-2018,Feature has not been updated in 5 years or more
429455918,way,last_update,20-11-2018,Feature has not been updated in 5 years or more
429455919,way,last_update,21-11-2018,Feature has not been updated in 5 years or more
429455920,way,last_update,21-11-2018,Feature has not been updated in 5 years or more
429455921,way,last_update,20-11-2018,Feature has not been updated in 5 years or more
429455929,way,last_update,20-11-2018,Feature has not been updated in 5 years or more
429455932,way,last_update,20-11-2018,Feature has not been updated in 5 years or more
429455933,way,last_update,20-11-2018,Feature has not been updated in 5 years or more
429455936,way,last_update,21-11-2018,Feature has not been updated in 5 years or more
429455940,way,last_update,20-11-2018,Feature has not been updated in 5 years or more
429455949,way,last_update,21-11-2018,Feature has not been updated in 5 years or more
429455952,way,last_update,21-11-2018,Feature has not been updated in 5 years or more
429455978,way,last_update,20-11-2018,Feature has not been updated in 5 years or more
429457944,way,last_update,20-11-2018,Feature has not been updated in 5 years or more
429457946,way,last_update,6-7-2016,Feature has not been updated in 5 years or more
432139924,way,last_update,28-10-2016,Feature has not been updated in 5 years or more
432139925,way,last_update,28-10-2016,Feature has not been updated in 5 years or more
432139927,way,last_update,1-11-2019,Feature has not been updated in 5 years or more
432139936,way,last_update,20-7-2016,Feature has not been updated in 5 years or more
432139939,way,last_update,20-7-2016,Feature has not been updated in 5 years or more
432139942,way,last_update,20-7-2016,Feature has not been updated in 5 years or more
432352116,way,last_update,21-7-2016,Feature has not been updated in 5 years or more
432352117,way,last_update,21-7-2016,Feature has not been updated in 5 years or more
432352118,way,last_update,21-7-2016,Feature has not been updated in 5 years or more
432352119,way,last_update,21-7-2016,Feature has not been updated in 5 years or more
432352120,way,last_update,21-7-2016,Feature has not been updated in 5 years or more
432352121,way,last_update,21-7-2016,Feature has not been updated in 5 years or more
432352123,way,last_update,21-7-2016,Feature has not been updated in 5 years or more
432352125,way,last_update,21-7-2016,Feature has not been updated in 5 years or more
432352126,way,last_update,21-7-2016,Feature has not been updated in 5 years or more
432352127,way,last_update,21-7-2016,Feature has not been updated in 5 years or more
432352128,way,last_update,21-7-2016,Feature has not been updated in 5 years or more
432352129,way,last_update,21-7-2016,Feature has not been updated in 5 years or more
432352135,way,last_update,21-7-2016,Feature has not been updated in 5 years or more
432352141,way,last_update,21-7-2016,Feature has not been updated in 5 years or more
432352143,way,last_update,21-7-2016,Feature has not been updated in 5 years or more
432352144,way,last_update,21-7-2016,Feature has not been updated in 5 years or more
440500517,way,last_update,3-9-2016,Feature has not been updated in 5 years or more
440539752,way,last_update,17-1-2020,Feature has not been updated in 5 years or more
442927667,way,last_update,17-9-2016,Feature has not been updated in 5 years or more
442927671,way,last_update,17-9-2016,Feature has not been updated in 5 years or more
442982348,way,last_update,18-9-2016,Feature has not been updated in 5 years or more
442982350,way,last_update,18-9-2016,Feature has not been updated in 5 years or more
442982353,way,last_update,18-9-2016,Feature has not been updated in 5 years or more
442982354,way,last_update,18-9-2016,Feature has not been updated in 5 years or more
442982355,way,last_update,18-9-2016,Feature has not been updated in 5 years or more
442982356,way,last_update,14-4-2021,Feature has not been updated in 5 years or more
443125884,way,last_update,19-9-2016,Feature has not been updated in 5 years or more
443197522,way,last_update,19-9-2016,Feature has not been updated in 5 years or more
443197524,way,last_update,19-9-2016,Feature has not been updated in 5 years or more
445263409,way,last_update,2-10-2016,Feature has not been updated in 5 years or more
445329995,way,last_update,2-10-2016,Feature has not been updated in 5 years or more
445330000,way,last_update,2-10-2016,Feature has not been updated in 5 years or more
446846621,way,last_update,10-10-2016,Feature has not been updated in 5 years or more
446858616,way,last_update,10-10-2016,Feature has not been updated in 5 years or more
448508397,way,last_update,19-10-2016,Feature has not been updated in 5 years or more
448508398,way,last_update,19-10-2016,Feature has not been updated in 5 years or more
448508399,way,last_update,19-10-2016,Feature has not been updated in 5 years or more
448508400,way,last_update,19-10-2016,Feature has not been updated in 5 years or more
449913170,way,last_update,28-10-2016,Feature has not been updated in 5 years or more
449913171,way,last_update,30-9-2018,Feature has not been updated in 5 years or more
449913172,way,last_update,28-10-2016,Feature has not been updated in 5 years or more
449913173,way,last_update,28-10-2016,Feature has not been updated in 5 years or more
449913202,way,last_update,28-10-2016,Feature has not been updated in 5 years or more
449913260,way,last_update,28-10-2016,Feature has not been updated in 5 years or more
449913262,way,last_update,28-10-2016,Feature has not been updated in 5 years or more
449913288,way,last_update,28-10-2016,Feature has not been updated in 5 years or more
449913291,way,last_update,28-10-2016,Feature has not been updated in 5 years or more
449913293,way,last_update,28-10-2016,Feature has not been updated in 5 years or more
449913366,way,last_update,28-10-2016,Feature has not been updated in 5 years or more
449913373,way,last_update,28-10-2016,Feature has not been updated in 5 years or more
449913385,way,last_update,28-10-2016,Feature has not been updated in 5 years or more
449913421,way,last_update,28-10-2016,Feature has not been updated in 5 years or more
449913431,way,last_update,28-10-2016,Feature has not been updated in 5 years or more
449913523,way,last_update,28-10-2016,Feature has not been updated in 5 years or more
449913536,way,last_update,28-10-2016,Feature has not been updated in 5 years or more
449913575,way,last_update,1-11-2019,Feature has not been updated in 5 years or more
450360762,way,last_update,31-10-2016,Feature has not been updated in 5 years or more
450360765,way,last_update,31-10-2016,Feature has not been updated in 5 years or more
450360766,way,last_update,31-10-2016,Feature has not been updated in 5 years or more
450360767,way,last_update,31-10-2016,Feature has not been updated in 5 years or more
450360769,way,last_update,31-10-2016,Feature has not been updated in 5 years or more
450360771,way,last_update,31-10-2016,Feature has not been updated in 5 years or more
450360772,way,last_update,31-10-2016,Feature has not been updated in 5 years or more
450360773,way,last_update,31-10-2016,Feature has not been updated in 5 years or more
450360774,way,last_update,31-10-2016,Feature has not been updated in 5 years or more
450360775,way,last_update,28-1-2020,Feature has not been updated in 5 years or more
450360777,way,last_update,31-10-2016,Feature has not been updated in 5 years or more
450360779,way,last_update,31-10-2016,Feature has not been updated in 5 years or more
450360780,way,last_update,31-10-2016,Feature has not been updated in 5 years or more
450360781,way,last_update,31-10-2016,Feature has not been updated in 5 years or more
450360783,way,last_update,31-10-2016,Feature has not been updated in 5 years or more
450360785,way,last_update,31-10-2016,Feature has not been updated in 5 years or more
450360787,way,last_update,28-1-2020,Feature has not been updated in 5 years or more
450360788,way,last_update,31-10-2016,Feature has not been updated in 5 years or more
450360790,way,last_update,31-10-2016,Feature has not been updated in 5 years or more
450360794,way,last_update,31-10-2016,Feature has not been updated in 5 years or more
450360795,way,last_update,31-10-2016,Feature has not been updated in 5 years or more
450360800,way,last_update,30-9-2018,Feature has not been updated in 5 years or more
450360803,way,last_update,30-9-2018,Feature has not been updated in 5 years or more
450597569,way,last_update,1-11-2016,Feature has not been updated in 5 years or more
450597570,way,last_update,1-11-2016,Feature has not been updated in 5 years or more
450597571,way,last_update,1-11-2016,Feature has not been updated in 5 years or more
450597577,way,last_update,31-1-2020,Feature has not been updated in 5 years or more
450597579,way,last_update,31-1-2020,Feature has not been updated in 5 years or more
450597594,way,last_update,1-11-2016,Feature has not been updated in 5 years or more
450597595,way,last_update,1-11-2016,Feature has not been updated in 5 years or more
450597596,way,last_update,1-11-2016,Feature has not been updated in 5 years or more
450597597,way,last_update,1-11-2016,Feature has not been updated in 5 years or more
450597600,way,last_update,1-11-2016,Feature has not been updated in 5 years or more
450597601,way,last_update,1-11-2016,Feature has not been updated in 5 years or more
450914574,way,last_update,3-11-2016,Feature has not been updated in 5 years or more
450914576,way,last_update,3-11-2016,Feature has not been updated in 5 years or more
450914579,way,last_update,3-11-2016,Feature has not been updated in 5 years or more
450914580,way,last_update,3-11-2016,Feature has not been updated in 5 years or more
450914587,way,last_update,3-11-2016,Feature has not been updated in 5 years or more
451340270,way,last_update,4-11-2016,Feature has not been updated in 5 years or more
451340272,way,last_update,4-11-2016,Feature has not been updated in 5 years or more
451340275,way,last_update,4-11-2016,Feature has not been updated in 5 years or more
451340276,way,last_update,4-11-2016,Feature has not been updated in 5 years or more
451340279,way,last_update,4-11-2016,Feature has not been updated in 5 years or more
451722353,way,last_update,6-11-2016,Feature has not been updated in 5 years or more
451806153,way,last_update,7-11-2016,Feature has not been updated in 5 years or more
451806155,way,last_update,14-4-2021,Feature has not been updated in 5 years or more
451806159,way,last_update,30-1-2020,Feature has not been updated in 5 years or more
453727126,way,last_update,3-12-2018,Feature has not been updated in 5 years or more
453727127,way,last_update,3-12-2018,Feature has not been updated in 5 years or more
453727128,way,last_update,16-11-2016,Feature has not been updated in 5 years or more
453727131,way,last_update,16-11-2016,Feature has not been updated in 5 years or more
453728409,way,last_update,16-11-2016,Feature has not been updated in 5 years or more
453728410,way,last_update,16-11-2016,Feature has not been updated in 5 years or more
453728411,way,last_update,16-11-2016,Feature has not been updated in 5 years or more
454891992,way,last_update,21-11-2016,Feature has not been updated in 5 years or more
454891993,way,last_update,21-11-2016,Feature has not been updated in 5 years or more
454891995,way,last_update,15-8-2019,Feature has not been updated in 5 years or more
454891997,way,last_update,15-8-2019,Feature has not been updated in 5 years or more
454892000,way,last_update,21-11-2016,Feature has not been updated in 5 years or more
454892005,way,last_update,21-11-2016,Feature has not been updated in 5 years or more
454892010,way,last_update,21-11-2016,Feature has not been updated in 5 years or more
454892011,way,last_update,21-11-2016,Feature has not been updated in 5 years or more
454892013,way,last_update,21-11-2016,Feature has not been updated in 5 years or more
454892017,way,last_update,14-8-2018,Feature has not been updated in 5 years or more
454892030,way,last_update,21-11-2016,Feature has not been updated in 5 years or more
454892035,way,last_update,21-11-2016,Feature has not been updated in 5 years or more
454892046,way,last_update,21-11-2016,Feature has not been updated in 5 years or more
454892050,way,last_update,21-11-2016,Feature has not been updated in 5 years or more
454892066,way,last_update,21-11-2016,Feature has not been updated in 5 years or more
454892069,way,last_update,21-11-2016,Feature has not been updated in 5 years or more
454892072,way,last_update,21-11-2016,Feature has not been updated in 5 years or more
454892074,way,last_update,21-11-2016,Feature has not been updated in 5 years or more
454892076,way,last_update,21-11-2016,Feature has not been updated in 5 years or more
454892088,way,last_update,21-11-2016,Feature has not been updated in 5 years or more
454892090,way,last_update,21-11-2016,Feature has not been updated in 5 years or more
454892092,way,last_update,14-8-2019,Feature has not been updated in 5 years or more
454892094,way,last_update,14-8-2019,Feature has not been updated in 5 years or more
455025809,way,last_update,22-11-2016,Feature has not been updated in 5 years or more
455025810,way,last_update,22-11-2016,Feature has not been updated in 5 years or more
455025813,way,last_update,22-11-2016,Feature has not been updated in 5 years or more
455025814,way,last_update,22-11-2016,Feature has not been updated in 5 years or more
455025816,way,last_update,22-11-2016,Feature has not been updated in 5 years or more
455025820,way,last_update,22-11-2016,Feature has not been updated in 5 years or more
455025821,way,last_update,22-11-2016,Feature has not been updated in 5 years or more
455025825,way,last_update,22-11-2016,Feature has not been updated in 5 years or more
455025826,way,last_update,22-11-2016,Feature has not been updated in 5 years or more
455025833,way,last_update,22-11-2016,Feature has not been updated in 5 years or more
455025834,way,last_update,22-11-2016,Feature has not been updated in 5 years or more
455025835,way,last_update,22-11-2016,Feature has not been updated in 5 years or more
455025836,way,last_update,22-11-2016,Feature has not been updated in 5 years or more
455025839,way,last_update,22-11-2016,Feature has not been updated in 5 years or more
455025841,way,last_update,22-11-2016,Feature has not been updated in 5 years or more
455025842,way,last_update,22-11-2016,Feature has not been updated in 5 years or more
455025844,way,last_update,22-11-2016,Feature has not been updated in 5 years or more
455025845,way,last_update,22-11-2016,Feature has not been updated in 5 years or more
455025847,way,last_update,22-11-2016,Feature has not been updated in 5 years or more
455025849,way,last_update,22-11-2016,Feature has not been updated in 5 years or more
455025851,way,last_update,22-11-2016,Feature has not been updated in 5 years or more
455025854,way,last_update,22-11-2016,Feature has not been updated in 5 years or more
455025856,way,last_update,22-11-2016,Feature has not been updated in 5 years or more
455181592,way,last_update,22-11-2016,Feature has not been updated in 5 years or more
455181594,way,last_update,16-12-2016,Feature has not been updated in 5 years or more
455181596,way,last_update,22-11-2016,Feature has not been updated in 5 years or more
455181602,way,last_update,22-11-2016,Feature has not been updated in 5 years or more
455181606,way,last_update,22-11-2016,Feature has not been updated in 5 years or more
455181607,way,last_update,22-11-2016,Feature has not been updated in 5 years or more
455181611,way,last_update,22-11-2016,Feature has not been updated in 5 years or more
455181614,way,last_update,22-11-2016,Feature has not been updated in 5 years or more
455181615,way,last_update,22-11-2016,Feature has not been updated in 5 years or more
455181616,way,last_update,22-11-2016,Feature has not been updated in 5 years or more
455181618,way,last_update,22-11-2016,Feature has not been updated in 5 years or more
455181620,way,last_update,22-11-2016,Feature has not been updated in 5 years or more
455181621,way,last_update,22-11-2016,Feature has not been updated in 5 years or more
455181622,way,last_update,22-11-2016,Feature has not been updated in 5 years or more
455181623,way,last_update,22-11-2016,Feature has not been updated in 5 years or more
455181625,way,last_update,22-11-2016,Feature has not been updated in 5 years or more
455181627,way,last_update,22-11-2016,Feature has not been updated in 5 years or more
455181630,way,last_update,22-11-2016,Feature has not been updated in 5 years or more
455181631,way,last_update,22-11-2016,Feature has not been updated in 5 years or more
455181632,way,last_update,22-11-2016,Feature has not been updated in 5 years or more
455181636,way,last_update,22-11-2016,Feature has not been updated in 5 years or more
455181638,way,last_update,22-11-2016,Feature has not been updated in 5 years or more
455181640,way,last_update,22-11-2016,Feature has not been updated in 5 years or more
455181641,way,last_update,22-11-2016,Feature has not been updated in 5 years or more
455181642,way,last_update,22-11-2016,Feature has not been updated in 5 years or more
455264969,way,last_update,23-11-2016,Feature has not been updated in 5 years or more
455264970,way,last_update,23-11-2016,Feature has not been updated in 5 years or more
455264971,way,last_update,23-11-2016,Feature has not been updated in 5 years or more
455264973,way,last_update,23-11-2016,Feature has not been updated in 5 years or more
455264975,way,last_update,23-11-2016,Feature has not been updated in 5 years or more
455264976,way,last_update,23-11-2016,Feature has not been updated in 5 years or more
455264978,way,last_update,5-11-2018,Feature has not been updated in 5 years or more
455264980,way,last_update,5-11-2018,Feature has not been updated in 5 years or more
455264984,way,last_update,31-12-2016,Feature has not been updated in 5 years or more
455264985,way,last_update,31-12-2016,Feature has not been updated in 5 years or more
455264995,way,last_update,31-12-2016,Feature has not been updated in 5 years or more
455264996,way,last_update,23-11-2016,Feature has not been updated in 5 years or more
456293273,way,last_update,28-11-2016,Feature has not been updated in 5 years or more
456293274,way,last_update,28-11-2016,Feature has not been updated in 5 years or more
456293277,way,last_update,28-11-2016,Feature has not been updated in 5 years or more
456293278,way,last_update,5-11-2018,Feature has not been updated in 5 years or more
460047253,way,last_update,16-12-2016,Feature has not been updated in 5 years or more
460047254,way,last_update,16-12-2016,Feature has not been updated in 5 years or more
460047260,way,last_update,16-12-2016,Feature has not been updated in 5 years or more
460047262,way,last_update,16-12-2016,Feature has not been updated in 5 years or more
460047335,way,last_update,16-12-2016,Feature has not been updated in 5 years or more
460047343,way,last_update,16-12-2016,Feature has not been updated in 5 years or more
460047389,way,last_update,16-12-2016,Feature has not been updated in 5 years or more
460352623,way,last_update,18-12-2016,Feature has not been updated in 5 years or more
460352626,way,last_update,18-12-2016,Feature has not been updated in 5 years or more
460352630,way,last_update,18-12-2016,Feature has not been updated in 5 years or more
460352631,way,last_update,18-12-2016,Feature has not been updated in 5 years or more
460352632,way,last_update,18-12-2016,Feature has not been updated in 5 years or more
460352633,way,last_update,18-12-2016,Feature has not been updated in 5 years or more
460352639,way,last_update,18-12-2016,Feature has not been updated in 5 years or more
460352640,way,last_update,18-12-2016,Feature has not been updated in 5 years or more
460352657,way,last_update,18-12-2016,Feature has not been updated in 5 years or more
460352659,way,last_update,18-12-2016,Feature has not been updated in 5 years or more
460352660,way,last_update,18-12-2016,Feature has not been updated in 5 years or more
460352661,way,last_update,18-12-2016,Feature has not been updated in 5 years or more
460352662,way,last_update,18-12-2016,Feature has not been updated in 5 years or more
460352664,way,last_update,18-12-2016,Feature has not been updated in 5 years or more
460352665,way,last_update,18-12-2016,Feature has not been updated in 5 years or more
460352666,way,last_update,18-12-2016,Feature has not been updated in 5 years or more
460352667,way,last_update,18-12-2016,Feature has not been updated in 5 years or more
460352668,way,last_update,18-12-2016,Feature has not been updated in 5 years or more
460352669,way,last_update,18-12-2016,Feature has not been updated in 5 years or more
460352676,way,last_update,19-12-2016,Feature has not been updated in 5 years or more
460352677,way,last_update,18-12-2016,Feature has not been updated in 5 years or more
460558870,way,last_update,19-12-2016,Feature has not been updated in 5 years or more
460558871,way,last_update,28-8-2019,Feature has not been updated in 5 years or more
460558872,way,last_update,19-12-2016,Feature has not been updated in 5 years or more
460558873,way,last_update,19-12-2016,Feature has not been updated in 5 years or more
460558874,way,last_update,19-12-2016,Feature has not been updated in 5 years or more
460558876,way,last_update,19-12-2016,Feature has not been updated in 5 years or more
460558878,way,last_update,19-12-2016,Feature has not been updated in 5 years or more
460558880,way,last_update,19-12-2016,Feature has not been updated in 5 years or more
460558883,way,last_update,19-12-2016,Feature has not been updated in 5 years or more
460558884,way,last_update,28-8-2019,Feature has not been updated in 5 years or more
460558886,way,last_update,2-10-2019,Feature has not been updated in 5 years or more
462800093,way,last_update,5-2-2020,Feature has not been updated in 5 years or more
462800094,way,last_update,5-2-2020,Feature has not been updated in 5 years or more
462800096,way,last_update,30-12-2016,Feature has not been updated in 5 years or more
462800097,way,last_update,30-12-2016,Feature has not been updated in 5 years or more
462890650,way,last_update,31-12-2016,Feature has not been updated in 5 years or more
462890652,way,last_update,31-12-2016,Feature has not been updated in 5 years or more
462890658,way,last_update,31-12-2016,Feature has not been updated in 5 years or more
462890663,way,last_update,31-12-2016,Feature has not been updated in 5 years or more
462890665,way,last_update,31-12-2016,Feature has not been updated in 5 years or more
462890668,way,last_update,31-12-2016,Feature has not been updated in 5 years or more
462890669,way,last_update,31-12-2016,Feature has not been updated in 5 years or more
462902287,way,last_update,31-12-2016,Feature has not been updated in 5 years or more
462902288,way,last_update,31-12-2016,Feature has not been updated in 5 years or more
462902290,way,last_update,31-12-2016,Feature has not been updated in 5 years or more
462902291,way,last_update,31-12-2016,Feature has not been updated in 5 years or more
462902292,way,last_update,31-12-2016,Feature has not been updated in 5 years or more
462902293,way,last_update,31-12-2016,Feature has not been updated in 5 years or more
462902294,way,last_update,31-12-2016,Feature has not been updated in 5 years or more
462902297,way,last_update,31-12-2016,Feature has not been updated in 5 years or more
477061887,way,last_update,25-2-2017,Feature has not been updated in 5 years or more
477062092,way,last_update,25-2-2017,Feature has not been updated in 5 years or more
477295545,way,last_update,26-2-2017,Feature has not been updated in 5 years or more
477295546,way,last_update,19-7-2018,Feature has not been updated in 5 years or more
477299809,way,last_update,19-7-2018,Feature has not been updated in 5 years or more
477299811,way,last_update,19-7-2018,Feature has not been updated in 5 years or more
477299812,way,last_update,19-7-2018,Feature has not been updated in 5 years or more
477299814,way,last_update,26-2-2017,Feature has not been updated in 5 years or more
477299816,way,last_update,19-7-2018,Feature has not been updated in 5 years or more
477299817,way,last_update,19-7-2018,Feature has not been updated in 5 years or more
477299820,way,last_update,26-2-2017,Feature has not been updated in 5 years or more
477299821,way,last_update,26-2-2017,Feature has not been updated in 5 years or more
477299823,way,last_update,26-2-2017,Feature has not been updated in 5 years or more
477299825,way,last_update,26-2-2017,Feature has not been updated in 5 years or more
477299828,way,last_update,26-2-2017,Feature has not been updated in 5 years or more
477299829,way,last_update,26-2-2017,Feature has not been updated in 5 years or more
477299830,way,last_update,26-2-2017,Feature has not been updated in 5 years or more
477299832,way,last_update,26-2-2017,Feature has not been updated in 5 years or more
477299834,way,last_update,26-2-2017,Feature has not been updated in 5 years or more
477299838,way,last_update,26-2-2017,Feature has not been updated in 5 years or more
477299839,way,last_update,26-2-2017,Feature has not been updated in 5 years or more
477299841,way,last_update,26-2-2017,Feature has not been updated in 5 years or more
477515321,way,last_update,28-3-2019,Feature has not been updated in 5 years or more
477515322,way,last_update,28-3-2019,Feature has not been updated in 5 years or more
477515323,way,last_update,28-2-2017,Feature has not been updated in 5 years or more
477515324,way,last_update,27-2-2017,Feature has not been updated in 5 years or more
477515327,way,last_update,27-2-2017,Feature has not been updated in 5 years or more
477515342,way,last_update,27-2-2017,Feature has not been updated in 5 years or more
477515344,way,last_update,23-6-2020,Feature has not been updated in 5 years or more
477515346,way,last_update,27-2-2017,Feature has not been updated in 5 years or more
477691809,way,last_update,28-2-2017,Feature has not been updated in 5 years or more
478021614,way,last_update,2-3-2017,Feature has not been updated in 5 years or more
478021616,way,last_update,2-3-2017,Feature has not been updated in 5 years or more
478021618,way,last_update,2-3-2017,Feature has not been updated in 5 years or more
478021621,way,last_update,2-3-2017,Feature has not been updated in 5 years or more
478021622,way,last_update,3-3-2017,Feature has not been updated in 5 years or more
478021624,way,last_update,2-3-2017,Feature has not been updated in 5 years or more
478021628,way,last_update,2-3-2017,Feature has not been updated in 5 years or more
478021630,way,last_update,2-3-2017,Feature has not been updated in 5 years or more
478021636,way,last_update,2-3-2017,Feature has not been updated in 5 years or more
478021638,way,last_update,2-3-2017,Feature has not been updated in 5 years or more
478021645,way,last_update,2-3-2017,Feature has not been updated in 5 years or more
478216038,way,last_update,3-3-2017,Feature has not been updated in 5 years or more
478216039,way,last_update,3-3-2017,Feature has not been updated in 5 years or more
478216042,way,last_update,3-3-2017,Feature has not been updated in 5 years or more
478216043,way,last_update,3-3-2017,Feature has not been updated in 5 years or more
478216045,way,last_update,3-3-2017,Feature has not been updated in 5 years or more
478216047,way,last_update,3-3-2017,Feature has not been updated in 5 years or more
478216048,way,last_update,3-3-2017,Feature has not been updated in 5 years or more
478216049,way,last_update,3-3-2017,Feature has not been updated in 5 years or more
478216051,way,last_update,3-3-2017,Feature has not been updated in 5 years or more
478216052,way,last_update,3-3-2017,Feature has not been updated in 5 years or more
478216054,way,last_update,3-3-2017,Feature has not been updated in 5 years or more
478216057,way,last_update,3-3-2017,Feature has not been updated in 5 years or more
478216069,way,last_update,3-3-2017,Feature has not been updated in 5 years or more
478216070,way,last_update,3-3-2017,Feature has not been updated in 5 years or more
478216072,way,last_update,3-3-2017,Feature has not been updated in 5 years or more
478216076,way,last_update,3-3-2017,Feature has not been updated in 5 years or more
478216077,way,last_update,3-3-2017,Feature has not been updated in 5 years or more
478216079,way,last_update,3-3-2017,Feature has not been updated in 5 years or more
478216081,way,last_update,3-3-2017,Feature has not been updated in 5 years or more
478216083,way,last_update,3-3-2017,Feature has not been updated in 5 years or more
478216085,way,last_update,3-3-2017,Feature has not been updated in 5 years or more
478216086,way,last_update,3-3-2017,Feature has not been updated in 5 years or more
478216087,way,last_update,3-3-2017,Feature has not been updated in 5 years or more
478217576,way,last_update,3-3-2017,Feature has not been updated in 5 years or more
478217577,way,last_update,3-3-2017,Feature has not been updated in 5 years or more
478534281,way,last_update,5-3-2017,Feature has not been updated in 5 years or more
478538197,way,last_update,5-3-2017,Feature has not been updated in 5 years or more
478538198,way,last_update,5-3-2017,Feature has not been updated in 5 years or more
478538200,way,last_update,5-3-2017,Feature has not been updated in 5 years or more
478538201,way,last_update,5-3-2017,Feature has not been updated in 5 years or more
478538205,way,last_update,5-3-2017,Feature has not been updated in 5 years or more
478538206,way,last_update,5-3-2017,Feature has not been updated in 5 years or more
478538208,way,last_update,5-3-2017,Feature has not been updated in 5 years or more
478538209,way,last_update,5-3-2017,Feature has not been updated in 5 years or more
478538214,way,last_update,5-3-2017,Feature has not been updated in 5 years or more
494502919,way,last_update,9-4-2020,Feature has not been updated in 5 years or more
494765217,way,last_update,5-9-2020,Feature has not been updated in 5 years or more
565262959,way,last_update,15-3-2018,Feature has not been updated in 5 years or more
568298533,way,last_update,11-5-2020,Feature has not been updated in 5 years or more
569247514,way,last_update,15-4-2018,Feature has not been updated in 5 years or more
569247819,way,last_update,13-3-2018,Feature has not been updated in 5 years or more
569248246,way,last_update,13-3-2018,Feature has not been updated in 5 years or more
569248614,way,last_update,13-3-2018,Feature has not been updated in 5 years or more
569477904,way,last_update,14-3-2018,Feature has not been updated in 5 years or more
569477906,way,last_update,14-3-2018,Feature has not been updated in 5 years or more
569677148,way,last_update,22-3-2018,Feature has not been updated in 5 years or more
570000925,way,last_update,19-3-2018,Feature has not been updated in 5 years or more
570486859,way,last_update,17-3-2018,Feature has not been updated in 5 years or more
570557818,way,last_update,18-3-2018,Feature has not been updated in 5 years or more
570557819,way,last_update,18-3-2018,Feature has not been updated in 5 years or more
570557820,way,last_update,18-3-2018,Feature has not been updated in 5 years or more
570557828,way,last_update,18-3-2018,Feature has not been updated in 5 years or more
570557830,way,last_update,18-3-2018,Feature has not been updated in 5 years or more
570690029,way,last_update,18-3-2018,Feature has not been updated in 5 years or more
571180048,way,last_update,20-3-2018,Feature has not been updated in 5 years or more
572102774,way,last_update,22-3-2018,Feature has not been updated in 5 years or more
577335923,way,last_update,20-4-2018,Feature has not been updated in 5 years or more
577647592,way,last_update,3-8-2020,Feature has not been updated in 5 years or more
579077612,way,last_update,12-4-2018,Feature has not been updated in 5 years or more
579463946,way,last_update,24-2-2020,Feature has not been updated in 5 years or more
608692648,way,last_update,17-7-2018,Feature has not been updated in 5 years or more
608692649,way,last_update,17-7-2018,Feature has not been updated in 5 years or more
609133793,way,last_update,19-7-2018,Feature has not been updated in 5 years or more
609133851,way,last_update,19-7-2018,Feature has not been updated in 5 years or more
609133859,way,last_update,19-7-2018,Feature has not been updated in 5 years or more
609133966,way,last_update,19-7-2018,Feature has not been updated in 5 years or more
609134003,way,last_update,19-7-2018,Feature has not been updated in 5 years or more
609134016,way,last_update,19-7-2018,Feature has not been updated in 5 years or more
609134037,way,last_update,19-7-2018,Feature has not been updated in 5 years or more
609134372,way,last_update,18-2-2020,Feature has not been updated in 5 years or more
609134373,way,last_update,19-7-2018,Feature has not been updated in 5 years or more
609134379,way,last_update,19-7-2018,Feature has not been updated in 5 years or more
609134403,way,last_update,19-7-2018,Feature has not been updated in 5 years or more
609134405,way,last_update,19-7-2018,Feature has not been updated in 5 years or more
609134407,way,last_update,19-7-2018,Feature has not been updated in 5 years or more
609134409,way,last_update,19-7-2018,Feature has not been updated in 5 years or more
609134410,way,last_update,19-7-2018,Feature has not been updated in 5 years or more
609134411,way,last_update,19-7-2018,Feature has not been updated in 5 years or more
609134413,way,last_update,19-7-2018,Feature has not been updated in 5 years or more
609134415,way,last_update,19-7-2018,Feature has not been updated in 5 years or more
609134417,way,last_update,19-7-2018,Feature has not been updated in 5 years or more
609134419,way,last_update,19-7-2018,Feature has not been updated in 5 years or more
609134452,way,last_update,19-7-2018,Feature has not been updated in 5 years or more
609134466,way,last_update,19-7-2018,Feature has not been updated in 5 years or more
609134471,way,last_update,19-7-2018,Feature has not been updated in 5 years or more
609134484,way,last_update,19-7-2018,Feature has not been updated in 5 years or more
609134485,way,last_update,19-7-2018,Feature has not been updated in 5 years or more
609134487,way,last_update,19-7-2018,Feature has not been updated in 5 years or more
610327497,way,last_update,5-12-2019,Feature has not been updated in 5 years or more
610327498,way,last_update,18-10-2018,Feature has not been updated in 5 years or more
610327536,way,last_update,23-7-2018,Feature has not been updated in 5 years or more
610327537,way,last_update,23-7-2018,Feature has not been updated in 5 years or more
610327538,way,last_update,17-10-2018,Feature has not been updated in 5 years or more
611965119,way,last_update,29-7-2018,Feature has not been updated in 5 years or more
611965121,way,last_update,29-7-2018,Feature has not been updated in 5 years or more
611965124,way,last_update,29-7-2018,Feature has not been updated in 5 years or more
611965126,way,last_update,29-7-2018,Feature has not been updated in 5 years or more
611965127,way,last_update,29-7-2018,Feature has not been updated in 5 years or more
611965128,way,last_update,29-7-2018,Feature has not been updated in 5 years or more
611965131,way,last_update,29-7-2018,Feature has not been updated in 5 years or more
611965136,way,last_update,29-7-2018,Feature has not been updated in 5 years or more
611965141,way,last_update,29-7-2018,Feature has not been updated in 5 years or more
611965245,way,last_update,29-7-2018,Feature has not been updated in 5 years or more
611965248,way,last_update,29-7-2018,Feature has not been updated in 5 years or more
614461849,way,last_update,6-8-2018,Feature has not been updated in 5 years or more
614461851,way,last_update,6-8-2018,Feature has not been updated in 5 years or more
615240621,way,last_update,14-4-2021,Feature has not been updated in 5 years or more
615240622,way,last_update,8-8-2018,Feature has not been updated in 5 years or more
615240624,way,last_update,14-4-2021,Feature has not been updated in 5 years or more
615240626,way,last_update,14-4-2021,Feature has not been updated in 5 years or more
615240734,way,last_update,8-8-2018,Feature has not been updated in 5 years or more
615240736,way,last_update,8-8-2018,Feature has not been updated in 5 years or more
615240737,way,last_update,8-8-2018,Feature has not been updated in 5 years or more
615240739,way,last_update,8-8-2018,Feature has not been updated in 5 years or more
615240740,way,last_update,8-8-2018,Feature has not been updated in 5 years or more
615240741,way,last_update,20-10-2019,Feature has not been updated in 5 years or more
615240744,way,last_update,8-8-2018,Feature has not been updated in 5 years or more
615240746,way,last_update,20-10-2019,Feature has not been updated in 5 years or more
615240768,way,last_update,8-8-2018,Feature has not been updated in 5 years or more
616821391,way,last_update,16-8-2018,Feature has not been updated in 5 years or more
617312978,way,last_update,16-8-2018,Feature has not been updated in 5 years or more
617312980,way,last_update,16-8-2018,Feature has not been updated in 5 years or more
617312982,way,last_update,7-8-2019,Feature has not been updated in 5 years or more
617312984,way,last_update,16-8-2018,Feature has not been updated in 5 years or more
617312985,way,last_update,16-8-2018,Feature has not been updated in 5 years or more
617312986,way,last_update,7-8-2019,Feature has not been updated in 5 years or more
617312988,way,last_update,16-8-2018,Feature has not been updated in 5 years or more
617312991,way,last_update,16-8-2018,Feature has not been updated in 5 years or more
617312992,way,last_update,7-8-2019,Feature has not been updated in 5 years or more
617312993,way,last_update,16-8-2018,Feature has not been updated in 5 years or more
617312994,way,last_update,16-8-2018,Feature has not been updated in 5 years or more
617312999,way,last_update,16-8-2018,Feature has not been updated in 5 years or more
617313000,way,last_update,16-8-2018,Feature has not been updated in 5 years or more
617313001,way,last_update,16-8-2018,Feature has not been updated in 5 years or more
617313002,way,last_update,16-8-2018,Feature has not been updated in 5 years or more
617313006,way,last_update,16-8-2018,Feature has not been updated in 5 years or more
617313007,way,last_update,7-8-2019,Feature has not been updated in 5 years or more
617313021,way,last_update,16-8-2018,Feature has not been updated in 5 years or more
617313023,way,last_update,16-8-2018,Feature has not been updated in 5 years or more
617313025,way,last_update,2-8-2019,Feature has not been updated in 5 years or more
617313026,way,last_update,16-8-2018,Feature has not been updated in 5 years or more
617313028,way,last_update,16-8-2018,Feature has not been updated in 5 years or more
617313029,way,last_update,13-8-2019,Feature has not been updated in 5 years or more
617313035,way,last_update,16-8-2018,Feature has not been updated in 5 years or more
617313036,way,last_update,16-8-2018,Feature has not been updated in 5 years or more
617398581,way,last_update,2-9-2019,Feature has not been updated in 5 years or more
618948837,way,last_update,22-8-2018,Feature has not been updated in 5 years or more
618948838,way,last_update,24-8-2018,Feature has not been updated in 5 years or more
618948839,way,last_update,24-8-2018,Feature has not been updated in 5 years or more
618948840,way,last_update,22-8-2018,Feature has not been updated in 5 years or more
619374226,way,last_update,24-8-2018,Feature has not been updated in 5 years or more
619374227,way,last_update,24-8-2018,Feature has not been updated in 5 years or more
619374250,way,last_update,24-8-2018,Feature has not been updated in 5 years or more
619374254,way,last_update,24-8-2018,Feature has not been updated in 5 years or more
619374264,way,last_update,24-8-2018,Feature has not been updated in 5 years or more
619374269,way,last_update,24-8-2018,Feature has not been updated in 5 years or more
619374274,way,last_update,24-8-2018,Feature has not been updated in 5 years or more
619374311,way,last_update,24-8-2018,Feature has not been updated in 5 years or more
619374313,way,last_update,24-8-2018,Feature has not been updated in 5 years or more
619374315,way,last_update,24-8-2018,Feature has not been updated in 5 years or more
619374316,way,last_update,24-8-2018,Feature has not been updated in 5 years or more
619374326,way,last_update,24-8-2018,Feature has not been updated in 5 years or more
619374330,way,last_update,24-8-2018,Feature has not been updated in 5 years or more
619374340,way,last_update,24-8-2018,Feature has not been updated in 5 years or more
619374347,way,last_update,24-8-2018,Feature has not been updated in 5 years or more
629166116,way,last_update,30-9-2018,Feature has not been updated in 5 years or more
629166118,way,last_update,30-9-2018,Feature has not been updated in 5 years or more
629166120,way,last_update,30-9-2018,Feature has not been updated in 5 years or more
629166124,way,last_update,30-9-2018,Feature has not been updated in 5 years or more
629175810,way,last_update,30-9-2018,Feature has not been updated in 5 years or more
629175811,way,last_update,30-9-2018,Feature has not been updated in 5 years or more
629175858,way,last_update,30-9-2018,Feature has not been updated in 5 years or more
629175860,way,last_update,30-9-2018,Feature has not been updated in 5 years or more
629175862,way,last_update,30-9-2018,Feature has not been updated in 5 years or more
629175871,way,last_update,30-9-2018,Feature has not been updated in 5 years or more
629175878,way,last_update,30-9-2018,Feature has not been updated in 5 years or more
629175880,way,last_update,30-9-2018,Feature has not been updated in 5 years or more
629175882,way,last_update,30-9-2018,Feature has not been updated in 5 years or more
629175886,way,last_update,30-9-2018,Feature has not been updated in 5 years or more
629175888,way,last_update,30-9-2018,Feature has not been updated in 5 years or more
629175890,way,last_update,30-9-2018,Feature has not been updated in 5 years or more
629175893,way,last_update,30-9-2018,Feature has not been updated in 5 years or more
629175894,way,last_update,30-9-2018,Feature has not been updated in 5 years or more
629175895,way,last_update,30-9-2018,Feature has not been updated in 5 years or more
629175899,way,last_update,30-9-2018,Feature has not been updated in 5 years or more
629175906,way,last_update,30-9-2018,Feature has not been updated in 5 years or more
629175917,way,last_update,30-9-2018,Feature has not been updated in 5 years or more
629175929,way,last_update,30-9-2018,Feature has not been updated in 5 years or more
630625634,way,last_update,4-10-2018,Feature has not been updated in 5 years or more
636743453,way,last_update,22-10-2018,Feature has not been updated in 5 years or more
636743455,way,last_update,22-10-2018,Feature has not been updated in 5 years or more
636743456,way,last_update,22-1-2020,Feature has not been updated in 5 years or more
636743458,way,last_update,22-10-2018,Feature has not been updated in 5 years or more
636743515,way,last_update,7-11-2018,Feature has not been updated in 5 years or more
636743517,way,last_update,22-10-2018,Feature has not been updated in 5 years or more
636743518,way,last_update,7-11-2018,Feature has not been updated in 5 years or more
636743519,way,last_update,22-10-2018,Feature has not been updated in 5 years or more
639705873,way,last_update,5-11-2018,Feature has not been updated in 5 years or more
639705874,way,last_update,31-10-2018,Feature has not been updated in 5 years or more
639705875,way,last_update,31-10-2018,Feature has not been updated in 5 years or more
639705877,way,last_update,31-10-2018,Feature has not been updated in 5 years or more
639705879,way,last_update,31-10-2018,Feature has not been updated in 5 years or more
639705881,way,last_update,31-10-2018,Feature has not been updated in 5 years or more
639705882,way,last_update,31-10-2018,Feature has not been updated in 5 years or more
639705883,way,last_update,31-10-2018,Feature has not been updated in 5 years or more
639705885,way,last_update,31-10-2018,Feature has not been updated in 5 years or more
639705887,way,last_update,31-10-2018,Feature has not been updated in 5 years or more
639705889,way,last_update,31-10-2018,Feature has not been updated in 5 years or more
639705891,way,last_update,31-10-2018,Feature has not been updated in 5 years or more
639705892,way,last_update,31-10-2018,Feature has not been updated in 5 years or more
639705894,way,last_update,31-10-2018,Feature has not been updated in 5 years or more
639705896,way,last_update,31-10-2018,Feature has not been updated in 5 years or more
639705897,way,last_update,31-10-2018,Feature has not been updated in 5 years or more
639705898,way,last_update,31-10-2018,Feature has not been updated in 5 years or more
639705899,way,last_update,31-10-2018,Feature has not been updated in 5 years or more
639705901,way,last_update,31-10-2018,Feature has not been updated in 5 years or more
639705902,way,last_update,31-10-2018,Feature has not been updated in 5 years or more
639705904,way,last_update,31-10-2018,Feature has not been updated in 5 years or more
640214092,way,last_update,2-11-2018,Feature has not been updated in 5 years or more
640214095,way,last_update,5-12-2019,Feature has not been updated in 5 years or more
640214096,way,last_update,2-11-2018,Feature has not been updated in 5 years or more
640214098,way,last_update,2-11-2018,Feature has not been updated in 5 years or more
640214114,way,last_update,10-6-2019,Feature has not been updated in 5 years or more
640214119,way,last_update,2-11-2018,Feature has not been updated in 5 years or more
640214120,way,last_update,2-11-2018,Feature has not been updated in 5 years or more
640214123,way,last_update,18-10-2019,Feature has not been updated in 5 years or more
640214124,way,last_update,2-11-2018,Feature has not been updated in 5 years or more
640214126,way,last_update,2-11-2018,Feature has not been updated in 5 years or more
640214127,way,last_update,2-11-2018,Feature has not been updated in 5 years or more
640214129,way,last_update,2-11-2018,Feature has not been updated in 5 years or more
640214130,way,last_update,2-11-2018,Feature has not been updated in 5 years or more
640214134,way,last_update,2-11-2018,Feature has not been updated in 5 years or more
640214136,way,last_update,2-11-2018,Feature has not been updated in 5 years or more
640214137,way,last_update,2-11-2018,Feature has not been updated in 5 years or more
640214143,way,last_update,18-10-2019,Feature has not been updated in 5 years or more
640214144,way,last_update,18-10-2019,Feature has not been updated in 5 years or more
640214152,way,last_update,2-11-2018,Feature has not been updated in 5 years or more
640214154,way,last_update,2-11-2018,Feature has not been updated in 5 years or more
640214158,way,last_update,18-10-2019,Feature has not been updated in 5 years or more
640214161,way,last_update,2-11-2018,Feature has not been updated in 5 years or more
640214162,way,last_update,2-11-2018,Feature has not been updated in 5 years or more
640214165,way,last_update,2-11-2018,Feature has not been updated in 5 years or more
640214166,way,last_update,2-11-2018,Feature has not been updated in 5 years or more
641195936,way,last_update,5-11-2018,Feature has not been updated in 5 years or more
641195938,way,last_update,5-11-2018,Feature has not been updated in 5 years or more
641195940,way,last_update,5-11-2018,Feature has not been updated in 5 years or more
641195941,way,last_update,5-11-2018,Feature has not been updated in 5 years or more
641195942,way,last_update,5-11-2018,Feature has not been updated in 5 years or more
641195944,way,last_update,5-11-2018,Feature has not been updated in 5 years or more
641195945,way,last_update,5-11-2018,Feature has not been updated in 5 years or more
641195946,way,last_update,5-11-2018,Feature has not been updated in 5 years or more
641195947,way,last_update,5-11-2018,Feature has not been updated in 5 years or more
641195948,way,last_update,5-11-2018,Feature has not been updated in 5 years or more
641195949,way,last_update,5-11-2018,Feature has not been updated in 5 years or more
641195950,way,last_update,5-11-2018,Feature has not been updated in 5 years or more
641195951,way,last_update,5-11-2018,Feature has not been updated in 5 years or more
641195952,way,last_update,5-11-2018,Feature has not been updated in 5 years or more
641195953,way,last_update,5-11-2018,Feature has not been updated in 5 years or more
641195954,way,last_update,5-11-2018,Feature has not been updated in 5 years or more
641195955,way,last_update,5-11-2018,Feature has not been updated in 5 years or more
641195956,way,last_update,5-11-2018,Feature has not been updated in 5 years or more
641195959,way,last_update,5-11-2018,Feature has not been updated in 5 years or more
641195962,way,last_update,5-11-2018,Feature has not been updated in 5 years or more
641195964,way,last_update,5-11-2018,Feature has not been updated in 5 years or more
641195966,way,last_update,5-11-2018,Feature has not been updated in 5 years or more
641195968,way,last_update,5-11-2018,Feature has not been updated in 5 years or more
641195969,way,last_update,5-11-2018,Feature has not been updated in 5 years or more
641195970,way,last_update,5-11-2018,Feature has not been updated in 5 years or more
641195972,way,last_update,5-11-2018,Feature has not been updated in 5 years or more
641195974,way,last_update,5-11-2018,Feature has not been updated in 5 years or more
641195975,way,last_update,5-11-2018,Feature has not been updated in 5 years or more
641195976,way,last_update,5-11-2018,Feature has not been updated in 5 years or more
641195977,way,last_update,5-11-2018,Feature has not been updated in 5 years or more
641195978,way,last_update,5-11-2018,Feature has not been updated in 5 years or more
641195980,way,last_update,5-11-2018,Feature has not been updated in 5 years or more
641195982,way,last_update,5-11-2018,Feature has not been updated in 5 years or more
641195983,way,last_update,5-11-2018,Feature has not been updated in 5 years or more
641195985,way,last_update,5-11-2018,Feature has not been updated in 5 years or more
641195986,way,last_update,5-11-2018,Feature has not been updated in 5 years or more
641195987,way,last_update,5-11-2018,Feature has not been updated in 5 years or more
641195988,way,last_update,5-11-2018,Feature has not been updated in 5 years or more
641195989,way,last_update,5-11-2018,Feature has not been updated in 5 years or more
641195990,way,last_update,5-11-2018,Feature has not been updated in 5 years or more
641195991,way,last_update,5-11-2018,Feature has not been updated in 5 years or more
641195992,way,last_update,5-11-2018,Feature has not been updated in 5 years or more
641195994,way,last_update,5-11-2018,Feature has not been updated in 5 years or more
641195996,way,last_update,5-11-2018,Feature has not been updated in 5 years or more
641195998,way,last_update,5-11-2018,Feature has not been updated in 5 years or more
641196000,way,last_update,5-11-2018,Feature has not been updated in 5 years or more
641196001,way,last_update,5-11-2018,Feature has not been updated in 5 years or more
641196002,way,last_update,5-11-2018,Feature has not been updated in 5 years or more
641196003,way,last_update,5-11-2018,Feature has not been updated in 5 years or more
641196006,way,last_update,5-11-2018,Feature has not been updated in 5 years or more
641196010,way,last_update,5-11-2018,Feature has not been updated in 5 years or more
641196011,way,last_update,5-11-2018,Feature has not been updated in 5 years or more
641196013,way,last_update,5-11-2018,Feature has not been updated in 5 years or more
641196015,way,last_update,5-11-2018,Feature has not been updated in 5 years or more
641196016,way,last_update,5-11-2018,Feature has not been updated in 5 years or more
641196017,way,last_update,5-11-2018,Feature has not been updated in 5 years or more
641196018,way,last_update,5-11-2018,Feature has not been updated in 5 years or more
641196019,way,last_update,5-11-2018,Feature has not been updated in 5 years or more
641196021,way,last_update,5-11-2018,Feature has not been updated in 5 years or more
641196023,way,last_update,5-11-2018,Feature has not been updated in 5 years or more
641196025,way,last_update,5-11-2018,Feature has not been updated in 5 years or more
641196027,way,last_update,5-11-2018,Feature has not been updated in 5 years or more
641196028,way,last_update,5-11-2018,Feature has not been updated in 5 years or more
641196029,way,last_update,5-11-2018,Feature has not been updated in 5 years or more
641196030,way,last_update,5-11-2018,Feature has not been updated in 5 years or more
641196031,way,last_update,5-11-2018,Feature has not been updated in 5 years or more
641196033,way,last_update,5-11-2018,Feature has not been updated in 5 years or more
641196034,way,last_update,5-11-2018,Feature has not been updated in 5 years or more
641196035,way,last_update,5-11-2018,Feature has not been updated in 5 years or more
641201712,way,last_update,5-11-2018,Feature has not been updated in 5 years or more
641201719,way,last_update,5-11-2018,Feature has not been updated in 5 years or more
641201725,way,last_update,5-11-2018,Feature has not been updated in 5 years or more
641413458,way,last_update,7-11-2018,Feature has not been updated in 5 years or more
641413459,way,last_update,6-11-2018,Feature has not been updated in 5 years or more
641413460,way,last_update,6-11-2018,Feature has not been updated in 5 years or more
641413461,way,last_update,6-11-2018,Feature has not been updated in 5 years or more
641413463,way,last_update,6-11-2018,Feature has not been updated in 5 years or more
641413465,way,last_update,6-11-2018,Feature has not been updated in 5 years or more
641413467,way,last_update,6-11-2018,Feature has not been updated in 5 years or more
641413477,way,last_update,6-11-2018,Feature has not been updated in 5 years or more
641413480,way,last_update,6-11-2018,Feature has not been updated in 5 years or more
641413491,way,last_update,6-11-2018,Feature has not been updated in 5 years or more
641413508,way,last_update,8-12-2018,Feature has not been updated in 5 years or more
641413517,way,last_update,6-11-2018,Feature has not been updated in 5 years or more
641413519,way,last_update,6-11-2018,Feature has not been updated in 5 years or more
641918064,way,last_update,7-11-2018,Feature has not been updated in 5 years or more
641918065,way,last_update,7-11-2018,Feature has not been updated in 5 years or more
641918067,way,last_update,7-11-2018,Feature has not been updated in 5 years or more
641918069,way,last_update,7-11-2018,Feature has not been updated in 5 years or more
641918070,way,last_update,7-11-2018,Feature has not been updated in 5 years or more
641918072,way,last_update,7-11-2018,Feature has not been updated in 5 years or more
641918116,way,last_update,7-11-2018,Feature has not been updated in 5 years or more
641918119,way,last_update,7-11-2018,Feature has not been updated in 5 years or more
641918122,way,last_update,7-11-2018,Feature has not been updated in 5 years or more
641918123,way,last_update,7-11-2018,Feature has not been updated in 5 years or more
641918124,way,last_update,7-11-2018,Feature has not been updated in 5 years or more
641918126,way,last_update,7-11-2018,Feature has not been updated in 5 years or more
641918128,way,last_update,7-11-2018,Feature has not been updated in 5 years or more
641918129,way,last_update,7-11-2018,Feature has not been updated in 5 years or more
641918131,way,last_update,7-11-2018,Feature has not been updated in 5 years or more
641918133,way,last_update,7-11-2018,Feature has not been updated in 5 years or more
641918137,way,last_update,7-11-2018,Feature has not been updated in 5 years or more
641918139,way,last_update,7-11-2018,Feature has not been updated in 5 years or more
641918140,way,last_update,7-11-2018,Feature has not been updated in 5 years or more
641918143,way,last_update,7-11-2018,Feature has not been updated in 5 years or more
641918145,way,last_update,7-11-2018,Feature has not been updated in 5 years or more
641918147,way,last_update,7-11-2018,Feature has not been updated in 5 years or more
641918148,way,last_update,7-11-2018,Feature has not been updated in 5 years or more
641918149,way,last_update,7-11-2018,Feature has not been updated in 5 years or more
641918150,way,last_update,7-11-2018,Feature has not been updated in 5 years or more
641918152,way,last_update,7-11-2018,Feature has not been updated in 5 years or more
641918153,way,last_update,7-11-2018,Feature has not been updated in 5 years or more
641918154,way,last_update,7-11-2018,Feature has not been updated in 5 years or more
641918156,way,last_update,7-11-2018,Feature has not been updated in 5 years or more
641918159,way,last_update,7-11-2018,Feature has not been updated in 5 years or more
641918160,way,last_update,7-11-2018,Feature has not been updated in 5 years or more
641918161,way,last_update,7-11-2018,Feature has not been updated in 5 years or more
641918163,way,last_update,7-11-2018,Feature has not been updated in 5 years or more
641918165,way,last_update,7-11-2018,Feature has not been updated in 5 years or more
641918166,way,last_update,7-11-2018,Feature has not been updated in 5 years or more
641918168,way,last_update,7-11-2018,Feature has not been updated in 5 years or more
641918169,way,last_update,7-11-2018,Feature has not been updated in 5 years or more
641918171,way,last_update,7-11-2018,Feature has not been updated in 5 years or more
641918173,way,last_update,7-11-2018,Feature has not been updated in 5 years or more
641918186,way,last_update,7-11-2018,Feature has not been updated in 5 years or more
641918190,way,last_update,7-11-2018,Feature has not been updated in 5 years or more
645195131,way,last_update,16-5-2020,Feature has not been updated in 5 years or more
645195132,way,last_update,20-7-2019,Feature has not been updated in 5 years or more
646178613,way,last_update,19-11-2018,Feature has not been updated in 5 years or more
646178614,way,last_update,19-11-2018,Feature has not been updated in 5 years or more
646178621,way,last_update,19-11-2018,Feature has not been updated in 5 years or more
646178622,way,last_update,19-11-2018,Feature has not been updated in 5 years or more
646178623,way,last_update,19-11-2018,Feature has not been updated in 5 years or more
646178625,way,last_update,19-11-2018,Feature has not been updated in 5 years or more
646178627,way,last_update,19-11-2018,Feature has not been updated in 5 years or more
646178629,way,last_update,19-11-2018,Feature has not been updated in 5 years or more
646178631,way,last_update,19-11-2018,Feature has not been updated in 5 years or more
646178632,way,last_update,19-11-2018,Feature has not been updated in 5 years or more
646178639,way,last_update,19-11-2018,Feature has not been updated in 5 years or more
646178642,way,last_update,19-11-2018,Feature has not been updated in 5 years or more
646178647,way,last_update,19-11-2018,Feature has not been updated in 5 years or more
646178653,way,last_update,19-11-2018,Feature has not been updated in 5 years or more
646399179,way,last_update,19-11-2018,Feature has not been updated in 5 years or more
648318883,way,last_update,24-11-2018,Feature has not been updated in 5 years or more
648318885,way,last_update,24-11-2018,Feature has not been updated in 5 years or more
648318887,way,last_update,18-9-2020,Feature has not been updated in 5 years or more
648318891,way,last_update,24-11-2018,Feature has not been updated in 5 years or more
648318892,way,last_update,24-11-2018,Feature has not been updated in 5 years or more
648962429,way,last_update,4-12-2018,Feature has not been updated in 5 years or more
648962431,way,last_update,26-11-2018,Feature has not been updated in 5 years or more
651751888,way,last_update,2-12-2018,Feature has not been updated in 5 years or more
651751890,way,last_update,2-12-2018,Feature has not been updated in 5 years or more
651899688,way,last_update,3-12-2018,Feature has not been updated in 5 years or more
651899694,way,last_update,3-12-2018,Feature has not been updated in 5 years or more
651899722,way,last_update,3-12-2018,Feature has not been updated in 5 years or more
651987190,way,last_update,3-12-2018,Feature has not been updated in 5 years or more
651987192,way,last_update,3-12-2018,Feature has not been updated in 5 years or more
651987194,way,last_update,3-12-2018,Feature has not been updated in 5 years or more
651987196,way,last_update,3-12-2018,Feature has not been updated in 5 years or more
651987199,way,last_update,3-12-2018,Feature has not been updated in 5 years or more
651987202,way,last_update,3-12-2018,Feature has not been updated in 5 years or more
651987204,way,last_update,3-12-2018,Feature has not been updated in 5 years or more
652286941,way,last_update,4-12-2018,Feature has not been updated in 5 years or more
652286945,way,last_update,4-12-2018,Feature has not been updated in 5 years or more
652286951,way,last_update,4-12-2018,Feature has not been updated in 5 years or more
652286964,way,last_update,4-12-2018,Feature has not been updated in 5 years or more
652286971,way,last_update,4-12-2018,Feature has not been updated in 5 years or more
652286991,way,last_update,4-12-2018,Feature has not been updated in 5 years or more
652287000,way,last_update,4-12-2018,Feature has not been updated in 5 years or more
652287023,way,last_update,4-12-2018,Feature has not been updated in 5 years or more
652287106,way,last_update,4-12-2018,Feature has not been updated in 5 years or more
652287107,way,last_update,4-12-2018,Feature has not been updated in 5 years or more
652287109,way,last_update,4-12-2018,Feature has not been updated in 5 years or more
652287111,way,last_update,4-12-2018,Feature has not been updated in 5 years or more
652407186,way,last_update,4-12-2018,Feature has not been updated in 5 years or more
652407187,way,last_update,4-12-2018,Feature has not been updated in 5 years or more
652562913,way,last_update,5-12-2018,Feature has not been updated in 5 years or more
652562914,way,last_update,5-12-2018,Feature has not been updated in 5 years or more
652562915,way,last_update,5-12-2018,Feature has not been updated in 5 years or more
652562918,way,last_update,5-12-2018,Feature has not been updated in 5 years or more
652562919,way,last_update,5-12-2018,Feature has not been updated in 5 years or more
652562924,way,last_update,5-12-2018,Feature has not been updated in 5 years or more
652562925,way,last_update,5-12-2018,Feature has not been updated in 5 years or more
652562926,way,last_update,5-12-2018,Feature has not been updated in 5 years or more
652562927,way,last_update,5-12-2018,Feature has not been updated in 5 years or more
653128486,way,last_update,6-12-2018,Feature has not been updated in 5 years or more
653128504,way,last_update,6-12-2018,Feature has not been updated in 5 years or more
653128507,way,last_update,6-12-2018,Feature has not been updated in 5 years or more
653128515,way,last_update,6-12-2018,Feature has not been updated in 5 years or more
653128519,way,last_update,6-12-2018,Feature has not been updated in 5 years or more
653128530,way,last_update,6-12-2018,Feature has not been updated in 5 years or more
653287288,way,last_update,7-12-2018,Feature has not been updated in 5 years or more
653287289,way,last_update,7-12-2018,Feature has not been updated in 5 years or more
653287290,way,last_update,7-12-2018,Feature has not been updated in 5 years or more
653287291,way,last_update,7-12-2018,Feature has not been updated in 5 years or more
653287293,way,last_update,7-12-2018,Feature has not been updated in 5 years or more
653287305,way,last_update,7-12-2018,Feature has not been updated in 5 years or more
653287314,way,last_update,7-12-2018,Feature has not been updated in 5 years or more
653287319,way,last_update,7-12-2018,Feature has not been updated in 5 years or more
653287321,way,last_update,7-12-2018,Feature has not been updated in 5 years or more
653287325,way,last_update,7-12-2018,Feature has not been updated in 5 years or more
653287327,way,last_update,7-12-2018,Feature has not been updated in 5 years or more
653287329,way,last_update,7-12-2018,Feature has not been updated in 5 years or more
653287332,way,last_update,7-12-2018,Feature has not been updated in 5 years or more
653287336,way,last_update,7-12-2018,Feature has not been updated in 5 years or more
653287338,way,last_update,7-12-2018,Feature has not been updated in 5 years or more
653510671,way,last_update,8-12-2018,Feature has not been updated in 5 years or more
662887630,way,last_update,4-10-2019,Feature has not been updated in 5 years or more
663164202,way,last_update,14-1-2019,Feature has not been updated in 5 years or more
663164205,way,last_update,10-5-2019,Feature has not been updated in 5 years or more
663164234,way,last_update,14-1-2019,Feature has not been updated in 5 years or more
663164236,way,last_update,14-1-2019,Feature has not been updated in 5 years or more
663164240,way,last_update,14-1-2019,Feature has not been updated in 5 years or more
663164244,way,last_update,14-1-2019,Feature has not been updated in 5 years or more
663164248,way,last_update,14-1-2019,Feature has not been updated in 5 years or more
663164264,way,last_update,14-1-2019,Feature has not been updated in 5 years or more
663164268,way,last_update,14-1-2019,Feature has not been updated in 5 years or more
663164272,way,last_update,14-1-2019,Feature has not been updated in 5 years or more
663164282,way,last_update,14-1-2019,Feature has not been updated in 5 years or more
663164290,way,last_update,14-1-2019,Feature has not been updated in 5 years or more
663164294,way,last_update,14-1-2019,Feature has not been updated in 5 years or more
663164299,way,last_update,14-1-2019,Feature has not been updated in 5 years or more
663505492,way,last_update,15-1-2019,Feature has not been updated in 5 years or more
663510307,way,last_update,15-1-2019,Feature has not been updated in 5 years or more
663510308,way,last_update,15-1-2019,Feature has not been updated in 5 years or more
663515310,way,last_update,15-1-2019,Feature has not been updated in 5 years or more
663515313,way,last_update,15-1-2019,Feature has not been updated in 5 years or more
663515314,way,last_update,15-1-2019,Feature has not been updated in 5 years or more
663515316,way,last_update,15-1-2019,Feature has not been updated in 5 years or more
663834176,way,last_update,4-10-2019,Feature has not been updated in 5 years or more
663834177,way,last_update,4-10-2019,Feature has not been updated in 5 years or more
663834178,way,last_update,4-10-2019,Feature has not been updated in 5 years or more
663834179,way,last_update,4-10-2019,Feature has not been updated in 5 years or more
663834180,way,last_update,4-10-2019,Feature has not been updated in 5 years or more
669548484,way,last_update,10-2-2019,Feature has not been updated in 5 years or more
669548486,way,last_update,10-2-2019,Feature has not been updated in 5 years or more
669548492,way,last_update,10-2-2019,Feature has not been updated in 5 years or more
669548535,way,last_update,10-2-2019,Feature has not been updated in 5 years or more
677670637,way,last_update,18-3-2019,Feature has not been updated in 5 years or more
677670639,way,last_update,18-3-2019,Feature has not been updated in 5 years or more
678442043,way,last_update,21-3-2019,Feature has not been updated in 5 years or more
678442083,way,last_update,25-10-2019,Feature has not been updated in 5 years or more
678442087,way,last_update,25-10-2019,Feature has not been updated in 5 years or more
678442093,way,last_update,21-3-2019,Feature has not been updated in 5 years or more
678442106,way,last_update,21-3-2019,Feature has not been updated in 5 years or more
678442115,way,last_update,21-3-2019,Feature has not been updated in 5 years or more
678442132,way,last_update,21-3-2019,Feature has not been updated in 5 years or more
678864543,way,last_update,23-3-2019,Feature has not been updated in 5 years or more
678864545,way,last_update,23-3-2019,Feature has not been updated in 5 years or more
678864547,way,last_update,23-3-2019,Feature has not been updated in 5 years or more
678864549,way,last_update,23-3-2019,Feature has not been updated in 5 years or more
678864550,way,last_update,23-3-2019,Feature has not been updated in 5 years or more
678864552,way,last_update,23-3-2019,Feature has not been updated in 5 years or more
678864554,way,last_update,23-3-2019,Feature has not been updated in 5 years or more
678864556,way,last_update,23-3-2019,Feature has not been updated in 5 years or more
678864558,way,last_update,23-3-2019,Feature has not been updated in 5 years or more
678864559,way,last_update,23-3-2019,Feature has not been updated in 5 years or more
678864561,way,last_update,23-3-2019,Feature has not been updated in 5 years or more
678864562,way,last_update,23-3-2019,Feature has not been updated in 5 years or more
678864564,way,last_update,23-3-2019,Feature has not been updated in 5 years or more
678864565,way,last_update,23-3-2019,Feature has not been updated in 5 years or more
678864566,way,last_update,23-3-2019,Feature has not been updated in 5 years or more
686663528,way,last_update,29-4-2019,Feature has not been updated in 5 years or more
686663529,way,last_update,26-5-2021,Feature has not been updated in 5 years or more
686663530,way,last_update,29-4-2019,Feature has not been updated in 5 years or more
686663535,way,last_update,29-4-2019,Feature has not been updated in 5 years or more
686663542,way,last_update,29-4-2019,Feature has not been updated in 5 years or more
686663543,way,last_update,29-4-2019,Feature has not been updated in 5 years or more
686767385,way,last_update,30-4-2019,Feature has not been updated in 5 years or more
686767388,way,last_update,30-4-2019,Feature has not been updated in 5 years or more
686767389,way,last_update,30-4-2019,Feature has not been updated in 5 years or more
686767391,way,last_update,30-4-2019,Feature has not been updated in 5 years or more
686767392,way,last_update,30-4-2019,Feature has not been updated in 5 years or more
686767393,way,last_update,30-4-2019,Feature has not been updated in 5 years or more
686767394,way,last_update,30-4-2019,Feature has not been updated in 5 years or more
686767396,way,last_update,30-4-2019,Feature has not been updated in 5 years or more
686934376,way,last_update,30-4-2019,Feature has not been updated in 5 years or more
689029679,way,last_update,10-5-2019,Feature has not been updated in 5 years or more
689029689,way,last_update,10-5-2019,Feature has not been updated in 5 years or more
689029691,way,last_update,11-10-2019,Feature has not been updated in 5 years or more
689029695,way,last_update,10-5-2019,Feature has not been updated in 5 years or more
689029696,way,last_update,10-5-2019,Feature has not been updated in 5 years or more
689029698,way,last_update,10-5-2019,Feature has not been updated in 5 years or more
689029699,way,last_update,10-5-2019,Feature has not been updated in 5 years or more
689029700,way,last_update,10-5-2019,Feature has not been updated in 5 years or more
689029702,way,last_update,10-5-2019,Feature has not been updated in 5 years or more
689029704,way,last_update,10-5-2019,Feature has not been updated in 5 years or more
689029706,way,last_update,10-5-2019,Feature has not been updated in 5 years or more
689029708,way,last_update,10-5-2019,Feature has not been updated in 5 years or more
689029709,way,last_update,10-5-2019,Feature has not been updated in 5 years or more
689029710,way,last_update,10-5-2019,Feature has not been updated in 5 years or more
689029712,way,last_update,10-5-2019,Feature has not been updated in 5 years or more
689029714,way,last_update,10-5-2019,Feature has not been updated in 5 years or more
689029716,way,last_update,10-5-2019,Feature has not been updated in 5 years or more
689029718,way,last_update,10-5-2019,Feature has not been updated in 5 years or more
689029719,way,last_update,10-5-2019,Feature has not been updated in 5 years or more
689029720,way,last_update,10-5-2019,Feature has not been updated in 5 years or more
689029722,way,last_update,10-5-2019,Feature has not been updated in 5 years or more
689029724,way,last_update,10-5-2019,Feature has not been updated in 5 years or more
689029726,way,last_update,10-5-2019,Feature has not been updated in 5 years or more
689029728,way,last_update,10-5-2019,Feature has not been updated in 5 years or more
689029729,way,last_update,10-5-2019,Feature has not been updated in 5 years or more
689029730,way,last_update,10-5-2019,Feature has not been updated in 5 years or more
689029732,way,last_update,10-5-2019,Feature has not been updated in 5 years or more
689029734,way,last_update,10-5-2019,Feature has not been updated in 5 years or more
689029736,way,last_update,10-5-2019,Feature has not been updated in 5 years or more
689029738,way,last_update,10-5-2019,Feature has not been updated in 5 years or more
689029739,way,last_update,10-5-2019,Feature has not been updated in 5 years or more
689029741,way,last_update,10-5-2019,Feature has not been updated in 5 years or more
689502247,way,last_update,12-5-2019,Feature has not been updated in 5 years or more
689502252,way,last_update,12-5-2019,Feature has not been updated in 5 years or more
689502253,way,last_update,12-5-2019,Feature has not been updated in 5 years or more
689502256,way,last_update,12-5-2019,Feature has not been updated in 5 years or more
689502265,way,last_update,12-5-2019,Feature has not been updated in 5 years or more
689502267,way,last_update,12-5-2019,Feature has not been updated in 5 years or more
689660303,way,last_update,13-5-2019,Feature has not been updated in 5 years or more
689660304,way,last_update,13-5-2019,Feature has not been updated in 5 years or more
689660305,way,last_update,13-5-2019,Feature has not been updated in 5 years or more
689660306,way,last_update,13-5-2019,Feature has not been updated in 5 years or more
689660307,way,last_update,13-5-2019,Feature has not been updated in 5 years or more
689660309,way,last_update,13-5-2019,Feature has not been updated in 5 years or more
689660311,way,last_update,13-5-2019,Feature has not been updated in 5 years or more
689660313,way,last_update,13-5-2019,Feature has not been updated in 5 years or more
689660316,way,last_update,13-5-2019,Feature has not been updated in 5 years or more
689660318,way,last_update,13-5-2019,Feature has not been updated in 5 years or more
689660320,way,last_update,13-5-2019,Feature has not been updated in 5 years or more
689660322,way,last_update,13-5-2019,Feature has not been updated in 5 years or more
689660323,way,last_update,13-5-2019,Feature has not been updated in 5 years or more
689660324,way,last_update,13-5-2019,Feature has not been updated in 5 years or more
689660326,way,last_update,13-5-2019,Feature has not been updated in 5 years or more
689660328,way,last_update,13-5-2019,Feature has not been updated in 5 years or more
689660330,way,last_update,13-5-2019,Feature has not been updated in 5 years or more
689660332,way,last_update,13-5-2019,Feature has not been updated in 5 years or more
689660334,way,last_update,13-5-2019,Feature has not been updated in 5 years or more
689660336,way,last_update,13-5-2019,Feature has not been updated in 5 years or more
689660339,way,last_update,13-5-2019,Feature has not been updated in 5 years or more
690973858,way,last_update,24-11-2019,Feature has not been updated in 5 years or more
690973860,way,last_update,19-5-2019,Feature has not been updated in 5 years or more
690973865,way,last_update,19-5-2019,Feature has not been updated in 5 years or more
690973866,way,last_update,19-5-2019,Feature has not been updated in 5 years or more
690973867,way,last_update,19-5-2019,Feature has not been updated in 5 years or more
690973868,way,last_update,19-5-2019,Feature has not been updated in 5 years or more
700238052,way,last_update,28-6-2019,Feature has not been updated in 5 years or more
705174039,way,last_update,17-7-2019,Feature has not been updated in 5 years or more
705174040,way,last_update,17-7-2019,Feature has not been updated in 5 years or more
705174041,way,last_update,17-7-2019,Feature has not been updated in 5 years or more
705174042,way,last_update,17-7-2019,Feature has not been updated in 5 years or more
708703926,way,last_update,30-7-2019,Feature has not been updated in 5 years or more
708703927,way,last_update,30-7-2019,Feature has not been updated in 5 years or more
718429540,way,last_update,26-8-2019,Feature has not been updated in 5 years or more
721201061,way,last_update,2-9-2019,Feature has not been updated in 5 years or more
721201062,way,last_update,2-9-2019,Feature has not been updated in 5 years or more
721201063,way,last_update,2-9-2019,Feature has not been updated in 5 years or more
721201065,way,last_update,2-9-2019,Feature has not been updated in 5 years or more
721201066,way,last_update,2-9-2019,Feature has not been updated in 5 years or more
721201067,way,last_update,2-9-2019,Feature has not been updated in 5 years or more
721321288,way,last_update,2-9-2019,Feature has not been updated in 5 years or more
730463384,way,last_update,2-10-2019,Feature has not been updated in 5 years or more
731253134,way,last_update,4-10-2019,Feature has not been updated in 5 years or more
731255327,way,last_update,4-10-2019,Feature has not been updated in 5 years or more
731255328,way,last_update,4-10-2019,Feature has not been updated in 5 years or more
732385369,way,last_update,7-10-2019,Feature has not been updated in 5 years or more
732385370,way,last_update,7-10-2019,Feature has not been updated in 5 years or more
732644106,way,last_update,8-10-2019,Feature has not been updated in 5 years or more
732644107,way,last_update,8-10-2019,Feature has not been updated in 5 years or more
732644108,way,last_update,8-10-2019,Feature has not been updated in 5 years or more
732644109,way,last_update,8-10-2019,Feature has not been updated in 5 years or more
732644110,way,last_update,8-10-2019,Feature has not been updated in 5 years or more
732644112,way,last_update,8-10-2019,Feature has not been updated in 5 years or more
734478343,way,last_update,14-10-2019,Feature has not been updated in 5 years or more
734478345,way,last_update,14-10-2019,Feature has not been updated in 5 years or more
734478346,way,last_update,14-10-2019,Feature has not been updated in 5 years or more
734478347,way,last_update,14-10-2019,Feature has not been updated in 5 years or more
734478349,way,last_update,14-10-2019,Feature has not been updated in 5 years or more
734478350,way,last_update,14-10-2019,Feature has not been updated in 5 years or more
734846957,way,last_update,15-10-2019,Feature has not been updated in 5 years or more
736287622,way,last_update,19-10-2019,Feature has not been updated in 5 years or more
738535145,way,last_update,25-10-2019,Feature has not been updated in 5 years or more
738535150,way,last_update,25-10-2019,Feature has not been updated in 5 years or more
739514356,way,last_update,1-2-2020,Feature has not been updated in 5 years or more
739514357,way,last_update,28-10-2019,Feature has not been updated in 5 years or more
739514358,way,last_update,28-10-2019,Feature has not been updated in 5 years or more
739514359,way,last_update,28-10-2019,Feature has not been updated in 5 years or more
741130673,way,last_update,1-11-2019,Feature has not been updated in 5 years or more
741130674,way,last_update,1-11-2019,Feature has not been updated in 5 years or more
764144156,way,last_update,17-1-2020,Feature has not been updated in 5 years or more
764146379,way,last_update,17-1-2020,Feature has not been updated in 5 years or more
764149159,way,last_update,17-1-2020,Feature has not been updated in 5 years or more
765716101,way,last_update,22-1-2020,Feature has not been updated in 5 years or more
765716102,way,last_update,22-1-2020,Feature has not been updated in 5 years or more
765716119,way,last_update,22-1-2020,Feature has not been updated in 5 years or more
765716120,way,last_update,22-1-2020,Feature has not been updated in 5 years or more
765909569,way,last_update,23-1-2020,Feature has not been updated in 5 years or more
767429271,way,last_update,28-1-2020,Feature has not been updated in 5 years or more
767762808,way,last_update,29-1-2020,Feature has not been updated in 5 years or more
768005517,way,last_update,30-1-2020,Feature has not been updated in 5 years or more
768672600,way,last_update,13-2-2020,Feature has not been updated in 5 years or more
768672601,way,last_update,13-2-2020,Feature has not been updated in 5 years or more
768969599,way,last_update,1-2-2020,Feature has not been updated in 5 years or more
769792898,way,last_update,5-2-2020,Feature has not been updated in 5 years or more
769792900,way,last_update,5-2-2020,Feature has not been updated in 5 years or more
769792901,way,last_update,5-2-2020,Feature has not been updated in 5 years or more
770925275,way,last_update,27-11-2020,Feature has not been updated in 5 years or more
770925276,way,last_update,2-3-2020,Feature has not been updated in 5 years or more
770928344,way,last_update,10-5-2020,Feature has not been updated in 5 years or more
770930025,way,last_update,10-5-2020,Feature has not been updated in 5 years or more
770930027,way,last_update,13-2-2020,Feature has not been updated in 5 years or more
771688325,way,last_update,3-8-2020,Feature has not been updated in 5 years or more
771690087,way,last_update,11-2-2020,Feature has not been updated in 5 years or more
771690088,way,last_update,17-5-2020,Feature has not been updated in 5 years or more
771691969,way,last_update,30-4-2020,Feature has not been updated in 5 years or more
771691971,way,last_update,11-2-2020,Feature has not been updated in 5 years or more
771691972,way,last_update,11-2-2020,Feature has not been updated in 5 years or more
771691973,way,last_update,17-2-2020,Feature has not been updated in 5 years or more
771691974,way,last_update,11-2-2020,Feature has not been updated in 5 years or more
771710426,way,last_update,13-2-2020,Feature has not been updated in 5 years or more
771710428,way,last_update,13-2-2020,Feature has not been updated in 5 years or more
771713370,way,last_update,19-4-2020,Feature has not been updated in 5 years or more
771716320,way,last_update,27-11-2020,Feature has not been updated in 5 years or more
771719078,way,last_update,13-2-2020,Feature has not been updated in 5 years or more
771719080,way,last_update,13-2-2020,Feature has not been updated in 5 years or more
771719081,way,last_update,28-5-2020,Feature has not been updated in 5 years or more
771719085,way,last_update,13-2-2020,Feature has not been updated in 5 years or more
771719086,way,last_update,13-2-2020,Feature has not been updated in 5 years or more
771721764,way,last_update,13-2-2020,Feature has not been updated in 5 years or more
771724387,way,last_update,3-3-2020,Feature has not been updated in 5 years or more
771724388,way,last_update,3-3-2020,Feature has not been updated in 5 years or more
771724392,way,last_update,3-3-2020,Feature has not been updated in 5 years or more
771724393,way,last_update,3-3-2020,Feature has not been updated in 5 years or more
771724394,way,last_update,11-2-2020,Feature has not been updated in 5 years or more
771728744,way,last_update,11-2-2020,Feature has not been updated in 5 years or more
771736428,way,last_update,30-4-2020,Feature has not been updated in 5 years or more
771741226,way,last_update,13-2-2020,Feature has not been updated in 5 years or more
771741227,way,last_update,30-4-2020,Feature has not been updated in 5 years or more
771744322,way,last_update,13-2-2020,Feature has not been updated in 5 years or more
771744324,way,last_update,13-2-2020,Feature has not been updated in 5 years or more
771744327,way,last_update,13-2-2020,Feature has not been updated in 5 years or more
771744328,way,last_update,13-2-2020,Feature has not been updated in 5 years or more
771744333,way,last_update,13-2-2020,Feature has not been updated in 5 years or more
771747921,way,last_update,13-2-2020,Feature has not been updated in 5 years or more
771747923,way,last_update,13-2-2020,Feature has not been updated in 5 years or more
771747924,way,last_update,13-2-2020,Feature has not been updated in 5 years or more
771747929,way,last_update,13-2-2020,Feature has not been updated in 5 years or more
771747931,way,last_update,11-5-2020,Feature has not been updated in 5 years or more
771747932,way,last_update,13-2-2020,Feature has not been updated in 5 years or more
771747936,way,last_update,13-2-2020,Feature has not been updated in 5 years or more
771747937,way,last_update,13-2-2020,Feature has not been updated in 5 years or more
771747938,way,last_update,13-2-2020,Feature has not been updated in 5 years or more
771747939,way,last_update,13-2-2020,Feature has not been updated in 5 years or more
772233134,way,last_update,13-2-2020,Feature has not been updated in 5 years or more
772233135,way,last_update,13-2-2020,Feature has not been updated in 5 years or more
772236707,way,last_update,10-5-2020,Feature has not been updated in 5 years or more
772255311,way,last_update,9-3-2020,Feature has not been updated in 5 years or more
772255313,way,last_update,13-2-2020,Feature has not been updated in 5 years or more
772255319,way,last_update,13-2-2020,Feature has not been updated in 5 years or more
773428088,way,last_update,17-2-2020,Feature has not been updated in 5 years or more
773641939,way,last_update,17-2-2020,Feature has not been updated in 5 years or more
773641941,way,last_update,17-2-2020,Feature has not been updated in 5 years or more
773641942,way,last_update,19-2-2020,Feature has not been updated in 5 years or more
773641943,way,last_update,17-2-2020,Feature has not been updated in 5 years or more
773641946,way,last_update,17-2-2020,Feature has not been updated in 5 years or more
773641947,way,last_update,17-2-2020,Feature has not been updated in 5 years or more
773641948,way,last_update,17-2-2020,Feature has not been updated in 5 years or more
773641950,way,last_update,17-2-2020,Feature has not been updated in 5 years or more
773641951,way,last_update,17-2-2020,Feature has not been updated in 5 years or more
773641954,way,last_update,18-2-2020,Feature has not been updated in 5 years or more
773643203,way,last_update,9-3-2020,Feature has not been updated in 5 years or more
773827088,way,last_update,18-2-2020,Feature has not been updated in 5 years or more
773840424,way,last_update,18-2-2020,Feature has not been updated in 5 years or more
773840426,way,last_update,18-2-2020,Feature has not been updated in 5 years or more
773840430,way,last_update,18-2-2020,Feature has not been updated in 5 years or more
773840431,way,last_update,18-2-2020,Feature has not been updated in 5 years or more
773840432,way,last_update,18-2-2020,Feature has not been updated in 5 years or more
773848209,way,last_update,18-2-2020,Feature has not been updated in 5 years or more
773848211,way,last_update,3-8-2020,Feature has not been updated in 5 years or more
773848212,way,last_update,18-2-2020,Feature has not been updated in 5 years or more
774854290,way,last_update,19-2-2020,Feature has not been updated in 5 years or more
774854291,way,last_update,7-6-2020,Feature has not been updated in 5 years or more
774854292,way,last_update,8-8-2020,Feature has not been updated in 5 years or more
774859001,way,last_update,19-2-2020,Feature has not been updated in 5 years or more
774859002,way,last_update,24-2-2020,Feature has not been updated in 5 years or more
774859003,way,last_update,24-2-2020,Feature has not been updated in 5 years or more
774859004,way,last_update,24-2-2020,Feature has not been updated in 5 years or more
774859005,way,last_update,24-2-2020,Feature has not been updated in 5 years or more
774859006,way,last_update,24-2-2020,Feature has not been updated in 5 years or more
774859007,way,last_update,24-2-2020,Feature has not been updated in 5 years or more
774859008,way,last_update,24-2-2020,Feature has not been updated in 5 years or more
774859009,way,last_update,24-2-2020,Feature has not been updated in 5 years or more
774859010,way,last_update,24-2-2020,Feature has not been updated in 5 years or more
774859015,way,last_update,19-2-2020,Feature has not been updated in 5 years or more
774859016,way,last_update,19-2-2020,Feature has not been updated in 5 years or more
774859018,way,last_update,19-2-2020,Feature has not been updated in 5 years or more
775110408,way,last_update,20-2-2020,Feature has not been updated in 5 years or more
775980781,way,last_update,24-2-2020,Feature has not been updated in 5 years or more
775993104,way,last_update,24-2-2020,Feature has not been updated in 5 years or more
776031143,way,last_update,24-2-2020,Feature has not been updated in 5 years or more
776031145,way,last_update,24-2-2020,Feature has not been updated in 5 years or more
776031153,way,last_update,24-2-2020,Feature has not been updated in 5 years or more
776031156,way,last_update,24-2-2020,Feature has not been updated in 5 years or more
776604944,way,last_update,27-5-2020,Feature has not been updated in 5 years or more
776604945,way,last_update,27-5-2020,Feature has not been updated in 5 years or more
776604947,way,last_update,26-2-2020,Feature has not been updated in 5 years or more
776616756,way,last_update,26-5-2020,Feature has not been updated in 5 years or more
776616757,way,last_update,26-2-2020,Feature has not been updated in 5 years or more
776616758,way,last_update,26-2-2020,Feature has not been updated in 5 years or more
776616759,way,last_update,26-5-2020,Feature has not been updated in 5 years or more
776616764,way,last_update,26-2-2020,Feature has not been updated in 5 years or more
776616767,way,last_update,27-5-2020,Feature has not been updated in 5 years or more
776616768,way,last_update,26-5-2020,Feature has not been updated in 5 years or more
776616772,way,last_update,26-2-2020,Feature has not been updated in 5 years or more
776616774,way,last_update,26-2-2020,Feature has not been updated in 5 years or more
776616779,way,last_update,26-2-2020,Feature has not been updated in 5 years or more
776616780,way,last_update,26-2-2020,Feature has not been updated in 5 years or more
776616782,way,last_update,26-2-2020,Feature has not been updated in 5 years or more
776616783,way,last_update,26-2-2020,Feature has not been updated in 5 years or more
777260045,way,last_update,29-2-2020,Feature has not been updated in 5 years or more
777260047,way,last_update,29-2-2020,Feature has not been updated in 5 years or more
777276463,way,last_update,29-2-2020,Feature has not been updated in 5 years or more
777276465,way,last_update,29-2-2020,Feature has not been updated in 5 years or more
777276466,way,last_update,29-2-2020,Feature has not been updated in 5 years or more
777348752,way,last_update,29-2-2020,Feature has not been updated in 5 years or more
777348757,way,last_update,29-2-2020,Feature has not been updated in 5 years or more
778074380,way,last_update,28-5-2020,Feature has not been updated in 5 years or more
778074382,way,last_update,3-3-2020,Feature has not been updated in 5 years or more
778074383,way,last_update,3-3-2020,Feature has not been updated in 5 years or more
778074384,way,last_update,3-3-2020,Feature has not been updated in 5 years or more
778579726,way,last_update,5-3-2020,Feature has not been updated in 5 years or more
778579728,way,last_update,5-3-2020,Feature has not been updated in 5 years or more
778579730,way,last_update,5-3-2020,Feature has not been updated in 5 years or more
778579734,way,last_update,5-3-2020,Feature has not been updated in 5 years or more
778579735,way,last_update,5-3-2020,Feature has not been updated in 5 years or more
778582308,way,last_update,5-3-2020,Feature has not been updated in 5 years or more
778582311,way,last_update,5-3-2020,Feature has not been updated in 5 years or more
779380722,way,last_update,8-3-2020,Feature has not been updated in 5 years or more
779440163,way,last_update,9-3-2020,Feature has not been updated in 5 years or more
779440164,way,last_update,9-3-2020,Feature has not been updated in 5 years or more
779440166,way,last_update,9-3-2020,Feature has not been updated in 5 years or more
779440167,way,last_update,9-3-2020,Feature has not been updated in 5 years or more
779440170,way,last_update,9-3-2020,Feature has not been updated in 5 years or more
779440174,way,last_update,9-3-2020,Feature has not been updated in 5 years or more
779440175,way,last_update,9-3-2020,Feature has not been updated in 5 years or more
779660558,way,last_update,9-2-2021,Feature has not been updated in 5 years or more
779660559,way,last_update,13-3-2020,Feature has not been updated in 5 years or more
779660562,way,last_update,9-3-2020,Feature has not been updated in 5 years or more
779660564,way,last_update,9-3-2020,Feature has not been updated in 5 years or more
779660566,way,last_update,9-3-2020,Feature has not been updated in 5 years or more
779660568,way,last_update,9-3-2020,Feature has not been updated in 5 years or more
781071664,way,last_update,13-3-2020,Feature has not been updated in 5 years or more
781071665,way,last_update,13-3-2020,Feature has not been updated in 5 years or more
781378650,way,last_update,14-3-2020,Feature has not been updated in 5 years or more
785180895,way,last_update,27-3-2020,Feature has not been updated in 5 years or more
785180897,way,last_update,27-3-2020,Feature has not been updated in 5 years or more
785180899,way,last_update,27-3-2020,Feature has not been updated in 5 years or more
785190155,way,last_update,27-3-2020,Feature has not been updated in 5 years or more
785965154,way,last_update,30-3-2020,Feature has not been updated in 5 years or more
785965158,way,last_update,30-3-2020,Feature has not been updated in 5 years or more
785970054,way,last_update,16-5-2020,Feature has not been updated in 5 years or more
786952851,way,last_update,1-4-2020,Feature has not been updated in 5 years or more
786952852,way,last_update,1-4-2020,Feature has not been updated in 5 years or more
786952853,way,last_update,1-4-2020,Feature has not been updated in 5 years or more
786952854,way,last_update,1-4-2020,Feature has not been updated in 5 years or more
786952855,way,last_update,1-4-2020,Feature has not been updated in 5 years or more
786952859,way,last_update,1-4-2020,Feature has not been updated in 5 years or more
786952865,way,last_update,1-4-2020,Feature has not been updated in 5 years or more
786952866,way,last_update,1-4-2020,Feature has not been updated in 5 years or more
786952871,way,last_update,1-4-2020,Feature has not been updated in 5 years or more
786952872,way,last_update,1-4-2020,Feature has not been updated in 5 years or more
786952873,way,last_update,27-11-2020,Feature has not been updated in 5 years or more
786952874,way,last_update,1-4-2020,Feature has not been updated in 5 years or more
786952880,way,last_update,1-4-2020,Feature has not been updated in 5 years or more
786952881,way,last_update,27-11-2020,Feature has not been updated in 5 years or more
788290867,way,last_update,5-4-2020,Feature has not been updated in 5 years or more
788290868,way,last_update,27-11-2020,Feature has not been updated in 5 years or more
788307181,way,last_update,5-4-2020,Feature has not been updated in 5 years or more
788307182,way,last_update,5-4-2020,Feature has not been updated in 5 years or more
790018766,way,last_update,9-4-2020,Feature has not been updated in 5 years or more
790018769,way,last_update,9-4-2020,Feature has not been updated in 5 years or more
790018771,way,last_update,9-4-2020,Feature has not been updated in 5 years or more
790018774,way,last_update,9-4-2020,Feature has not been updated in 5 years or more
790034528,way,last_update,9-4-2020,Feature has not been updated in 5 years or more
790034532,way,last_update,9-4-2020,Feature has not been updated in 5 years or more
790034534,way,last_update,9-4-2020,Feature has not been updated in 5 years or more
790034535,way,last_update,9-4-2020,Feature has not been updated in 5 years or more
790034536,way,last_update,17-11-2020,Feature has not been updated in 5 years or more
790034541,way,last_update,17-11-2020,Feature has not been updated in 5 years or more
790438919,way,last_update,10-4-2020,Feature has not been updated in 5 years or more
790438923,way,last_update,10-4-2020,Feature has not been updated in 5 years or more
790438931,way,last_update,10-4-2020,Feature has not been updated in 5 years or more
790438933,way,last_update,10-4-2020,Feature has not been updated in 5 years or more
790438934,way,last_update,10-4-2020,Feature has not been updated in 5 years or more
790438936,way,last_update,10-4-2020,Feature has not been updated in 5 years or more
790438937,way,last_update,10-4-2020,Feature has not been updated in 5 years or more
790438939,way,last_update,10-4-2020,Feature has not been updated in 5 years or more
790438946,way,last_update,10-4-2020,Feature has not been updated in 5 years or more
790438948,way,last_update,10-4-2020,Feature has not been updated in 5 years or more
790438950,way,last_update,10-4-2020,Feature has not been updated in 5 years or more
790438952,way,last_update,10-4-2020,Feature has not been updated in 5 years or more
790438955,way,last_update,10-4-2020,Feature has not been updated in 5 years or more
790438957,way,last_update,10-4-2020,Feature has not been updated in 5 years or more
790438961,way,last_update,10-4-2020,Feature has not been updated in 5 years or more
790438964,way,last_update,10-4-2020,Feature has not been updated in 5 years or more
790438965,way,last_update,10-4-2020,Feature has not been updated in 5 years or more
790438966,way,last_update,10-4-2020,Feature has not been updated in 5 years or more
790438985,way,last_update,10-4-2020,Feature has not been updated in 5 years or more
790438987,way,last_update,10-4-2020,Feature has not been updated in 5 years or more
790438990,way,last_update,10-4-2020,Feature has not been updated in 5 years or more
790438991,way,last_update,10-4-2020,Feature has not been updated in 5 years or more
795380018,way,last_update,23-4-2020,Feature has not been updated in 5 years or more
795380019,way,last_update,23-4-2020,Feature has not been updated in 5 years or more
795380022,way,last_update,16-5-2020,Feature has not been updated in 5 years or more
795399541,way,last_update,23-4-2020,Feature has not been updated in 5 years or more
795399543,way,last_update,23-4-2020,Feature has not been updated in 5 years or more
795399545,way,last_update,23-4-2020,Feature has not been updated in 5 years or more
795399547,way,last_update,23-4-2020,Feature has not been updated in 5 years or more
795399549,way,last_update,23-4-2020,Feature has not been updated in 5 years or more
795399552,way,last_update,23-4-2020,Feature has not been updated in 5 years or more
795399557,way,last_update,23-4-2020,Feature has not been updated in 5 years or more
795399559,way,last_update,23-4-2020,Feature has not been updated in 5 years or more
795399564,way,last_update,23-4-2020,Feature has not been updated in 5 years or more
795399565,way,last_update,23-4-2020,Feature has not been updated in 5 years or more
795399566,way,last_update,23-4-2020,Feature has not been updated in 5 years or more
795399567,way,last_update,23-4-2020,Feature has not been updated in 5 years or more
795399568,way,last_update,23-4-2020,Feature has not been updated in 5 years or more
795399569,way,last_update,23-4-2020,Feature has not been updated in 5 years or more
796499435,way,last_update,26-4-2020,Feature has not been updated in 5 years or more
796499437,way,last_update,26-4-2020,Feature has not been updated in 5 years or more
796499440,way,last_update,26-4-2020,Feature has not been updated in 5 years or more
796499441,way,last_update,26-4-2020,Feature has not been updated in 5 years or more
796499443,way,last_update,26-4-2020,Feature has not been updated in 5 years or more
796560991,way,last_update,26-4-2020,Feature has not been updated in 5 years or more
796560993,way,last_update,26-4-2020,Feature has not been updated in 5 years or more
796560994,way,last_update,26-4-2020,Feature has not been updated in 5 years or more
796560995,way,last_update,26-4-2020,Feature has not been updated in 5 years or more
796560998,way,last_update,26-4-2020,Feature has not been updated in 5 years or more
796594178,way,last_update,26-4-2020,Feature has not been updated in 5 years or more
796594179,way,last_update,26-4-2020,Feature has not been updated in 5 years or more
796594180,way,last_update,26-4-2020,Feature has not been updated in 5 years or more
796594181,way,last_update,26-4-2020,Feature has not been updated in 5 years or more
796594190,way,last_update,26-4-2020,Feature has not been updated in 5 years or more
796594192,way,last_update,26-4-2020,Feature has not been updated in 5 years or more
796594193,way,last_update,26-4-2020,Feature has not been updated in 5 years or more
796594195,way,last_update,26-4-2020,Feature has not been updated in 5 years or more
796594196,way,last_update,26-4-2020,Feature has not been updated in 5 years or more
796594200,way,last_update,26-4-2020,Feature has not been updated in 5 years or more
796594203,way,last_update,26-4-2020,Feature has not been updated in 5 years or more
796594204,way,last_update,26-4-2020,Feature has not been updated in 5 years or more
796594211,way,last_update,26-4-2020,Feature has not been updated in 5 years or more
796594213,way,last_update,26-4-2020,Feature has not been updated in 5 years or more
796594218,way,last_update,26-4-2020,Feature has not been updated in 5 years or more
796594220,way,last_update,26-4-2020,Feature has not been updated in 5 years or more
796594222,way,last_update,26-4-2020,Feature has not been updated in 5 years or more
796594224,way,last_update,26-4-2020,Feature has not been updated in 5 years or more
796594225,way,last_update,26-4-2020,Feature has not been updated in 5 years or more
796600265,way,last_update,26-4-2020,Feature has not been updated in 5 years or more
798536803,way,last_update,30-4-2020,Feature has not been updated in 5 years or more
798536812,way,last_update,30-4-2020,Feature has not been updated in 5 years or more
798536813,way,last_update,30-4-2020,Feature has not been updated in 5 years or more
798536817,way,last_update,30-4-2020,Feature has not been updated in 5 years or more
798536820,way,last_update,30-4-2020,Feature has not been updated in 5 years or more
798536821,way,last_update,30-4-2020,Feature has not been updated in 5 years or more
798536825,way,last_update,30-4-2020,Feature has not been updated in 5 years or more
798543619,way,last_update,30-4-2020,Feature has not been updated in 5 years or more
798543620,way,last_update,30-4-2020,Feature has not been updated in 5 years or more
798548887,way,last_update,1-5-2020,Feature has not been updated in 5 years or more
799811829,way,last_update,4-5-2020,Feature has not been updated in 5 years or more
799811830,way,last_update,4-5-2020,Feature has not been updated in 5 years or more
799811831,way,last_update,4-5-2020,Feature has not been updated in 5 years or more
799811832,way,last_update,4-5-2020,Feature has not been updated in 5 years or more
799811833,way,last_update,4-5-2020,Feature has not been updated in 5 years or more
799811834,way,last_update,4-5-2020,Feature has not been updated in 5 years or more
799811851,way,last_update,4-5-2020,Feature has not been updated in 5 years or more
799811852,way,last_update,4-5-2020,Feature has not been updated in 5 years or more
799811853,way,last_update,4-5-2020,Feature has not been updated in 5 years or more
799811855,way,last_update,4-5-2020,Feature has not been updated in 5 years or more
799811857,way,last_update,4-5-2020,Feature has not been updated in 5 years or more
802057238,way,last_update,10-5-2020,Feature has not been updated in 5 years or more
802057242,way,last_update,10-5-2020,Feature has not been updated in 5 years or more
802057245,way,last_update,10-5-2020,Feature has not been updated in 5 years or more
802057247,way,last_update,10-5-2020,Feature has not been updated in 5 years or more
802057248,way,last_update,10-5-2020,Feature has not been updated in 5 years or more
802057250,way,last_update,10-5-2020,Feature has not been updated in 5 years or more
802057251,way,last_update,10-5-2020,Feature has not been updated in 5 years or more
802057252,way,last_update,10-5-2020,Feature has not been updated in 5 years or more
802057254,way,last_update,10-5-2020,Feature has not been updated in 5 years or more
802057256,way,last_update,10-5-2020,Feature has not been updated in 5 years or more
802057259,way,last_update,10-5-2020,Feature has not been updated in 5 years or more
802057260,way,last_update,10-5-2020,Feature has not been updated in 5 years or more
802538226,way,last_update,11-5-2020,Feature has not been updated in 5 years or more
802538233,way,last_update,11-5-2020,Feature has not been updated in 5 years or more
802538242,way,last_update,11-5-2020,Feature has not been updated in 5 years or more
804771150,way,last_update,16-5-2020,Feature has not been updated in 5 years or more
804771152,way,last_update,16-5-2020,Feature has not been updated in 5 years or more
804771154,way,last_update,16-5-2020,Feature has not been updated in 5 years or more
804771157,way,last_update,16-5-2020,Feature has not been updated in 5 years or more
804771161,way,last_update,16-5-2020,Feature has not been updated in 5 years or more
804777681,way,last_update,16-5-2020,Feature has not been updated in 5 years or more
804777682,way,last_update,16-5-2020,Feature has not been updated in 5 years or more
804789630,way,last_update,17-5-2020,Feature has not been updated in 5 years or more
804789631,way,last_update,17-5-2020,Feature has not been updated in 5 years or more
804789632,way,last_update,30-5-2020,Feature has not been updated in 5 years or more
804789644,way,last_update,17-5-2020,Feature has not been updated in 5 years or more
804789645,way,last_update,17-5-2020,Feature has not been updated in 5 years or more
804789646,way,last_update,17-5-2020,Feature has not been updated in 5 years or more
804789648,way,last_update,17-5-2020,Feature has not been updated in 5 years or more
805015261,way,last_update,17-5-2020,Feature has not been updated in 5 years or more
805015263,way,last_update,17-5-2020,Feature has not been updated in 5 years or more
808196077,way,last_update,25-5-2020,Feature has not been updated in 5 years or more
808196079,way,last_update,25-5-2020,Feature has not been updated in 5 years or more
808196080,way,last_update,25-5-2020,Feature has not been updated in 5 years or more
808196082,way,last_update,25-5-2020,Feature has not been updated in 5 years or more
808196087,way,last_update,25-5-2020,Feature has not been updated in 5 years or more
808196088,way,last_update,25-5-2020,Feature has not been updated in 5 years or more
808196090,way,last_update,25-5-2020,Feature has not been updated in 5 years or more
808889732,way,last_update,27-5-2020,Feature has not been updated in 5 years or more
817874454,way,last_update,20-6-2020,Feature has not been updated in 5 years or more
817874458,way,last_update,20-6-2020,Feature has not been updated in 5 years or more
817874460,way,last_update,20-6-2020,Feature has not been updated in 5 years or more
817874465,way,last_update,20-6-2020,Feature has not been updated in 5 years or more
817874478,way,last_update,20-6-2020,Feature has not been updated in 5 years or more
817874484,way,last_update,20-6-2020,Feature has not been updated in 5 years or more
844629102,way,last_update,5-9-2020,Feature has not been updated in 5 years or more
844629106,way,last_update,27-12-2020,Feature has not been updated in 5 years or more
844634807,way,last_update,5-9-2020,Feature has not been updated in 5 years or more
844634808,way,last_update,5-9-2020,Feature has not been updated in 5 years or more
844640095,way,last_update,5-9-2020,Feature has not been updated in 5 years or more
844640107,way,last_update,5-9-2020,Feature has not been updated in 5 years or more
878384642,way,last_update,27-11-2020,Feature has not been updated in 5 years or more
879062755,way,last_update,30-11-2020,Feature has not been updated in 5 years or more
879062756,way,last_update,30-11-2020,Feature has not been updated in 5 years or more
905563975,way,last_update,9-2-2021,Feature has not been updated in 5 years or more
905563976,way,last_update,9-2-2021,Feature has not been updated in 5 years or more
930197357,way,last_update,13-4-2021,Feature has not been updated in 5 years or more
930197361,way,last_update,13-4-2021,Feature has not been updated in 5 years or more
930197363,way,last_update,13-4-2021,Feature has not been updated in 5 years or more
930197364,way,last_update,13-4-2021,Feature has not been updated in 5 years or more
930656673,way,last_update,14-4-2021,Feature has not been updated in 5 years or more
938081698,way,last_update,2-5-2021,Feature has not been updated in 5 years or more
966533986,way,last_update,22-7-2021,Feature has not been updated in 5 years or more
971309848,way,last_update,8-8-2021,Feature has not been updated in 5 years or more
971309854,way,last_update,8-8-2021,Feature has not been updated in 5 years or more
