osm_id,feat_type,key,value,commentary
1708648,relation,last_update,9-8-2004,Feature has not been updated in 5 years or more
1918489,relation,last_update,9-8-2004,Feature has not been updated in 5 years or more
2116087,relation,last_update,9-8-2004,Feature has not been updated in 5 years or more
2323147,relation,last_update,9-8-2004,Feature has not been updated in 5 years or more
2374513,relation,last_update,9-8-2004,Feature has not been updated in 5 years or more
2374521,relation,last_update,9-8-2004,Feature has not been updated in 5 years or more
2394653,relation,last_update,9-8-2004,Feature has not been updated in 5 years or more
2410236,relation,last_update,9-8-2004,Feature has not been updated in 5 years or more
2418443,relation,last_update,9-8-2004,Feature has not been updated in 5 years or more
2430592,relation,last_update,9-8-2004,Feature has not been updated in 5 years or more
2587140,relation,last_update,9-8-2004,Feature has not been updated in 5 years or more
2824309,relation,last_update,9-8-2004,Feature has not been updated in 5 years or more
3234374,relation,last_update,9-8-2004,Feature has not been updated in 5 years or more
9041046,relation,last_update,29-1-2013,Feature has not been updated in 5 years or more
9521568,relation,last_update,9-8-2004,Feature has not been updated in 5 years or more
9582989,relation,last_update,24-4-2019,Feature has not been updated in 5 years or more
10224595,relation,last_update,9-8-2004,Feature has not been updated in 5 years or more
10643614,relation,last_update,9-8-2004,Feature has not been updated in 5 years or more
10643615,relation,last_update,9-8-2004,Feature has not been updated in 5 years or more
10643616,relation,last_update,16-6-2020,Feature has not been updated in 5 years or more
10643617,relation,last_update,26-8-2020,Feature has not been updated in 5 years or more
10648437,relation,last_update,27-5-2011,Feature has not been updated in 5 years or more
13592880,relation,last_update,2-7-2014,Feature has not been updated in 5 years or more
26745793,way,last_update,24-11-2008,Feature has not been updated in 5 years or more
26745865,way,last_update,18-2-2012,Feature has not been updated in 5 years or more
27298559,way,last_update,19-2-2012,Feature has not been updated in 5 years or more
28238942,way,last_update,6-8-2011,Feature has not been updated in 5 years or more
28595727,way,last_update,17-6-2012,Feature has not been updated in 5 years or more
29314901,way,last_update,29-6-2012,Feature has not been updated in 5 years or more
29315107,way,last_update,29-6-2012,Feature has not been updated in 5 years or more
30455746,way,last_update,25-1-2009,Feature has not been updated in 5 years or more
30456250,way,last_update,31-1-2012,Feature has not been updated in 5 years or more
30738771,way,last_update,27-3-2011,Feature has not been updated in 5 years or more
32300030,way,last_update,19-3-2009,Feature has not been updated in 5 years or more
32946447,way,last_update,8-12-2013,Feature has not been updated in 5 years or more
33733569,way,last_update,4-11-2016,Feature has not been updated in 5 years or more
33733845,way,last_update,8-8-2011,Feature has not been updated in 5 years or more
33734547,way,last_update,7-8-2011,Feature has not been updated in 5 years or more
34687127,way,last_update,7-3-2012,Feature has not been updated in 5 years or more
34689413,way,last_update,10-4-2012,Feature has not been updated in 5 years or more
36421510,way,last_update,13-8-2012,Feature has not been updated in 5 years or more
38267203,way,last_update,30-7-2009,Feature has not been updated in 5 years or more
38267204,way,last_update,30-7-2009,Feature has not been updated in 5 years or more
41024152,way,last_update,18-9-2009,Feature has not been updated in 5 years or more
41698299,way,last_update,29-9-2009,Feature has not been updated in 5 years or more
42433748,way,last_update,15-3-2012,Feature has not been updated in 5 years or more
42433750,way,last_update,15-3-2012,Feature has not been updated in 5 years or more
44572114,way,last_update,25-7-2012,Feature has not been updated in 5 years or more
58782017,way,last_update,20-12-2018,Feature has not been updated in 5 years or more
58799132,way,last_update,10-5-2010,Feature has not been updated in 5 years or more
58799233,way,last_update,10-5-2010,Feature has not been updated in 5 years or more
58799253,way,last_update,10-5-2010,Feature has not been updated in 5 years or more
58799368,way,last_update,10-5-2010,Feature has not been updated in 5 years or more
58799370,way,last_update,10-5-2010,Feature has not been updated in 5 years or more
58799371,way,last_update,10-5-2010,Feature has not been updated in 5 years or more
60931961,way,last_update,21-2-2012,Feature has not been updated in 5 years or more
60945959,way,last_update,9-2-2012,Feature has not been updated in 5 years or more
60946292,way,last_update,31-8-2018,Feature has not been updated in 5 years or more
60946296,way,last_update,28-5-2012,Feature has not been updated in 5 years or more
60946310,way,last_update,10-4-2012,Feature has not been updated in 5 years or more
61433103,way,last_update,16-8-2012,Feature has not been updated in 5 years or more
61433106,way,last_update,16-8-2012,Feature has not been updated in 5 years or more
61433115,way,last_update,16-8-2012,Feature has not been updated in 5 years or more
61433677,way,last_update,20-8-2011,Feature has not been updated in 5 years or more
61433679,way,last_update,27-8-2019,Feature has not been updated in 5 years or more
61433685,way,last_update,14-1-2011,Feature has not been updated in 5 years or more
61433691,way,last_update,27-8-2019,Feature has not been updated in 5 years or more
61433693,way,last_update,14-1-2011,Feature has not been updated in 5 years or more
61433695,way,last_update,27-8-2019,Feature has not been updated in 5 years or more
61433703,way,last_update,27-8-2019,Feature has not been updated in 5 years or more
61433705,way,last_update,20-8-2011,Feature has not been updated in 5 years or more
61433707,way,last_update,27-8-2019,Feature has not been updated in 5 years or more
61433709,way,last_update,20-8-2011,Feature has not been updated in 5 years or more
61433710,way,last_update,14-1-2011,Feature has not been updated in 5 years or more
61434969,way,last_update,31-7-2015,Feature has not been updated in 5 years or more
61434972,way,last_update,5-2-2011,Feature has not been updated in 5 years or more
61434983,way,last_update,5-2-2011,Feature has not been updated in 5 years or more
61434985,way,last_update,5-2-2011,Feature has not been updated in 5 years or more
61434992,way,last_update,5-2-2011,Feature has not been updated in 5 years or more
61435003,way,last_update,5-2-2011,Feature has not been updated in 5 years or more
65876103,way,last_update,1-9-2011,Feature has not been updated in 5 years or more
69827595,way,last_update,26-3-2011,Feature has not been updated in 5 years or more
69827600,way,last_update,27-7-2010,Feature has not been updated in 5 years or more
69839071,way,last_update,27-7-2010,Feature has not been updated in 5 years or more
69839093,way,last_update,10-8-2011,Feature has not been updated in 5 years or more
69843776,way,last_update,19-9-2020,Feature has not been updated in 5 years or more
69964005,way,last_update,13-1-2011,Feature has not been updated in 5 years or more
87375272,way,last_update,2-12-2010,Feature has not been updated in 5 years or more
87375304,way,last_update,9-1-2019,Feature has not been updated in 5 years or more
87375306,way,last_update,2-12-2010,Feature has not been updated in 5 years or more
87375313,way,last_update,2-12-2010,Feature has not been updated in 5 years or more
87434881,way,last_update,2-12-2010,Feature has not been updated in 5 years or more
87434884,way,last_update,2-12-2010,Feature has not been updated in 5 years or more
87434909,way,last_update,7-1-2019,Feature has not been updated in 5 years or more
87482706,way,last_update,3-12-2010,Feature has not been updated in 5 years or more
94846265,way,last_update,30-5-2020,Feature has not been updated in 5 years or more
95073223,way,last_update,13-4-2021,Feature has not been updated in 5 years or more
95482643,way,last_update,8-3-2020,Feature has not been updated in 5 years or more
95482668,way,last_update,29-7-2011,Feature has not been updated in 5 years or more
97935629,way,last_update,28-9-2011,Feature has not been updated in 5 years or more
98262915,way,last_update,5-2-2011,Feature has not been updated in 5 years or more
98675019,way,last_update,1-8-2019,Feature has not been updated in 5 years or more
99284491,way,last_update,12-2-2011,Feature has not been updated in 5 years or more
99284492,way,last_update,12-2-2011,Feature has not been updated in 5 years or more
99284493,way,last_update,12-2-2011,Feature has not been updated in 5 years or more
99284505,way,last_update,12-2-2011,Feature has not been updated in 5 years or more
99284512,way,last_update,12-2-2011,Feature has not been updated in 5 years or more
99288341,way,last_update,12-2-2011,Feature has not been updated in 5 years or more
99458761,way,last_update,17-9-2016,Feature has not been updated in 5 years or more
99977005,way,last_update,17-7-2018,Feature has not been updated in 5 years or more
100227849,way,last_update,2-3-2020,Feature has not been updated in 5 years or more
103496376,way,last_update,8-10-2019,Feature has not been updated in 5 years or more
103496382,way,last_update,8-10-2019,Feature has not been updated in 5 years or more
104760286,way,last_update,27-12-2019,Feature has not been updated in 5 years or more
105827760,way,last_update,26-3-2011,Feature has not been updated in 5 years or more
105827762,way,last_update,26-3-2011,Feature has not been updated in 5 years or more
105827770,way,last_update,26-3-2011,Feature has not been updated in 5 years or more
105827771,way,last_update,26-3-2011,Feature has not been updated in 5 years or more
105827777,way,last_update,30-8-2011,Feature has not been updated in 5 years or more
106048294,way,last_update,27-3-2011,Feature has not been updated in 5 years or more
106048295,way,last_update,27-3-2011,Feature has not been updated in 5 years or more
106048301,way,last_update,27-3-2011,Feature has not been updated in 5 years or more
106048307,way,last_update,27-3-2011,Feature has not been updated in 5 years or more
106048318,way,last_update,8-8-2011,Feature has not been updated in 5 years or more
106048323,way,last_update,27-3-2011,Feature has not been updated in 5 years or more
106048325,way,last_update,27-3-2011,Feature has not been updated in 5 years or more
106216077,way,last_update,28-3-2011,Feature has not been updated in 5 years or more
106352244,way,last_update,29-3-2011,Feature has not been updated in 5 years or more
106352249,way,last_update,29-3-2011,Feature has not been updated in 5 years or more
106352254,way,last_update,29-8-2011,Feature has not been updated in 5 years or more
108400354,way,last_update,14-4-2011,Feature has not been updated in 5 years or more
108400359,way,last_update,14-4-2011,Feature has not been updated in 5 years or more
108400379,way,last_update,14-4-2011,Feature has not been updated in 5 years or more
108533386,way,last_update,18-5-2017,Feature has not been updated in 5 years or more
108533398,way,last_update,20-4-2020,Feature has not been updated in 5 years or more
108533401,way,last_update,19-4-2020,Feature has not been updated in 5 years or more
109043997,way,last_update,13-4-2021,Feature has not been updated in 5 years or more
109359543,way,last_update,20-4-2011,Feature has not been updated in 5 years or more
109359561,way,last_update,20-4-2011,Feature has not been updated in 5 years or more
110356797,way,last_update,8-10-2018,Feature has not been updated in 5 years or more
110356799,way,last_update,23-3-2012,Feature has not been updated in 5 years or more
110356811,way,last_update,23-3-2012,Feature has not been updated in 5 years or more
110356824,way,last_update,30-12-2020,Feature has not been updated in 5 years or more
110356834,way,last_update,26-4-2011,Feature has not been updated in 5 years or more
110356842,way,last_update,26-4-2011,Feature has not been updated in 5 years or more
110356846,way,last_update,8-10-2018,Feature has not been updated in 5 years or more
110356855,way,last_update,8-10-2018,Feature has not been updated in 5 years or more
110356861,way,last_update,8-10-2018,Feature has not been updated in 5 years or more
111073703,way,last_update,30-4-2011,Feature has not been updated in 5 years or more
111074245,way,last_update,30-4-2011,Feature has not been updated in 5 years or more
111074251,way,last_update,30-4-2011,Feature has not been updated in 5 years or more
111083122,way,last_update,30-4-2011,Feature has not been updated in 5 years or more
111083139,way,last_update,30-4-2011,Feature has not been updated in 5 years or more
111083203,way,last_update,30-4-2011,Feature has not been updated in 5 years or more
111083219,way,last_update,30-4-2011,Feature has not been updated in 5 years or more
111164844,way,last_update,30-4-2011,Feature has not been updated in 5 years or more
111164854,way,last_update,30-4-2011,Feature has not been updated in 5 years or more
111164866,way,last_update,30-4-2011,Feature has not been updated in 5 years or more
111164895,way,last_update,31-3-2019,Feature has not been updated in 5 years or more
111164898,way,last_update,30-4-2011,Feature has not been updated in 5 years or more
111164902,way,last_update,31-3-2019,Feature has not been updated in 5 years or more
111164903,way,last_update,30-4-2011,Feature has not been updated in 5 years or more
111164915,way,last_update,30-4-2011,Feature has not been updated in 5 years or more
111164931,way,last_update,30-4-2011,Feature has not been updated in 5 years or more
111164937,way,last_update,30-4-2011,Feature has not been updated in 5 years or more
111164941,way,last_update,30-4-2011,Feature has not been updated in 5 years or more
111164943,way,last_update,30-4-2011,Feature has not been updated in 5 years or more
111164980,way,last_update,30-4-2011,Feature has not been updated in 5 years or more
111164991,way,last_update,30-4-2011,Feature has not been updated in 5 years or more
111165009,way,last_update,30-4-2011,Feature has not been updated in 5 years or more
111165029,way,last_update,29-3-2019,Feature has not been updated in 5 years or more
111165071,way,last_update,31-3-2019,Feature has not been updated in 5 years or more
111165076,way,last_update,30-4-2011,Feature has not been updated in 5 years or more
111165079,way,last_update,1-4-2019,Feature has not been updated in 5 years or more
111165085,way,last_update,20-8-2014,Feature has not been updated in 5 years or more
111165088,way,last_update,30-4-2011,Feature has not been updated in 5 years or more
111165094,way,last_update,30-4-2011,Feature has not been updated in 5 years or more
111165124,way,last_update,30-4-2011,Feature has not been updated in 5 years or more
111165135,way,last_update,30-4-2011,Feature has not been updated in 5 years or more
111178124,way,last_update,30-4-2011,Feature has not been updated in 5 years or more
111178151,way,last_update,11-2-2019,Feature has not been updated in 5 years or more
111178174,way,last_update,30-4-2011,Feature has not been updated in 5 years or more
111178212,way,last_update,24-5-2011,Feature has not been updated in 5 years or more
111178300,way,last_update,11-2-2019,Feature has not been updated in 5 years or more
111178322,way,last_update,30-4-2011,Feature has not been updated in 5 years or more
111178326,way,last_update,3-11-2018,Feature has not been updated in 5 years or more
111178336,way,last_update,30-4-2011,Feature has not been updated in 5 years or more
111178344,way,last_update,8-7-2016,Feature has not been updated in 5 years or more
111178346,way,last_update,30-1-2019,Feature has not been updated in 5 years or more
111178371,way,last_update,29-3-2017,Feature has not been updated in 5 years or more
111178392,way,last_update,30-4-2011,Feature has not been updated in 5 years or more
111178424,way,last_update,16-2-2019,Feature has not been updated in 5 years or more
111178426,way,last_update,30-1-2019,Feature has not been updated in 5 years or more
111178437,way,last_update,30-4-2011,Feature has not been updated in 5 years or more
111289129,way,last_update,1-5-2011,Feature has not been updated in 5 years or more
111289131,way,last_update,1-5-2011,Feature has not been updated in 5 years or more
111289132,way,last_update,1-5-2011,Feature has not been updated in 5 years or more
111289133,way,last_update,1-5-2011,Feature has not been updated in 5 years or more
111289136,way,last_update,1-5-2011,Feature has not been updated in 5 years or more
111289151,way,last_update,1-5-2011,Feature has not been updated in 5 years or more
111289163,way,last_update,1-5-2011,Feature has not been updated in 5 years or more
111289164,way,last_update,1-5-2011,Feature has not been updated in 5 years or more
111289172,way,last_update,1-5-2011,Feature has not been updated in 5 years or more
111289186,way,last_update,18-5-2011,Feature has not been updated in 5 years or more
111289195,way,last_update,1-5-2011,Feature has not been updated in 5 years or more
111289199,way,last_update,1-5-2011,Feature has not been updated in 5 years or more
111289201,way,last_update,11-5-2011,Feature has not been updated in 5 years or more
111289207,way,last_update,3-5-2011,Feature has not been updated in 5 years or more
111289221,way,last_update,1-5-2011,Feature has not been updated in 5 years or more
111289227,way,last_update,1-5-2011,Feature has not been updated in 5 years or more
111289243,way,last_update,18-5-2011,Feature has not been updated in 5 years or more
111289246,way,last_update,1-5-2011,Feature has not been updated in 5 years or more
111289260,way,last_update,1-5-2011,Feature has not been updated in 5 years or more
111289262,way,last_update,1-5-2011,Feature has not been updated in 5 years or more
111289274,way,last_update,1-5-2011,Feature has not been updated in 5 years or more
111289279,way,last_update,27-5-2020,Feature has not been updated in 5 years or more
111289280,way,last_update,20-12-2014,Feature has not been updated in 5 years or more
111289284,way,last_update,24-2-2012,Feature has not been updated in 5 years or more
111289287,way,last_update,1-5-2011,Feature has not been updated in 5 years or more
111289297,way,last_update,1-5-2011,Feature has not been updated in 5 years or more
111289302,way,last_update,1-5-2011,Feature has not been updated in 5 years or more
111289310,way,last_update,11-5-2011,Feature has not been updated in 5 years or more
111289318,way,last_update,1-5-2011,Feature has not been updated in 5 years or more
111289321,way,last_update,1-5-2011,Feature has not been updated in 5 years or more
111289327,way,last_update,1-5-2011,Feature has not been updated in 5 years or more
111289332,way,last_update,20-12-2014,Feature has not been updated in 5 years or more
111289346,way,last_update,1-5-2011,Feature has not been updated in 5 years or more
111289347,way,last_update,3-5-2011,Feature has not been updated in 5 years or more
111289364,way,last_update,1-5-2011,Feature has not been updated in 5 years or more
111289366,way,last_update,1-5-2011,Feature has not been updated in 5 years or more
111289403,way,last_update,1-5-2011,Feature has not been updated in 5 years or more
111289411,way,last_update,1-5-2011,Feature has not been updated in 5 years or more
111289414,way,last_update,20-12-2014,Feature has not been updated in 5 years or more
111298312,way,last_update,1-5-2011,Feature has not been updated in 5 years or more
111298315,way,last_update,1-5-2011,Feature has not been updated in 5 years or more
111298316,way,last_update,1-5-2011,Feature has not been updated in 5 years or more
111298331,way,last_update,1-5-2011,Feature has not been updated in 5 years or more
111298348,way,last_update,1-5-2011,Feature has not been updated in 5 years or more
111298353,way,last_update,26-5-2011,Feature has not been updated in 5 years or more
111298396,way,last_update,1-5-2011,Feature has not been updated in 5 years or more
111298400,way,last_update,1-5-2011,Feature has not been updated in 5 years or more
111298408,way,last_update,1-5-2011,Feature has not been updated in 5 years or more
111298411,way,last_update,1-5-2011,Feature has not been updated in 5 years or more
111298425,way,last_update,1-5-2011,Feature has not been updated in 5 years or more
111298427,way,last_update,1-5-2011,Feature has not been updated in 5 years or more
111298431,way,last_update,16-2-2019,Feature has not been updated in 5 years or more
111298447,way,last_update,22-3-2019,Feature has not been updated in 5 years or more
111298450,way,last_update,1-5-2011,Feature has not been updated in 5 years or more
111298462,way,last_update,1-5-2011,Feature has not been updated in 5 years or more
111298476,way,last_update,1-5-2011,Feature has not been updated in 5 years or more
111298485,way,last_update,1-5-2011,Feature has not been updated in 5 years or more
111298490,way,last_update,1-5-2011,Feature has not been updated in 5 years or more
111298538,way,last_update,1-5-2011,Feature has not been updated in 5 years or more
111298551,way,last_update,1-5-2011,Feature has not been updated in 5 years or more
111298562,way,last_update,1-5-2011,Feature has not been updated in 5 years or more
111298578,way,last_update,1-5-2011,Feature has not been updated in 5 years or more
111298593,way,last_update,1-5-2011,Feature has not been updated in 5 years or more
111298598,way,last_update,1-5-2011,Feature has not been updated in 5 years or more
111298619,way,last_update,1-5-2011,Feature has not been updated in 5 years or more
111298622,way,last_update,1-5-2011,Feature has not been updated in 5 years or more
111298627,way,last_update,1-5-2011,Feature has not been updated in 5 years or more
111298630,way,last_update,11-3-2019,Feature has not been updated in 5 years or more
111298631,way,last_update,1-5-2011,Feature has not been updated in 5 years or more
111298642,way,last_update,1-5-2011,Feature has not been updated in 5 years or more
111298659,way,last_update,1-5-2011,Feature has not been updated in 5 years or more
111298660,way,last_update,1-5-2011,Feature has not been updated in 5 years or more
111298662,way,last_update,1-5-2011,Feature has not been updated in 5 years or more
111298669,way,last_update,1-5-2011,Feature has not been updated in 5 years or more
111298676,way,last_update,1-5-2011,Feature has not been updated in 5 years or more
111298681,way,last_update,22-3-2019,Feature has not been updated in 5 years or more
111298685,way,last_update,1-5-2011,Feature has not been updated in 5 years or more
111298688,way,last_update,1-5-2011,Feature has not been updated in 5 years or more
111298697,way,last_update,12-3-2019,Feature has not been updated in 5 years or more
111298714,way,last_update,1-5-2011,Feature has not been updated in 5 years or more
111298716,way,last_update,1-5-2011,Feature has not been updated in 5 years or more
111298726,way,last_update,1-1-2012,Feature has not been updated in 5 years or more
111298733,way,last_update,1-5-2011,Feature has not been updated in 5 years or more
111298749,way,last_update,5-3-2019,Feature has not been updated in 5 years or more
111298750,way,last_update,26-11-2015,Feature has not been updated in 5 years or more
111298759,way,last_update,11-3-2019,Feature has not been updated in 5 years or more
111298777,way,last_update,1-5-2011,Feature has not been updated in 5 years or more
111298792,way,last_update,1-5-2011,Feature has not been updated in 5 years or more
111298796,way,last_update,1-5-2011,Feature has not been updated in 5 years or more
111298800,way,last_update,22-3-2019,Feature has not been updated in 5 years or more
111298809,way,last_update,12-3-2019,Feature has not been updated in 5 years or more
111298810,way,last_update,1-5-2011,Feature has not been updated in 5 years or more
111298829,way,last_update,1-5-2011,Feature has not been updated in 5 years or more
111298845,way,last_update,1-5-2011,Feature has not been updated in 5 years or more
111298850,way,last_update,1-5-2011,Feature has not been updated in 5 years or more
111298857,way,last_update,1-5-2011,Feature has not been updated in 5 years or more
111298864,way,last_update,1-5-2011,Feature has not been updated in 5 years or more
111298871,way,last_update,12-3-2019,Feature has not been updated in 5 years or more
111298875,way,last_update,1-5-2011,Feature has not been updated in 5 years or more
111298884,way,last_update,1-5-2011,Feature has not been updated in 5 years or more
111298910,way,last_update,1-5-2011,Feature has not been updated in 5 years or more
111298913,way,last_update,1-5-2011,Feature has not been updated in 5 years or more
111298918,way,last_update,1-5-2011,Feature has not been updated in 5 years or more
111298928,way,last_update,1-5-2011,Feature has not been updated in 5 years or more
111298932,way,last_update,1-5-2011,Feature has not been updated in 5 years or more
111298945,way,last_update,1-5-2011,Feature has not been updated in 5 years or more
111298965,way,last_update,1-5-2011,Feature has not been updated in 5 years or more
111298968,way,last_update,1-5-2011,Feature has not been updated in 5 years or more
111298982,way,last_update,1-5-2011,Feature has not been updated in 5 years or more
111298986,way,last_update,1-5-2011,Feature has not been updated in 5 years or more
111298993,way,last_update,1-5-2011,Feature has not been updated in 5 years or more
111298997,way,last_update,1-5-2011,Feature has not been updated in 5 years or more
111299020,way,last_update,1-5-2011,Feature has not been updated in 5 years or more
111299031,way,last_update,26-5-2011,Feature has not been updated in 5 years or more
111299035,way,last_update,1-5-2011,Feature has not been updated in 5 years or more
111299036,way,last_update,16-2-2019,Feature has not been updated in 5 years or more
111299051,way,last_update,1-5-2011,Feature has not been updated in 5 years or more
111299057,way,last_update,1-5-2011,Feature has not been updated in 5 years or more
111299058,way,last_update,1-5-2011,Feature has not been updated in 5 years or more
111299061,way,last_update,1-5-2011,Feature has not been updated in 5 years or more
111299067,way,last_update,1-5-2011,Feature has not been updated in 5 years or more
111299072,way,last_update,1-5-2011,Feature has not been updated in 5 years or more
111299076,way,last_update,1-5-2011,Feature has not been updated in 5 years or more
111299078,way,last_update,1-5-2011,Feature has not been updated in 5 years or more
111299089,way,last_update,1-5-2011,Feature has not been updated in 5 years or more
111299093,way,last_update,1-5-2011,Feature has not been updated in 5 years or more
111299094,way,last_update,16-2-2019,Feature has not been updated in 5 years or more
111299097,way,last_update,5-3-2019,Feature has not been updated in 5 years or more
111299098,way,last_update,15-3-2019,Feature has not been updated in 5 years or more
111299100,way,last_update,1-5-2011,Feature has not been updated in 5 years or more
111299101,way,last_update,1-5-2011,Feature has not been updated in 5 years or more
111299107,way,last_update,1-5-2011,Feature has not been updated in 5 years or more
111299109,way,last_update,1-5-2011,Feature has not been updated in 5 years or more
111299116,way,last_update,1-5-2011,Feature has not been updated in 5 years or more
111299117,way,last_update,1-5-2011,Feature has not been updated in 5 years or more
111299126,way,last_update,1-5-2011,Feature has not been updated in 5 years or more
111299135,way,last_update,11-3-2019,Feature has not been updated in 5 years or more
111299139,way,last_update,1-5-2011,Feature has not been updated in 5 years or more
111299144,way,last_update,19-3-2019,Feature has not been updated in 5 years or more
111299171,way,last_update,1-5-2011,Feature has not been updated in 5 years or more
111309483,way,last_update,1-5-2011,Feature has not been updated in 5 years or more
111309501,way,last_update,1-5-2011,Feature has not been updated in 5 years or more
111309510,way,last_update,1-5-2011,Feature has not been updated in 5 years or more
111309536,way,last_update,1-5-2011,Feature has not been updated in 5 years or more
111309654,way,last_update,15-7-2012,Feature has not been updated in 5 years or more
111309663,way,last_update,1-5-2011,Feature has not been updated in 5 years or more
111309686,way,last_update,1-5-2011,Feature has not been updated in 5 years or more
111309689,way,last_update,1-5-2011,Feature has not been updated in 5 years or more
111309762,way,last_update,24-8-2020,Feature has not been updated in 5 years or more
111309796,way,last_update,1-5-2011,Feature has not been updated in 5 years or more
111309837,way,last_update,1-5-2011,Feature has not been updated in 5 years or more
111309850,way,last_update,1-5-2011,Feature has not been updated in 5 years or more
111309853,way,last_update,3-5-2011,Feature has not been updated in 5 years or more
111309876,way,last_update,1-5-2011,Feature has not been updated in 5 years or more
111309929,way,last_update,3-5-2011,Feature has not been updated in 5 years or more
111309937,way,last_update,1-5-2011,Feature has not been updated in 5 years or more
111309938,way,last_update,1-5-2011,Feature has not been updated in 5 years or more
111310023,way,last_update,1-5-2011,Feature has not been updated in 5 years or more
111310046,way,last_update,1-5-2011,Feature has not been updated in 5 years or more
111310050,way,last_update,1-5-2011,Feature has not been updated in 5 years or more
111321808,way,last_update,1-5-2011,Feature has not been updated in 5 years or more
111321843,way,last_update,1-5-2011,Feature has not been updated in 5 years or more
111321865,way,last_update,1-5-2011,Feature has not been updated in 5 years or more
111321876,way,last_update,1-5-2011,Feature has not been updated in 5 years or more
111321880,way,last_update,1-5-2011,Feature has not been updated in 5 years or more
111321883,way,last_update,1-5-2011,Feature has not been updated in 5 years or more
111321901,way,last_update,1-5-2011,Feature has not been updated in 5 years or more
111321910,way,last_update,1-5-2011,Feature has not been updated in 5 years or more
111321919,way,last_update,1-5-2011,Feature has not been updated in 5 years or more
111321923,way,last_update,1-5-2011,Feature has not been updated in 5 years or more
111321941,way,last_update,1-5-2011,Feature has not been updated in 5 years or more
111321956,way,last_update,12-5-2011,Feature has not been updated in 5 years or more
111321981,way,last_update,1-5-2011,Feature has not been updated in 5 years or more
111321984,way,last_update,1-5-2011,Feature has not been updated in 5 years or more
111321987,way,last_update,1-5-2011,Feature has not been updated in 5 years or more
111321999,way,last_update,1-5-2011,Feature has not been updated in 5 years or more
111322017,way,last_update,1-5-2011,Feature has not been updated in 5 years or more
111322022,way,last_update,1-5-2011,Feature has not been updated in 5 years or more
111322025,way,last_update,1-5-2011,Feature has not been updated in 5 years or more
111322031,way,last_update,20-10-2016,Feature has not been updated in 5 years or more
111322033,way,last_update,1-5-2011,Feature has not been updated in 5 years or more
111322038,way,last_update,1-5-2011,Feature has not been updated in 5 years or more
111322056,way,last_update,1-5-2011,Feature has not been updated in 5 years or more
111322090,way,last_update,1-5-2011,Feature has not been updated in 5 years or more
111322102,way,last_update,1-5-2011,Feature has not been updated in 5 years or more
111322103,way,last_update,1-5-2011,Feature has not been updated in 5 years or more
111322120,way,last_update,1-5-2011,Feature has not been updated in 5 years or more
111322142,way,last_update,1-5-2011,Feature has not been updated in 5 years or more
111322145,way,last_update,1-5-2011,Feature has not been updated in 5 years or more
111322154,way,last_update,1-5-2011,Feature has not been updated in 5 years or more
111322164,way,last_update,1-5-2011,Feature has not been updated in 5 years or more
111322188,way,last_update,1-5-2011,Feature has not been updated in 5 years or more
111322190,way,last_update,1-5-2011,Feature has not been updated in 5 years or more
111322202,way,last_update,1-5-2011,Feature has not been updated in 5 years or more
111322205,way,last_update,1-5-2011,Feature has not been updated in 5 years or more
111322207,way,last_update,11-5-2011,Feature has not been updated in 5 years or more
111322215,way,last_update,1-5-2011,Feature has not been updated in 5 years or more
111322224,way,last_update,1-5-2011,Feature has not been updated in 5 years or more
111322229,way,last_update,1-5-2011,Feature has not been updated in 5 years or more
111322233,way,last_update,1-5-2011,Feature has not been updated in 5 years or more
111322246,way,last_update,1-5-2011,Feature has not been updated in 5 years or more
111322254,way,last_update,1-5-2011,Feature has not been updated in 5 years or more
111322275,way,last_update,1-5-2011,Feature has not been updated in 5 years or more
111322278,way,last_update,1-5-2011,Feature has not been updated in 5 years or more
111322284,way,last_update,1-5-2011,Feature has not been updated in 5 years or more
111322290,way,last_update,1-5-2011,Feature has not been updated in 5 years or more
111322291,way,last_update,1-5-2011,Feature has not been updated in 5 years or more
111322330,way,last_update,1-5-2011,Feature has not been updated in 5 years or more
111322339,way,last_update,1-5-2011,Feature has not been updated in 5 years or more
111322358,way,last_update,1-5-2011,Feature has not been updated in 5 years or more
111322373,way,last_update,1-5-2011,Feature has not been updated in 5 years or more
111322380,way,last_update,1-5-2011,Feature has not been updated in 5 years or more
111322388,way,last_update,1-5-2011,Feature has not been updated in 5 years or more
111322408,way,last_update,1-5-2011,Feature has not been updated in 5 years or more
111322422,way,last_update,1-5-2011,Feature has not been updated in 5 years or more
111322458,way,last_update,1-5-2011,Feature has not been updated in 5 years or more
111322493,way,last_update,1-5-2011,Feature has not been updated in 5 years or more
111322495,way,last_update,1-5-2011,Feature has not been updated in 5 years or more
111475009,way,last_update,2-5-2011,Feature has not been updated in 5 years or more
111475789,way,last_update,2-5-2011,Feature has not been updated in 5 years or more
111475799,way,last_update,2-5-2011,Feature has not been updated in 5 years or more
111475809,way,last_update,2-5-2011,Feature has not been updated in 5 years or more
111475810,way,last_update,25-3-2019,Feature has not been updated in 5 years or more
111475817,way,last_update,2-5-2011,Feature has not been updated in 5 years or more
111475818,way,last_update,7-6-2011,Feature has not been updated in 5 years or more
111475824,way,last_update,2-5-2011,Feature has not been updated in 5 years or more
111475833,way,last_update,2-5-2011,Feature has not been updated in 5 years or more
111475835,way,last_update,25-3-2019,Feature has not been updated in 5 years or more
111475836,way,last_update,2-5-2011,Feature has not been updated in 5 years or more
111475838,way,last_update,2-5-2011,Feature has not been updated in 5 years or more
111475839,way,last_update,2-5-2011,Feature has not been updated in 5 years or more
111475845,way,last_update,2-5-2011,Feature has not been updated in 5 years or more
111475849,way,last_update,7-6-2011,Feature has not been updated in 5 years or more
111475855,way,last_update,2-5-2011,Feature has not been updated in 5 years or more
111475859,way,last_update,2-5-2011,Feature has not been updated in 5 years or more
111475860,way,last_update,2-5-2011,Feature has not been updated in 5 years or more
111475864,way,last_update,2-5-2011,Feature has not been updated in 5 years or more
111475869,way,last_update,2-5-2011,Feature has not been updated in 5 years or more
111475872,way,last_update,7-6-2011,Feature has not been updated in 5 years or more
111475877,way,last_update,2-5-2011,Feature has not been updated in 5 years or more
111475878,way,last_update,2-5-2011,Feature has not been updated in 5 years or more
111475879,way,last_update,13-2-2012,Feature has not been updated in 5 years or more
111475880,way,last_update,20-3-2019,Feature has not been updated in 5 years or more
111475903,way,last_update,2-5-2011,Feature has not been updated in 5 years or more
111475906,way,last_update,2-5-2011,Feature has not been updated in 5 years or more
111475909,way,last_update,2-5-2011,Feature has not been updated in 5 years or more
111475915,way,last_update,2-5-2011,Feature has not been updated in 5 years or more
111475925,way,last_update,2-5-2011,Feature has not been updated in 5 years or more
111475933,way,last_update,2-5-2011,Feature has not been updated in 5 years or more
111475934,way,last_update,13-2-2012,Feature has not been updated in 5 years or more
111475938,way,last_update,2-5-2011,Feature has not been updated in 5 years or more
111475944,way,last_update,8-3-2012,Feature has not been updated in 5 years or more
111475945,way,last_update,23-3-2019,Feature has not been updated in 5 years or more
111475967,way,last_update,26-5-2011,Feature has not been updated in 5 years or more
111475969,way,last_update,2-5-2011,Feature has not been updated in 5 years or more
111475975,way,last_update,2-5-2011,Feature has not been updated in 5 years or more
111475976,way,last_update,2-5-2011,Feature has not been updated in 5 years or more
111475979,way,last_update,2-5-2011,Feature has not been updated in 5 years or more
111475980,way,last_update,2-5-2011,Feature has not been updated in 5 years or more
111475982,way,last_update,2-5-2011,Feature has not been updated in 5 years or more
111475984,way,last_update,2-5-2011,Feature has not been updated in 5 years or more
111475987,way,last_update,2-5-2011,Feature has not been updated in 5 years or more
111475988,way,last_update,2-5-2011,Feature has not been updated in 5 years or more
111476005,way,last_update,2-5-2011,Feature has not been updated in 5 years or more
111476007,way,last_update,2-5-2011,Feature has not been updated in 5 years or more
111476009,way,last_update,2-5-2011,Feature has not been updated in 5 years or more
111476017,way,last_update,26-5-2011,Feature has not been updated in 5 years or more
111476020,way,last_update,2-5-2011,Feature has not been updated in 5 years or more
111476023,way,last_update,2-5-2011,Feature has not been updated in 5 years or more
111476026,way,last_update,2-5-2011,Feature has not been updated in 5 years or more
111476028,way,last_update,28-5-2011,Feature has not been updated in 5 years or more
111476039,way,last_update,2-5-2011,Feature has not been updated in 5 years or more
111476044,way,last_update,2-5-2011,Feature has not been updated in 5 years or more
111476045,way,last_update,7-6-2011,Feature has not been updated in 5 years or more
111476049,way,last_update,2-5-2011,Feature has not been updated in 5 years or more
111476050,way,last_update,2-5-2011,Feature has not been updated in 5 years or more
111476061,way,last_update,2-5-2011,Feature has not been updated in 5 years or more
111476062,way,last_update,2-5-2011,Feature has not been updated in 5 years or more
111476072,way,last_update,2-5-2011,Feature has not been updated in 5 years or more
111476079,way,last_update,2-5-2011,Feature has not been updated in 5 years or more
111476083,way,last_update,2-5-2011,Feature has not been updated in 5 years or more
111476102,way,last_update,2-5-2011,Feature has not been updated in 5 years or more
111476110,way,last_update,2-5-2011,Feature has not been updated in 5 years or more
111476120,way,last_update,28-5-2011,Feature has not been updated in 5 years or more
111476154,way,last_update,2-5-2011,Feature has not been updated in 5 years or more
111476155,way,last_update,23-3-2019,Feature has not been updated in 5 years or more
111478022,way,last_update,2-5-2011,Feature has not been updated in 5 years or more
111478029,way,last_update,2-5-2011,Feature has not been updated in 5 years or more
111478038,way,last_update,2-5-2011,Feature has not been updated in 5 years or more
111478049,way,last_update,2-5-2011,Feature has not been updated in 5 years or more
111478054,way,last_update,17-2-2019,Feature has not been updated in 5 years or more
111478062,way,last_update,17-2-2019,Feature has not been updated in 5 years or more
111478074,way,last_update,2-5-2011,Feature has not been updated in 5 years or more
111478076,way,last_update,17-2-2019,Feature has not been updated in 5 years or more
111478080,way,last_update,2-11-2018,Feature has not been updated in 5 years or more
111478089,way,last_update,2-5-2011,Feature has not been updated in 5 years or more
111478099,way,last_update,2-5-2011,Feature has not been updated in 5 years or more
111478111,way,last_update,3-3-2019,Feature has not been updated in 5 years or more
111478121,way,last_update,2-5-2011,Feature has not been updated in 5 years or more
111478135,way,last_update,2-5-2011,Feature has not been updated in 5 years or more
111478138,way,last_update,19-2-2019,Feature has not been updated in 5 years or more
111478149,way,last_update,17-2-2019,Feature has not been updated in 5 years or more
111478161,way,last_update,2-5-2011,Feature has not been updated in 5 years or more
111478188,way,last_update,2-5-2011,Feature has not been updated in 5 years or more
111478191,way,last_update,2-11-2018,Feature has not been updated in 5 years or more
111478199,way,last_update,2-5-2011,Feature has not been updated in 5 years or more
111478210,way,last_update,2-5-2011,Feature has not been updated in 5 years or more
111478214,way,last_update,17-2-2019,Feature has not been updated in 5 years or more
111478229,way,last_update,2-5-2011,Feature has not been updated in 5 years or more
111478242,way,last_update,2-5-2011,Feature has not been updated in 5 years or more
111478247,way,last_update,2-5-2011,Feature has not been updated in 5 years or more
111478264,way,last_update,2-5-2011,Feature has not been updated in 5 years or more
111478272,way,last_update,2-5-2011,Feature has not been updated in 5 years or more
111478280,way,last_update,2-5-2011,Feature has not been updated in 5 years or more
111478289,way,last_update,2-5-2011,Feature has not been updated in 5 years or more
111478296,way,last_update,2-5-2011,Feature has not been updated in 5 years or more
111478298,way,last_update,2-5-2011,Feature has not been updated in 5 years or more
111478309,way,last_update,2-5-2011,Feature has not been updated in 5 years or more
111478310,way,last_update,3-3-2019,Feature has not been updated in 5 years or more
111478332,way,last_update,2-5-2011,Feature has not been updated in 5 years or more
111478344,way,last_update,2-11-2018,Feature has not been updated in 5 years or more
111478349,way,last_update,2-5-2011,Feature has not been updated in 5 years or more
111478364,way,last_update,2-5-2011,Feature has not been updated in 5 years or more
111479151,way,last_update,2-5-2011,Feature has not been updated in 5 years or more
111479169,way,last_update,2-5-2011,Feature has not been updated in 5 years or more
111479174,way,last_update,2-5-2011,Feature has not been updated in 5 years or more
111479183,way,last_update,2-5-2011,Feature has not been updated in 5 years or more
111479186,way,last_update,2-5-2011,Feature has not been updated in 5 years or more
111479197,way,last_update,2-5-2011,Feature has not been updated in 5 years or more
111479204,way,last_update,2-5-2011,Feature has not been updated in 5 years or more
111479206,way,last_update,2-5-2011,Feature has not been updated in 5 years or more
111479208,way,last_update,2-5-2011,Feature has not been updated in 5 years or more
111479215,way,last_update,2-5-2011,Feature has not been updated in 5 years or more
111479225,way,last_update,2-5-2011,Feature has not been updated in 5 years or more
111505056,way,last_update,2-5-2011,Feature has not been updated in 5 years or more
111505077,way,last_update,20-12-2014,Feature has not been updated in 5 years or more
111505106,way,last_update,2-5-2011,Feature has not been updated in 5 years or more
111505159,way,last_update,20-12-2014,Feature has not been updated in 5 years or more
111505181,way,last_update,20-12-2014,Feature has not been updated in 5 years or more
111505188,way,last_update,2-5-2011,Feature has not been updated in 5 years or more
111505192,way,last_update,20-12-2014,Feature has not been updated in 5 years or more
111505194,way,last_update,20-12-2014,Feature has not been updated in 5 years or more
111505200,way,last_update,20-12-2014,Feature has not been updated in 5 years or more
111505235,way,last_update,2-5-2011,Feature has not been updated in 5 years or more
111505249,way,last_update,20-12-2014,Feature has not been updated in 5 years or more
111505253,way,last_update,2-5-2011,Feature has not been updated in 5 years or more
111505255,way,last_update,2-5-2011,Feature has not been updated in 5 years or more
111505275,way,last_update,2-5-2011,Feature has not been updated in 5 years or more
111505291,way,last_update,20-12-2014,Feature has not been updated in 5 years or more
111505327,way,last_update,20-12-2014,Feature has not been updated in 5 years or more
111505361,way,last_update,2-5-2011,Feature has not been updated in 5 years or more
111505380,way,last_update,2-5-2011,Feature has not been updated in 5 years or more
111505391,way,last_update,20-12-2014,Feature has not been updated in 5 years or more
111505459,way,last_update,20-12-2014,Feature has not been updated in 5 years or more
111505511,way,last_update,20-12-2014,Feature has not been updated in 5 years or more
111505520,way,last_update,2-5-2011,Feature has not been updated in 5 years or more
111505542,way,last_update,2-5-2011,Feature has not been updated in 5 years or more
111505582,way,last_update,20-12-2014,Feature has not been updated in 5 years or more
111505632,way,last_update,2-5-2011,Feature has not been updated in 5 years or more
111505687,way,last_update,20-12-2014,Feature has not been updated in 5 years or more
111505700,way,last_update,2-5-2011,Feature has not been updated in 5 years or more
111505702,way,last_update,20-12-2014,Feature has not been updated in 5 years or more
111505713,way,last_update,20-12-2014,Feature has not been updated in 5 years or more
111505729,way,last_update,2-5-2011,Feature has not been updated in 5 years or more
111522129,way,last_update,2-5-2011,Feature has not been updated in 5 years or more
111522150,way,last_update,2-5-2011,Feature has not been updated in 5 years or more
111522179,way,last_update,2-5-2011,Feature has not been updated in 5 years or more
111522191,way,last_update,2-5-2011,Feature has not been updated in 5 years or more
111522194,way,last_update,2-5-2011,Feature has not been updated in 5 years or more
111522205,way,last_update,2-5-2011,Feature has not been updated in 5 years or more
111522230,way,last_update,2-5-2011,Feature has not been updated in 5 years or more
111522235,way,last_update,18-5-2011,Feature has not been updated in 5 years or more
111522236,way,last_update,18-5-2011,Feature has not been updated in 5 years or more
111522244,way,last_update,2-5-2011,Feature has not been updated in 5 years or more
111522290,way,last_update,2-5-2011,Feature has not been updated in 5 years or more
111522300,way,last_update,2-5-2011,Feature has not been updated in 5 years or more
111522309,way,last_update,2-5-2011,Feature has not been updated in 5 years or more
111522314,way,last_update,2-5-2011,Feature has not been updated in 5 years or more
111522315,way,last_update,2-5-2011,Feature has not been updated in 5 years or more
111522317,way,last_update,2-5-2011,Feature has not been updated in 5 years or more
111522328,way,last_update,2-5-2011,Feature has not been updated in 5 years or more
111522330,way,last_update,2-5-2011,Feature has not been updated in 5 years or more
111522336,way,last_update,2-5-2011,Feature has not been updated in 5 years or more
111522341,way,last_update,2-5-2011,Feature has not been updated in 5 years or more
111522354,way,last_update,2-5-2011,Feature has not been updated in 5 years or more
111522399,way,last_update,2-5-2011,Feature has not been updated in 5 years or more
111522405,way,last_update,2-5-2011,Feature has not been updated in 5 years or more
111522429,way,last_update,2-5-2011,Feature has not been updated in 5 years or more
111522444,way,last_update,2-5-2011,Feature has not been updated in 5 years or more
111522465,way,last_update,2-5-2011,Feature has not been updated in 5 years or more
111522510,way,last_update,18-5-2011,Feature has not been updated in 5 years or more
111522554,way,last_update,2-5-2011,Feature has not been updated in 5 years or more
111522571,way,last_update,2-5-2011,Feature has not been updated in 5 years or more
111522620,way,last_update,2-5-2011,Feature has not been updated in 5 years or more
111522679,way,last_update,2-5-2011,Feature has not been updated in 5 years or more
111522689,way,last_update,2-5-2011,Feature has not been updated in 5 years or more
111522690,way,last_update,2-5-2011,Feature has not been updated in 5 years or more
111522693,way,last_update,2-5-2011,Feature has not been updated in 5 years or more
111522703,way,last_update,2-5-2011,Feature has not been updated in 5 years or more
111522706,way,last_update,6-3-2017,Feature has not been updated in 5 years or more
111522723,way,last_update,2-5-2011,Feature has not been updated in 5 years or more
111522724,way,last_update,2-5-2011,Feature has not been updated in 5 years or more
111522734,way,last_update,2-5-2011,Feature has not been updated in 5 years or more
111522740,way,last_update,2-5-2011,Feature has not been updated in 5 years or more
111561906,way,last_update,13-7-2012,Feature has not been updated in 5 years or more
111561967,way,last_update,3-5-2011,Feature has not been updated in 5 years or more
111561990,way,last_update,22-8-2014,Feature has not been updated in 5 years or more
111562069,way,last_update,3-5-2011,Feature has not been updated in 5 years or more
111562102,way,last_update,3-8-2020,Feature has not been updated in 5 years or more
111562120,way,last_update,3-5-2011,Feature has not been updated in 5 years or more
111562140,way,last_update,3-5-2011,Feature has not been updated in 5 years or more
111562168,way,last_update,3-5-2011,Feature has not been updated in 5 years or more
111562212,way,last_update,3-5-2011,Feature has not been updated in 5 years or more
111564263,way,last_update,3-5-2011,Feature has not been updated in 5 years or more
111564319,way,last_update,3-5-2011,Feature has not been updated in 5 years or more
111564556,way,last_update,11-3-2018,Feature has not been updated in 5 years or more
111575279,way,last_update,3-5-2011,Feature has not been updated in 5 years or more
111575283,way,last_update,3-5-2011,Feature has not been updated in 5 years or more
111575311,way,last_update,11-3-2018,Feature has not been updated in 5 years or more
111575319,way,last_update,3-5-2011,Feature has not been updated in 5 years or more
111575323,way,last_update,3-5-2011,Feature has not been updated in 5 years or more
111575324,way,last_update,3-5-2011,Feature has not been updated in 5 years or more
111575332,way,last_update,3-5-2011,Feature has not been updated in 5 years or more
111575339,way,last_update,3-5-2011,Feature has not been updated in 5 years or more
111575342,way,last_update,3-5-2011,Feature has not been updated in 5 years or more
111575350,way,last_update,3-5-2011,Feature has not been updated in 5 years or more
111575359,way,last_update,3-5-2011,Feature has not been updated in 5 years or more
111575360,way,last_update,3-5-2011,Feature has not been updated in 5 years or more
111575361,way,last_update,11-3-2018,Feature has not been updated in 5 years or more
111575369,way,last_update,11-3-2015,Feature has not been updated in 5 years or more
111575374,way,last_update,3-5-2011,Feature has not been updated in 5 years or more
111575376,way,last_update,3-5-2011,Feature has not been updated in 5 years or more
111575384,way,last_update,3-5-2011,Feature has not been updated in 5 years or more
111575393,way,last_update,3-5-2011,Feature has not been updated in 5 years or more
111575399,way,last_update,3-5-2011,Feature has not been updated in 5 years or more
111575406,way,last_update,3-5-2011,Feature has not been updated in 5 years or more
111575412,way,last_update,3-5-2011,Feature has not been updated in 5 years or more
111575417,way,last_update,3-5-2011,Feature has not been updated in 5 years or more
111575435,way,last_update,3-5-2011,Feature has not been updated in 5 years or more
111575438,way,last_update,3-5-2011,Feature has not been updated in 5 years or more
111575456,way,last_update,3-5-2011,Feature has not been updated in 5 years or more
111575460,way,last_update,3-5-2011,Feature has not been updated in 5 years or more
111575476,way,last_update,3-5-2011,Feature has not been updated in 5 years or more
111575478,way,last_update,4-4-2018,Feature has not been updated in 5 years or more
111575483,way,last_update,5-6-2011,Feature has not been updated in 5 years or more
111575485,way,last_update,3-5-2011,Feature has not been updated in 5 years or more
111575490,way,last_update,3-5-2011,Feature has not been updated in 5 years or more
111575492,way,last_update,31-12-2011,Feature has not been updated in 5 years or more
111575494,way,last_update,3-5-2011,Feature has not been updated in 5 years or more
111575499,way,last_update,3-5-2011,Feature has not been updated in 5 years or more
111575504,way,last_update,3-5-2011,Feature has not been updated in 5 years or more
111575526,way,last_update,24-3-2018,Feature has not been updated in 5 years or more
111575534,way,last_update,3-5-2011,Feature has not been updated in 5 years or more
111575535,way,last_update,3-5-2011,Feature has not been updated in 5 years or more
111575538,way,last_update,3-5-2011,Feature has not been updated in 5 years or more
111575540,way,last_update,3-5-2011,Feature has not been updated in 5 years or more
111575543,way,last_update,3-5-2011,Feature has not been updated in 5 years or more
111575550,way,last_update,3-5-2011,Feature has not been updated in 5 years or more
111575562,way,last_update,3-5-2011,Feature has not been updated in 5 years or more
111575570,way,last_update,3-5-2011,Feature has not been updated in 5 years or more
111575572,way,last_update,11-3-2018,Feature has not been updated in 5 years or more
111575579,way,last_update,3-5-2011,Feature has not been updated in 5 years or more
111575583,way,last_update,5-3-2013,Feature has not been updated in 5 years or more
111575585,way,last_update,3-5-2011,Feature has not been updated in 5 years or more
111575588,way,last_update,3-5-2011,Feature has not been updated in 5 years or more
111575594,way,last_update,18-5-2011,Feature has not been updated in 5 years or more
111575610,way,last_update,3-5-2011,Feature has not been updated in 5 years or more
111575611,way,last_update,3-5-2011,Feature has not been updated in 5 years or more
111575614,way,last_update,3-5-2011,Feature has not been updated in 5 years or more
111575620,way,last_update,3-5-2011,Feature has not been updated in 5 years or more
111598502,way,last_update,3-5-2011,Feature has not been updated in 5 years or more
111598530,way,last_update,3-5-2011,Feature has not been updated in 5 years or more
111598557,way,last_update,3-5-2011,Feature has not been updated in 5 years or more
111598562,way,last_update,31-1-2020,Feature has not been updated in 5 years or more
111598574,way,last_update,3-5-2011,Feature has not been updated in 5 years or more
111598607,way,last_update,4-9-2014,Feature has not been updated in 5 years or more
111598651,way,last_update,3-5-2011,Feature has not been updated in 5 years or more
111598700,way,last_update,3-5-2011,Feature has not been updated in 5 years or more
111598749,way,last_update,13-12-2017,Feature has not been updated in 5 years or more
111598777,way,last_update,26-2-2020,Feature has not been updated in 5 years or more
111598779,way,last_update,3-5-2011,Feature has not been updated in 5 years or more
111598784,way,last_update,26-5-2020,Feature has not been updated in 5 years or more
111598827,way,last_update,3-5-2011,Feature has not been updated in 5 years or more
111598844,way,last_update,3-5-2011,Feature has not been updated in 5 years or more
111598847,way,last_update,22-8-2014,Feature has not been updated in 5 years or more
111598905,way,last_update,3-5-2011,Feature has not been updated in 5 years or more
111598935,way,last_update,31-1-2020,Feature has not been updated in 5 years or more
111599002,way,last_update,3-5-2011,Feature has not been updated in 5 years or more
111662854,way,last_update,9-6-2011,Feature has not been updated in 5 years or more
111662869,way,last_update,27-4-2012,Feature has not been updated in 5 years or more
111662871,way,last_update,4-5-2011,Feature has not been updated in 5 years or more
111662889,way,last_update,4-5-2011,Feature has not been updated in 5 years or more
111662899,way,last_update,4-5-2011,Feature has not been updated in 5 years or more
111662915,way,last_update,4-5-2011,Feature has not been updated in 5 years or more
111662928,way,last_update,4-5-2011,Feature has not been updated in 5 years or more
111662933,way,last_update,4-5-2011,Feature has not been updated in 5 years or more
111663003,way,last_update,4-5-2011,Feature has not been updated in 5 years or more
111663039,way,last_update,9-6-2011,Feature has not been updated in 5 years or more
111663053,way,last_update,4-5-2011,Feature has not been updated in 5 years or more
111663089,way,last_update,4-5-2011,Feature has not been updated in 5 years or more
111664531,way,last_update,4-5-2011,Feature has not been updated in 5 years or more
111664541,way,last_update,4-5-2011,Feature has not been updated in 5 years or more
111664715,way,last_update,4-5-2011,Feature has not been updated in 5 years or more
111664892,way,last_update,14-3-2018,Feature has not been updated in 5 years or more
111664918,way,last_update,24-3-2018,Feature has not been updated in 5 years or more
111664956,way,last_update,14-3-2018,Feature has not been updated in 5 years or more
111664965,way,last_update,4-5-2011,Feature has not been updated in 5 years or more
111664978,way,last_update,2-3-2012,Feature has not been updated in 5 years or more
111684364,way,last_update,4-5-2011,Feature has not been updated in 5 years or more
111684366,way,last_update,4-5-2011,Feature has not been updated in 5 years or more
111684376,way,last_update,4-5-2011,Feature has not been updated in 5 years or more
111684378,way,last_update,2-2-2012,Feature has not been updated in 5 years or more
111684388,way,last_update,4-5-2011,Feature has not been updated in 5 years or more
111684395,way,last_update,4-5-2011,Feature has not been updated in 5 years or more
111684396,way,last_update,4-5-2011,Feature has not been updated in 5 years or more
111684404,way,last_update,4-5-2011,Feature has not been updated in 5 years or more
111684417,way,last_update,22-9-2011,Feature has not been updated in 5 years or more
111684419,way,last_update,4-5-2011,Feature has not been updated in 5 years or more
111684427,way,last_update,22-9-2011,Feature has not been updated in 5 years or more
111791118,way,last_update,5-5-2011,Feature has not been updated in 5 years or more
111791125,way,last_update,5-5-2011,Feature has not been updated in 5 years or more
111791129,way,last_update,5-5-2011,Feature has not been updated in 5 years or more
111791145,way,last_update,17-1-2019,Feature has not been updated in 5 years or more
111791146,way,last_update,5-5-2011,Feature has not been updated in 5 years or more
111791147,way,last_update,5-5-2011,Feature has not been updated in 5 years or more
111791174,way,last_update,11-12-2017,Feature has not been updated in 5 years or more
111791187,way,last_update,5-5-2011,Feature has not been updated in 5 years or more
111791189,way,last_update,5-5-2011,Feature has not been updated in 5 years or more
111791193,way,last_update,5-5-2011,Feature has not been updated in 5 years or more
111791199,way,last_update,5-5-2011,Feature has not been updated in 5 years or more
111791202,way,last_update,5-5-2011,Feature has not been updated in 5 years or more
111791218,way,last_update,5-5-2011,Feature has not been updated in 5 years or more
111791233,way,last_update,5-5-2011,Feature has not been updated in 5 years or more
111791239,way,last_update,5-5-2011,Feature has not been updated in 5 years or more
111791248,way,last_update,22-2-2012,Feature has not been updated in 5 years or more
111791249,way,last_update,27-5-2011,Feature has not been updated in 5 years or more
111791251,way,last_update,27-5-2011,Feature has not been updated in 5 years or more
111791254,way,last_update,5-5-2011,Feature has not been updated in 5 years or more
111791264,way,last_update,5-5-2011,Feature has not been updated in 5 years or more
111791265,way,last_update,5-5-2011,Feature has not been updated in 5 years or more
111791271,way,last_update,5-5-2011,Feature has not been updated in 5 years or more
111791285,way,last_update,5-5-2011,Feature has not been updated in 5 years or more
111791299,way,last_update,5-5-2011,Feature has not been updated in 5 years or more
111791316,way,last_update,20-1-2019,Feature has not been updated in 5 years or more
111791327,way,last_update,5-5-2011,Feature has not been updated in 5 years or more
111791344,way,last_update,5-5-2011,Feature has not been updated in 5 years or more
111791366,way,last_update,5-5-2011,Feature has not been updated in 5 years or more
111791369,way,last_update,5-5-2011,Feature has not been updated in 5 years or more
111791373,way,last_update,5-5-2011,Feature has not been updated in 5 years or more
111791388,way,last_update,5-5-2011,Feature has not been updated in 5 years or more
111791410,way,last_update,5-5-2011,Feature has not been updated in 5 years or more
111791417,way,last_update,5-5-2011,Feature has not been updated in 5 years or more
111791419,way,last_update,27-5-2011,Feature has not been updated in 5 years or more
111791426,way,last_update,5-5-2011,Feature has not been updated in 5 years or more
111791430,way,last_update,11-12-2017,Feature has not been updated in 5 years or more
111791442,way,last_update,5-5-2011,Feature has not been updated in 5 years or more
111791444,way,last_update,5-5-2011,Feature has not been updated in 5 years or more
111791447,way,last_update,5-5-2011,Feature has not been updated in 5 years or more
111791458,way,last_update,5-5-2011,Feature has not been updated in 5 years or more
111791470,way,last_update,5-5-2011,Feature has not been updated in 5 years or more
111791474,way,last_update,5-5-2011,Feature has not been updated in 5 years or more
111791484,way,last_update,5-5-2011,Feature has not been updated in 5 years or more
111791496,way,last_update,5-5-2011,Feature has not been updated in 5 years or more
111791510,way,last_update,26-5-2011,Feature has not been updated in 5 years or more
111791537,way,last_update,5-5-2011,Feature has not been updated in 5 years or more
111791543,way,last_update,18-1-2019,Feature has not been updated in 5 years or more
111791544,way,last_update,23-12-2018,Feature has not been updated in 5 years or more
111791547,way,last_update,5-5-2011,Feature has not been updated in 5 years or more
111791551,way,last_update,5-5-2011,Feature has not been updated in 5 years or more
111791552,way,last_update,5-5-2011,Feature has not been updated in 5 years or more
111791553,way,last_update,14-1-2019,Feature has not been updated in 5 years or more
111791560,way,last_update,5-5-2011,Feature has not been updated in 5 years or more
111791570,way,last_update,5-5-2011,Feature has not been updated in 5 years or more
111803047,way,last_update,7-2-2015,Feature has not been updated in 5 years or more
111803113,way,last_update,5-5-2011,Feature has not been updated in 5 years or more
111803158,way,last_update,21-7-2018,Feature has not been updated in 5 years or more
111803182,way,last_update,7-5-2011,Feature has not been updated in 5 years or more
111803206,way,last_update,5-5-2011,Feature has not been updated in 5 years or more
111803214,way,last_update,10-7-2018,Feature has not been updated in 5 years or more
111803272,way,last_update,23-10-2018,Feature has not been updated in 5 years or more
111803288,way,last_update,29-10-2018,Feature has not been updated in 5 years or more
111803317,way,last_update,7-2-2015,Feature has not been updated in 5 years or more
111985871,way,last_update,6-5-2011,Feature has not been updated in 5 years or more
111985916,way,last_update,4-1-2019,Feature has not been updated in 5 years or more
111985937,way,last_update,6-5-2011,Feature has not been updated in 5 years or more
111985978,way,last_update,6-5-2011,Feature has not been updated in 5 years or more
111985992,way,last_update,29-3-2017,Feature has not been updated in 5 years or more
111986025,way,last_update,5-9-2012,Feature has not been updated in 5 years or more
111986045,way,last_update,6-5-2011,Feature has not been updated in 5 years or more
111986070,way,last_update,5-9-2012,Feature has not been updated in 5 years or more
111986084,way,last_update,5-9-2012,Feature has not been updated in 5 years or more
111986106,way,last_update,1-1-2019,Feature has not been updated in 5 years or more
111986158,way,last_update,4-1-2019,Feature has not been updated in 5 years or more
112116894,way,last_update,7-5-2011,Feature has not been updated in 5 years or more
112273144,way,last_update,8-5-2011,Feature has not been updated in 5 years or more
112273213,way,last_update,8-5-2011,Feature has not been updated in 5 years or more
112273275,way,last_update,8-5-2011,Feature has not been updated in 5 years or more
112273328,way,last_update,29-1-2019,Feature has not been updated in 5 years or more
112273379,way,last_update,27-1-2019,Feature has not been updated in 5 years or more
112273396,way,last_update,1-1-2019,Feature has not been updated in 5 years or more
112273407,way,last_update,8-5-2011,Feature has not been updated in 5 years or more
112273454,way,last_update,8-5-2011,Feature has not been updated in 5 years or more
112273475,way,last_update,29-1-2019,Feature has not been updated in 5 years or more
112273496,way,last_update,8-5-2011,Feature has not been updated in 5 years or more
112273545,way,last_update,10-1-2019,Feature has not been updated in 5 years or more
112273588,way,last_update,8-5-2011,Feature has not been updated in 5 years or more
112273626,way,last_update,26-1-2019,Feature has not been updated in 5 years or more
112273666,way,last_update,27-1-2019,Feature has not been updated in 5 years or more
112273688,way,last_update,8-5-2011,Feature has not been updated in 5 years or more
112273697,way,last_update,8-5-2011,Feature has not been updated in 5 years or more
112273727,way,last_update,1-1-2019,Feature has not been updated in 5 years or more
112273741,way,last_update,8-5-2011,Feature has not been updated in 5 years or more
112273754,way,last_update,1-1-2019,Feature has not been updated in 5 years or more
112273765,way,last_update,8-5-2011,Feature has not been updated in 5 years or more
112273773,way,last_update,22-2-2012,Feature has not been updated in 5 years or more
112273791,way,last_update,2-9-2012,Feature has not been updated in 5 years or more
112273921,way,last_update,24-5-2011,Feature has not been updated in 5 years or more
112273932,way,last_update,14-1-2019,Feature has not been updated in 5 years or more
112273948,way,last_update,27-1-2019,Feature has not been updated in 5 years or more
112273969,way,last_update,31-12-2018,Feature has not been updated in 5 years or more
112274006,way,last_update,1-1-2019,Feature has not been updated in 5 years or more
112274202,way,last_update,1-1-2019,Feature has not been updated in 5 years or more
112274206,way,last_update,30-12-2018,Feature has not been updated in 5 years or more
112274239,way,last_update,1-9-2012,Feature has not been updated in 5 years or more
112274302,way,last_update,8-5-2011,Feature has not been updated in 5 years or more
112274324,way,last_update,8-5-2011,Feature has not been updated in 5 years or more
112274349,way,last_update,8-5-2011,Feature has not been updated in 5 years or more
112274427,way,last_update,8-5-2011,Feature has not been updated in 5 years or more
112274443,way,last_update,31-12-2018,Feature has not been updated in 5 years or more
112274537,way,last_update,5-9-2012,Feature has not been updated in 5 years or more
112274705,way,last_update,1-1-2019,Feature has not been updated in 5 years or more
112274743,way,last_update,29-3-2017,Feature has not been updated in 5 years or more
112285213,way,last_update,23-4-2018,Feature has not been updated in 5 years or more
112285227,way,last_update,19-3-2018,Feature has not been updated in 5 years or more
112285272,way,last_update,19-3-2018,Feature has not been updated in 5 years or more
112285335,way,last_update,8-5-2011,Feature has not been updated in 5 years or more
112657404,way,last_update,11-5-2011,Feature has not been updated in 5 years or more
112657584,way,last_update,11-5-2011,Feature has not been updated in 5 years or more
112657670,way,last_update,11-5-2011,Feature has not been updated in 5 years or more
112670233,way,last_update,11-5-2011,Feature has not been updated in 5 years or more
112670250,way,last_update,31-3-2018,Feature has not been updated in 5 years or more
112670272,way,last_update,11-5-2011,Feature has not been updated in 5 years or more
112670285,way,last_update,19-2-2020,Feature has not been updated in 5 years or more
112670315,way,last_update,11-5-2011,Feature has not been updated in 5 years or more
112670386,way,last_update,27-3-2018,Feature has not been updated in 5 years or more
112670393,way,last_update,11-5-2011,Feature has not been updated in 5 years or more
112670435,way,last_update,11-5-2011,Feature has not been updated in 5 years or more
112670457,way,last_update,11-5-2011,Feature has not been updated in 5 years or more
112670462,way,last_update,11-5-2011,Feature has not been updated in 5 years or more
112670483,way,last_update,11-5-2011,Feature has not been updated in 5 years or more
112670506,way,last_update,18-1-2014,Feature has not been updated in 5 years or more
112670526,way,last_update,18-3-2019,Feature has not been updated in 5 years or more
112670651,way,last_update,11-5-2011,Feature has not been updated in 5 years or more
112756085,way,last_update,12-5-2011,Feature has not been updated in 5 years or more
112756238,way,last_update,12-5-2011,Feature has not been updated in 5 years or more
112787853,way,last_update,12-5-2011,Feature has not been updated in 5 years or more
112787899,way,last_update,27-4-2012,Feature has not been updated in 5 years or more
112787909,way,last_update,12-5-2011,Feature has not been updated in 5 years or more
113766204,way,last_update,18-5-2011,Feature has not been updated in 5 years or more
113766215,way,last_update,18-5-2011,Feature has not been updated in 5 years or more
113766219,way,last_update,18-5-2011,Feature has not been updated in 5 years or more
113766223,way,last_update,18-5-2011,Feature has not been updated in 5 years or more
113766225,way,last_update,18-5-2011,Feature has not been updated in 5 years or more
113766237,way,last_update,18-5-2011,Feature has not been updated in 5 years or more
113766243,way,last_update,18-5-2011,Feature has not been updated in 5 years or more
113766246,way,last_update,18-5-2011,Feature has not been updated in 5 years or more
113766249,way,last_update,18-5-2011,Feature has not been updated in 5 years or more
113766251,way,last_update,18-5-2011,Feature has not been updated in 5 years or more
113766260,way,last_update,18-5-2011,Feature has not been updated in 5 years or more
113766264,way,last_update,18-5-2011,Feature has not been updated in 5 years or more
113766265,way,last_update,18-5-2011,Feature has not been updated in 5 years or more
113766267,way,last_update,18-5-2011,Feature has not been updated in 5 years or more
113766270,way,last_update,18-5-2011,Feature has not been updated in 5 years or more
113766272,way,last_update,18-5-2011,Feature has not been updated in 5 years or more
113766274,way,last_update,18-5-2011,Feature has not been updated in 5 years or more
113766276,way,last_update,18-5-2011,Feature has not been updated in 5 years or more
113766279,way,last_update,18-5-2011,Feature has not been updated in 5 years or more
113766282,way,last_update,18-5-2011,Feature has not been updated in 5 years or more
113766284,way,last_update,18-5-2011,Feature has not been updated in 5 years or more
113766286,way,last_update,18-5-2011,Feature has not been updated in 5 years or more
113766290,way,last_update,18-5-2011,Feature has not been updated in 5 years or more
113766291,way,last_update,18-5-2011,Feature has not been updated in 5 years or more
113766294,way,last_update,18-5-2011,Feature has not been updated in 5 years or more
113766295,way,last_update,18-5-2011,Feature has not been updated in 5 years or more
113766298,way,last_update,18-5-2011,Feature has not been updated in 5 years or more
113766307,way,last_update,18-5-2011,Feature has not been updated in 5 years or more
113766310,way,last_update,18-5-2011,Feature has not been updated in 5 years or more
113766316,way,last_update,18-5-2011,Feature has not been updated in 5 years or more
113766320,way,last_update,18-5-2011,Feature has not been updated in 5 years or more
113766323,way,last_update,18-5-2011,Feature has not been updated in 5 years or more
113766325,way,last_update,18-5-2011,Feature has not been updated in 5 years or more
113766328,way,last_update,18-5-2011,Feature has not been updated in 5 years or more
113766331,way,last_update,18-5-2011,Feature has not been updated in 5 years or more
113766332,way,last_update,18-5-2011,Feature has not been updated in 5 years or more
113766334,way,last_update,18-5-2011,Feature has not been updated in 5 years or more
113766342,way,last_update,18-5-2011,Feature has not been updated in 5 years or more
113766347,way,last_update,18-5-2011,Feature has not been updated in 5 years or more
113766350,way,last_update,18-5-2011,Feature has not been updated in 5 years or more
113766359,way,last_update,18-5-2011,Feature has not been updated in 5 years or more
113766647,way,last_update,18-5-2011,Feature has not been updated in 5 years or more
113766655,way,last_update,18-5-2011,Feature has not been updated in 5 years or more
113766660,way,last_update,18-5-2011,Feature has not been updated in 5 years or more
113766663,way,last_update,18-5-2011,Feature has not been updated in 5 years or more
113766676,way,last_update,18-5-2011,Feature has not been updated in 5 years or more
113766679,way,last_update,18-5-2011,Feature has not been updated in 5 years or more
113766685,way,last_update,18-5-2011,Feature has not been updated in 5 years or more
113766686,way,last_update,18-5-2011,Feature has not been updated in 5 years or more
113766692,way,last_update,18-5-2011,Feature has not been updated in 5 years or more
113766694,way,last_update,18-5-2011,Feature has not been updated in 5 years or more
113766700,way,last_update,18-5-2011,Feature has not been updated in 5 years or more
113766701,way,last_update,18-5-2011,Feature has not been updated in 5 years or more
113766705,way,last_update,18-5-2011,Feature has not been updated in 5 years or more
113766706,way,last_update,18-5-2011,Feature has not been updated in 5 years or more
113766707,way,last_update,18-5-2011,Feature has not been updated in 5 years or more
113766710,way,last_update,18-5-2011,Feature has not been updated in 5 years or more
113766711,way,last_update,18-5-2011,Feature has not been updated in 5 years or more
113766713,way,last_update,6-6-2011,Feature has not been updated in 5 years or more
113766720,way,last_update,18-5-2011,Feature has not been updated in 5 years or more
113766727,way,last_update,18-5-2011,Feature has not been updated in 5 years or more
113766730,way,last_update,18-5-2011,Feature has not been updated in 5 years or more
113766736,way,last_update,18-5-2011,Feature has not been updated in 5 years or more
113766738,way,last_update,18-5-2011,Feature has not been updated in 5 years or more
113766742,way,last_update,18-5-2011,Feature has not been updated in 5 years or more
113766746,way,last_update,18-5-2011,Feature has not been updated in 5 years or more
113766748,way,last_update,18-5-2011,Feature has not been updated in 5 years or more
113766752,way,last_update,18-5-2011,Feature has not been updated in 5 years or more
113766755,way,last_update,18-5-2011,Feature has not been updated in 5 years or more
113766757,way,last_update,18-5-2011,Feature has not been updated in 5 years or more
113766759,way,last_update,6-6-2011,Feature has not been updated in 5 years or more
113766764,way,last_update,18-5-2011,Feature has not been updated in 5 years or more
113766773,way,last_update,18-5-2011,Feature has not been updated in 5 years or more
113766781,way,last_update,18-5-2011,Feature has not been updated in 5 years or more
113766782,way,last_update,18-5-2011,Feature has not been updated in 5 years or more
113766783,way,last_update,18-5-2011,Feature has not been updated in 5 years or more
113766793,way,last_update,18-5-2011,Feature has not been updated in 5 years or more
113766797,way,last_update,18-5-2011,Feature has not been updated in 5 years or more
113766799,way,last_update,18-5-2011,Feature has not been updated in 5 years or more
113766810,way,last_update,18-5-2011,Feature has not been updated in 5 years or more
113766818,way,last_update,18-5-2011,Feature has not been updated in 5 years or more
113766837,way,last_update,18-5-2011,Feature has not been updated in 5 years or more
113766852,way,last_update,18-5-2011,Feature has not been updated in 5 years or more
113766882,way,last_update,18-5-2011,Feature has not been updated in 5 years or more
113766898,way,last_update,18-5-2011,Feature has not been updated in 5 years or more
113766902,way,last_update,18-5-2011,Feature has not been updated in 5 years or more
113766905,way,last_update,18-5-2011,Feature has not been updated in 5 years or more
113766907,way,last_update,18-5-2011,Feature has not been updated in 5 years or more
113767296,way,last_update,18-5-2011,Feature has not been updated in 5 years or more
113767300,way,last_update,18-5-2011,Feature has not been updated in 5 years or more
113767310,way,last_update,18-5-2011,Feature has not been updated in 5 years or more
113767312,way,last_update,18-5-2011,Feature has not been updated in 5 years or more
113767316,way,last_update,18-5-2011,Feature has not been updated in 5 years or more
113767317,way,last_update,18-5-2011,Feature has not been updated in 5 years or more
113767319,way,last_update,18-5-2011,Feature has not been updated in 5 years or more
113767329,way,last_update,18-5-2011,Feature has not been updated in 5 years or more
113767334,way,last_update,18-5-2011,Feature has not been updated in 5 years or more
113767336,way,last_update,18-5-2011,Feature has not been updated in 5 years or more
113767351,way,last_update,18-5-2011,Feature has not been updated in 5 years or more
113767358,way,last_update,18-5-2011,Feature has not been updated in 5 years or more
113767360,way,last_update,18-5-2011,Feature has not been updated in 5 years or more
113767362,way,last_update,18-5-2011,Feature has not been updated in 5 years or more
113767368,way,last_update,18-5-2011,Feature has not been updated in 5 years or more
113767370,way,last_update,18-5-2011,Feature has not been updated in 5 years or more
113767380,way,last_update,18-5-2011,Feature has not been updated in 5 years or more
113767384,way,last_update,18-5-2011,Feature has not been updated in 5 years or more
113767387,way,last_update,18-5-2011,Feature has not been updated in 5 years or more
113767396,way,last_update,18-5-2011,Feature has not been updated in 5 years or more
113767402,way,last_update,18-5-2011,Feature has not been updated in 5 years or more
113767404,way,last_update,18-5-2011,Feature has not been updated in 5 years or more
113767405,way,last_update,18-5-2011,Feature has not been updated in 5 years or more
113767797,way,last_update,18-5-2011,Feature has not been updated in 5 years or more
113767804,way,last_update,18-5-2011,Feature has not been updated in 5 years or more
113767823,way,last_update,18-5-2011,Feature has not been updated in 5 years or more
113767828,way,last_update,18-5-2011,Feature has not been updated in 5 years or more
113767829,way,last_update,18-5-2011,Feature has not been updated in 5 years or more
113767832,way,last_update,18-5-2011,Feature has not been updated in 5 years or more
113767838,way,last_update,18-5-2011,Feature has not been updated in 5 years or more
113767839,way,last_update,18-5-2011,Feature has not been updated in 5 years or more
113767840,way,last_update,18-5-2011,Feature has not been updated in 5 years or more
113767848,way,last_update,18-5-2011,Feature has not been updated in 5 years or more
113767862,way,last_update,18-5-2011,Feature has not been updated in 5 years or more
113767864,way,last_update,18-5-2011,Feature has not been updated in 5 years or more
113767871,way,last_update,18-5-2011,Feature has not been updated in 5 years or more
113767873,way,last_update,18-5-2011,Feature has not been updated in 5 years or more
113767874,way,last_update,18-5-2011,Feature has not been updated in 5 years or more
113767886,way,last_update,18-5-2011,Feature has not been updated in 5 years or more
113767888,way,last_update,18-5-2011,Feature has not been updated in 5 years or more
113767911,way,last_update,18-5-2011,Feature has not been updated in 5 years or more
113767942,way,last_update,18-5-2011,Feature has not been updated in 5 years or more
113767947,way,last_update,18-5-2011,Feature has not been updated in 5 years or more
113767978,way,last_update,18-5-2011,Feature has not been updated in 5 years or more
113767989,way,last_update,18-5-2011,Feature has not been updated in 5 years or more
113767998,way,last_update,20-8-2016,Feature has not been updated in 5 years or more
113771228,way,last_update,18-5-2011,Feature has not been updated in 5 years or more
113771235,way,last_update,18-5-2011,Feature has not been updated in 5 years or more
113771237,way,last_update,18-5-2011,Feature has not been updated in 5 years or more
113771286,way,last_update,18-5-2011,Feature has not been updated in 5 years or more
113771299,way,last_update,18-5-2011,Feature has not been updated in 5 years or more
113771326,way,last_update,18-5-2011,Feature has not been updated in 5 years or more
113771362,way,last_update,18-5-2011,Feature has not been updated in 5 years or more
113771366,way,last_update,18-5-2011,Feature has not been updated in 5 years or more
113771495,way,last_update,18-5-2011,Feature has not been updated in 5 years or more
113771509,way,last_update,18-5-2011,Feature has not been updated in 5 years or more
113771519,way,last_update,2-5-2021,Feature has not been updated in 5 years or more
113771540,way,last_update,18-5-2011,Feature has not been updated in 5 years or more
113771561,way,last_update,18-5-2011,Feature has not been updated in 5 years or more
113771621,way,last_update,18-5-2011,Feature has not been updated in 5 years or more
113771623,way,last_update,18-5-2011,Feature has not been updated in 5 years or more
113771645,way,last_update,10-5-2016,Feature has not been updated in 5 years or more
113771657,way,last_update,18-5-2011,Feature has not been updated in 5 years or more
113771671,way,last_update,10-5-2016,Feature has not been updated in 5 years or more
113771685,way,last_update,18-5-2011,Feature has not been updated in 5 years or more
113771687,way,last_update,18-5-2011,Feature has not been updated in 5 years or more
113778817,way,last_update,21-5-2016,Feature has not been updated in 5 years or more
113778824,way,last_update,18-5-2011,Feature has not been updated in 5 years or more
113778852,way,last_update,18-5-2011,Feature has not been updated in 5 years or more
113778872,way,last_update,11-5-2016,Feature has not been updated in 5 years or more
113784811,way,last_update,18-5-2011,Feature has not been updated in 5 years or more
113784815,way,last_update,26-5-2013,Feature has not been updated in 5 years or more
113784831,way,last_update,5-6-2011,Feature has not been updated in 5 years or more
113927082,way,last_update,19-5-2011,Feature has not been updated in 5 years or more
113927089,way,last_update,19-5-2011,Feature has not been updated in 5 years or more
113927093,way,last_update,19-5-2011,Feature has not been updated in 5 years or more
113927102,way,last_update,19-5-2011,Feature has not been updated in 5 years or more
113927105,way,last_update,19-5-2011,Feature has not been updated in 5 years or more
113927107,way,last_update,19-5-2011,Feature has not been updated in 5 years or more
113927117,way,last_update,19-5-2011,Feature has not been updated in 5 years or more
113927122,way,last_update,19-5-2011,Feature has not been updated in 5 years or more
113927132,way,last_update,19-5-2011,Feature has not been updated in 5 years or more
113927179,way,last_update,19-5-2011,Feature has not been updated in 5 years or more
113927192,way,last_update,19-5-2011,Feature has not been updated in 5 years or more
113927206,way,last_update,19-5-2011,Feature has not been updated in 5 years or more
113940267,way,last_update,15-4-2013,Feature has not been updated in 5 years or more
113940269,way,last_update,13-8-2019,Feature has not been updated in 5 years or more
113940271,way,last_update,5-6-2011,Feature has not been updated in 5 years or more
113940272,way,last_update,13-8-2019,Feature has not been updated in 5 years or more
113940274,way,last_update,15-4-2013,Feature has not been updated in 5 years or more
113940277,way,last_update,13-8-2019,Feature has not been updated in 5 years or more
113940279,way,last_update,15-4-2013,Feature has not been updated in 5 years or more
113940280,way,last_update,19-5-2011,Feature has not been updated in 5 years or more
113940281,way,last_update,6-8-2019,Feature has not been updated in 5 years or more
113940282,way,last_update,19-5-2011,Feature has not been updated in 5 years or more
113940284,way,last_update,15-4-2013,Feature has not been updated in 5 years or more
113940285,way,last_update,5-6-2011,Feature has not been updated in 5 years or more
114629206,way,last_update,28-8-2016,Feature has not been updated in 5 years or more
114629238,way,last_update,15-8-2019,Feature has not been updated in 5 years or more
114629257,way,last_update,28-8-2016,Feature has not been updated in 5 years or more
114629265,way,last_update,28-8-2016,Feature has not been updated in 5 years or more
114629274,way,last_update,16-8-2018,Feature has not been updated in 5 years or more
114629309,way,last_update,28-8-2016,Feature has not been updated in 5 years or more
114673453,way,last_update,24-5-2011,Feature has not been updated in 5 years or more
114673459,way,last_update,24-5-2011,Feature has not been updated in 5 years or more
114673508,way,last_update,7-2-2019,Feature has not been updated in 5 years or more
114673527,way,last_update,29-3-2017,Feature has not been updated in 5 years or more
114673530,way,last_update,29-3-2017,Feature has not been updated in 5 years or more
114673539,way,last_update,29-3-2017,Feature has not been updated in 5 years or more
114673550,way,last_update,29-3-2017,Feature has not been updated in 5 years or more
114673559,way,last_update,29-3-2017,Feature has not been updated in 5 years or more
114673580,way,last_update,24-5-2011,Feature has not been updated in 5 years or more
114673587,way,last_update,29-3-2017,Feature has not been updated in 5 years or more
114673590,way,last_update,28-3-2017,Feature has not been updated in 5 years or more
114673600,way,last_update,24-5-2011,Feature has not been updated in 5 years or more
114673625,way,last_update,24-5-2011,Feature has not been updated in 5 years or more
114673633,way,last_update,29-3-2017,Feature has not been updated in 5 years or more
114673650,way,last_update,29-3-2017,Feature has not been updated in 5 years or more
114673657,way,last_update,24-5-2011,Feature has not been updated in 5 years or more
114673680,way,last_update,24-5-2011,Feature has not been updated in 5 years or more
114673687,way,last_update,24-5-2011,Feature has not been updated in 5 years or more
114673729,way,last_update,29-3-2017,Feature has not been updated in 5 years or more
114673731,way,last_update,29-3-2017,Feature has not been updated in 5 years or more
114673744,way,last_update,24-5-2011,Feature has not been updated in 5 years or more
114673769,way,last_update,24-5-2011,Feature has not been updated in 5 years or more
114673770,way,last_update,24-5-2011,Feature has not been updated in 5 years or more
114673781,way,last_update,29-3-2017,Feature has not been updated in 5 years or more
114673798,way,last_update,24-5-2011,Feature has not been updated in 5 years or more
114673814,way,last_update,24-5-2011,Feature has not been updated in 5 years or more
114673835,way,last_update,28-3-2017,Feature has not been updated in 5 years or more
114673849,way,last_update,24-5-2011,Feature has not been updated in 5 years or more
114673877,way,last_update,24-5-2011,Feature has not been updated in 5 years or more
114918458,way,last_update,26-5-2011,Feature has not been updated in 5 years or more
114918551,way,last_update,22-2-2012,Feature has not been updated in 5 years or more
114918556,way,last_update,26-5-2011,Feature has not been updated in 5 years or more
114918641,way,last_update,26-5-2011,Feature has not been updated in 5 years or more
114919085,way,last_update,26-5-2011,Feature has not been updated in 5 years or more
115058407,way,last_update,27-5-2011,Feature has not been updated in 5 years or more
115233930,way,last_update,28-5-2011,Feature has not been updated in 5 years or more
115234173,way,last_update,28-5-2011,Feature has not been updated in 5 years or more
115234322,way,last_update,28-5-2011,Feature has not been updated in 5 years or more
115234367,way,last_update,28-5-2011,Feature has not been updated in 5 years or more
115234479,way,last_update,28-5-2011,Feature has not been updated in 5 years or more
115234574,way,last_update,28-5-2011,Feature has not been updated in 5 years or more
116426101,way,last_update,15-4-2013,Feature has not been updated in 5 years or more
116426106,way,last_update,24-2-2012,Feature has not been updated in 5 years or more
116426110,way,last_update,15-4-2013,Feature has not been updated in 5 years or more
116426112,way,last_update,5-6-2011,Feature has not been updated in 5 years or more
116426114,way,last_update,5-6-2011,Feature has not been updated in 5 years or more
116426115,way,last_update,27-4-2013,Feature has not been updated in 5 years or more
116426116,way,last_update,5-6-2011,Feature has not been updated in 5 years or more
116426117,way,last_update,5-6-2011,Feature has not been updated in 5 years or more
116426118,way,last_update,5-6-2011,Feature has not been updated in 5 years or more
116426119,way,last_update,15-4-2013,Feature has not been updated in 5 years or more
116426121,way,last_update,15-4-2013,Feature has not been updated in 5 years or more
116426122,way,last_update,15-4-2013,Feature has not been updated in 5 years or more
116426130,way,last_update,5-6-2011,Feature has not been updated in 5 years or more
116426133,way,last_update,5-6-2011,Feature has not been updated in 5 years or more
116426136,way,last_update,15-4-2013,Feature has not been updated in 5 years or more
116426139,way,last_update,5-6-2011,Feature has not been updated in 5 years or more
116426144,way,last_update,15-4-2013,Feature has not been updated in 5 years or more
116426146,way,last_update,5-6-2011,Feature has not been updated in 5 years or more
116426150,way,last_update,5-6-2011,Feature has not been updated in 5 years or more
116426151,way,last_update,5-6-2011,Feature has not been updated in 5 years or more
116426152,way,last_update,16-11-2016,Feature has not been updated in 5 years or more
116426155,way,last_update,5-6-2011,Feature has not been updated in 5 years or more
116426156,way,last_update,5-6-2011,Feature has not been updated in 5 years or more
116427732,way,last_update,13-8-2019,Feature has not been updated in 5 years or more
116427830,way,last_update,26-1-2012,Feature has not been updated in 5 years or more
116427868,way,last_update,13-8-2019,Feature has not been updated in 5 years or more
116427911,way,last_update,2-8-2019,Feature has not been updated in 5 years or more
116429464,way,last_update,5-6-2011,Feature has not been updated in 5 years or more
116429477,way,last_update,5-6-2011,Feature has not been updated in 5 years or more
116462901,way,last_update,5-6-2011,Feature has not been updated in 5 years or more
116560631,way,last_update,6-6-2011,Feature has not been updated in 5 years or more
116560775,way,last_update,6-6-2011,Feature has not been updated in 5 years or more
116565458,way,last_update,6-6-2011,Feature has not been updated in 5 years or more
116565679,way,last_update,6-6-2011,Feature has not been updated in 5 years or more
116675802,way,last_update,7-6-2011,Feature has not been updated in 5 years or more
116675937,way,last_update,7-6-2011,Feature has not been updated in 5 years or more
116817294,way,last_update,8-6-2011,Feature has not been updated in 5 years or more
116817690,way,last_update,8-6-2011,Feature has not been updated in 5 years or more
116920353,way,last_update,9-6-2011,Feature has not been updated in 5 years or more
116920407,way,last_update,9-6-2011,Feature has not been updated in 5 years or more
116920414,way,last_update,9-6-2011,Feature has not been updated in 5 years or more
116920421,way,last_update,9-6-2011,Feature has not been updated in 5 years or more
116920456,way,last_update,9-6-2011,Feature has not been updated in 5 years or more
116920458,way,last_update,9-6-2011,Feature has not been updated in 5 years or more
116920479,way,last_update,9-6-2011,Feature has not been updated in 5 years or more
116920497,way,last_update,9-6-2011,Feature has not been updated in 5 years or more
116920531,way,last_update,9-6-2011,Feature has not been updated in 5 years or more
116920558,way,last_update,9-6-2011,Feature has not been updated in 5 years or more
116920568,way,last_update,9-6-2011,Feature has not been updated in 5 years or more
116920589,way,last_update,9-6-2011,Feature has not been updated in 5 years or more
116920592,way,last_update,9-6-2011,Feature has not been updated in 5 years or more
116920661,way,last_update,9-6-2011,Feature has not been updated in 5 years or more
116920671,way,last_update,9-6-2011,Feature has not been updated in 5 years or more
116925523,way,last_update,9-6-2011,Feature has not been updated in 5 years or more
116925563,way,last_update,9-6-2011,Feature has not been updated in 5 years or more
116925570,way,last_update,9-6-2011,Feature has not been updated in 5 years or more
116925583,way,last_update,9-6-2011,Feature has not been updated in 5 years or more
116925591,way,last_update,9-6-2011,Feature has not been updated in 5 years or more
119030852,way,last_update,25-6-2011,Feature has not been updated in 5 years or more
119030853,way,last_update,25-6-2011,Feature has not been updated in 5 years or more
119030856,way,last_update,25-6-2011,Feature has not been updated in 5 years or more
119030858,way,last_update,19-9-2020,Feature has not been updated in 5 years or more
119030861,way,last_update,25-6-2011,Feature has not been updated in 5 years or more
119030863,way,last_update,25-6-2011,Feature has not been updated in 5 years or more
119030864,way,last_update,25-6-2011,Feature has not been updated in 5 years or more
119030867,way,last_update,25-6-2011,Feature has not been updated in 5 years or more
119030868,way,last_update,25-6-2011,Feature has not been updated in 5 years or more
119030869,way,last_update,25-6-2011,Feature has not been updated in 5 years or more
119030871,way,last_update,25-6-2011,Feature has not been updated in 5 years or more
119030872,way,last_update,25-6-2011,Feature has not been updated in 5 years or more
119030873,way,last_update,25-6-2011,Feature has not been updated in 5 years or more
119030875,way,last_update,25-6-2011,Feature has not been updated in 5 years or more
119030877,way,last_update,25-6-2011,Feature has not been updated in 5 years or more
119030878,way,last_update,25-6-2011,Feature has not been updated in 5 years or more
119030879,way,last_update,25-6-2011,Feature has not been updated in 5 years or more
119030880,way,last_update,25-6-2011,Feature has not been updated in 5 years or more
119030881,way,last_update,25-6-2011,Feature has not been updated in 5 years or more
119030882,way,last_update,18-9-2020,Feature has not been updated in 5 years or more
119030883,way,last_update,8-6-2016,Feature has not been updated in 5 years or more
119030885,way,last_update,25-6-2011,Feature has not been updated in 5 years or more
119030886,way,last_update,25-6-2011,Feature has not been updated in 5 years or more
119030887,way,last_update,25-6-2011,Feature has not been updated in 5 years or more
119030888,way,last_update,25-6-2011,Feature has not been updated in 5 years or more
119030889,way,last_update,25-6-2011,Feature has not been updated in 5 years or more
119030891,way,last_update,25-6-2011,Feature has not been updated in 5 years or more
119030893,way,last_update,7-1-2012,Feature has not been updated in 5 years or more
119030895,way,last_update,25-6-2011,Feature has not been updated in 5 years or more
119030897,way,last_update,25-6-2011,Feature has not been updated in 5 years or more
119030898,way,last_update,8-6-2016,Feature has not been updated in 5 years or more
119030899,way,last_update,25-6-2011,Feature has not been updated in 5 years or more
119030900,way,last_update,25-6-2011,Feature has not been updated in 5 years or more
119030901,way,last_update,25-6-2011,Feature has not been updated in 5 years or more
119030902,way,last_update,25-6-2011,Feature has not been updated in 5 years or more
119030903,way,last_update,25-6-2011,Feature has not been updated in 5 years or more
119030904,way,last_update,25-6-2011,Feature has not been updated in 5 years or more
119030905,way,last_update,25-6-2011,Feature has not been updated in 5 years or more
119994826,way,last_update,9-11-2011,Feature has not been updated in 5 years or more
119994827,way,last_update,2-7-2011,Feature has not been updated in 5 years or more
119994831,way,last_update,2-7-2011,Feature has not been updated in 5 years or more
119994835,way,last_update,2-7-2011,Feature has not been updated in 5 years or more
119994837,way,last_update,12-5-2018,Feature has not been updated in 5 years or more
119994838,way,last_update,2-7-2011,Feature has not been updated in 5 years or more
119994843,way,last_update,2-7-2011,Feature has not been updated in 5 years or more
119994848,way,last_update,2-7-2011,Feature has not been updated in 5 years or more
119996317,way,last_update,2-7-2012,Feature has not been updated in 5 years or more
119996319,way,last_update,12-8-2011,Feature has not been updated in 5 years or more
119996322,way,last_update,2-7-2011,Feature has not been updated in 5 years or more
119996333,way,last_update,2-7-2011,Feature has not been updated in 5 years or more
120955447,way,last_update,9-7-2011,Feature has not been updated in 5 years or more
120955448,way,last_update,30-1-2016,Feature has not been updated in 5 years or more
120955449,way,last_update,9-7-2011,Feature has not been updated in 5 years or more
122048485,way,last_update,17-7-2011,Feature has not been updated in 5 years or more
122110407,way,last_update,18-7-2011,Feature has not been updated in 5 years or more
122231679,way,last_update,19-7-2011,Feature has not been updated in 5 years or more
122254831,way,last_update,7-11-2018,Feature has not been updated in 5 years or more
122385397,way,last_update,20-7-2011,Feature has not been updated in 5 years or more
122385398,way,last_update,20-7-2011,Feature has not been updated in 5 years or more
122385399,way,last_update,7-2-2015,Feature has not been updated in 5 years or more
122385400,way,last_update,20-7-2011,Feature has not been updated in 5 years or more
122385402,way,last_update,1-9-2011,Feature has not been updated in 5 years or more
122617279,way,last_update,22-7-2011,Feature has not been updated in 5 years or more
122620381,way,last_update,20-6-2012,Feature has not been updated in 5 years or more
122620382,way,last_update,22-7-2011,Feature has not been updated in 5 years or more
122620384,way,last_update,22-7-2011,Feature has not been updated in 5 years or more
122620385,way,last_update,22-7-2011,Feature has not been updated in 5 years or more
122620387,way,last_update,23-1-2020,Feature has not been updated in 5 years or more
122962523,way,last_update,3-12-2011,Feature has not been updated in 5 years or more
123419676,way,last_update,28-7-2011,Feature has not been updated in 5 years or more
123419677,way,last_update,28-7-2011,Feature has not been updated in 5 years or more
123432075,way,last_update,28-7-2011,Feature has not been updated in 5 years or more
123432076,way,last_update,28-7-2011,Feature has not been updated in 5 years or more
123432077,way,last_update,28-7-2011,Feature has not been updated in 5 years or more
123660906,way,last_update,30-7-2011,Feature has not been updated in 5 years or more
123660915,way,last_update,5-4-2020,Feature has not been updated in 5 years or more
124723396,way,last_update,22-12-2011,Feature has not been updated in 5 years or more
124723444,way,last_update,14-4-2021,Feature has not been updated in 5 years or more
124723460,way,last_update,5-8-2011,Feature has not been updated in 5 years or more
124723480,way,last_update,5-8-2011,Feature has not been updated in 5 years or more
124824460,way,last_update,20-8-2011,Feature has not been updated in 5 years or more
124824464,way,last_update,6-8-2011,Feature has not been updated in 5 years or more
124824494,way,last_update,6-8-2011,Feature has not been updated in 5 years or more
124824511,way,last_update,6-8-2011,Feature has not been updated in 5 years or more
124824517,way,last_update,6-8-2011,Feature has not been updated in 5 years or more
124824524,way,last_update,20-8-2011,Feature has not been updated in 5 years or more
124824573,way,last_update,6-8-2011,Feature has not been updated in 5 years or more
124824583,way,last_update,24-6-2012,Feature has not been updated in 5 years or more
124824586,way,last_update,24-6-2012,Feature has not been updated in 5 years or more
124824588,way,last_update,6-8-2011,Feature has not been updated in 5 years or more
124824598,way,last_update,6-8-2011,Feature has not been updated in 5 years or more
124824602,way,last_update,6-8-2011,Feature has not been updated in 5 years or more
124862063,way,last_update,6-8-2011,Feature has not been updated in 5 years or more
124862117,way,last_update,6-8-2011,Feature has not been updated in 5 years or more
124862308,way,last_update,6-8-2011,Feature has not been updated in 5 years or more
124950919,way,last_update,6-8-2011,Feature has not been updated in 5 years or more
124950920,way,last_update,30-12-2016,Feature has not been updated in 5 years or more
124950927,way,last_update,6-8-2011,Feature has not been updated in 5 years or more
124950931,way,last_update,6-8-2011,Feature has not been updated in 5 years or more
124950935,way,last_update,6-8-2011,Feature has not been updated in 5 years or more
124950940,way,last_update,6-8-2011,Feature has not been updated in 5 years or more
124950955,way,last_update,6-8-2011,Feature has not been updated in 5 years or more
124950979,way,last_update,6-8-2011,Feature has not been updated in 5 years or more
124963413,way,last_update,7-8-2011,Feature has not been updated in 5 years or more
124963475,way,last_update,7-8-2011,Feature has not been updated in 5 years or more
124963479,way,last_update,7-8-2011,Feature has not been updated in 5 years or more
124963540,way,last_update,4-11-2016,Feature has not been updated in 5 years or more
125016292,way,last_update,7-8-2011,Feature has not been updated in 5 years or more
125016295,way,last_update,7-8-2011,Feature has not been updated in 5 years or more
125016297,way,last_update,7-8-2011,Feature has not been updated in 5 years or more
125016300,way,last_update,7-8-2011,Feature has not been updated in 5 years or more
125016302,way,last_update,7-8-2011,Feature has not been updated in 5 years or more
125016303,way,last_update,7-8-2011,Feature has not been updated in 5 years or more
125016304,way,last_update,7-8-2011,Feature has not been updated in 5 years or more
125016305,way,last_update,7-8-2011,Feature has not been updated in 5 years or more
125016306,way,last_update,7-8-2011,Feature has not been updated in 5 years or more
125016307,way,last_update,7-8-2011,Feature has not been updated in 5 years or more
125016308,way,last_update,7-8-2011,Feature has not been updated in 5 years or more
125016309,way,last_update,21-11-2012,Feature has not been updated in 5 years or more
125016310,way,last_update,7-8-2011,Feature has not been updated in 5 years or more
125016311,way,last_update,21-11-2012,Feature has not been updated in 5 years or more
125016312,way,last_update,7-8-2011,Feature has not been updated in 5 years or more
125016313,way,last_update,21-11-2012,Feature has not been updated in 5 years or more
125128084,way,last_update,8-8-2011,Feature has not been updated in 5 years or more
125128090,way,last_update,8-8-2011,Feature has not been updated in 5 years or more
125128095,way,last_update,8-8-2011,Feature has not been updated in 5 years or more
125128100,way,last_update,8-8-2011,Feature has not been updated in 5 years or more
125128102,way,last_update,8-8-2011,Feature has not been updated in 5 years or more
125128107,way,last_update,8-8-2011,Feature has not been updated in 5 years or more
125128116,way,last_update,4-11-2016,Feature has not been updated in 5 years or more
125128124,way,last_update,8-8-2011,Feature has not been updated in 5 years or more
125128136,way,last_update,8-8-2011,Feature has not been updated in 5 years or more
125128138,way,last_update,4-11-2016,Feature has not been updated in 5 years or more
125128139,way,last_update,8-8-2011,Feature has not been updated in 5 years or more
125128145,way,last_update,4-11-2016,Feature has not been updated in 5 years or more
125128175,way,last_update,4-11-2016,Feature has not been updated in 5 years or more
125144937,way,last_update,8-8-2011,Feature has not been updated in 5 years or more
125144942,way,last_update,10-10-2014,Feature has not been updated in 5 years or more
125144944,way,last_update,4-11-2016,Feature has not been updated in 5 years or more
125144946,way,last_update,8-8-2011,Feature has not been updated in 5 years or more
125144957,way,last_update,8-1-2012,Feature has not been updated in 5 years or more
125144959,way,last_update,8-8-2011,Feature has not been updated in 5 years or more
125144963,way,last_update,8-8-2011,Feature has not been updated in 5 years or more
125144966,way,last_update,4-11-2016,Feature has not been updated in 5 years or more
125144992,way,last_update,4-11-2016,Feature has not been updated in 5 years or more
125437319,way,last_update,10-8-2011,Feature has not been updated in 5 years or more
125450934,way,last_update,14-4-2021,Feature has not been updated in 5 years or more
125450978,way,last_update,10-8-2011,Feature has not been updated in 5 years or more
125450994,way,last_update,13-4-2021,Feature has not been updated in 5 years or more
125594145,way,last_update,11-8-2011,Feature has not been updated in 5 years or more
125594182,way,last_update,11-8-2011,Feature has not been updated in 5 years or more
125594183,way,last_update,11-8-2011,Feature has not been updated in 5 years or more
125594185,way,last_update,11-8-2011,Feature has not been updated in 5 years or more
125594186,way,last_update,11-8-2011,Feature has not been updated in 5 years or more
125594218,way,last_update,11-8-2011,Feature has not been updated in 5 years or more
125594220,way,last_update,11-8-2011,Feature has not been updated in 5 years or more
125594224,way,last_update,11-8-2011,Feature has not been updated in 5 years or more
125746328,way,last_update,12-8-2011,Feature has not been updated in 5 years or more
125746331,way,last_update,12-8-2011,Feature has not been updated in 5 years or more
125746586,way,last_update,12-8-2011,Feature has not been updated in 5 years or more
125746589,way,last_update,12-8-2011,Feature has not been updated in 5 years or more
125844568,way,last_update,13-8-2011,Feature has not been updated in 5 years or more
125844570,way,last_update,13-8-2011,Feature has not been updated in 5 years or more
125844589,way,last_update,13-8-2011,Feature has not been updated in 5 years or more
125844657,way,last_update,13-8-2011,Feature has not been updated in 5 years or more
125844816,way,last_update,28-8-2011,Feature has not been updated in 5 years or more
125844857,way,last_update,23-1-2020,Feature has not been updated in 5 years or more
126014445,way,last_update,14-8-2011,Feature has not been updated in 5 years or more
126014450,way,last_update,16-8-2011,Feature has not been updated in 5 years or more
126014451,way,last_update,14-8-2011,Feature has not been updated in 5 years or more
126014481,way,last_update,14-8-2011,Feature has not been updated in 5 years or more
126014528,way,last_update,14-8-2011,Feature has not been updated in 5 years or more
126014533,way,last_update,14-8-2011,Feature has not been updated in 5 years or more
126014543,way,last_update,14-8-2011,Feature has not been updated in 5 years or more
126309969,way,last_update,18-8-2011,Feature has not been updated in 5 years or more
126309985,way,last_update,16-8-2011,Feature has not been updated in 5 years or more
126310007,way,last_update,16-8-2011,Feature has not been updated in 5 years or more
126310022,way,last_update,16-8-2011,Feature has not been updated in 5 years or more
126310039,way,last_update,16-8-2011,Feature has not been updated in 5 years or more
126310050,way,last_update,16-8-2011,Feature has not been updated in 5 years or more
126310122,way,last_update,16-8-2011,Feature has not been updated in 5 years or more
126310163,way,last_update,16-8-2011,Feature has not been updated in 5 years or more
126310168,way,last_update,16-8-2011,Feature has not been updated in 5 years or more
126310171,way,last_update,16-8-2011,Feature has not been updated in 5 years or more
126310190,way,last_update,16-8-2011,Feature has not been updated in 5 years or more
126310201,way,last_update,16-8-2011,Feature has not been updated in 5 years or more
126319840,way,last_update,16-8-2011,Feature has not been updated in 5 years or more
126319843,way,last_update,21-11-2012,Feature has not been updated in 5 years or more
126319890,way,last_update,1-11-2019,Feature has not been updated in 5 years or more
126320045,way,last_update,16-8-2011,Feature has not been updated in 5 years or more
126618186,way,last_update,18-8-2011,Feature has not been updated in 5 years or more
126618222,way,last_update,18-8-2011,Feature has not been updated in 5 years or more
126618240,way,last_update,18-8-2011,Feature has not been updated in 5 years or more
126618307,way,last_update,18-8-2011,Feature has not been updated in 5 years or more
126618337,way,last_update,18-8-2011,Feature has not been updated in 5 years or more
126774766,way,last_update,24-7-2012,Feature has not been updated in 5 years or more
126860986,way,last_update,20-8-2011,Feature has not been updated in 5 years or more
126860987,way,last_update,20-8-2011,Feature has not been updated in 5 years or more
126860988,way,last_update,20-8-2011,Feature has not been updated in 5 years or more
126867870,way,last_update,20-8-2011,Feature has not been updated in 5 years or more
126867878,way,last_update,20-8-2011,Feature has not been updated in 5 years or more
126867888,way,last_update,20-8-2011,Feature has not been updated in 5 years or more
126867889,way,last_update,20-8-2011,Feature has not been updated in 5 years or more
126867942,way,last_update,28-8-2019,Feature has not been updated in 5 years or more
126867945,way,last_update,20-8-2011,Feature has not been updated in 5 years or more
126867948,way,last_update,20-8-2011,Feature has not been updated in 5 years or more
127018625,way,last_update,21-8-2011,Feature has not been updated in 5 years or more
127018645,way,last_update,21-8-2011,Feature has not been updated in 5 years or more
127018650,way,last_update,21-8-2011,Feature has not been updated in 5 years or more
127018732,way,last_update,21-8-2011,Feature has not been updated in 5 years or more
127018798,way,last_update,21-8-2011,Feature has not been updated in 5 years or more
127018802,way,last_update,21-8-2011,Feature has not been updated in 5 years or more
127018812,way,last_update,21-8-2011,Feature has not been updated in 5 years or more
127018820,way,last_update,21-8-2011,Feature has not been updated in 5 years or more
127190283,way,last_update,22-8-2011,Feature has not been updated in 5 years or more
127190305,way,last_update,22-8-2011,Feature has not been updated in 5 years or more
127190309,way,last_update,22-8-2011,Feature has not been updated in 5 years or more
127190355,way,last_update,22-8-2011,Feature has not been updated in 5 years or more
127330223,way,last_update,5-2-2020,Feature has not been updated in 5 years or more
127330296,way,last_update,5-2-2020,Feature has not been updated in 5 years or more
127330307,way,last_update,28-4-2012,Feature has not been updated in 5 years or more
127330354,way,last_update,23-8-2011,Feature has not been updated in 5 years or more
127330372,way,last_update,23-8-2011,Feature has not been updated in 5 years or more
127330373,way,last_update,23-8-2011,Feature has not been updated in 5 years or more
128008579,way,last_update,28-8-2011,Feature has not been updated in 5 years or more
128008595,way,last_update,28-8-2011,Feature has not been updated in 5 years or more
128008603,way,last_update,28-8-2011,Feature has not been updated in 5 years or more
128008607,way,last_update,28-8-2011,Feature has not been updated in 5 years or more
128008619,way,last_update,28-8-2011,Feature has not been updated in 5 years or more
128008643,way,last_update,28-8-2011,Feature has not been updated in 5 years or more
128008669,way,last_update,28-8-2011,Feature has not been updated in 5 years or more
128008700,way,last_update,28-8-2011,Feature has not been updated in 5 years or more
128008701,way,last_update,28-8-2011,Feature has not been updated in 5 years or more
128046283,way,last_update,7-11-2018,Feature has not been updated in 5 years or more
128046570,way,last_update,11-4-2021,Feature has not been updated in 5 years or more
128087515,way,last_update,28-8-2011,Feature has not been updated in 5 years or more
128277977,way,last_update,9-6-2012,Feature has not been updated in 5 years or more
128277979,way,last_update,30-8-2011,Feature has not been updated in 5 years or more
128278115,way,last_update,8-10-2019,Feature has not been updated in 5 years or more
128278117,way,last_update,8-10-2019,Feature has not been updated in 5 years or more
128396364,way,last_update,9-3-2020,Feature has not been updated in 5 years or more
128396370,way,last_update,11-2-2020,Feature has not been updated in 5 years or more
128396375,way,last_update,31-8-2011,Feature has not been updated in 5 years or more
128396389,way,last_update,31-8-2011,Feature has not been updated in 5 years or more
128396408,way,last_update,31-8-2011,Feature has not been updated in 5 years or more
128396430,way,last_update,5-7-2012,Feature has not been updated in 5 years or more
128396437,way,last_update,20-2-2020,Feature has not been updated in 5 years or more
128396447,way,last_update,31-8-2011,Feature has not been updated in 5 years or more
128396478,way,last_update,9-5-2020,Feature has not been updated in 5 years or more
128396504,way,last_update,13-4-2012,Feature has not been updated in 5 years or more
128396507,way,last_update,31-8-2011,Feature has not been updated in 5 years or more
128396510,way,last_update,20-2-2020,Feature has not been updated in 5 years or more
128396515,way,last_update,11-2-2020,Feature has not been updated in 5 years or more
128396520,way,last_update,11-2-2020,Feature has not been updated in 5 years or more
128396521,way,last_update,20-4-2020,Feature has not been updated in 5 years or more
128396528,way,last_update,9-5-2020,Feature has not been updated in 5 years or more
128486399,way,last_update,1-9-2011,Feature has not been updated in 5 years or more
128486405,way,last_update,1-9-2011,Feature has not been updated in 5 years or more
128486409,way,last_update,1-9-2011,Feature has not been updated in 5 years or more
128486415,way,last_update,1-9-2011,Feature has not been updated in 5 years or more
128486419,way,last_update,1-9-2011,Feature has not been updated in 5 years or more
128486505,way,last_update,1-9-2011,Feature has not been updated in 5 years or more
128486525,way,last_update,1-9-2011,Feature has not been updated in 5 years or more
128600764,way,last_update,2-9-2011,Feature has not been updated in 5 years or more
128600766,way,last_update,2-9-2011,Feature has not been updated in 5 years or more
128600771,way,last_update,19-9-2020,Feature has not been updated in 5 years or more
128600781,way,last_update,19-9-2020,Feature has not been updated in 5 years or more
128600786,way,last_update,2-9-2011,Feature has not been updated in 5 years or more
128600798,way,last_update,2-9-2011,Feature has not been updated in 5 years or more
128722418,way,last_update,3-9-2011,Feature has not been updated in 5 years or more
129077844,way,last_update,6-9-2011,Feature has not been updated in 5 years or more
129077845,way,last_update,6-9-2011,Feature has not been updated in 5 years or more
129077849,way,last_update,6-9-2011,Feature has not been updated in 5 years or more
129077851,way,last_update,6-9-2011,Feature has not been updated in 5 years or more
129088551,way,last_update,6-9-2011,Feature has not been updated in 5 years or more
129209776,way,last_update,7-9-2011,Feature has not been updated in 5 years or more
129318113,way,last_update,25-7-2019,Feature has not been updated in 5 years or more
129601426,way,last_update,4-7-2012,Feature has not been updated in 5 years or more
129614147,way,last_update,16-11-2016,Feature has not been updated in 5 years or more
129614148,way,last_update,25-8-2020,Feature has not been updated in 5 years or more
129614152,way,last_update,3-12-2018,Feature has not been updated in 5 years or more
129614163,way,last_update,25-8-2020,Feature has not been updated in 5 years or more
129751733,way,last_update,12-9-2011,Feature has not been updated in 5 years or more
129751742,way,last_update,12-9-2011,Feature has not been updated in 5 years or more
129751745,way,last_update,12-9-2011,Feature has not been updated in 5 years or more
129765655,way,last_update,12-9-2011,Feature has not been updated in 5 years or more
129765669,way,last_update,12-9-2011,Feature has not been updated in 5 years or more
129765672,way,last_update,12-9-2011,Feature has not been updated in 5 years or more
129765705,way,last_update,12-9-2011,Feature has not been updated in 5 years or more
129765788,way,last_update,12-9-2011,Feature has not been updated in 5 years or more
129836042,way,last_update,13-9-2011,Feature has not been updated in 5 years or more
129836050,way,last_update,13-9-2011,Feature has not been updated in 5 years or more
129836062,way,last_update,13-9-2011,Feature has not been updated in 5 years or more
129836065,way,last_update,13-9-2011,Feature has not been updated in 5 years or more
129836076,way,last_update,13-9-2011,Feature has not been updated in 5 years or more
129836080,way,last_update,13-9-2011,Feature has not been updated in 5 years or more
130404291,way,last_update,18-9-2011,Feature has not been updated in 5 years or more
130404320,way,last_update,18-9-2011,Feature has not been updated in 5 years or more
130404343,way,last_update,14-10-2019,Feature has not been updated in 5 years or more
130404418,way,last_update,3-12-2018,Feature has not been updated in 5 years or more
130523792,way,last_update,19-9-2011,Feature has not been updated in 5 years or more
130523793,way,last_update,19-9-2011,Feature has not been updated in 5 years or more
130523799,way,last_update,19-9-2011,Feature has not been updated in 5 years or more
130523825,way,last_update,19-9-2011,Feature has not been updated in 5 years or more
130523829,way,last_update,19-9-2011,Feature has not been updated in 5 years or more
130523843,way,last_update,19-9-2011,Feature has not been updated in 5 years or more
130523942,way,last_update,19-9-2011,Feature has not been updated in 5 years or more
130523944,way,last_update,19-9-2011,Feature has not been updated in 5 years or more
130523952,way,last_update,19-9-2011,Feature has not been updated in 5 years or more
130875309,way,last_update,22-9-2011,Feature has not been updated in 5 years or more
130875314,way,last_update,22-9-2011,Feature has not been updated in 5 years or more
130923403,way,last_update,23-9-2011,Feature has not been updated in 5 years or more
130946567,way,last_update,23-9-2011,Feature has not been updated in 5 years or more
130946585,way,last_update,23-9-2011,Feature has not been updated in 5 years or more
130946591,way,last_update,23-9-2011,Feature has not been updated in 5 years or more
130946603,way,last_update,23-9-2011,Feature has not been updated in 5 years or more
130946624,way,last_update,23-9-2011,Feature has not been updated in 5 years or more
131158021,way,last_update,24-9-2011,Feature has not been updated in 5 years or more
131158023,way,last_update,24-9-2011,Feature has not been updated in 5 years or more
131340578,way,last_update,25-9-2011,Feature has not been updated in 5 years or more
131340579,way,last_update,25-9-2011,Feature has not been updated in 5 years or more
131340580,way,last_update,25-9-2011,Feature has not been updated in 5 years or more
131340581,way,last_update,25-9-2011,Feature has not been updated in 5 years or more
131340585,way,last_update,25-9-2011,Feature has not been updated in 5 years or more
131340589,way,last_update,25-9-2011,Feature has not been updated in 5 years or more
131340593,way,last_update,25-9-2011,Feature has not been updated in 5 years or more
131340594,way,last_update,25-9-2011,Feature has not been updated in 5 years or more
131340677,way,last_update,25-9-2011,Feature has not been updated in 5 years or more
131414275,way,last_update,26-9-2011,Feature has not been updated in 5 years or more
131414280,way,last_update,12-4-2021,Feature has not been updated in 5 years or more
131414281,way,last_update,12-4-2021,Feature has not been updated in 5 years or more
131414282,way,last_update,12-4-2021,Feature has not been updated in 5 years or more
131414295,way,last_update,12-4-2021,Feature has not been updated in 5 years or more
131414296,way,last_update,26-9-2011,Feature has not been updated in 5 years or more
131414299,way,last_update,12-4-2021,Feature has not been updated in 5 years or more
131414300,way,last_update,12-4-2021,Feature has not been updated in 5 years or more
131414305,way,last_update,26-9-2011,Feature has not been updated in 5 years or more
131414306,way,last_update,26-9-2011,Feature has not been updated in 5 years or more
131414311,way,last_update,12-4-2021,Feature has not been updated in 5 years or more
131414312,way,last_update,12-4-2021,Feature has not been updated in 5 years or more
131414317,way,last_update,12-4-2021,Feature has not been updated in 5 years or more
131414349,way,last_update,26-9-2011,Feature has not been updated in 5 years or more
131414350,way,last_update,26-9-2011,Feature has not been updated in 5 years or more
131417155,way,last_update,26-9-2011,Feature has not been updated in 5 years or more
131417156,way,last_update,26-9-2011,Feature has not been updated in 5 years or more
131417157,way,last_update,26-9-2011,Feature has not been updated in 5 years or more
131417158,way,last_update,26-9-2011,Feature has not been updated in 5 years or more
131417159,way,last_update,26-9-2011,Feature has not been updated in 5 years or more
131417160,way,last_update,26-9-2011,Feature has not been updated in 5 years or more
131417161,way,last_update,26-9-2011,Feature has not been updated in 5 years or more
131417163,way,last_update,26-9-2011,Feature has not been updated in 5 years or more
131417164,way,last_update,26-9-2011,Feature has not been updated in 5 years or more
131463730,way,last_update,27-9-2011,Feature has not been updated in 5 years or more
131463738,way,last_update,27-9-2011,Feature has not been updated in 5 years or more
131463744,way,last_update,27-9-2011,Feature has not been updated in 5 years or more
131463749,way,last_update,27-9-2011,Feature has not been updated in 5 years or more
131463757,way,last_update,27-9-2011,Feature has not been updated in 5 years or more
131463765,way,last_update,27-9-2011,Feature has not been updated in 5 years or more
131463768,way,last_update,27-9-2011,Feature has not been updated in 5 years or more
131487196,way,last_update,19-3-2019,Feature has not been updated in 5 years or more
131588253,way,last_update,28-9-2011,Feature has not been updated in 5 years or more
131588255,way,last_update,28-9-2011,Feature has not been updated in 5 years or more
131588256,way,last_update,28-9-2011,Feature has not been updated in 5 years or more
131588257,way,last_update,28-9-2011,Feature has not been updated in 5 years or more
131588258,way,last_update,28-9-2011,Feature has not been updated in 5 years or more
131737736,way,last_update,30-9-2011,Feature has not been updated in 5 years or more
131951621,way,last_update,20-9-2012,Feature has not been updated in 5 years or more
132310093,way,last_update,5-10-2011,Feature has not been updated in 5 years or more
132310099,way,last_update,5-10-2011,Feature has not been updated in 5 years or more
132310113,way,last_update,30-9-2018,Feature has not been updated in 5 years or more
132407239,way,last_update,6-10-2011,Feature has not been updated in 5 years or more
132530562,way,last_update,13-4-2021,Feature has not been updated in 5 years or more
132530563,way,last_update,13-4-2021,Feature has not been updated in 5 years or more
132683511,way,last_update,9-10-2011,Feature has not been updated in 5 years or more
132683512,way,last_update,9-10-2011,Feature has not been updated in 5 years or more
132683513,way,last_update,9-10-2011,Feature has not been updated in 5 years or more
132683516,way,last_update,9-10-2011,Feature has not been updated in 5 years or more
132683517,way,last_update,9-10-2011,Feature has not been updated in 5 years or more
132683518,way,last_update,9-10-2011,Feature has not been updated in 5 years or more
133037639,way,last_update,12-10-2011,Feature has not been updated in 5 years or more
133037653,way,last_update,12-10-2011,Feature has not been updated in 5 years or more
133037676,way,last_update,28-8-2019,Feature has not been updated in 5 years or more
133037677,way,last_update,12-10-2011,Feature has not been updated in 5 years or more
133476759,way,last_update,16-10-2011,Feature has not been updated in 5 years or more
133476851,way,last_update,18-10-2011,Feature has not been updated in 5 years or more
133831488,way,last_update,19-10-2011,Feature has not been updated in 5 years or more
133831493,way,last_update,19-10-2011,Feature has not been updated in 5 years or more
133831500,way,last_update,19-10-2011,Feature has not been updated in 5 years or more
133831501,way,last_update,19-10-2011,Feature has not been updated in 5 years or more
133831530,way,last_update,19-10-2011,Feature has not been updated in 5 years or more
133831538,way,last_update,19-10-2011,Feature has not been updated in 5 years or more
134102234,way,last_update,21-10-2011,Feature has not been updated in 5 years or more
134210110,way,last_update,22-10-2011,Feature has not been updated in 5 years or more
134992444,way,last_update,28-10-2011,Feature has not been updated in 5 years or more
135935906,way,last_update,5-11-2011,Feature has not been updated in 5 years or more
136396726,way,last_update,9-11-2011,Feature has not been updated in 5 years or more
136396743,way,last_update,9-11-2011,Feature has not been updated in 5 years or more
136396745,way,last_update,9-11-2011,Feature has not been updated in 5 years or more
136396755,way,last_update,9-11-2011,Feature has not been updated in 5 years or more
136396768,way,last_update,9-11-2011,Feature has not been updated in 5 years or more
136396774,way,last_update,9-11-2011,Feature has not been updated in 5 years or more
136396777,way,last_update,9-11-2011,Feature has not been updated in 5 years or more
136476549,way,last_update,10-11-2011,Feature has not been updated in 5 years or more
136476550,way,last_update,10-11-2011,Feature has not been updated in 5 years or more
136476551,way,last_update,10-11-2011,Feature has not been updated in 5 years or more
136598980,way,last_update,11-11-2011,Feature has not been updated in 5 years or more
136598983,way,last_update,11-11-2011,Feature has not been updated in 5 years or more
136598988,way,last_update,11-11-2011,Feature has not been updated in 5 years or more
136598992,way,last_update,11-11-2011,Feature has not been updated in 5 years or more
136599000,way,last_update,11-11-2011,Feature has not been updated in 5 years or more
136599008,way,last_update,11-11-2011,Feature has not been updated in 5 years or more
136599015,way,last_update,11-11-2011,Feature has not been updated in 5 years or more
136599018,way,last_update,11-11-2011,Feature has not been updated in 5 years or more
136706267,way,last_update,12-11-2011,Feature has not been updated in 5 years or more
136706268,way,last_update,12-11-2011,Feature has not been updated in 5 years or more
136706285,way,last_update,12-11-2011,Feature has not been updated in 5 years or more
136706291,way,last_update,12-11-2011,Feature has not been updated in 5 years or more
136706297,way,last_update,12-11-2011,Feature has not been updated in 5 years or more
136706308,way,last_update,12-11-2011,Feature has not been updated in 5 years or more
136706333,way,last_update,12-11-2011,Feature has not been updated in 5 years or more
136717748,way,last_update,12-11-2011,Feature has not been updated in 5 years or more
136717811,way,last_update,12-11-2011,Feature has not been updated in 5 years or more
136717819,way,last_update,12-11-2011,Feature has not been updated in 5 years or more
136717835,way,last_update,12-11-2011,Feature has not been updated in 5 years or more
136717865,way,last_update,12-11-2011,Feature has not been updated in 5 years or more
136717867,way,last_update,18-8-2012,Feature has not been updated in 5 years or more
136717876,way,last_update,12-11-2011,Feature has not been updated in 5 years or more
136717878,way,last_update,12-11-2011,Feature has not been updated in 5 years or more
136962790,way,last_update,14-11-2011,Feature has not been updated in 5 years or more
136962792,way,last_update,14-11-2011,Feature has not been updated in 5 years or more
136962806,way,last_update,14-11-2011,Feature has not been updated in 5 years or more
136962828,way,last_update,14-11-2011,Feature has not been updated in 5 years or more
137283313,way,last_update,17-11-2011,Feature has not been updated in 5 years or more
137283314,way,last_update,17-11-2011,Feature has not been updated in 5 years or more
137283315,way,last_update,17-11-2011,Feature has not been updated in 5 years or more
137283316,way,last_update,17-11-2011,Feature has not been updated in 5 years or more
137283318,way,last_update,17-11-2011,Feature has not been updated in 5 years or more
137283321,way,last_update,17-11-2011,Feature has not been updated in 5 years or more
137283322,way,last_update,17-11-2011,Feature has not been updated in 5 years or more
137283330,way,last_update,17-11-2011,Feature has not been updated in 5 years or more
137283331,way,last_update,17-11-2011,Feature has not been updated in 5 years or more
137283334,way,last_update,17-11-2011,Feature has not been updated in 5 years or more
137283340,way,last_update,17-11-2011,Feature has not been updated in 5 years or more
137283341,way,last_update,17-11-2011,Feature has not been updated in 5 years or more
139334072,way,last_update,2-12-2011,Feature has not been updated in 5 years or more
139488010,way,last_update,3-12-2011,Feature has not been updated in 5 years or more
139488038,way,last_update,3-12-2011,Feature has not been updated in 5 years or more
140216760,way,last_update,12-4-2021,Feature has not been updated in 5 years or more
140216774,way,last_update,12-4-2021,Feature has not been updated in 5 years or more
140216813,way,last_update,8-12-2011,Feature has not been updated in 5 years or more
140352878,way,last_update,19-10-2018,Feature has not been updated in 5 years or more
140356222,way,last_update,9-12-2011,Feature has not been updated in 5 years or more
140356223,way,last_update,9-12-2011,Feature has not been updated in 5 years or more
140356224,way,last_update,9-12-2011,Feature has not been updated in 5 years or more
140356225,way,last_update,9-12-2011,Feature has not been updated in 5 years or more
140512485,way,last_update,10-12-2011,Feature has not been updated in 5 years or more
140512491,way,last_update,10-12-2011,Feature has not been updated in 5 years or more
140512542,way,last_update,10-12-2011,Feature has not been updated in 5 years or more
141030818,way,last_update,13-12-2011,Feature has not been updated in 5 years or more
141300293,way,last_update,15-12-2011,Feature has not been updated in 5 years or more
141300294,way,last_update,15-12-2011,Feature has not been updated in 5 years or more
141300322,way,last_update,13-8-2016,Feature has not been updated in 5 years or more
141308874,way,last_update,15-12-2011,Feature has not been updated in 5 years or more
143602260,way,last_update,31-12-2011,Feature has not been updated in 5 years or more
143602265,way,last_update,31-12-2011,Feature has not been updated in 5 years or more
143602267,way,last_update,31-12-2011,Feature has not been updated in 5 years or more
143602269,way,last_update,31-12-2011,Feature has not been updated in 5 years or more
143602271,way,last_update,31-12-2011,Feature has not been updated in 5 years or more
143602272,way,last_update,31-12-2011,Feature has not been updated in 5 years or more
143602282,way,last_update,31-12-2011,Feature has not been updated in 5 years or more
143602287,way,last_update,31-12-2011,Feature has not been updated in 5 years or more
143602294,way,last_update,31-12-2011,Feature has not been updated in 5 years or more
143939070,way,last_update,3-1-2012,Feature has not been updated in 5 years or more
144685880,way,last_update,8-1-2012,Feature has not been updated in 5 years or more
144685882,way,last_update,8-12-2012,Feature has not been updated in 5 years or more
148031926,way,last_update,30-1-2012,Feature has not been updated in 5 years or more
148172970,way,last_update,31-1-2012,Feature has not been updated in 5 years or more
148172975,way,last_update,31-1-2012,Feature has not been updated in 5 years or more
148172988,way,last_update,31-1-2012,Feature has not been updated in 5 years or more
148172991,way,last_update,13-4-2021,Feature has not been updated in 5 years or more
148173036,way,last_update,31-1-2012,Feature has not been updated in 5 years or more
148658318,way,last_update,23-11-2016,Feature has not been updated in 5 years or more
149519540,way,last_update,9-2-2012,Feature has not been updated in 5 years or more
149519554,way,last_update,9-2-2012,Feature has not been updated in 5 years or more
149519556,way,last_update,9-2-2012,Feature has not been updated in 5 years or more
149519560,way,last_update,9-2-2012,Feature has not been updated in 5 years or more
149519567,way,last_update,25-6-2019,Feature has not been updated in 5 years or more
149519572,way,last_update,9-2-2012,Feature has not been updated in 5 years or more
149521694,way,last_update,9-2-2012,Feature has not been updated in 5 years or more
149701309,way,last_update,10-2-2012,Feature has not been updated in 5 years or more
149701310,way,last_update,10-2-2012,Feature has not been updated in 5 years or more
149719652,way,last_update,18-2-2020,Feature has not been updated in 5 years or more
149834689,way,last_update,6-5-2013,Feature has not been updated in 5 years or more
149834690,way,last_update,2-12-2018,Feature has not been updated in 5 years or more
149834695,way,last_update,11-2-2012,Feature has not been updated in 5 years or more
150165634,way,last_update,13-2-2012,Feature has not been updated in 5 years or more
150165681,way,last_update,13-2-2012,Feature has not been updated in 5 years or more
150584229,way,last_update,14-3-2018,Feature has not been updated in 5 years or more
150613786,way,last_update,16-2-2012,Feature has not been updated in 5 years or more
150893946,way,last_update,18-2-2012,Feature has not been updated in 5 years or more
150893949,way,last_update,18-2-2012,Feature has not been updated in 5 years or more
150893951,way,last_update,18-2-2012,Feature has not been updated in 5 years or more
150893952,way,last_update,10-4-2012,Feature has not been updated in 5 years or more
150893953,way,last_update,10-4-2012,Feature has not been updated in 5 years or more
150893955,way,last_update,18-2-2012,Feature has not been updated in 5 years or more
150893959,way,last_update,18-2-2012,Feature has not been updated in 5 years or more
150893963,way,last_update,10-4-2012,Feature has not been updated in 5 years or more
150893964,way,last_update,18-2-2012,Feature has not been updated in 5 years or more
150893980,way,last_update,18-2-2012,Feature has not been updated in 5 years or more
151208545,way,last_update,26-5-2020,Feature has not been updated in 5 years or more
151350337,way,last_update,10-4-2012,Feature has not been updated in 5 years or more
151350338,way,last_update,21-2-2012,Feature has not been updated in 5 years or more
151350339,way,last_update,21-2-2012,Feature has not been updated in 5 years or more
151350345,way,last_update,21-2-2012,Feature has not been updated in 5 years or more
151981962,way,last_update,26-2-2012,Feature has not been updated in 5 years or more
152296626,way,last_update,28-2-2012,Feature has not been updated in 5 years or more
152296688,way,last_update,28-2-2012,Feature has not been updated in 5 years or more
152296705,way,last_update,28-2-2012,Feature has not been updated in 5 years or more
152439433,way,last_update,29-2-2012,Feature has not been updated in 5 years or more
152439438,way,last_update,29-2-2012,Feature has not been updated in 5 years or more
152439439,way,last_update,11-1-2018,Feature has not been updated in 5 years or more
152439470,way,last_update,29-2-2012,Feature has not been updated in 5 years or more
152439476,way,last_update,29-2-2012,Feature has not been updated in 5 years or more
152439494,way,last_update,29-2-2012,Feature has not been updated in 5 years or more
152439500,way,last_update,29-9-2012,Feature has not been updated in 5 years or more
152439533,way,last_update,29-2-2012,Feature has not been updated in 5 years or more
152439534,way,last_update,29-2-2012,Feature has not been updated in 5 years or more
152439535,way,last_update,29-2-2012,Feature has not been updated in 5 years or more
152439536,way,last_update,29-2-2012,Feature has not been updated in 5 years or more
152439539,way,last_update,29-2-2012,Feature has not been updated in 5 years or more
152439547,way,last_update,29-2-2012,Feature has not been updated in 5 years or more
152439570,way,last_update,29-2-2012,Feature has not been updated in 5 years or more
152439578,way,last_update,29-2-2012,Feature has not been updated in 5 years or more
152439579,way,last_update,29-2-2012,Feature has not been updated in 5 years or more
152439581,way,last_update,29-2-2012,Feature has not been updated in 5 years or more
152439600,way,last_update,29-2-2012,Feature has not been updated in 5 years or more
153779585,way,last_update,7-3-2012,Feature has not been updated in 5 years or more
153779591,way,last_update,7-3-2012,Feature has not been updated in 5 years or more
153779593,way,last_update,7-3-2012,Feature has not been updated in 5 years or more
153779595,way,last_update,7-3-2012,Feature has not been updated in 5 years or more
153779596,way,last_update,7-3-2012,Feature has not been updated in 5 years or more
153779597,way,last_update,7-3-2012,Feature has not been updated in 5 years or more
153779600,way,last_update,7-3-2012,Feature has not been updated in 5 years or more
153779602,way,last_update,7-3-2012,Feature has not been updated in 5 years or more
153779605,way,last_update,7-3-2012,Feature has not been updated in 5 years or more
153779612,way,last_update,7-3-2012,Feature has not been updated in 5 years or more
153779613,way,last_update,7-3-2012,Feature has not been updated in 5 years or more
153779616,way,last_update,7-3-2012,Feature has not been updated in 5 years or more
153779619,way,last_update,7-3-2012,Feature has not been updated in 5 years or more
153779620,way,last_update,7-3-2012,Feature has not been updated in 5 years or more
153779622,way,last_update,7-3-2012,Feature has not been updated in 5 years or more
153779624,way,last_update,7-3-2012,Feature has not been updated in 5 years or more
153779625,way,last_update,7-3-2012,Feature has not been updated in 5 years or more
153779628,way,last_update,7-3-2012,Feature has not been updated in 5 years or more
153779629,way,last_update,7-3-2012,Feature has not been updated in 5 years or more
153779631,way,last_update,7-3-2012,Feature has not been updated in 5 years or more
153779632,way,last_update,7-3-2012,Feature has not been updated in 5 years or more
153779634,way,last_update,7-3-2012,Feature has not been updated in 5 years or more
153779635,way,last_update,7-3-2012,Feature has not been updated in 5 years or more
153779637,way,last_update,7-3-2012,Feature has not been updated in 5 years or more
153779646,way,last_update,7-3-2012,Feature has not been updated in 5 years or more
153779649,way,last_update,7-3-2012,Feature has not been updated in 5 years or more
153779651,way,last_update,7-3-2012,Feature has not been updated in 5 years or more
153779654,way,last_update,7-3-2012,Feature has not been updated in 5 years or more
153779659,way,last_update,7-3-2012,Feature has not been updated in 5 years or more
153779667,way,last_update,7-3-2012,Feature has not been updated in 5 years or more
153779673,way,last_update,6-4-2012,Feature has not been updated in 5 years or more
153779674,way,last_update,7-3-2012,Feature has not been updated in 5 years or more
153779676,way,last_update,7-3-2012,Feature has not been updated in 5 years or more
153779678,way,last_update,7-3-2012,Feature has not been updated in 5 years or more
153779685,way,last_update,7-3-2012,Feature has not been updated in 5 years or more
153779690,way,last_update,7-3-2012,Feature has not been updated in 5 years or more
154135706,way,last_update,9-3-2012,Feature has not been updated in 5 years or more
154999649,way,last_update,14-3-2012,Feature has not been updated in 5 years or more
154999652,way,last_update,14-3-2012,Feature has not been updated in 5 years or more
154999656,way,last_update,14-3-2012,Feature has not been updated in 5 years or more
154999659,way,last_update,14-3-2012,Feature has not been updated in 5 years or more
154999675,way,last_update,14-3-2012,Feature has not been updated in 5 years or more
155145611,way,last_update,15-3-2012,Feature has not been updated in 5 years or more
155145659,way,last_update,15-3-2012,Feature has not been updated in 5 years or more
155249165,way,last_update,2-11-2018,Feature has not been updated in 5 years or more
155249176,way,last_update,16-3-2012,Feature has not been updated in 5 years or more
155997275,way,last_update,3-12-2018,Feature has not been updated in 5 years or more
156425959,way,last_update,23-3-2012,Feature has not been updated in 5 years or more
156900123,way,last_update,26-3-2012,Feature has not been updated in 5 years or more
156900124,way,last_update,8-10-2018,Feature has not been updated in 5 years or more
157046052,way,last_update,27-3-2012,Feature has not been updated in 5 years or more
157046053,way,last_update,27-3-2012,Feature has not been updated in 5 years or more
157046055,way,last_update,8-10-2018,Feature has not been updated in 5 years or more
157046056,way,last_update,8-10-2018,Feature has not been updated in 5 years or more
157046057,way,last_update,27-3-2012,Feature has not been updated in 5 years or more
157046058,way,last_update,8-10-2018,Feature has not been updated in 5 years or more
157046059,way,last_update,27-3-2012,Feature has not been updated in 5 years or more
157046060,way,last_update,27-3-2012,Feature has not been updated in 5 years or more
157046061,way,last_update,27-3-2012,Feature has not been updated in 5 years or more
157046062,way,last_update,27-3-2012,Feature has not been updated in 5 years or more
157046063,way,last_update,27-3-2012,Feature has not been updated in 5 years or more
157494434,way,last_update,30-3-2012,Feature has not been updated in 5 years or more
157494455,way,last_update,30-3-2012,Feature has not been updated in 5 years or more
157494458,way,last_update,30-3-2012,Feature has not been updated in 5 years or more
157494461,way,last_update,15-7-2018,Feature has not been updated in 5 years or more
157494465,way,last_update,30-3-2012,Feature has not been updated in 5 years or more
157494482,way,last_update,30-3-2012,Feature has not been updated in 5 years or more
157660527,way,last_update,31-3-2012,Feature has not been updated in 5 years or more
157660532,way,last_update,31-3-2012,Feature has not been updated in 5 years or more
157660534,way,last_update,31-3-2012,Feature has not been updated in 5 years or more
157660536,way,last_update,31-3-2012,Feature has not been updated in 5 years or more
157660541,way,last_update,31-3-2012,Feature has not been updated in 5 years or more
157660551,way,last_update,31-3-2012,Feature has not been updated in 5 years or more
157660556,way,last_update,31-3-2012,Feature has not been updated in 5 years or more
157660557,way,last_update,31-3-2012,Feature has not been updated in 5 years or more
157660562,way,last_update,31-3-2012,Feature has not been updated in 5 years or more
158198160,way,last_update,6-4-2012,Feature has not been updated in 5 years or more
158198184,way,last_update,6-4-2012,Feature has not been updated in 5 years or more
158198239,way,last_update,9-4-2012,Feature has not been updated in 5 years or more
158306853,way,last_update,7-4-2012,Feature has not been updated in 5 years or more
158306855,way,last_update,7-4-2012,Feature has not been updated in 5 years or more
158306859,way,last_update,7-4-2012,Feature has not been updated in 5 years or more
158306865,way,last_update,7-4-2012,Feature has not been updated in 5 years or more
158309480,way,last_update,19-9-2020,Feature has not been updated in 5 years or more
158309481,way,last_update,19-9-2020,Feature has not been updated in 5 years or more
158309482,way,last_update,19-9-2020,Feature has not been updated in 5 years or more
158647723,way,last_update,9-4-2012,Feature has not been updated in 5 years or more
158808850,way,last_update,10-4-2012,Feature has not been updated in 5 years or more
158808869,way,last_update,10-4-2012,Feature has not been updated in 5 years or more
158808878,way,last_update,13-10-2018,Feature has not been updated in 5 years or more
158823144,way,last_update,10-4-2012,Feature has not been updated in 5 years or more
158823145,way,last_update,10-4-2012,Feature has not been updated in 5 years or more
158823146,way,last_update,10-4-2012,Feature has not been updated in 5 years or more
158825824,way,last_update,10-4-2012,Feature has not been updated in 5 years or more
158825830,way,last_update,10-4-2012,Feature has not been updated in 5 years or more
158825843,way,last_update,10-4-2012,Feature has not been updated in 5 years or more
158983464,way,last_update,11-4-2012,Feature has not been updated in 5 years or more
158983515,way,last_update,11-4-2012,Feature has not been updated in 5 years or more
158983526,way,last_update,11-4-2012,Feature has not been updated in 5 years or more
160301301,way,last_update,20-4-2012,Feature has not been updated in 5 years or more
160301303,way,last_update,20-4-2012,Feature has not been updated in 5 years or more
160301312,way,last_update,20-4-2012,Feature has not been updated in 5 years or more
160301321,way,last_update,20-4-2012,Feature has not been updated in 5 years or more
160301324,way,last_update,20-4-2012,Feature has not been updated in 5 years or more
160301329,way,last_update,20-4-2012,Feature has not been updated in 5 years or more
160301354,way,last_update,20-4-2012,Feature has not been updated in 5 years or more
160301365,way,last_update,20-4-2012,Feature has not been updated in 5 years or more
160301371,way,last_update,20-4-2012,Feature has not been updated in 5 years or more
160301372,way,last_update,20-4-2012,Feature has not been updated in 5 years or more
160301374,way,last_update,20-4-2012,Feature has not been updated in 5 years or more
160301379,way,last_update,20-4-2012,Feature has not been updated in 5 years or more
160301385,way,last_update,20-4-2012,Feature has not been updated in 5 years or more
160301398,way,last_update,20-4-2012,Feature has not been updated in 5 years or more
160301409,way,last_update,20-4-2012,Feature has not been updated in 5 years or more
160301430,way,last_update,20-4-2012,Feature has not been updated in 5 years or more
160301433,way,last_update,16-11-2018,Feature has not been updated in 5 years or more
161272375,way,last_update,27-4-2012,Feature has not been updated in 5 years or more
161272377,way,last_update,27-4-2012,Feature has not been updated in 5 years or more
161272378,way,last_update,27-4-2012,Feature has not been updated in 5 years or more
161272393,way,last_update,27-4-2012,Feature has not been updated in 5 years or more
161273631,way,last_update,27-4-2012,Feature has not been updated in 5 years or more
161273632,way,last_update,27-4-2012,Feature has not been updated in 5 years or more
161273633,way,last_update,27-4-2012,Feature has not been updated in 5 years or more
161273634,way,last_update,27-4-2012,Feature has not been updated in 5 years or more
161275969,way,last_update,27-4-2012,Feature has not been updated in 5 years or more
161278296,way,last_update,27-4-2012,Feature has not been updated in 5 years or more
161442136,way,last_update,28-4-2012,Feature has not been updated in 5 years or more
161747387,way,last_update,1-5-2012,Feature has not been updated in 5 years or more
161747393,way,last_update,1-5-2012,Feature has not been updated in 5 years or more
161747406,way,last_update,1-5-2012,Feature has not been updated in 5 years or more
161841379,way,last_update,2-5-2012,Feature has not been updated in 5 years or more
161841386,way,last_update,2-5-2012,Feature has not been updated in 5 years or more
161841428,way,last_update,2-5-2012,Feature has not been updated in 5 years or more
161841740,way,last_update,2-5-2012,Feature has not been updated in 5 years or more
161841741,way,last_update,2-5-2012,Feature has not been updated in 5 years or more
161841746,way,last_update,2-5-2012,Feature has not been updated in 5 years or more
164813130,way,last_update,24-5-2012,Feature has not been updated in 5 years or more
164813135,way,last_update,24-5-2012,Feature has not been updated in 5 years or more
164813146,way,last_update,26-5-2012,Feature has not been updated in 5 years or more
164813154,way,last_update,24-5-2012,Feature has not been updated in 5 years or more
164814378,way,last_update,24-5-2012,Feature has not been updated in 5 years or more
164814379,way,last_update,24-5-2012,Feature has not been updated in 5 years or more
164814380,way,last_update,24-5-2012,Feature has not been updated in 5 years or more
165029531,way,last_update,26-5-2012,Feature has not been updated in 5 years or more
165029541,way,last_update,26-5-2012,Feature has not been updated in 5 years or more
165029564,way,last_update,26-5-2012,Feature has not been updated in 5 years or more
165029570,way,last_update,26-5-2012,Feature has not been updated in 5 years or more
165029575,way,last_update,26-5-2012,Feature has not been updated in 5 years or more
165029594,way,last_update,26-5-2012,Feature has not been updated in 5 years or more
165029668,way,last_update,6-5-2013,Feature has not been updated in 5 years or more
165029678,way,last_update,26-5-2012,Feature has not been updated in 5 years or more
165146010,way,last_update,27-5-2012,Feature has not been updated in 5 years or more
165146020,way,last_update,13-10-2018,Feature has not been updated in 5 years or more
165313108,way,last_update,28-5-2012,Feature has not been updated in 5 years or more
165313112,way,last_update,28-5-2012,Feature has not been updated in 5 years or more
165313132,way,last_update,28-5-2012,Feature has not been updated in 5 years or more
165313139,way,last_update,28-5-2012,Feature has not been updated in 5 years or more
165313147,way,last_update,28-5-2012,Feature has not been updated in 5 years or more
165313150,way,last_update,28-5-2012,Feature has not been updated in 5 years or more
165313167,way,last_update,28-5-2012,Feature has not been updated in 5 years or more
165313188,way,last_update,28-5-2012,Feature has not been updated in 5 years or more
165313192,way,last_update,28-5-2012,Feature has not been updated in 5 years or more
165313207,way,last_update,28-5-2012,Feature has not been updated in 5 years or more
165733558,way,last_update,1-6-2012,Feature has not been updated in 5 years or more
165733559,way,last_update,1-6-2012,Feature has not been updated in 5 years or more
165733560,way,last_update,1-6-2012,Feature has not been updated in 5 years or more
165733563,way,last_update,1-6-2012,Feature has not been updated in 5 years or more
165733564,way,last_update,1-6-2012,Feature has not been updated in 5 years or more
165733565,way,last_update,1-6-2012,Feature has not been updated in 5 years or more
165832297,way,last_update,2-6-2012,Feature has not been updated in 5 years or more
165832298,way,last_update,2-6-2012,Feature has not been updated in 5 years or more
165832312,way,last_update,11-9-2014,Feature has not been updated in 5 years or more
166356006,way,last_update,6-6-2012,Feature has not been updated in 5 years or more
166476052,way,last_update,7-6-2012,Feature has not been updated in 5 years or more
166476053,way,last_update,7-6-2012,Feature has not been updated in 5 years or more
166476089,way,last_update,13-4-2021,Feature has not been updated in 5 years or more
166675506,way,last_update,9-6-2012,Feature has not been updated in 5 years or more
166675509,way,last_update,9-6-2012,Feature has not been updated in 5 years or more
166675525,way,last_update,9-6-2012,Feature has not been updated in 5 years or more
166675546,way,last_update,9-6-2012,Feature has not been updated in 5 years or more
166675549,way,last_update,9-6-2012,Feature has not been updated in 5 years or more
166794698,way,last_update,10-6-2012,Feature has not been updated in 5 years or more
166811584,way,last_update,28-3-2017,Feature has not been updated in 5 years or more
167863169,way,last_update,6-8-2018,Feature has not been updated in 5 years or more
167863177,way,last_update,17-6-2012,Feature has not been updated in 5 years or more
167863180,way,last_update,17-6-2012,Feature has not been updated in 5 years or more
167863187,way,last_update,17-6-2012,Feature has not been updated in 5 years or more
167863189,way,last_update,6-8-2018,Feature has not been updated in 5 years or more
167863191,way,last_update,27-8-2019,Feature has not been updated in 5 years or more
167863215,way,last_update,17-6-2012,Feature has not been updated in 5 years or more
167863216,way,last_update,17-6-2012,Feature has not been updated in 5 years or more
168244123,way,last_update,20-6-2012,Feature has not been updated in 5 years or more
168297204,way,last_update,20-6-2012,Feature has not been updated in 5 years or more
168443245,way,last_update,21-6-2012,Feature has not been updated in 5 years or more
168443247,way,last_update,21-6-2012,Feature has not been updated in 5 years or more
168443248,way,last_update,21-6-2012,Feature has not been updated in 5 years or more
168443249,way,last_update,21-6-2012,Feature has not been updated in 5 years or more
168443250,way,last_update,21-6-2012,Feature has not been updated in 5 years or more
168852824,way,last_update,24-6-2012,Feature has not been updated in 5 years or more
168852825,way,last_update,24-6-2012,Feature has not been updated in 5 years or more
168852827,way,last_update,24-6-2012,Feature has not been updated in 5 years or more
168852829,way,last_update,24-6-2012,Feature has not been updated in 5 years or more
168861671,way,last_update,29-6-2012,Feature has not been updated in 5 years or more
168861673,way,last_update,29-6-2012,Feature has not been updated in 5 years or more
169409470,way,last_update,29-6-2012,Feature has not been updated in 5 years or more
169409472,way,last_update,29-6-2012,Feature has not been updated in 5 years or more
169409474,way,last_update,29-6-2012,Feature has not been updated in 5 years or more
169409475,way,last_update,29-6-2012,Feature has not been updated in 5 years or more
169409476,way,last_update,29-6-2012,Feature has not been updated in 5 years or more
169409479,way,last_update,29-6-2012,Feature has not been updated in 5 years or more
169409480,way,last_update,29-6-2012,Feature has not been updated in 5 years or more
169518362,way,last_update,30-6-2012,Feature has not been updated in 5 years or more
169518363,way,last_update,30-6-2012,Feature has not been updated in 5 years or more
169518364,way,last_update,30-6-2012,Feature has not been updated in 5 years or more
169518365,way,last_update,30-6-2012,Feature has not been updated in 5 years or more
169518367,way,last_update,30-6-2012,Feature has not been updated in 5 years or more
169518370,way,last_update,30-6-2012,Feature has not been updated in 5 years or more
169518371,way,last_update,30-6-2012,Feature has not been updated in 5 years or more
169518372,way,last_update,30-6-2012,Feature has not been updated in 5 years or more
169518374,way,last_update,30-6-2012,Feature has not been updated in 5 years or more
169518375,way,last_update,30-6-2012,Feature has not been updated in 5 years or more
169518383,way,last_update,30-6-2012,Feature has not been updated in 5 years or more
169518384,way,last_update,30-6-2012,Feature has not been updated in 5 years or more
169518387,way,last_update,30-6-2012,Feature has not been updated in 5 years or more
169518395,way,last_update,30-6-2012,Feature has not been updated in 5 years or more
169518397,way,last_update,30-6-2012,Feature has not been updated in 5 years or more
169518398,way,last_update,30-6-2012,Feature has not been updated in 5 years or more
169518409,way,last_update,30-6-2012,Feature has not been updated in 5 years or more
169518420,way,last_update,30-6-2012,Feature has not been updated in 5 years or more
169518464,way,last_update,30-6-2012,Feature has not been updated in 5 years or more
169518472,way,last_update,30-6-2012,Feature has not been updated in 5 years or more
169673013,way,last_update,1-7-2012,Feature has not been updated in 5 years or more
169673014,way,last_update,1-7-2012,Feature has not been updated in 5 years or more
169673024,way,last_update,1-7-2012,Feature has not been updated in 5 years or more
170088382,way,last_update,5-7-2012,Feature has not been updated in 5 years or more
170192176,way,last_update,20-4-2020,Feature has not been updated in 5 years or more
170192178,way,last_update,5-7-2012,Feature has not been updated in 5 years or more
170408252,way,last_update,19-8-2019,Feature has not been updated in 5 years or more
170408261,way,last_update,19-8-2019,Feature has not been updated in 5 years or more
170724818,way,last_update,7-11-2018,Feature has not been updated in 5 years or more
171597296,way,last_update,15-7-2012,Feature has not been updated in 5 years or more
171597297,way,last_update,23-8-2020,Feature has not been updated in 5 years or more
171597298,way,last_update,23-8-2020,Feature has not been updated in 5 years or more
171597299,way,last_update,23-8-2020,Feature has not been updated in 5 years or more
171597300,way,last_update,15-7-2012,Feature has not been updated in 5 years or more
171597301,way,last_update,15-7-2012,Feature has not been updated in 5 years or more
171597302,way,last_update,15-7-2012,Feature has not been updated in 5 years or more
171597304,way,last_update,15-7-2012,Feature has not been updated in 5 years or more
171597305,way,last_update,15-7-2012,Feature has not been updated in 5 years or more
171597307,way,last_update,15-7-2012,Feature has not been updated in 5 years or more
171597310,way,last_update,15-7-2012,Feature has not been updated in 5 years or more
171597311,way,last_update,15-7-2012,Feature has not been updated in 5 years or more
171597313,way,last_update,15-7-2012,Feature has not been updated in 5 years or more
171597315,way,last_update,15-7-2012,Feature has not been updated in 5 years or more
171597317,way,last_update,15-7-2012,Feature has not been updated in 5 years or more
171597319,way,last_update,15-7-2012,Feature has not been updated in 5 years or more
171597320,way,last_update,23-8-2020,Feature has not been updated in 5 years or more
171597322,way,last_update,15-7-2012,Feature has not been updated in 5 years or more
171597324,way,last_update,23-8-2020,Feature has not been updated in 5 years or more
171597327,way,last_update,23-8-2020,Feature has not been updated in 5 years or more
171597329,way,last_update,15-7-2012,Feature has not been updated in 5 years or more
171597330,way,last_update,15-7-2012,Feature has not been updated in 5 years or more
171597332,way,last_update,15-7-2012,Feature has not been updated in 5 years or more
171597333,way,last_update,15-7-2012,Feature has not been updated in 5 years or more
171597334,way,last_update,23-8-2020,Feature has not been updated in 5 years or more
171597339,way,last_update,23-8-2020,Feature has not been updated in 5 years or more
171597341,way,last_update,15-7-2012,Feature has not been updated in 5 years or more
171597345,way,last_update,15-7-2012,Feature has not been updated in 5 years or more
171597348,way,last_update,15-7-2012,Feature has not been updated in 5 years or more
171597357,way,last_update,15-7-2012,Feature has not been updated in 5 years or more
171597367,way,last_update,23-8-2020,Feature has not been updated in 5 years or more
171597371,way,last_update,17-6-2020,Feature has not been updated in 5 years or more
171597372,way,last_update,23-8-2020,Feature has not been updated in 5 years or more
171597380,way,last_update,15-7-2012,Feature has not been updated in 5 years or more
171597382,way,last_update,23-8-2020,Feature has not been updated in 5 years or more
171597383,way,last_update,15-7-2012,Feature has not been updated in 5 years or more
171848635,way,last_update,17-7-2012,Feature has not been updated in 5 years or more
171848637,way,last_update,17-7-2012,Feature has not been updated in 5 years or more
171848640,way,last_update,17-7-2012,Feature has not been updated in 5 years or more
171848643,way,last_update,17-7-2012,Feature has not been updated in 5 years or more
171848644,way,last_update,19-2-2020,Feature has not been updated in 5 years or more
171848648,way,last_update,17-2-2020,Feature has not been updated in 5 years or more
171848652,way,last_update,18-2-2020,Feature has not been updated in 5 years or more
171848653,way,last_update,17-7-2012,Feature has not been updated in 5 years or more
171848654,way,last_update,18-2-2020,Feature has not been updated in 5 years or more
171848657,way,last_update,24-2-2020,Feature has not been updated in 5 years or more
171848661,way,last_update,24-2-2020,Feature has not been updated in 5 years or more
171848663,way,last_update,17-7-2012,Feature has not been updated in 5 years or more
171848678,way,last_update,17-5-2020,Feature has not been updated in 5 years or more
171848694,way,last_update,24-2-2020,Feature has not been updated in 5 years or more
171848702,way,last_update,18-2-2020,Feature has not been updated in 5 years or more
171848718,way,last_update,17-2-2020,Feature has not been updated in 5 years or more
171848727,way,last_update,18-2-2020,Feature has not been updated in 5 years or more
172737799,way,last_update,24-7-2012,Feature has not been updated in 5 years or more
172737800,way,last_update,24-7-2012,Feature has not been updated in 5 years or more
172902848,way,last_update,25-7-2012,Feature has not been updated in 5 years or more
172902854,way,last_update,25-7-2012,Feature has not been updated in 5 years or more
172904297,way,last_update,25-7-2012,Feature has not been updated in 5 years or more
172904307,way,last_update,25-7-2012,Feature has not been updated in 5 years or more
172904309,way,last_update,25-7-2012,Feature has not been updated in 5 years or more
172904318,way,last_update,25-7-2012,Feature has not been updated in 5 years or more
172904323,way,last_update,25-7-2012,Feature has not been updated in 5 years or more
172904336,way,last_update,25-7-2012,Feature has not been updated in 5 years or more
172904342,way,last_update,25-7-2012,Feature has not been updated in 5 years or more
172906508,way,last_update,25-7-2012,Feature has not been updated in 5 years or more
172906517,way,last_update,25-7-2012,Feature has not been updated in 5 years or more
173564669,way,last_update,30-7-2012,Feature has not been updated in 5 years or more
173959612,way,last_update,1-8-2012,Feature has not been updated in 5 years or more
173959613,way,last_update,1-8-2012,Feature has not been updated in 5 years or more
174420252,way,last_update,4-8-2012,Feature has not been updated in 5 years or more
174420253,way,last_update,23-1-2020,Feature has not been updated in 5 years or more
175904903,way,last_update,10-4-2016,Feature has not been updated in 5 years or more
175955787,way,last_update,8-8-2021,Feature has not been updated in 5 years or more
175955788,way,last_update,14-8-2012,Feature has not been updated in 5 years or more
175960932,way,last_update,14-8-2012,Feature has not been updated in 5 years or more
175960941,way,last_update,14-8-2012,Feature has not been updated in 5 years or more
175960947,way,last_update,14-8-2012,Feature has not been updated in 5 years or more
175960948,way,last_update,14-8-2012,Feature has not been updated in 5 years or more
175960956,way,last_update,14-8-2012,Feature has not been updated in 5 years or more
175960957,way,last_update,14-8-2012,Feature has not been updated in 5 years or more
176118969,way,last_update,15-8-2012,Feature has not been updated in 5 years or more
176319924,way,last_update,16-8-2012,Feature has not been updated in 5 years or more
176319925,way,last_update,16-8-2012,Feature has not been updated in 5 years or more
176319926,way,last_update,16-8-2012,Feature has not been updated in 5 years or more
176319927,way,last_update,16-8-2012,Feature has not been updated in 5 years or more
176319929,way,last_update,16-8-2012,Feature has not been updated in 5 years or more
176319933,way,last_update,16-8-2012,Feature has not been updated in 5 years or more
176319935,way,last_update,16-8-2012,Feature has not been updated in 5 years or more
176319938,way,last_update,16-8-2012,Feature has not been updated in 5 years or more
176319939,way,last_update,16-8-2012,Feature has not been updated in 5 years or more
176319941,way,last_update,16-8-2012,Feature has not been updated in 5 years or more
176319944,way,last_update,16-8-2012,Feature has not been updated in 5 years or more
176319950,way,last_update,16-8-2012,Feature has not been updated in 5 years or more
176652898,way,last_update,25-7-2019,Feature has not been updated in 5 years or more
176652901,way,last_update,18-8-2012,Feature has not been updated in 5 years or more
178253110,way,last_update,28-8-2012,Feature has not been updated in 5 years or more
178253115,way,last_update,28-8-2012,Feature has not been updated in 5 years or more
178253121,way,last_update,28-8-2012,Feature has not been updated in 5 years or more
178253135,way,last_update,28-8-2012,Feature has not been updated in 5 years or more
178253142,way,last_update,28-8-2012,Feature has not been updated in 5 years or more
178508378,way,last_update,29-8-2012,Feature has not been updated in 5 years or more
178508385,way,last_update,29-8-2012,Feature has not been updated in 5 years or more
178508404,way,last_update,29-8-2012,Feature has not been updated in 5 years or more
178984389,way,last_update,1-9-2012,Feature has not been updated in 5 years or more
178984396,way,last_update,1-9-2012,Feature has not been updated in 5 years or more
178984397,way,last_update,1-9-2012,Feature has not been updated in 5 years or more
178984398,way,last_update,1-9-2012,Feature has not been updated in 5 years or more
178984399,way,last_update,1-9-2012,Feature has not been updated in 5 years or more
178988795,way,last_update,1-9-2012,Feature has not been updated in 5 years or more
178992010,way,last_update,1-9-2012,Feature has not been updated in 5 years or more
178992024,way,last_update,1-9-2012,Feature has not been updated in 5 years or more
178992025,way,last_update,1-9-2012,Feature has not been updated in 5 years or more
178992532,way,last_update,1-9-2012,Feature has not been updated in 5 years or more
178992533,way,last_update,1-9-2012,Feature has not been updated in 5 years or more
179116230,way,last_update,2-9-2012,Feature has not been updated in 5 years or more
179116234,way,last_update,2-9-2012,Feature has not been updated in 5 years or more
179147211,way,last_update,2-9-2012,Feature has not been updated in 5 years or more
179147212,way,last_update,2-9-2012,Feature has not been updated in 5 years or more
179249057,way,last_update,3-9-2012,Feature has not been updated in 5 years or more
179249059,way,last_update,3-9-2012,Feature has not been updated in 5 years or more
179249064,way,last_update,3-9-2012,Feature has not been updated in 5 years or more
179249080,way,last_update,3-9-2012,Feature has not been updated in 5 years or more
179249083,way,last_update,3-9-2012,Feature has not been updated in 5 years or more
179249543,way,last_update,3-9-2012,Feature has not been updated in 5 years or more
179249544,way,last_update,3-9-2012,Feature has not been updated in 5 years or more
179251231,way,last_update,3-9-2012,Feature has not been updated in 5 years or more
179251232,way,last_update,3-9-2012,Feature has not been updated in 5 years or more
179251233,way,last_update,3-9-2012,Feature has not been updated in 5 years or more
179251234,way,last_update,3-9-2012,Feature has not been updated in 5 years or more
179252278,way,last_update,3-9-2012,Feature has not been updated in 5 years or more
179252281,way,last_update,3-9-2012,Feature has not been updated in 5 years or more
179306131,way,last_update,3-9-2012,Feature has not been updated in 5 years or more
179306141,way,last_update,3-9-2012,Feature has not been updated in 5 years or more
179306143,way,last_update,3-9-2012,Feature has not been updated in 5 years or more
179306145,way,last_update,3-9-2012,Feature has not been updated in 5 years or more
179306147,way,last_update,3-9-2012,Feature has not been updated in 5 years or more
179306149,way,last_update,3-9-2012,Feature has not been updated in 5 years or more
179306161,way,last_update,3-9-2012,Feature has not been updated in 5 years or more
179424416,way,last_update,4-9-2012,Feature has not been updated in 5 years or more
179478108,way,last_update,4-9-2012,Feature has not been updated in 5 years or more
179478110,way,last_update,4-9-2012,Feature has not been updated in 5 years or more
179478113,way,last_update,4-9-2012,Feature has not been updated in 5 years or more
179478114,way,last_update,4-9-2012,Feature has not been updated in 5 years or more
179478115,way,last_update,4-9-2012,Feature has not been updated in 5 years or more
179478116,way,last_update,4-9-2012,Feature has not been updated in 5 years or more
179478117,way,last_update,4-9-2012,Feature has not been updated in 5 years or more
179573572,way,last_update,5-9-2012,Feature has not been updated in 5 years or more
179573574,way,last_update,13-10-2020,Feature has not been updated in 5 years or more
179573577,way,last_update,5-9-2012,Feature has not been updated in 5 years or more
179573578,way,last_update,5-9-2012,Feature has not been updated in 5 years or more
179599369,way,last_update,5-9-2012,Feature has not been updated in 5 years or more
179640580,way,last_update,4-10-2012,Feature has not been updated in 5 years or more
179640582,way,last_update,5-9-2012,Feature has not been updated in 5 years or more
179640583,way,last_update,5-9-2012,Feature has not been updated in 5 years or more
179640592,way,last_update,5-9-2012,Feature has not been updated in 5 years or more
179640595,way,last_update,5-9-2012,Feature has not been updated in 5 years or more
179640596,way,last_update,4-10-2012,Feature has not been updated in 5 years or more
179640597,way,last_update,5-9-2012,Feature has not been updated in 5 years or more
179640598,way,last_update,5-9-2012,Feature has not been updated in 5 years or more
179640599,way,last_update,5-9-2012,Feature has not been updated in 5 years or more
179640600,way,last_update,5-9-2012,Feature has not been updated in 5 years or more
179640607,way,last_update,5-9-2012,Feature has not been updated in 5 years or more
179640609,way,last_update,10-6-2019,Feature has not been updated in 5 years or more
179640610,way,last_update,16-10-2018,Feature has not been updated in 5 years or more
179640611,way,last_update,5-9-2012,Feature has not been updated in 5 years or more
179640612,way,last_update,5-9-2012,Feature has not been updated in 5 years or more
179640614,way,last_update,5-9-2012,Feature has not been updated in 5 years or more
179640615,way,last_update,5-9-2012,Feature has not been updated in 5 years or more
179640618,way,last_update,5-9-2012,Feature has not been updated in 5 years or more
179640619,way,last_update,5-9-2012,Feature has not been updated in 5 years or more
179640620,way,last_update,5-9-2012,Feature has not been updated in 5 years or more
179640623,way,last_update,5-9-2012,Feature has not been updated in 5 years or more
180102273,way,last_update,24-12-2018,Feature has not been updated in 5 years or more
180200584,way,last_update,9-9-2012,Feature has not been updated in 5 years or more
180200586,way,last_update,9-9-2012,Feature has not been updated in 5 years or more
180200588,way,last_update,9-9-2012,Feature has not been updated in 5 years or more
180200592,way,last_update,9-9-2012,Feature has not been updated in 5 years or more
180200594,way,last_update,9-9-2012,Feature has not been updated in 5 years or more
180200595,way,last_update,9-9-2012,Feature has not been updated in 5 years or more
180200597,way,last_update,9-9-2012,Feature has not been updated in 5 years or more
180206770,way,last_update,9-9-2012,Feature has not been updated in 5 years or more
180656312,way,last_update,12-9-2012,Feature has not been updated in 5 years or more
180656313,way,last_update,12-9-2012,Feature has not been updated in 5 years or more
180656314,way,last_update,17-9-2012,Feature has not been updated in 5 years or more
180656315,way,last_update,12-9-2012,Feature has not been updated in 5 years or more
181378501,way,last_update,4-1-2019,Feature has not been updated in 5 years or more
181381658,way,last_update,17-9-2012,Feature has not been updated in 5 years or more
181383037,way,last_update,17-9-2012,Feature has not been updated in 5 years or more
181383039,way,last_update,17-9-2012,Feature has not been updated in 5 years or more
181383040,way,last_update,17-9-2012,Feature has not been updated in 5 years or more
181383045,way,last_update,17-9-2012,Feature has not been updated in 5 years or more
181574371,way,last_update,18-9-2012,Feature has not been updated in 5 years or more
181973072,way,last_update,20-9-2012,Feature has not been updated in 5 years or more
182286020,way,last_update,22-9-2012,Feature has not been updated in 5 years or more
182300157,way,last_update,22-9-2012,Feature has not been updated in 5 years or more
182300166,way,last_update,22-9-2012,Feature has not been updated in 5 years or more
182486802,way,last_update,25-7-2019,Feature has not been updated in 5 years or more
182692594,way,last_update,24-9-2012,Feature has not been updated in 5 years or more
182830618,way,last_update,25-9-2012,Feature has not been updated in 5 years or more
182830621,way,last_update,25-9-2012,Feature has not been updated in 5 years or more
182830622,way,last_update,25-9-2012,Feature has not been updated in 5 years or more
182830623,way,last_update,25-9-2012,Feature has not been updated in 5 years or more
182830626,way,last_update,25-9-2012,Feature has not been updated in 5 years or more
182830627,way,last_update,25-9-2012,Feature has not been updated in 5 years or more
182830632,way,last_update,25-9-2012,Feature has not been updated in 5 years or more
182830643,way,last_update,25-9-2012,Feature has not been updated in 5 years or more
182830650,way,last_update,25-9-2012,Feature has not been updated in 5 years or more
182830657,way,last_update,25-9-2012,Feature has not been updated in 5 years or more
182830658,way,last_update,25-9-2012,Feature has not been updated in 5 years or more
182830724,way,last_update,25-9-2012,Feature has not been updated in 5 years or more
182830725,way,last_update,29-9-2012,Feature has not been updated in 5 years or more
182830726,way,last_update,25-9-2012,Feature has not been updated in 5 years or more
182830778,way,last_update,11-1-2018,Feature has not been updated in 5 years or more
182830781,way,last_update,25-9-2012,Feature has not been updated in 5 years or more
182830799,way,last_update,25-9-2012,Feature has not been updated in 5 years or more
182830801,way,last_update,25-9-2012,Feature has not been updated in 5 years or more
182830803,way,last_update,25-9-2012,Feature has not been updated in 5 years or more
182830805,way,last_update,25-9-2012,Feature has not been updated in 5 years or more
182830809,way,last_update,13-3-2020,Feature has not been updated in 5 years or more
182830810,way,last_update,25-9-2012,Feature has not been updated in 5 years or more
182830821,way,last_update,25-9-2012,Feature has not been updated in 5 years or more
182830824,way,last_update,25-9-2012,Feature has not been updated in 5 years or more
182830825,way,last_update,28-9-2012,Feature has not been updated in 5 years or more
182830826,way,last_update,25-9-2012,Feature has not been updated in 5 years or more
182830831,way,last_update,25-9-2012,Feature has not been updated in 5 years or more
182830833,way,last_update,25-9-2012,Feature has not been updated in 5 years or more
182840613,way,last_update,18-2-2020,Feature has not been updated in 5 years or more
182846422,way,last_update,25-9-2012,Feature has not been updated in 5 years or more
183251394,way,last_update,28-9-2012,Feature has not been updated in 5 years or more
183251396,way,last_update,28-9-2012,Feature has not been updated in 5 years or more
183251397,way,last_update,28-9-2012,Feature has not been updated in 5 years or more
183251398,way,last_update,28-9-2012,Feature has not been updated in 5 years or more
183251402,way,last_update,28-9-2012,Feature has not been updated in 5 years or more
183251418,way,last_update,28-9-2012,Feature has not been updated in 5 years or more
183251421,way,last_update,28-9-2012,Feature has not been updated in 5 years or more
183252219,way,last_update,28-9-2012,Feature has not been updated in 5 years or more
183252225,way,last_update,28-9-2012,Feature has not been updated in 5 years or more
183253176,way,last_update,28-9-2012,Feature has not been updated in 5 years or more
183253177,way,last_update,28-9-2012,Feature has not been updated in 5 years or more
183390041,way,last_update,29-9-2012,Feature has not been updated in 5 years or more
183390073,way,last_update,29-9-2012,Feature has not been updated in 5 years or more
183390078,way,last_update,29-9-2012,Feature has not been updated in 5 years or more
183390083,way,last_update,29-9-2012,Feature has not been updated in 5 years or more
183942492,way,last_update,3-10-2012,Feature has not been updated in 5 years or more
184103465,way,last_update,4-10-2012,Feature has not been updated in 5 years or more
184103471,way,last_update,4-10-2012,Feature has not been updated in 5 years or more
184748280,way,last_update,8-10-2012,Feature has not been updated in 5 years or more
184748281,way,last_update,8-10-2012,Feature has not been updated in 5 years or more
184748282,way,last_update,8-10-2012,Feature has not been updated in 5 years or more
184748283,way,last_update,8-10-2012,Feature has not been updated in 5 years or more
185986378,way,last_update,15-10-2012,Feature has not been updated in 5 years or more
185986394,way,last_update,15-10-2012,Feature has not been updated in 5 years or more
185986413,way,last_update,15-10-2012,Feature has not been updated in 5 years or more
185986415,way,last_update,15-10-2012,Feature has not been updated in 5 years or more
185986420,way,last_update,15-10-2012,Feature has not been updated in 5 years or more
185986422,way,last_update,15-10-2012,Feature has not been updated in 5 years or more
186087145,way,last_update,16-10-2012,Feature has not been updated in 5 years or more
186087146,way,last_update,16-10-2012,Feature has not been updated in 5 years or more
186087147,way,last_update,16-10-2012,Feature has not been updated in 5 years or more
186087154,way,last_update,16-10-2012,Feature has not been updated in 5 years or more
186087155,way,last_update,16-10-2012,Feature has not been updated in 5 years or more
189166647,way,last_update,5-11-2012,Feature has not been updated in 5 years or more
189166689,way,last_update,5-11-2012,Feature has not been updated in 5 years or more
189166690,way,last_update,5-11-2012,Feature has not been updated in 5 years or more
189166705,way,last_update,5-11-2012,Feature has not been updated in 5 years or more
189476258,way,last_update,7-11-2012,Feature has not been updated in 5 years or more
189476260,way,last_update,7-11-2012,Feature has not been updated in 5 years or more
189476262,way,last_update,7-11-2012,Feature has not been updated in 5 years or more
189476264,way,last_update,7-11-2012,Feature has not been updated in 5 years or more
189476274,way,last_update,7-11-2012,Feature has not been updated in 5 years or more
189476276,way,last_update,7-11-2012,Feature has not been updated in 5 years or more
189477962,way,last_update,7-11-2012,Feature has not been updated in 5 years or more
189477968,way,last_update,7-11-2012,Feature has not been updated in 5 years or more
189477971,way,last_update,7-11-2012,Feature has not been updated in 5 years or more
189477975,way,last_update,7-11-2012,Feature has not been updated in 5 years or more
189478010,way,last_update,7-11-2012,Feature has not been updated in 5 years or more
190155765,way,last_update,11-11-2012,Feature has not been updated in 5 years or more
190155784,way,last_update,11-11-2012,Feature has not been updated in 5 years or more
190155791,way,last_update,11-11-2012,Feature has not been updated in 5 years or more
190155810,way,last_update,11-11-2012,Feature has not been updated in 5 years or more
190155814,way,last_update,11-11-2012,Feature has not been updated in 5 years or more
191861533,way,last_update,21-11-2012,Feature has not been updated in 5 years or more
191861534,way,last_update,21-11-2012,Feature has not been updated in 5 years or more
192031180,way,last_update,22-11-2012,Feature has not been updated in 5 years or more
192031200,way,last_update,22-11-2012,Feature has not been updated in 5 years or more
192581330,way,last_update,25-11-2012,Feature has not been updated in 5 years or more
192581332,way,last_update,25-11-2012,Feature has not been updated in 5 years or more
192886303,way,last_update,26-11-2012,Feature has not been updated in 5 years or more
192887575,way,last_update,26-11-2012,Feature has not been updated in 5 years or more
192887581,way,last_update,28-10-2016,Feature has not been updated in 5 years or more
192887585,way,last_update,26-11-2012,Feature has not been updated in 5 years or more
192887586,way,last_update,26-11-2012,Feature has not been updated in 5 years or more
196293344,way,last_update,14-12-2012,Feature has not been updated in 5 years or more
196293345,way,last_update,14-12-2012,Feature has not been updated in 5 years or more
197775726,way,last_update,23-12-2012,Feature has not been updated in 5 years or more
197775727,way,last_update,23-12-2012,Feature has not been updated in 5 years or more
197775729,way,last_update,23-12-2012,Feature has not been updated in 5 years or more
199137819,way,last_update,2-1-2013,Feature has not been updated in 5 years or more
200539097,way,last_update,11-1-2013,Feature has not been updated in 5 years or more
200539098,way,last_update,11-1-2013,Feature has not been updated in 5 years or more
200539099,way,last_update,11-1-2013,Feature has not been updated in 5 years or more
200539100,way,last_update,29-9-2014,Feature has not been updated in 5 years or more
200539101,way,last_update,8-8-2021,Feature has not been updated in 5 years or more
200539103,way,last_update,11-1-2013,Feature has not been updated in 5 years or more
200539104,way,last_update,11-1-2013,Feature has not been updated in 5 years or more
200539105,way,last_update,11-1-2013,Feature has not been updated in 5 years or more
200539110,way,last_update,11-1-2013,Feature has not been updated in 5 years or more
200539125,way,last_update,11-1-2013,Feature has not been updated in 5 years or more
200539126,way,last_update,11-1-2013,Feature has not been updated in 5 years or more
200539127,way,last_update,11-1-2013,Feature has not been updated in 5 years or more
200539129,way,last_update,11-1-2013,Feature has not been updated in 5 years or more
200539130,way,last_update,11-1-2013,Feature has not been updated in 5 years or more
200551559,way,last_update,11-1-2013,Feature has not been updated in 5 years or more
200551561,way,last_update,11-1-2013,Feature has not been updated in 5 years or more
203052264,way,last_update,27-1-2013,Feature has not been updated in 5 years or more
203052273,way,last_update,27-1-2013,Feature has not been updated in 5 years or more
203052282,way,last_update,27-1-2013,Feature has not been updated in 5 years or more
204802205,way,last_update,9-2-2013,Feature has not been updated in 5 years or more
204802230,way,last_update,9-2-2013,Feature has not been updated in 5 years or more
204802243,way,last_update,9-2-2013,Feature has not been updated in 5 years or more
204802253,way,last_update,9-2-2013,Feature has not been updated in 5 years or more
204802261,way,last_update,9-2-2013,Feature has not been updated in 5 years or more
204802273,way,last_update,9-2-2013,Feature has not been updated in 5 years or more
205642184,way,last_update,15-2-2013,Feature has not been updated in 5 years or more
205642185,way,last_update,15-2-2013,Feature has not been updated in 5 years or more
205642187,way,last_update,15-2-2013,Feature has not been updated in 5 years or more
205642188,way,last_update,15-2-2013,Feature has not been updated in 5 years or more
205642198,way,last_update,15-2-2013,Feature has not been updated in 5 years or more
205642200,way,last_update,15-2-2013,Feature has not been updated in 5 years or more
207738742,way,last_update,29-3-2017,Feature has not been updated in 5 years or more
207899783,way,last_update,2-3-2013,Feature has not been updated in 5 years or more
207899788,way,last_update,2-3-2013,Feature has not been updated in 5 years or more
207899841,way,last_update,2-3-2013,Feature has not been updated in 5 years or more
208001241,way,last_update,3-3-2013,Feature has not been updated in 5 years or more
208001242,way,last_update,3-3-2013,Feature has not been updated in 5 years or more
208001243,way,last_update,3-3-2013,Feature has not been updated in 5 years or more
208001244,way,last_update,3-3-2013,Feature has not been updated in 5 years or more
208001245,way,last_update,3-3-2013,Feature has not been updated in 5 years or more
208001246,way,last_update,3-3-2013,Feature has not been updated in 5 years or more
208001247,way,last_update,3-3-2013,Feature has not been updated in 5 years or more
208425357,way,last_update,5-3-2013,Feature has not been updated in 5 years or more
208425369,way,last_update,5-3-2013,Feature has not been updated in 5 years or more
208425419,way,last_update,5-3-2013,Feature has not been updated in 5 years or more
208425425,way,last_update,5-3-2013,Feature has not been updated in 5 years or more
210545617,way,last_update,7-11-2018,Feature has not been updated in 5 years or more
210545618,way,last_update,13-4-2021,Feature has not been updated in 5 years or more
211840320,way,last_update,24-3-2013,Feature has not been updated in 5 years or more
217322433,way,last_update,13-4-2013,Feature has not been updated in 5 years or more
217322441,way,last_update,13-4-2013,Feature has not been updated in 5 years or more
217322442,way,last_update,13-4-2013,Feature has not been updated in 5 years or more
217322453,way,last_update,13-4-2013,Feature has not been updated in 5 years or more
217546696,way,last_update,27-4-2013,Feature has not been updated in 5 years or more
217546700,way,last_update,15-4-2013,Feature has not been updated in 5 years or more
219143204,way,last_update,27-4-2013,Feature has not been updated in 5 years or more
219143205,way,last_update,27-4-2013,Feature has not been updated in 5 years or more
219143206,way,last_update,28-4-2013,Feature has not been updated in 5 years or more
219143207,way,last_update,27-4-2013,Feature has not been updated in 5 years or more
219146734,way,last_update,27-4-2013,Feature has not been updated in 5 years or more
219171801,way,last_update,28-4-2013,Feature has not been updated in 5 years or more
219171802,way,last_update,28-4-2013,Feature has not been updated in 5 years or more
219171807,way,last_update,22-11-2016,Feature has not been updated in 5 years or more
219171809,way,last_update,22-11-2016,Feature has not been updated in 5 years or more
219171828,way,last_update,28-4-2013,Feature has not been updated in 5 years or more
219171831,way,last_update,28-4-2013,Feature has not been updated in 5 years or more
219171835,way,last_update,28-4-2013,Feature has not been updated in 5 years or more
219529811,way,last_update,30-4-2013,Feature has not been updated in 5 years or more
220088229,way,last_update,5-5-2013,Feature has not been updated in 5 years or more
220088231,way,last_update,5-5-2013,Feature has not been updated in 5 years or more
220088232,way,last_update,5-5-2013,Feature has not been updated in 5 years or more
220088235,way,last_update,5-5-2013,Feature has not been updated in 5 years or more
220088237,way,last_update,5-5-2013,Feature has not been updated in 5 years or more
220188567,way,last_update,6-5-2013,Feature has not been updated in 5 years or more
220188569,way,last_update,6-5-2013,Feature has not been updated in 5 years or more
220188570,way,last_update,6-5-2013,Feature has not been updated in 5 years or more
220188572,way,last_update,6-5-2013,Feature has not been updated in 5 years or more
220189042,way,last_update,6-5-2013,Feature has not been updated in 5 years or more
220189043,way,last_update,6-5-2013,Feature has not been updated in 5 years or more
220334966,way,last_update,7-5-2013,Feature has not been updated in 5 years or more
220334967,way,last_update,7-5-2013,Feature has not been updated in 5 years or more
220334968,way,last_update,7-5-2013,Feature has not been updated in 5 years or more
220335798,way,last_update,7-5-2013,Feature has not been updated in 5 years or more
220335799,way,last_update,7-5-2013,Feature has not been updated in 5 years or more
220335800,way,last_update,7-5-2013,Feature has not been updated in 5 years or more
220335801,way,last_update,7-5-2013,Feature has not been updated in 5 years or more
220335802,way,last_update,12-8-2013,Feature has not been updated in 5 years or more
220335803,way,last_update,7-5-2013,Feature has not been updated in 5 years or more
220335804,way,last_update,12-8-2013,Feature has not been updated in 5 years or more
220990935,way,last_update,12-5-2013,Feature has not been updated in 5 years or more
223089543,way,last_update,26-5-2013,Feature has not been updated in 5 years or more
224827719,way,last_update,13-2-2020,Feature has not been updated in 5 years or more
226252183,way,last_update,18-6-2013,Feature has not been updated in 5 years or more
228512934,way,last_update,3-7-2013,Feature has not been updated in 5 years or more
228512981,way,last_update,3-7-2013,Feature has not been updated in 5 years or more
228512989,way,last_update,3-7-2013,Feature has not been updated in 5 years or more
228512994,way,last_update,3-7-2013,Feature has not been updated in 5 years or more
238454479,way,last_update,18-9-2013,Feature has not been updated in 5 years or more
238454480,way,last_update,18-9-2013,Feature has not been updated in 5 years or more
238454493,way,last_update,18-9-2013,Feature has not been updated in 5 years or more
238454500,way,last_update,18-9-2013,Feature has not been updated in 5 years or more
238454507,way,last_update,18-9-2013,Feature has not been updated in 5 years or more
239833329,way,last_update,29-9-2013,Feature has not been updated in 5 years or more
241887347,way,last_update,13-10-2013,Feature has not been updated in 5 years or more
241887348,way,last_update,13-10-2013,Feature has not been updated in 5 years or more
241887351,way,last_update,13-10-2013,Feature has not been updated in 5 years or more
241887355,way,last_update,13-10-2013,Feature has not been updated in 5 years or more
241887358,way,last_update,13-10-2013,Feature has not been updated in 5 years or more
241887360,way,last_update,13-10-2013,Feature has not been updated in 5 years or more
241887363,way,last_update,13-10-2013,Feature has not been updated in 5 years or more
241887365,way,last_update,13-10-2013,Feature has not been updated in 5 years or more
241887374,way,last_update,13-10-2013,Feature has not been updated in 5 years or more
241887380,way,last_update,13-10-2013,Feature has not been updated in 5 years or more
241887387,way,last_update,13-10-2013,Feature has not been updated in 5 years or more
241887388,way,last_update,13-10-2013,Feature has not been updated in 5 years or more
241887392,way,last_update,13-10-2013,Feature has not been updated in 5 years or more
241887393,way,last_update,13-10-2013,Feature has not been updated in 5 years or more
242707025,way,last_update,19-10-2013,Feature has not been updated in 5 years or more
242707028,way,last_update,19-10-2013,Feature has not been updated in 5 years or more
242707031,way,last_update,19-10-2013,Feature has not been updated in 5 years or more
242707034,way,last_update,19-10-2013,Feature has not been updated in 5 years or more
247207891,way,last_update,16-8-2018,Feature has not been updated in 5 years or more
247207892,way,last_update,2-8-2019,Feature has not been updated in 5 years or more
247207907,way,last_update,20-11-2013,Feature has not been updated in 5 years or more
250734016,way,last_update,8-12-2013,Feature has not been updated in 5 years or more
250734017,way,last_update,8-12-2013,Feature has not been updated in 5 years or more
250734019,way,last_update,8-12-2013,Feature has not been updated in 5 years or more
250734020,way,last_update,17-5-2018,Feature has not been updated in 5 years or more
250734022,way,last_update,8-12-2013,Feature has not been updated in 5 years or more
250734023,way,last_update,8-12-2013,Feature has not been updated in 5 years or more
250734028,way,last_update,17-5-2018,Feature has not been updated in 5 years or more
257048356,way,last_update,18-5-2017,Feature has not been updated in 5 years or more
257048879,way,last_update,18-1-2014,Feature has not been updated in 5 years or more
257051240,way,last_update,18-1-2014,Feature has not been updated in 5 years or more
258277938,way,last_update,31-1-2020,Feature has not been updated in 5 years or more
258278025,way,last_update,9-5-2020,Feature has not been updated in 5 years or more
258452744,way,last_update,26-1-2014,Feature has not been updated in 5 years or more
258452748,way,last_update,26-1-2014,Feature has not been updated in 5 years or more
259494240,way,last_update,11-2-2020,Feature has not been updated in 5 years or more
261812491,way,last_update,16-2-2014,Feature has not been updated in 5 years or more
261812493,way,last_update,16-2-2014,Feature has not been updated in 5 years or more
261812495,way,last_update,16-2-2014,Feature has not been updated in 5 years or more
261812503,way,last_update,16-2-2014,Feature has not been updated in 5 years or more
261812513,way,last_update,16-2-2014,Feature has not been updated in 5 years or more
261812525,way,last_update,16-2-2014,Feature has not been updated in 5 years or more
261812526,way,last_update,16-2-2014,Feature has not been updated in 5 years or more
264052566,way,last_update,7-11-2018,Feature has not been updated in 5 years or more
269468660,way,last_update,28-3-2014,Feature has not been updated in 5 years or more
269756374,way,last_update,28-3-2014,Feature has not been updated in 5 years or more
270025287,way,last_update,23-11-2016,Feature has not been updated in 5 years or more
286837797,way,last_update,8-6-2014,Feature has not been updated in 5 years or more
286842332,way,last_update,8-6-2014,Feature has not been updated in 5 years or more
286842334,way,last_update,8-6-2014,Feature has not been updated in 5 years or more
286903370,way,last_update,8-6-2014,Feature has not been updated in 5 years or more
296878466,way,last_update,13-4-2021,Feature has not been updated in 5 years or more
296878467,way,last_update,9-8-2014,Feature has not been updated in 5 years or more
296878468,way,last_update,13-4-2021,Feature has not been updated in 5 years or more
296878473,way,last_update,13-4-2021,Feature has not been updated in 5 years or more
299014012,way,last_update,27-5-2020,Feature has not been updated in 5 years or more
299016541,way,last_update,20-8-2014,Feature has not been updated in 5 years or more
299016542,way,last_update,20-8-2014,Feature has not been updated in 5 years or more
299033107,way,last_update,20-8-2014,Feature has not been updated in 5 years or more
299040029,way,last_update,20-8-2014,Feature has not been updated in 5 years or more
299204542,way,last_update,21-8-2014,Feature has not been updated in 5 years or more
299204544,way,last_update,21-8-2014,Feature has not been updated in 5 years or more
299204550,way,last_update,21-8-2014,Feature has not been updated in 5 years or more
299204553,way,last_update,21-8-2014,Feature has not been updated in 5 years or more
299204555,way,last_update,21-8-2014,Feature has not been updated in 5 years or more
299204557,way,last_update,21-8-2014,Feature has not been updated in 5 years or more
299205301,way,last_update,21-8-2014,Feature has not been updated in 5 years or more
299245530,way,last_update,21-8-2014,Feature has not been updated in 5 years or more
299494360,way,last_update,22-8-2014,Feature has not been updated in 5 years or more
299494372,way,last_update,22-8-2014,Feature has not been updated in 5 years or more
299622061,way,last_update,23-8-2014,Feature has not been updated in 5 years or more
299622062,way,last_update,23-8-2014,Feature has not been updated in 5 years or more
300042152,way,last_update,25-8-2014,Feature has not been updated in 5 years or more
301064347,way,last_update,31-8-2014,Feature has not been updated in 5 years or more
301798224,way,last_update,11-2-2020,Feature has not been updated in 5 years or more
305213251,way,last_update,27-9-2014,Feature has not been updated in 5 years or more
305213252,way,last_update,27-9-2014,Feature has not been updated in 5 years or more
305213255,way,last_update,17-5-2020,Feature has not been updated in 5 years or more
307409515,way,last_update,12-10-2014,Feature has not been updated in 5 years or more
307409518,way,last_update,12-10-2014,Feature has not been updated in 5 years or more
330669816,way,last_update,28-2-2015,Feature has not been updated in 5 years or more
330669817,way,last_update,21-7-2016,Feature has not been updated in 5 years or more
330669818,way,last_update,21-7-2016,Feature has not been updated in 5 years or more
330669821,way,last_update,21-7-2016,Feature has not been updated in 5 years or more
330669822,way,last_update,21-7-2016,Feature has not been updated in 5 years or more
330669823,way,last_update,21-7-2016,Feature has not been updated in 5 years or more
330669824,way,last_update,21-7-2016,Feature has not been updated in 5 years or more
332265506,way,last_update,11-3-2015,Feature has not been updated in 5 years or more
332265510,way,last_update,11-3-2015,Feature has not been updated in 5 years or more
332265515,way,last_update,11-3-2015,Feature has not been updated in 5 years or more
332265518,way,last_update,11-3-2015,Feature has not been updated in 5 years or more
332265521,way,last_update,11-3-2015,Feature has not been updated in 5 years or more
332265527,way,last_update,11-3-2015,Feature has not been updated in 5 years or more
332265529,way,last_update,11-3-2015,Feature has not been updated in 5 years or more
332265533,way,last_update,11-3-2015,Feature has not been updated in 5 years or more
332265535,way,last_update,11-3-2015,Feature has not been updated in 5 years or more
332265536,way,last_update,11-3-2015,Feature has not been updated in 5 years or more
332265537,way,last_update,11-3-2015,Feature has not been updated in 5 years or more
332265538,way,last_update,11-3-2015,Feature has not been updated in 5 years or more
332265554,way,last_update,11-3-2015,Feature has not been updated in 5 years or more
332265559,way,last_update,11-3-2015,Feature has not been updated in 5 years or more
332265561,way,last_update,11-3-2015,Feature has not been updated in 5 years or more
332265563,way,last_update,11-3-2015,Feature has not been updated in 5 years or more
332265568,way,last_update,11-3-2015,Feature has not been updated in 5 years or more
332265569,way,last_update,11-3-2015,Feature has not been updated in 5 years or more
332265574,way,last_update,11-3-2015,Feature has not been updated in 5 years or more
332391823,way,last_update,12-3-2015,Feature has not been updated in 5 years or more
332391825,way,last_update,12-3-2015,Feature has not been updated in 5 years or more
332391826,way,last_update,12-3-2015,Feature has not been updated in 5 years or more
332391831,way,last_update,12-3-2015,Feature has not been updated in 5 years or more
332391832,way,last_update,12-3-2015,Feature has not been updated in 5 years or more
332391833,way,last_update,12-3-2015,Feature has not been updated in 5 years or more
332391834,way,last_update,12-3-2015,Feature has not been updated in 5 years or more
343464148,way,last_update,7-5-2015,Feature has not been updated in 5 years or more
352070641,way,last_update,7-6-2015,Feature has not been updated in 5 years or more
352070642,way,last_update,7-6-2015,Feature has not been updated in 5 years or more
363865265,way,last_update,14-2-2017,Feature has not been updated in 5 years or more
366303093,way,last_update,18-8-2015,Feature has not been updated in 5 years or more
366303500,way,last_update,18-8-2015,Feature has not been updated in 5 years or more
366303853,way,last_update,21-2-2016,Feature has not been updated in 5 years or more
366304157,way,last_update,18-8-2015,Feature has not been updated in 5 years or more
366304158,way,last_update,18-8-2015,Feature has not been updated in 5 years or more
366304487,way,last_update,18-8-2015,Feature has not been updated in 5 years or more
366304562,way,last_update,21-2-2016,Feature has not been updated in 5 years or more
366304800,way,last_update,18-8-2015,Feature has not been updated in 5 years or more
366304876,way,last_update,18-8-2015,Feature has not been updated in 5 years or more
366304985,way,last_update,18-8-2015,Feature has not been updated in 5 years or more
366526279,way,last_update,2-1-2016,Feature has not been updated in 5 years or more
366526341,way,last_update,2-1-2016,Feature has not been updated in 5 years or more
366526923,way,last_update,2-1-2016,Feature has not been updated in 5 years or more
366527025,way,last_update,19-8-2015,Feature has not been updated in 5 years or more
366527026,way,last_update,19-8-2015,Feature has not been updated in 5 years or more
366527772,way,last_update,19-8-2015,Feature has not been updated in 5 years or more
366527774,way,last_update,19-8-2015,Feature has not been updated in 5 years or more
369486743,way,last_update,11-4-2021,Feature has not been updated in 5 years or more
389639795,way,last_update,5-1-2016,Feature has not been updated in 5 years or more
389639796,way,last_update,5-1-2016,Feature has not been updated in 5 years or more
389639801,way,last_update,5-1-2016,Feature has not been updated in 5 years or more
389639802,way,last_update,5-1-2016,Feature has not been updated in 5 years or more
389639803,way,last_update,5-1-2016,Feature has not been updated in 5 years or more
389639804,way,last_update,5-1-2016,Feature has not been updated in 5 years or more
389639805,way,last_update,5-1-2016,Feature has not been updated in 5 years or more
389639806,way,last_update,5-1-2016,Feature has not been updated in 5 years or more
389639807,way,last_update,5-1-2016,Feature has not been updated in 5 years or more
389650309,way,last_update,5-1-2016,Feature has not been updated in 5 years or more
389650310,way,last_update,5-1-2016,Feature has not been updated in 5 years or more
389831021,way,last_update,29-2-2020,Feature has not been updated in 5 years or more
389862549,way,last_update,6-1-2016,Feature has not been updated in 5 years or more
389862550,way,last_update,6-1-2016,Feature has not been updated in 5 years or more
389862553,way,last_update,6-1-2016,Feature has not been updated in 5 years or more
404523894,way,last_update,1-4-2020,Feature has not been updated in 5 years or more
404593744,way,last_update,21-8-2019,Feature has not been updated in 5 years or more
404889584,way,last_update,21-3-2016,Feature has not been updated in 5 years or more
404889586,way,last_update,21-3-2016,Feature has not been updated in 5 years or more
405790683,way,last_update,26-3-2016,Feature has not been updated in 5 years or more
405790713,way,last_update,26-3-2016,Feature has not been updated in 5 years or more
405845447,way,last_update,21-8-2019,Feature has not been updated in 5 years or more
405845448,way,last_update,9-7-2018,Feature has not been updated in 5 years or more
405845449,way,last_update,27-3-2016,Feature has not been updated in 5 years or more
412904328,way,last_update,3-4-2019,Feature has not been updated in 5 years or more
413606859,way,last_update,26-4-2016,Feature has not been updated in 5 years or more
413606860,way,last_update,26-4-2016,Feature has not been updated in 5 years or more
413606863,way,last_update,26-4-2016,Feature has not been updated in 5 years or more
416655744,way,last_update,18-6-2016,Feature has not been updated in 5 years or more
416658286,way,last_update,27-5-2016,Feature has not been updated in 5 years or more
416658857,way,last_update,24-5-2016,Feature has not been updated in 5 years or more
416660844,way,last_update,26-5-2016,Feature has not been updated in 5 years or more
416660845,way,last_update,11-5-2016,Feature has not been updated in 5 years or more
416660847,way,last_update,24-5-2016,Feature has not been updated in 5 years or more
416679286,way,last_update,11-5-2016,Feature has not been updated in 5 years or more
416796783,way,last_update,22-5-2016,Feature has not been updated in 5 years or more
416796787,way,last_update,22-5-2016,Feature has not been updated in 5 years or more
416796799,way,last_update,20-5-2016,Feature has not been updated in 5 years or more
416796808,way,last_update,30-5-2016,Feature has not been updated in 5 years or more
416796815,way,last_update,11-5-2016,Feature has not been updated in 5 years or more
416812765,way,last_update,10-5-2016,Feature has not been updated in 5 years or more
416812766,way,last_update,29-5-2016,Feature has not been updated in 5 years or more
416820380,way,last_update,11-5-2016,Feature has not been updated in 5 years or more
416820382,way,last_update,6-11-2016,Feature has not been updated in 5 years or more
416821495,way,last_update,22-5-2016,Feature has not been updated in 5 years or more
416849238,way,last_update,13-5-2016,Feature has not been updated in 5 years or more
416893786,way,last_update,29-5-2016,Feature has not been updated in 5 years or more
416893808,way,last_update,26-5-2016,Feature has not been updated in 5 years or more
416893816,way,last_update,21-5-2016,Feature has not been updated in 5 years or more
417125481,way,last_update,21-5-2016,Feature has not been updated in 5 years or more
417132378,way,last_update,12-5-2016,Feature has not been updated in 5 years or more
417206274,way,last_update,13-5-2016,Feature has not been updated in 5 years or more
417755531,way,last_update,26-5-2016,Feature has not been updated in 5 years or more
417858464,way,last_update,13-5-2016,Feature has not been updated in 5 years or more
417858466,way,last_update,13-5-2016,Feature has not been updated in 5 years or more
417858477,way,last_update,13-5-2016,Feature has not been updated in 5 years or more
417858479,way,last_update,13-5-2016,Feature has not been updated in 5 years or more
417858481,way,last_update,13-5-2016,Feature has not been updated in 5 years or more
417858483,way,last_update,13-5-2016,Feature has not been updated in 5 years or more
418078342,way,last_update,14-5-2016,Feature has not been updated in 5 years or more
418078344,way,last_update,14-2-2017,Feature has not been updated in 5 years or more
418078345,way,last_update,14-2-2017,Feature has not been updated in 5 years or more
418250054,way,last_update,26-5-2016,Feature has not been updated in 5 years or more
418286965,way,last_update,15-5-2016,Feature has not been updated in 5 years or more
418286966,way,last_update,19-5-2016,Feature has not been updated in 5 years or more
418939960,way,last_update,19-5-2016,Feature has not been updated in 5 years or more
420020828,way,last_update,22-5-2016,Feature has not been updated in 5 years or more
420020830,way,last_update,22-5-2016,Feature has not been updated in 5 years or more
420020832,way,last_update,24-5-2016,Feature has not been updated in 5 years or more
420020834,way,last_update,24-5-2016,Feature has not been updated in 5 years or more
420020837,way,last_update,24-5-2016,Feature has not been updated in 5 years or more
420020845,way,last_update,22-5-2016,Feature has not been updated in 5 years or more
420020847,way,last_update,22-5-2016,Feature has not been updated in 5 years or more
420024610,way,last_update,22-5-2016,Feature has not been updated in 5 years or more
420024611,way,last_update,22-5-2016,Feature has not been updated in 5 years or more
420502468,way,last_update,24-5-2016,Feature has not been updated in 5 years or more
420502469,way,last_update,26-5-2016,Feature has not been updated in 5 years or more
420645019,way,last_update,24-5-2016,Feature has not been updated in 5 years or more
420645020,way,last_update,24-5-2016,Feature has not been updated in 5 years or more
420645021,way,last_update,24-5-2016,Feature has not been updated in 5 years or more
420645022,way,last_update,24-5-2016,Feature has not been updated in 5 years or more
421187653,way,last_update,26-5-2016,Feature has not been updated in 5 years or more
421188634,way,last_update,27-5-2016,Feature has not been updated in 5 years or more
423614148,way,last_update,8-6-2016,Feature has not been updated in 5 years or more
424461940,way,last_update,12-6-2016,Feature has not been updated in 5 years or more
428190846,way,last_update,30-6-2016,Feature has not been updated in 5 years or more
428190847,way,last_update,30-6-2016,Feature has not been updated in 5 years or more
428190849,way,last_update,30-6-2016,Feature has not been updated in 5 years or more
428190850,way,last_update,30-6-2016,Feature has not been updated in 5 years or more
428899052,way,last_update,3-7-2016,Feature has not been updated in 5 years or more
428899053,way,last_update,27-4-2019,Feature has not been updated in 5 years or more
429067523,way,last_update,4-7-2016,Feature has not been updated in 5 years or more
429455935,way,last_update,6-7-2016,Feature has not been updated in 5 years or more
429457947,way,last_update,6-7-2016,Feature has not been updated in 5 years or more
429881617,way,last_update,8-7-2016,Feature has not been updated in 5 years or more
429881626,way,last_update,8-7-2016,Feature has not been updated in 5 years or more
432352122,way,last_update,21-7-2016,Feature has not been updated in 5 years or more
432352124,way,last_update,21-7-2016,Feature has not been updated in 5 years or more
432352136,way,last_update,21-7-2016,Feature has not been updated in 5 years or more
432913041,way,last_update,24-7-2016,Feature has not been updated in 5 years or more
432913049,way,last_update,24-7-2016,Feature has not been updated in 5 years or more
437089107,way,last_update,2-5-2021,Feature has not been updated in 5 years or more
439443552,way,last_update,28-8-2016,Feature has not been updated in 5 years or more
439443553,way,last_update,28-8-2016,Feature has not been updated in 5 years or more
439443554,way,last_update,28-8-2016,Feature has not been updated in 5 years or more
439443555,way,last_update,28-8-2016,Feature has not been updated in 5 years or more
439634805,way,last_update,29-8-2016,Feature has not been updated in 5 years or more
439634806,way,last_update,29-8-2016,Feature has not been updated in 5 years or more
439634808,way,last_update,29-8-2016,Feature has not been updated in 5 years or more
445223208,way,last_update,1-10-2016,Feature has not been updated in 5 years or more
445263398,way,last_update,2-10-2016,Feature has not been updated in 5 years or more
445263399,way,last_update,2-10-2016,Feature has not been updated in 5 years or more
445263400,way,last_update,2-10-2016,Feature has not been updated in 5 years or more
445263402,way,last_update,2-10-2016,Feature has not been updated in 5 years or more
446332511,way,last_update,7-10-2016,Feature has not been updated in 5 years or more
446332513,way,last_update,27-11-2020,Feature has not been updated in 5 years or more
446763946,way,last_update,10-10-2016,Feature has not been updated in 5 years or more
449913221,way,last_update,28-10-2016,Feature has not been updated in 5 years or more
449913551,way,last_update,28-10-2016,Feature has not been updated in 5 years or more
451670117,way,last_update,6-11-2016,Feature has not been updated in 5 years or more
453724685,way,last_update,16-11-2016,Feature has not been updated in 5 years or more
453724686,way,last_update,16-11-2016,Feature has not been updated in 5 years or more
453724687,way,last_update,16-11-2016,Feature has not been updated in 5 years or more
453724688,way,last_update,16-11-2016,Feature has not been updated in 5 years or more
453731402,way,last_update,16-11-2016,Feature has not been updated in 5 years or more
454073803,way,last_update,21-11-2016,Feature has not been updated in 5 years or more
455025830,way,last_update,22-11-2016,Feature has not been updated in 5 years or more
455025831,way,last_update,22-11-2016,Feature has not been updated in 5 years or more
455181599,way,last_update,22-11-2016,Feature has not been updated in 5 years or more
455181601,way,last_update,22-11-2016,Feature has not been updated in 5 years or more
455239226,way,last_update,23-11-2016,Feature has not been updated in 5 years or more
455264966,way,last_update,23-11-2016,Feature has not been updated in 5 years or more
455264967,way,last_update,23-11-2016,Feature has not been updated in 5 years or more
455264968,way,last_update,23-11-2016,Feature has not been updated in 5 years or more
455264981,way,last_update,23-11-2016,Feature has not been updated in 5 years or more
455264982,way,last_update,23-11-2016,Feature has not been updated in 5 years or more
455264993,way,last_update,23-11-2016,Feature has not been updated in 5 years or more
455265331,way,last_update,23-11-2016,Feature has not been updated in 5 years or more
455487033,way,last_update,24-11-2016,Feature has not been updated in 5 years or more
455487034,way,last_update,24-11-2016,Feature has not been updated in 5 years or more
455487035,way,last_update,24-11-2016,Feature has not been updated in 5 years or more
456293272,way,last_update,28-11-2016,Feature has not been updated in 5 years or more
456584059,way,last_update,29-11-2016,Feature has not been updated in 5 years or more
457913597,way,last_update,4-5-2020,Feature has not been updated in 5 years or more
462902296,way,last_update,31-12-2016,Feature has not been updated in 5 years or more
475635338,way,last_update,27-8-2019,Feature has not been updated in 5 years or more
475635339,way,last_update,27-8-2019,Feature has not been updated in 5 years or more
477289443,way,last_update,26-2-2017,Feature has not been updated in 5 years or more
477299836,way,last_update,26-2-2017,Feature has not been updated in 5 years or more
477299837,way,last_update,26-2-2017,Feature has not been updated in 5 years or more
478216058,way,last_update,3-3-2017,Feature has not been updated in 5 years or more
478216059,way,last_update,3-3-2017,Feature has not been updated in 5 years or more
478216060,way,last_update,3-3-2017,Feature has not been updated in 5 years or more
478216061,way,last_update,3-3-2017,Feature has not been updated in 5 years or more
478216062,way,last_update,3-3-2017,Feature has not been updated in 5 years or more
478216063,way,last_update,3-3-2017,Feature has not been updated in 5 years or more
478216066,way,last_update,3-3-2017,Feature has not been updated in 5 years or more
478216074,way,last_update,3-3-2017,Feature has not been updated in 5 years or more
478216075,way,last_update,3-3-2017,Feature has not been updated in 5 years or more
478417093,way,last_update,4-3-2017,Feature has not been updated in 5 years or more
478417094,way,last_update,4-3-2017,Feature has not been updated in 5 years or more
478417096,way,last_update,4-3-2017,Feature has not been updated in 5 years or more
483373244,way,last_update,29-3-2017,Feature has not been updated in 5 years or more
483373246,way,last_update,29-3-2017,Feature has not been updated in 5 years or more
483373247,way,last_update,29-3-2017,Feature has not been updated in 5 years or more
483373248,way,last_update,29-3-2017,Feature has not been updated in 5 years or more
483373249,way,last_update,29-3-2017,Feature has not been updated in 5 years or more
483373250,way,last_update,29-3-2017,Feature has not been updated in 5 years or more
483373251,way,last_update,29-3-2017,Feature has not been updated in 5 years or more
483373252,way,last_update,29-3-2017,Feature has not been updated in 5 years or more
483373253,way,last_update,29-3-2017,Feature has not been updated in 5 years or more
483373254,way,last_update,29-3-2017,Feature has not been updated in 5 years or more
483373255,way,last_update,29-3-2017,Feature has not been updated in 5 years or more
483373256,way,last_update,29-3-2017,Feature has not been updated in 5 years or more
483373257,way,last_update,29-3-2017,Feature has not been updated in 5 years or more
483373258,way,last_update,29-3-2017,Feature has not been updated in 5 years or more
483373259,way,last_update,29-3-2017,Feature has not been updated in 5 years or more
483373262,way,last_update,29-3-2017,Feature has not been updated in 5 years or more
483373263,way,last_update,29-3-2017,Feature has not been updated in 5 years or more
483374975,way,last_update,29-3-2017,Feature has not been updated in 5 years or more
483435688,way,last_update,29-3-2017,Feature has not been updated in 5 years or more
483435689,way,last_update,29-3-2017,Feature has not been updated in 5 years or more
483435690,way,last_update,29-3-2017,Feature has not been updated in 5 years or more
483435691,way,last_update,29-3-2017,Feature has not been updated in 5 years or more
483435692,way,last_update,29-3-2017,Feature has not been updated in 5 years or more
483435693,way,last_update,29-3-2017,Feature has not been updated in 5 years or more
483435694,way,last_update,29-3-2017,Feature has not been updated in 5 years or more
483435695,way,last_update,29-3-2017,Feature has not been updated in 5 years or more
483435696,way,last_update,29-3-2017,Feature has not been updated in 5 years or more
483435697,way,last_update,29-3-2017,Feature has not been updated in 5 years or more
483435698,way,last_update,29-3-2017,Feature has not been updated in 5 years or more
483435699,way,last_update,29-3-2017,Feature has not been updated in 5 years or more
483435700,way,last_update,29-3-2017,Feature has not been updated in 5 years or more
483435701,way,last_update,29-3-2017,Feature has not been updated in 5 years or more
483435702,way,last_update,29-3-2017,Feature has not been updated in 5 years or more
483435703,way,last_update,29-3-2017,Feature has not been updated in 5 years or more
483435704,way,last_update,29-3-2017,Feature has not been updated in 5 years or more
483435705,way,last_update,29-3-2017,Feature has not been updated in 5 years or more
483435706,way,last_update,29-3-2017,Feature has not been updated in 5 years or more
483435707,way,last_update,29-3-2017,Feature has not been updated in 5 years or more
483435708,way,last_update,29-3-2017,Feature has not been updated in 5 years or more
483435709,way,last_update,29-3-2017,Feature has not been updated in 5 years or more
491715581,way,last_update,6-5-2017,Feature has not been updated in 5 years or more
491778705,way,last_update,8-5-2017,Feature has not been updated in 5 years or more
494414356,way,last_update,18-5-2017,Feature has not been updated in 5 years or more
494511109,way,last_update,8-2-2020,Feature has not been updated in 5 years or more
494672099,way,last_update,19-5-2017,Feature has not been updated in 5 years or more
494688071,way,last_update,20-5-2017,Feature has not been updated in 5 years or more
494765212,way,last_update,19-5-2017,Feature has not been updated in 5 years or more
494768074,way,last_update,19-5-2017,Feature has not been updated in 5 years or more
494784036,way,last_update,3-4-2019,Feature has not been updated in 5 years or more
494784037,way,last_update,19-5-2017,Feature has not been updated in 5 years or more
494786022,way,last_update,5-9-2020,Feature has not been updated in 5 years or more
494786025,way,last_update,5-9-2020,Feature has not been updated in 5 years or more
494915544,way,last_update,20-5-2017,Feature has not been updated in 5 years or more
494915555,way,last_update,20-5-2017,Feature has not been updated in 5 years or more
495771203,way,last_update,14-5-2018,Feature has not been updated in 5 years or more
495771204,way,last_update,14-5-2018,Feature has not been updated in 5 years or more
495771205,way,last_update,25-5-2017,Feature has not been updated in 5 years or more
495771207,way,last_update,25-5-2017,Feature has not been updated in 5 years or more
534976196,way,last_update,24-10-2017,Feature has not been updated in 5 years or more
546076557,way,last_update,11-12-2017,Feature has not been updated in 5 years or more
546129871,way,last_update,11-12-2017,Feature has not been updated in 5 years or more
546599010,way,last_update,13-12-2017,Feature has not been updated in 5 years or more
546599011,way,last_update,13-12-2017,Feature has not been updated in 5 years or more
552249545,way,last_update,11-1-2018,Feature has not been updated in 5 years or more
554781583,way,last_update,22-1-2018,Feature has not been updated in 5 years or more
554781659,way,last_update,22-1-2018,Feature has not been updated in 5 years or more
554781796,way,last_update,22-1-2018,Feature has not been updated in 5 years or more
554782260,way,last_update,22-1-2018,Feature has not been updated in 5 years or more
554782289,way,last_update,22-1-2018,Feature has not been updated in 5 years or more
554782790,way,last_update,22-1-2018,Feature has not been updated in 5 years or more
554782796,way,last_update,22-1-2018,Feature has not been updated in 5 years or more
554782848,way,last_update,22-1-2018,Feature has not been updated in 5 years or more
554782875,way,last_update,22-1-2018,Feature has not been updated in 5 years or more
554782965,way,last_update,22-1-2018,Feature has not been updated in 5 years or more
560860797,way,last_update,20-2-2018,Feature has not been updated in 5 years or more
560866005,way,last_update,17-4-2018,Feature has not been updated in 5 years or more
560866309,way,last_update,15-3-2018,Feature has not been updated in 5 years or more
560866379,way,last_update,27-2-2018,Feature has not been updated in 5 years or more
561176417,way,last_update,18-3-2018,Feature has not been updated in 5 years or more
561183835,way,last_update,19-4-2018,Feature has not been updated in 5 years or more
561184479,way,last_update,28-3-2018,Feature has not been updated in 5 years or more
561429108,way,last_update,15-4-2018,Feature has not been updated in 5 years or more
561429109,way,last_update,27-3-2018,Feature has not been updated in 5 years or more
562667911,way,last_update,8-4-2018,Feature has not been updated in 5 years or more
562667912,way,last_update,15-4-2018,Feature has not been updated in 5 years or more
562669428,way,last_update,20-3-2018,Feature has not been updated in 5 years or more
562669821,way,last_update,20-2-2018,Feature has not been updated in 5 years or more
562669822,way,last_update,14-3-2018,Feature has not been updated in 5 years or more
562669823,way,last_update,18-3-2018,Feature has not been updated in 5 years or more
563508652,way,last_update,26-4-2020,Feature has not been updated in 5 years or more
563536595,way,last_update,24-2-2020,Feature has not been updated in 5 years or more
564569696,way,last_update,27-2-2018,Feature has not been updated in 5 years or more
564569697,way,last_update,24-3-2018,Feature has not been updated in 5 years or more
564569698,way,last_update,6-3-2018,Feature has not been updated in 5 years or more
564951666,way,last_update,15-4-2018,Feature has not been updated in 5 years or more
564951672,way,last_update,17-3-2018,Feature has not been updated in 5 years or more
566357389,way,last_update,4-3-2018,Feature has not been updated in 5 years or more
567297799,way,last_update,31-3-2018,Feature has not been updated in 5 years or more
568038919,way,last_update,9-3-2018,Feature has not been updated in 5 years or more
568616321,way,last_update,11-3-2018,Feature has not been updated in 5 years or more
568712461,way,last_update,18-3-2018,Feature has not been updated in 5 years or more
568717732,way,last_update,11-3-2018,Feature has not been updated in 5 years or more
568717733,way,last_update,11-3-2018,Feature has not been updated in 5 years or more
568717734,way,last_update,24-2-2020,Feature has not been updated in 5 years or more
569477907,way,last_update,14-3-2018,Feature has not been updated in 5 years or more
569477909,way,last_update,14-3-2018,Feature has not been updated in 5 years or more
569477911,way,last_update,11-10-2019,Feature has not been updated in 5 years or more
570000929,way,last_update,15-3-2018,Feature has not been updated in 5 years or more
570000930,way,last_update,15-3-2018,Feature has not been updated in 5 years or more
570557821,way,last_update,18-3-2018,Feature has not been updated in 5 years or more
570843782,way,last_update,19-3-2018,Feature has not been updated in 5 years or more
571180046,way,last_update,20-3-2018,Feature has not been updated in 5 years or more
571371394,way,last_update,20-3-2018,Feature has not been updated in 5 years or more
571543506,way,last_update,21-3-2018,Feature has not been updated in 5 years or more
572686625,way,last_update,24-3-2018,Feature has not been updated in 5 years or more
573228715,way,last_update,16-4-2018,Feature has not been updated in 5 years or more
574510012,way,last_update,29-3-2018,Feature has not been updated in 5 years or more
577335925,way,last_update,7-4-2018,Feature has not been updated in 5 years or more
577335927,way,last_update,7-4-2018,Feature has not been updated in 5 years or more
577335930,way,last_update,7-4-2018,Feature has not been updated in 5 years or more
577335932,way,last_update,7-4-2018,Feature has not been updated in 5 years or more
577339695,way,last_update,7-4-2018,Feature has not been updated in 5 years or more
577339696,way,last_update,7-4-2018,Feature has not been updated in 5 years or more
577339697,way,last_update,7-4-2018,Feature has not been updated in 5 years or more
579621989,way,last_update,13-4-2018,Feature has not been updated in 5 years or more
579622001,way,last_update,13-4-2018,Feature has not been updated in 5 years or more
580155869,way,last_update,15-4-2018,Feature has not been updated in 5 years or more
580155876,way,last_update,15-4-2018,Feature has not been updated in 5 years or more
580155877,way,last_update,15-4-2018,Feature has not been updated in 5 years or more
580155878,way,last_update,15-4-2018,Feature has not been updated in 5 years or more
580183008,way,last_update,15-4-2018,Feature has not been updated in 5 years or more
580342625,way,last_update,16-4-2018,Feature has not been updated in 5 years or more
580342626,way,last_update,16-4-2018,Feature has not been updated in 5 years or more
580342627,way,last_update,16-4-2018,Feature has not been updated in 5 years or more
580342628,way,last_update,16-4-2018,Feature has not been updated in 5 years or more
580342631,way,last_update,16-4-2018,Feature has not been updated in 5 years or more
581031583,way,last_update,18-4-2018,Feature has not been updated in 5 years or more
581031584,way,last_update,18-4-2018,Feature has not been updated in 5 years or more
581816971,way,last_update,20-4-2018,Feature has not been updated in 5 years or more
582885108,way,last_update,23-4-2018,Feature has not been updated in 5 years or more
583244659,way,last_update,24-4-2018,Feature has not been updated in 5 years or more
583979323,way,last_update,27-4-2018,Feature has not been updated in 5 years or more
583979324,way,last_update,24-2-2020,Feature has not been updated in 5 years or more
584325610,way,last_update,29-4-2018,Feature has not been updated in 5 years or more
584325612,way,last_update,29-4-2018,Feature has not been updated in 5 years or more
584815667,way,last_update,1-5-2018,Feature has not been updated in 5 years or more
587971235,way,last_update,14-5-2018,Feature has not been updated in 5 years or more
587971239,way,last_update,14-5-2018,Feature has not been updated in 5 years or more
587971240,way,last_update,14-5-2018,Feature has not been updated in 5 years or more
587971241,way,last_update,14-5-2018,Feature has not been updated in 5 years or more
587971242,way,last_update,14-5-2018,Feature has not been updated in 5 years or more
587971243,way,last_update,14-5-2018,Feature has not been updated in 5 years or more
587971244,way,last_update,14-5-2018,Feature has not been updated in 5 years or more
587971245,way,last_update,14-5-2018,Feature has not been updated in 5 years or more
587971246,way,last_update,14-5-2018,Feature has not been updated in 5 years or more
587971247,way,last_update,14-5-2018,Feature has not been updated in 5 years or more
587971248,way,last_update,14-5-2018,Feature has not been updated in 5 years or more
587971249,way,last_update,14-5-2018,Feature has not been updated in 5 years or more
587971254,way,last_update,14-5-2018,Feature has not been updated in 5 years or more
587971255,way,last_update,14-5-2018,Feature has not been updated in 5 years or more
587971261,way,last_update,14-5-2018,Feature has not been updated in 5 years or more
587971262,way,last_update,14-5-2018,Feature has not been updated in 5 years or more
587971264,way,last_update,14-5-2018,Feature has not been updated in 5 years or more
587971267,way,last_update,14-5-2018,Feature has not been updated in 5 years or more
587971268,way,last_update,14-5-2018,Feature has not been updated in 5 years or more
587971269,way,last_update,14-5-2018,Feature has not been updated in 5 years or more
587971271,way,last_update,14-5-2018,Feature has not been updated in 5 years or more
589066448,way,last_update,17-5-2018,Feature has not been updated in 5 years or more
601761156,way,last_update,25-6-2018,Feature has not been updated in 5 years or more
601761157,way,last_update,25-6-2018,Feature has not been updated in 5 years or more
601761158,way,last_update,25-6-2018,Feature has not been updated in 5 years or more
606242279,way,last_update,26-7-2019,Feature has not been updated in 5 years or more
606242280,way,last_update,7-10-2019,Feature has not been updated in 5 years or more
608414837,way,last_update,1-8-2019,Feature has not been updated in 5 years or more
608470618,way,last_update,24-10-2018,Feature has not been updated in 5 years or more
608470663,way,last_update,20-10-2018,Feature has not been updated in 5 years or more
608490624,way,last_update,17-7-2018,Feature has not been updated in 5 years or more
608490625,way,last_update,20-10-2018,Feature has not been updated in 5 years or more
608575967,way,last_update,17-7-2018,Feature has not been updated in 5 years or more
608575979,way,last_update,17-7-2018,Feature has not been updated in 5 years or more
609134190,way,last_update,19-7-2018,Feature has not been updated in 5 years or more
609134334,way,last_update,19-7-2018,Feature has not been updated in 5 years or more
609134336,way,last_update,19-7-2018,Feature has not been updated in 5 years or more
609143314,way,last_update,19-7-2018,Feature has not been updated in 5 years or more
610322930,way,last_update,23-7-2018,Feature has not been updated in 5 years or more
610322931,way,last_update,23-7-2018,Feature has not been updated in 5 years or more
610322933,way,last_update,18-10-2018,Feature has not been updated in 5 years or more
610324904,way,last_update,23-7-2018,Feature has not been updated in 5 years or more
610324905,way,last_update,23-7-2018,Feature has not been updated in 5 years or more
610324906,way,last_update,23-7-2018,Feature has not been updated in 5 years or more
610324907,way,last_update,23-7-2018,Feature has not been updated in 5 years or more
610327499,way,last_update,23-7-2018,Feature has not been updated in 5 years or more
610327500,way,last_update,23-7-2018,Feature has not been updated in 5 years or more
616821369,way,last_update,15-8-2019,Feature has not been updated in 5 years or more
616821375,way,last_update,15-8-2019,Feature has not been updated in 5 years or more
616821379,way,last_update,15-8-2019,Feature has not been updated in 5 years or more
616821380,way,last_update,14-8-2018,Feature has not been updated in 5 years or more
616821382,way,last_update,14-8-2018,Feature has not been updated in 5 years or more
616821385,way,last_update,14-8-2019,Feature has not been updated in 5 years or more
616821386,way,last_update,14-8-2018,Feature has not been updated in 5 years or more
616821389,way,last_update,16-8-2018,Feature has not been updated in 5 years or more
617313008,way,last_update,16-8-2018,Feature has not been updated in 5 years or more
617313009,way,last_update,16-8-2018,Feature has not been updated in 5 years or more
617313013,way,last_update,15-8-2019,Feature has not been updated in 5 years or more
617313014,way,last_update,16-8-2018,Feature has not been updated in 5 years or more
617313017,way,last_update,16-8-2018,Feature has not been updated in 5 years or more
617313018,way,last_update,16-8-2018,Feature has not been updated in 5 years or more
617313019,way,last_update,16-8-2018,Feature has not been updated in 5 years or more
617313020,way,last_update,16-8-2018,Feature has not been updated in 5 years or more
617313039,way,last_update,6-8-2019,Feature has not been updated in 5 years or more
617313044,way,last_update,16-8-2018,Feature has not been updated in 5 years or more
617313046,way,last_update,16-8-2018,Feature has not been updated in 5 years or more
617313047,way,last_update,15-8-2019,Feature has not been updated in 5 years or more
617313049,way,last_update,16-8-2018,Feature has not been updated in 5 years or more
617313050,way,last_update,6-8-2019,Feature has not been updated in 5 years or more
617313052,way,last_update,16-8-2018,Feature has not been updated in 5 years or more
617313057,way,last_update,15-8-2019,Feature has not been updated in 5 years or more
617313058,way,last_update,16-8-2018,Feature has not been updated in 5 years or more
617313074,way,last_update,16-8-2018,Feature has not been updated in 5 years or more
617313075,way,last_update,16-8-2018,Feature has not been updated in 5 years or more
617313076,way,last_update,16-8-2018,Feature has not been updated in 5 years or more
619374092,way,last_update,24-8-2018,Feature has not been updated in 5 years or more
619374144,way,last_update,24-8-2018,Feature has not been updated in 5 years or more
619374156,way,last_update,24-8-2018,Feature has not been updated in 5 years or more
619374215,way,last_update,15-8-2019,Feature has not been updated in 5 years or more
619374221,way,last_update,24-8-2018,Feature has not been updated in 5 years or more
619374223,way,last_update,24-8-2018,Feature has not been updated in 5 years or more
619374225,way,last_update,24-8-2018,Feature has not been updated in 5 years or more
619374341,way,last_update,24-8-2018,Feature has not been updated in 5 years or more
620705354,way,last_update,1-9-2018,Feature has not been updated in 5 years or more
620705356,way,last_update,2-11-2018,Feature has not been updated in 5 years or more
620713673,way,last_update,2-11-2018,Feature has not been updated in 5 years or more
620729794,way,last_update,1-9-2018,Feature has not been updated in 5 years or more
620729797,way,last_update,6-9-2018,Feature has not been updated in 5 years or more
620729798,way,last_update,2-11-2018,Feature has not been updated in 5 years or more
620729799,way,last_update,28-8-2018,Feature has not been updated in 5 years or more
620729800,way,last_update,28-8-2018,Feature has not been updated in 5 years or more
620729802,way,last_update,2-11-2018,Feature has not been updated in 5 years or more
620736578,way,last_update,2-11-2018,Feature has not been updated in 5 years or more
620736635,way,last_update,28-8-2018,Feature has not been updated in 5 years or more
620780449,way,last_update,2-11-2018,Feature has not been updated in 5 years or more
620780462,way,last_update,1-9-2018,Feature has not been updated in 5 years or more
621512463,way,last_update,2-11-2018,Feature has not been updated in 5 years or more
621512466,way,last_update,2-11-2018,Feature has not been updated in 5 years or more
621512483,way,last_update,1-9-2018,Feature has not been updated in 5 years or more
621512488,way,last_update,16-9-2018,Feature has not been updated in 5 years or more
621528075,way,last_update,1-9-2018,Feature has not been updated in 5 years or more
621528165,way,last_update,31-8-2018,Feature has not been updated in 5 years or more
621571741,way,last_update,31-8-2018,Feature has not been updated in 5 years or more
621571817,way,last_update,16-2-2019,Feature has not been updated in 5 years or more
621591804,way,last_update,31-8-2018,Feature has not been updated in 5 years or more
621591809,way,last_update,13-10-2018,Feature has not been updated in 5 years or more
621591811,way,last_update,2-11-2018,Feature has not been updated in 5 years or more
621591813,way,last_update,13-10-2018,Feature has not been updated in 5 years or more
621591815,way,last_update,13-10-2018,Feature has not been updated in 5 years or more
621591817,way,last_update,13-10-2018,Feature has not been updated in 5 years or more
621591859,way,last_update,13-12-2018,Feature has not been updated in 5 years or more
621684112,way,last_update,1-9-2018,Feature has not been updated in 5 years or more
621684125,way,last_update,1-9-2018,Feature has not been updated in 5 years or more
621754215,way,last_update,1-9-2018,Feature has not been updated in 5 years or more
621754216,way,last_update,1-9-2018,Feature has not been updated in 5 years or more
621754219,way,last_update,1-9-2018,Feature has not been updated in 5 years or more
621754220,way,last_update,1-9-2018,Feature has not been updated in 5 years or more
621754221,way,last_update,1-9-2018,Feature has not been updated in 5 years or more
621754222,way,last_update,1-9-2018,Feature has not been updated in 5 years or more
621754223,way,last_update,1-9-2018,Feature has not been updated in 5 years or more
621754224,way,last_update,1-9-2018,Feature has not been updated in 5 years or more
621785878,way,last_update,1-9-2018,Feature has not been updated in 5 years or more
621792215,way,last_update,1-9-2018,Feature has not been updated in 5 years or more
621807113,way,last_update,2-11-2018,Feature has not been updated in 5 years or more
621807117,way,last_update,1-9-2018,Feature has not been updated in 5 years or more
621807120,way,last_update,16-2-2019,Feature has not been updated in 5 years or more
621807121,way,last_update,16-2-2019,Feature has not been updated in 5 years or more
621807122,way,last_update,1-9-2018,Feature has not been updated in 5 years or more
621807125,way,last_update,2-11-2018,Feature has not been updated in 5 years or more
621807146,way,last_update,1-9-2018,Feature has not been updated in 5 years or more
621807148,way,last_update,1-9-2018,Feature has not been updated in 5 years or more
621807149,way,last_update,1-9-2018,Feature has not been updated in 5 years or more
621810687,way,last_update,1-9-2018,Feature has not been updated in 5 years or more
621810689,way,last_update,1-9-2018,Feature has not been updated in 5 years or more
622179977,way,last_update,3-9-2018,Feature has not been updated in 5 years or more
622179979,way,last_update,3-9-2018,Feature has not been updated in 5 years or more
626103985,way,last_update,2-11-2018,Feature has not been updated in 5 years or more
631834193,way,last_update,8-10-2018,Feature has not been updated in 5 years or more
631891787,way,last_update,8-10-2018,Feature has not been updated in 5 years or more
631901249,way,last_update,8-10-2018,Feature has not been updated in 5 years or more
631901720,way,last_update,9-10-2018,Feature has not been updated in 5 years or more
631903124,way,last_update,8-10-2018,Feature has not been updated in 5 years or more
631903125,way,last_update,8-10-2018,Feature has not been updated in 5 years or more
631913988,way,last_update,8-10-2018,Feature has not been updated in 5 years or more
631913989,way,last_update,8-10-2018,Feature has not been updated in 5 years or more
631913990,way,last_update,8-10-2018,Feature has not been updated in 5 years or more
631913991,way,last_update,8-10-2018,Feature has not been updated in 5 years or more
631913992,way,last_update,8-10-2018,Feature has not been updated in 5 years or more
631913993,way,last_update,8-10-2018,Feature has not been updated in 5 years or more
631913994,way,last_update,8-10-2018,Feature has not been updated in 5 years or more
631913995,way,last_update,8-10-2018,Feature has not been updated in 5 years or more
631913997,way,last_update,8-10-2018,Feature has not been updated in 5 years or more
631914003,way,last_update,8-10-2018,Feature has not been updated in 5 years or more
631938829,way,last_update,8-10-2018,Feature has not been updated in 5 years or more
631938830,way,last_update,8-10-2018,Feature has not been updated in 5 years or more
631938840,way,last_update,8-10-2018,Feature has not been updated in 5 years or more
631938842,way,last_update,8-10-2018,Feature has not been updated in 5 years or more
631938843,way,last_update,8-10-2018,Feature has not been updated in 5 years or more
631938844,way,last_update,8-10-2018,Feature has not been updated in 5 years or more
631938845,way,last_update,8-10-2018,Feature has not been updated in 5 years or more
631938846,way,last_update,8-10-2018,Feature has not been updated in 5 years or more
631938847,way,last_update,8-10-2018,Feature has not been updated in 5 years or more
631938848,way,last_update,8-10-2018,Feature has not been updated in 5 years or more
631938849,way,last_update,8-10-2018,Feature has not been updated in 5 years or more
631938850,way,last_update,8-10-2018,Feature has not been updated in 5 years or more
631938851,way,last_update,8-10-2018,Feature has not been updated in 5 years or more
631938852,way,last_update,8-10-2018,Feature has not been updated in 5 years or more
631938853,way,last_update,8-10-2018,Feature has not been updated in 5 years or more
631938854,way,last_update,8-10-2018,Feature has not been updated in 5 years or more
631938855,way,last_update,8-10-2018,Feature has not been updated in 5 years or more
631938856,way,last_update,8-10-2018,Feature has not been updated in 5 years or more
631938857,way,last_update,8-10-2018,Feature has not been updated in 5 years or more
631938858,way,last_update,8-10-2018,Feature has not been updated in 5 years or more
631938859,way,last_update,8-10-2018,Feature has not been updated in 5 years or more
631938860,way,last_update,8-10-2018,Feature has not been updated in 5 years or more
631940363,way,last_update,8-10-2018,Feature has not been updated in 5 years or more
631945637,way,last_update,8-10-2018,Feature has not been updated in 5 years or more
631945641,way,last_update,8-10-2018,Feature has not been updated in 5 years or more
631945649,way,last_update,8-10-2018,Feature has not been updated in 5 years or more
631945650,way,last_update,8-10-2018,Feature has not been updated in 5 years or more
631945652,way,last_update,8-10-2018,Feature has not been updated in 5 years or more
631945653,way,last_update,8-10-2018,Feature has not been updated in 5 years or more
631945654,way,last_update,8-10-2018,Feature has not been updated in 5 years or more
631945655,way,last_update,8-10-2018,Feature has not been updated in 5 years or more
631945656,way,last_update,8-10-2018,Feature has not been updated in 5 years or more
631945657,way,last_update,8-10-2018,Feature has not been updated in 5 years or more
631945658,way,last_update,8-10-2018,Feature has not been updated in 5 years or more
631945659,way,last_update,8-10-2018,Feature has not been updated in 5 years or more
631945660,way,last_update,8-10-2018,Feature has not been updated in 5 years or more
631945661,way,last_update,8-10-2018,Feature has not been updated in 5 years or more
631945666,way,last_update,8-10-2018,Feature has not been updated in 5 years or more
631945668,way,last_update,8-10-2018,Feature has not been updated in 5 years or more
631945669,way,last_update,8-10-2018,Feature has not been updated in 5 years or more
631945670,way,last_update,8-10-2018,Feature has not been updated in 5 years or more
631945671,way,last_update,8-10-2018,Feature has not been updated in 5 years or more
633336444,way,last_update,15-10-2018,Feature has not been updated in 5 years or more
633336454,way,last_update,14-10-2018,Feature has not been updated in 5 years or more
633628241,way,last_update,13-10-2018,Feature has not been updated in 5 years or more
633628242,way,last_update,13-10-2018,Feature has not been updated in 5 years or more
633628243,way,last_update,13-10-2018,Feature has not been updated in 5 years or more
633628244,way,last_update,13-10-2018,Feature has not been updated in 5 years or more
633628245,way,last_update,13-10-2018,Feature has not been updated in 5 years or more
633628246,way,last_update,13-10-2018,Feature has not been updated in 5 years or more
633628247,way,last_update,13-10-2018,Feature has not been updated in 5 years or more
633628248,way,last_update,13-10-2018,Feature has not been updated in 5 years or more
633628249,way,last_update,13-10-2018,Feature has not been updated in 5 years or more
633628250,way,last_update,13-10-2018,Feature has not been updated in 5 years or more
633628251,way,last_update,13-10-2018,Feature has not been updated in 5 years or more
633628252,way,last_update,13-10-2018,Feature has not been updated in 5 years or more
633628253,way,last_update,13-10-2018,Feature has not been updated in 5 years or more
633628254,way,last_update,13-10-2018,Feature has not been updated in 5 years or more
633628257,way,last_update,13-10-2018,Feature has not been updated in 5 years or more
633628258,way,last_update,13-10-2018,Feature has not been updated in 5 years or more
633628259,way,last_update,13-10-2018,Feature has not been updated in 5 years or more
633628260,way,last_update,13-10-2018,Feature has not been updated in 5 years or more
633628261,way,last_update,13-10-2018,Feature has not been updated in 5 years or more
633628262,way,last_update,13-10-2018,Feature has not been updated in 5 years or more
633628263,way,last_update,13-10-2018,Feature has not been updated in 5 years or more
633628264,way,last_update,13-10-2018,Feature has not been updated in 5 years or more
633628265,way,last_update,13-10-2018,Feature has not been updated in 5 years or more
633628266,way,last_update,13-10-2018,Feature has not been updated in 5 years or more
633628267,way,last_update,13-10-2018,Feature has not been updated in 5 years or more
633628268,way,last_update,13-10-2018,Feature has not been updated in 5 years or more
633628270,way,last_update,13-10-2018,Feature has not been updated in 5 years or more
633628271,way,last_update,13-10-2018,Feature has not been updated in 5 years or more
633628272,way,last_update,13-10-2018,Feature has not been updated in 5 years or more
633628273,way,last_update,13-10-2018,Feature has not been updated in 5 years or more
633628274,way,last_update,13-10-2018,Feature has not been updated in 5 years or more
633628275,way,last_update,13-10-2018,Feature has not been updated in 5 years or more
633628276,way,last_update,13-10-2018,Feature has not been updated in 5 years or more
633628277,way,last_update,13-10-2018,Feature has not been updated in 5 years or more
633628279,way,last_update,13-10-2018,Feature has not been updated in 5 years or more
633628280,way,last_update,13-10-2018,Feature has not been updated in 5 years or more
633628281,way,last_update,13-10-2018,Feature has not been updated in 5 years or more
633628282,way,last_update,13-10-2018,Feature has not been updated in 5 years or more
633628283,way,last_update,13-10-2018,Feature has not been updated in 5 years or more
633628284,way,last_update,13-10-2018,Feature has not been updated in 5 years or more
633628288,way,last_update,13-10-2018,Feature has not been updated in 5 years or more
633628289,way,last_update,13-10-2018,Feature has not been updated in 5 years or more
633628290,way,last_update,13-10-2018,Feature has not been updated in 5 years or more
633706346,way,last_update,16-2-2019,Feature has not been updated in 5 years or more
633706347,way,last_update,13-10-2018,Feature has not been updated in 5 years or more
633706366,way,last_update,13-10-2018,Feature has not been updated in 5 years or more
633706368,way,last_update,13-10-2018,Feature has not been updated in 5 years or more
633706371,way,last_update,11-2-2019,Feature has not been updated in 5 years or more
633706377,way,last_update,13-10-2018,Feature has not been updated in 5 years or more
633712039,way,last_update,13-10-2018,Feature has not been updated in 5 years or more
633712042,way,last_update,13-10-2018,Feature has not been updated in 5 years or more
633712052,way,last_update,13-10-2018,Feature has not been updated in 5 years or more
633858939,way,last_update,2-11-2018,Feature has not been updated in 5 years or more
633858951,way,last_update,14-10-2018,Feature has not been updated in 5 years or more
633858975,way,last_update,14-10-2018,Feature has not been updated in 5 years or more
633858983,way,last_update,14-10-2018,Feature has not been updated in 5 years or more
633859001,way,last_update,14-10-2018,Feature has not been updated in 5 years or more
633859003,way,last_update,14-10-2018,Feature has not been updated in 5 years or more
633859004,way,last_update,14-10-2018,Feature has not been updated in 5 years or more
633859007,way,last_update,14-10-2018,Feature has not been updated in 5 years or more
633859017,way,last_update,14-10-2018,Feature has not been updated in 5 years or more
633871399,way,last_update,14-10-2018,Feature has not been updated in 5 years or more
634381992,way,last_update,17-10-2018,Feature has not been updated in 5 years or more
634536890,way,last_update,16-10-2018,Feature has not been updated in 5 years or more
634961792,way,last_update,16-10-2018,Feature has not been updated in 5 years or more
634961793,way,last_update,16-10-2018,Feature has not been updated in 5 years or more
634961795,way,last_update,28-11-2018,Feature has not been updated in 5 years or more
634961797,way,last_update,28-11-2018,Feature has not been updated in 5 years or more
635091889,way,last_update,17-10-2018,Feature has not been updated in 5 years or more
635291525,way,last_update,28-11-2018,Feature has not been updated in 5 years or more
635295406,way,last_update,17-10-2018,Feature has not been updated in 5 years or more
635310560,way,last_update,18-10-2018,Feature has not been updated in 5 years or more
635310562,way,last_update,18-10-2018,Feature has not been updated in 5 years or more
635310565,way,last_update,18-10-2018,Feature has not been updated in 5 years or more
635446845,way,last_update,17-10-2018,Feature has not been updated in 5 years or more
635470697,way,last_update,18-10-2018,Feature has not been updated in 5 years or more
635705120,way,last_update,24-2-2019,Feature has not been updated in 5 years or more
635705132,way,last_update,24-2-2019,Feature has not been updated in 5 years or more
635705138,way,last_update,24-2-2019,Feature has not been updated in 5 years or more
635794839,way,last_update,18-10-2018,Feature has not been updated in 5 years or more
635794840,way,last_update,18-10-2018,Feature has not been updated in 5 years or more
635794841,way,last_update,18-10-2018,Feature has not been updated in 5 years or more
635889983,way,last_update,19-10-2018,Feature has not been updated in 5 years or more
636071158,way,last_update,19-10-2018,Feature has not been updated in 5 years or more
636071160,way,last_update,21-10-2018,Feature has not been updated in 5 years or more
636185209,way,last_update,20-10-2018,Feature has not been updated in 5 years or more
636185210,way,last_update,20-10-2018,Feature has not been updated in 5 years or more
636226243,way,last_update,20-10-2018,Feature has not been updated in 5 years or more
636235289,way,last_update,20-10-2018,Feature has not been updated in 5 years or more
636235290,way,last_update,20-10-2018,Feature has not been updated in 5 years or more
636242511,way,last_update,20-10-2018,Feature has not been updated in 5 years or more
636242512,way,last_update,20-10-2018,Feature has not been updated in 5 years or more
636360028,way,last_update,20-10-2018,Feature has not been updated in 5 years or more
636462239,way,last_update,21-10-2018,Feature has not been updated in 5 years or more
636462240,way,last_update,21-10-2018,Feature has not been updated in 5 years or more
636462241,way,last_update,21-10-2018,Feature has not been updated in 5 years or more
636466970,way,last_update,21-10-2018,Feature has not been updated in 5 years or more
636466971,way,last_update,21-10-2018,Feature has not been updated in 5 years or more
636466972,way,last_update,21-10-2018,Feature has not been updated in 5 years or more
636466973,way,last_update,21-10-2018,Feature has not been updated in 5 years or more
636466974,way,last_update,21-10-2018,Feature has not been updated in 5 years or more
636466975,way,last_update,21-10-2018,Feature has not been updated in 5 years or more
636466976,way,last_update,21-10-2018,Feature has not been updated in 5 years or more
636466977,way,last_update,21-10-2018,Feature has not been updated in 5 years or more
636466978,way,last_update,21-10-2018,Feature has not been updated in 5 years or more
636466979,way,last_update,21-10-2018,Feature has not been updated in 5 years or more
636466980,way,last_update,21-10-2018,Feature has not been updated in 5 years or more
636466981,way,last_update,21-10-2018,Feature has not been updated in 5 years or more
636466982,way,last_update,21-10-2018,Feature has not been updated in 5 years or more
636466983,way,last_update,21-10-2018,Feature has not been updated in 5 years or more
636466984,way,last_update,21-10-2018,Feature has not been updated in 5 years or more
636520674,way,last_update,21-10-2018,Feature has not been updated in 5 years or more
636520675,way,last_update,21-10-2018,Feature has not been updated in 5 years or more
636520676,way,last_update,21-10-2018,Feature has not been updated in 5 years or more
636529288,way,last_update,27-11-2019,Feature has not been updated in 5 years or more
636529289,way,last_update,27-11-2019,Feature has not been updated in 5 years or more
636529290,way,last_update,27-11-2019,Feature has not been updated in 5 years or more
636536110,way,last_update,21-10-2018,Feature has not been updated in 5 years or more
636743460,way,last_update,13-10-2020,Feature has not been updated in 5 years or more
637163168,way,last_update,23-10-2018,Feature has not been updated in 5 years or more
637163170,way,last_update,23-10-2018,Feature has not been updated in 5 years or more
637187155,way,last_update,23-10-2018,Feature has not been updated in 5 years or more
637187158,way,last_update,23-10-2018,Feature has not been updated in 5 years or more
637190746,way,last_update,23-10-2018,Feature has not been updated in 5 years or more
637190747,way,last_update,23-10-2018,Feature has not been updated in 5 years or more
637190748,way,last_update,23-10-2018,Feature has not been updated in 5 years or more
637190749,way,last_update,4-10-2019,Feature has not been updated in 5 years or more
637321346,way,last_update,24-10-2018,Feature has not been updated in 5 years or more
637321347,way,last_update,23-10-2018,Feature has not been updated in 5 years or more
637321348,way,last_update,23-10-2018,Feature has not been updated in 5 years or more
637321349,way,last_update,23-10-2018,Feature has not been updated in 5 years or more
637464396,way,last_update,24-10-2018,Feature has not been updated in 5 years or more
637464397,way,last_update,29-10-2018,Feature has not been updated in 5 years or more
637464398,way,last_update,24-10-2018,Feature has not been updated in 5 years or more
637936830,way,last_update,25-10-2018,Feature has not been updated in 5 years or more
637936831,way,last_update,25-10-2018,Feature has not been updated in 5 years or more
637936834,way,last_update,25-10-2018,Feature has not been updated in 5 years or more
637936835,way,last_update,25-10-2018,Feature has not been updated in 5 years or more
637948527,way,last_update,25-10-2018,Feature has not been updated in 5 years or more
638233640,way,last_update,26-10-2018,Feature has not been updated in 5 years or more
638233690,way,last_update,26-10-2018,Feature has not been updated in 5 years or more
638233691,way,last_update,26-10-2018,Feature has not been updated in 5 years or more
638233692,way,last_update,26-10-2018,Feature has not been updated in 5 years or more
638233693,way,last_update,26-10-2018,Feature has not been updated in 5 years or more
638233694,way,last_update,26-10-2018,Feature has not been updated in 5 years or more
638348320,way,last_update,26-10-2018,Feature has not been updated in 5 years or more
638348321,way,last_update,26-10-2018,Feature has not been updated in 5 years or more
638605480,way,last_update,27-10-2018,Feature has not been updated in 5 years or more
639098003,way,last_update,29-10-2018,Feature has not been updated in 5 years or more
639098004,way,last_update,29-10-2018,Feature has not been updated in 5 years or more
639098005,way,last_update,29-10-2018,Feature has not been updated in 5 years or more
639098023,way,last_update,29-10-2018,Feature has not been updated in 5 years or more
639105122,way,last_update,29-10-2018,Feature has not been updated in 5 years or more
639105124,way,last_update,29-10-2018,Feature has not been updated in 5 years or more
640198185,way,last_update,2-11-2018,Feature has not been updated in 5 years or more
640198186,way,last_update,2-11-2018,Feature has not been updated in 5 years or more
640198187,way,last_update,2-11-2018,Feature has not been updated in 5 years or more
640198190,way,last_update,2-11-2018,Feature has not been updated in 5 years or more
640198211,way,last_update,2-11-2018,Feature has not been updated in 5 years or more
640198213,way,last_update,2-11-2018,Feature has not been updated in 5 years or more
640198221,way,last_update,2-11-2018,Feature has not been updated in 5 years or more
640198232,way,last_update,2-11-2018,Feature has not been updated in 5 years or more
640198234,way,last_update,2-11-2018,Feature has not been updated in 5 years or more
640214083,way,last_update,2-11-2018,Feature has not been updated in 5 years or more
640214084,way,last_update,2-11-2018,Feature has not been updated in 5 years or more
640214087,way,last_update,2-11-2018,Feature has not been updated in 5 years or more
640214094,way,last_update,2-11-2018,Feature has not been updated in 5 years or more
640214149,way,last_update,2-11-2018,Feature has not been updated in 5 years or more
640214151,way,last_update,2-11-2018,Feature has not been updated in 5 years or more
640227395,way,last_update,16-2-2019,Feature has not been updated in 5 years or more
640227411,way,last_update,2-11-2018,Feature has not been updated in 5 years or more
640227412,way,last_update,2-11-2018,Feature has not been updated in 5 years or more
640515453,way,last_update,3-11-2018,Feature has not been updated in 5 years or more
640753053,way,last_update,4-11-2018,Feature has not been updated in 5 years or more
640753054,way,last_update,4-11-2018,Feature has not been updated in 5 years or more
640753056,way,last_update,4-11-2018,Feature has not been updated in 5 years or more
641195984,way,last_update,5-11-2018,Feature has not been updated in 5 years or more
641328863,way,last_update,5-11-2018,Feature has not been updated in 5 years or more
641328864,way,last_update,5-11-2018,Feature has not been updated in 5 years or more
641328865,way,last_update,5-11-2018,Feature has not been updated in 5 years or more
641328868,way,last_update,5-11-2018,Feature has not been updated in 5 years or more
641328869,way,last_update,5-11-2018,Feature has not been updated in 5 years or more
641328870,way,last_update,5-11-2018,Feature has not been updated in 5 years or more
641328878,way,last_update,5-11-2018,Feature has not been updated in 5 years or more
641413511,way,last_update,7-11-2018,Feature has not been updated in 5 years or more
641413512,way,last_update,2-12-2018,Feature has not been updated in 5 years or more
641413513,way,last_update,7-11-2018,Feature has not been updated in 5 years or more
641413514,way,last_update,7-11-2018,Feature has not been updated in 5 years or more
641413515,way,last_update,7-11-2018,Feature has not been updated in 5 years or more
641413516,way,last_update,7-11-2018,Feature has not been updated in 5 years or more
641918042,way,last_update,7-11-2018,Feature has not been updated in 5 years or more
642276737,way,last_update,8-11-2018,Feature has not been updated in 5 years or more
645195100,way,last_update,16-11-2018,Feature has not been updated in 5 years or more
645195101,way,last_update,16-11-2018,Feature has not been updated in 5 years or more
645195103,way,last_update,16-11-2018,Feature has not been updated in 5 years or more
645195105,way,last_update,16-11-2018,Feature has not been updated in 5 years or more
645195111,way,last_update,16-11-2018,Feature has not been updated in 5 years or more
645195112,way,last_update,16-11-2018,Feature has not been updated in 5 years or more
645195114,way,last_update,16-11-2018,Feature has not been updated in 5 years or more
645195115,way,last_update,16-11-2018,Feature has not been updated in 5 years or more
645195116,way,last_update,16-11-2018,Feature has not been updated in 5 years or more
645195117,way,last_update,16-11-2018,Feature has not been updated in 5 years or more
645195118,way,last_update,16-11-2018,Feature has not been updated in 5 years or more
645195119,way,last_update,16-11-2018,Feature has not been updated in 5 years or more
645195123,way,last_update,16-11-2018,Feature has not been updated in 5 years or more
645195126,way,last_update,20-7-2019,Feature has not been updated in 5 years or more
645195128,way,last_update,16-11-2018,Feature has not been updated in 5 years or more
646178633,way,last_update,19-11-2018,Feature has not been updated in 5 years or more
646178635,way,last_update,19-11-2018,Feature has not been updated in 5 years or more
646178652,way,last_update,19-11-2018,Feature has not been updated in 5 years or more
646399181,way,last_update,19-11-2018,Feature has not been updated in 5 years or more
646652676,way,last_update,20-11-2018,Feature has not been updated in 5 years or more
646652684,way,last_update,20-11-2018,Feature has not been updated in 5 years or more
646652689,way,last_update,20-11-2018,Feature has not been updated in 5 years or more
646652691,way,last_update,20-11-2018,Feature has not been updated in 5 years or more
646652700,way,last_update,20-11-2018,Feature has not been updated in 5 years or more
646652705,way,last_update,20-11-2018,Feature has not been updated in 5 years or more
648962432,way,last_update,26-11-2018,Feature has not been updated in 5 years or more
650378284,way,last_update,28-11-2018,Feature has not been updated in 5 years or more
650378285,way,last_update,28-11-2018,Feature has not been updated in 5 years or more
650379838,way,last_update,28-11-2018,Feature has not been updated in 5 years or more
650384173,way,last_update,29-11-2018,Feature has not been updated in 5 years or more
651724254,way,last_update,2-12-2018,Feature has not been updated in 5 years or more
651724256,way,last_update,2-12-2018,Feature has not been updated in 5 years or more
651724257,way,last_update,2-12-2018,Feature has not been updated in 5 years or more
651724258,way,last_update,2-12-2018,Feature has not been updated in 5 years or more
651724259,way,last_update,2-12-2018,Feature has not been updated in 5 years or more
651724260,way,last_update,2-12-2018,Feature has not been updated in 5 years or more
651724261,way,last_update,2-12-2018,Feature has not been updated in 5 years or more
651724262,way,last_update,2-12-2018,Feature has not been updated in 5 years or more
651987167,way,last_update,3-12-2018,Feature has not been updated in 5 years or more
653128520,way,last_update,6-12-2018,Feature has not been updated in 5 years or more
653128521,way,last_update,6-12-2018,Feature has not been updated in 5 years or more
653128523,way,last_update,6-12-2018,Feature has not been updated in 5 years or more
653128524,way,last_update,6-12-2018,Feature has not been updated in 5 years or more
653510672,way,last_update,8-12-2018,Feature has not been updated in 5 years or more
653510673,way,last_update,8-12-2018,Feature has not been updated in 5 years or more
655142035,way,last_update,15-12-2018,Feature has not been updated in 5 years or more
655142036,way,last_update,15-12-2018,Feature has not been updated in 5 years or more
655142344,way,last_update,15-12-2018,Feature has not been updated in 5 years or more
656068767,way,last_update,19-12-2018,Feature has not been updated in 5 years or more
656176150,way,last_update,19-12-2018,Feature has not been updated in 5 years or more
656176152,way,last_update,19-12-2018,Feature has not been updated in 5 years or more
656178568,way,last_update,19-12-2018,Feature has not been updated in 5 years or more
656178570,way,last_update,19-12-2018,Feature has not been updated in 5 years or more
656363159,way,last_update,19-12-2018,Feature has not been updated in 5 years or more
656374703,way,last_update,23-12-2018,Feature has not been updated in 5 years or more
656374732,way,last_update,24-2-2019,Feature has not been updated in 5 years or more
656398367,way,last_update,23-12-2018,Feature has not been updated in 5 years or more
656398368,way,last_update,23-12-2018,Feature has not been updated in 5 years or more
656407027,way,last_update,22-12-2018,Feature has not been updated in 5 years or more
656748240,way,last_update,21-12-2018,Feature has not been updated in 5 years or more
656748241,way,last_update,21-12-2018,Feature has not been updated in 5 years or more
656748243,way,last_update,21-12-2018,Feature has not been updated in 5 years or more
656748245,way,last_update,21-12-2018,Feature has not been updated in 5 years or more
656939542,way,last_update,22-12-2018,Feature has not been updated in 5 years or more
656939544,way,last_update,22-12-2018,Feature has not been updated in 5 years or more
656939547,way,last_update,22-12-2018,Feature has not been updated in 5 years or more
656939550,way,last_update,22-12-2018,Feature has not been updated in 5 years or more
656954946,way,last_update,22-12-2018,Feature has not been updated in 5 years or more
656962106,way,last_update,22-12-2018,Feature has not been updated in 5 years or more
656962108,way,last_update,22-12-2018,Feature has not been updated in 5 years or more
656962109,way,last_update,22-12-2018,Feature has not been updated in 5 years or more
656962150,way,last_update,22-12-2018,Feature has not been updated in 5 years or more
656962229,way,last_update,22-12-2018,Feature has not been updated in 5 years or more
656962230,way,last_update,22-12-2018,Feature has not been updated in 5 years or more
656962233,way,last_update,22-12-2018,Feature has not been updated in 5 years or more
656962234,way,last_update,22-12-2018,Feature has not been updated in 5 years or more
656962811,way,last_update,22-12-2018,Feature has not been updated in 5 years or more
656962812,way,last_update,22-12-2018,Feature has not been updated in 5 years or more
656964642,way,last_update,22-12-2018,Feature has not been updated in 5 years or more
656964643,way,last_update,22-12-2018,Feature has not been updated in 5 years or more
656964644,way,last_update,22-12-2018,Feature has not been updated in 5 years or more
656967944,way,last_update,22-12-2018,Feature has not been updated in 5 years or more
656967945,way,last_update,22-12-2018,Feature has not been updated in 5 years or more
657153906,way,last_update,23-12-2018,Feature has not been updated in 5 years or more
657174895,way,last_update,23-12-2018,Feature has not been updated in 5 years or more
657174896,way,last_update,23-12-2018,Feature has not been updated in 5 years or more
657255975,way,last_update,23-12-2018,Feature has not been updated in 5 years or more
657255976,way,last_update,23-12-2018,Feature has not been updated in 5 years or more
657255977,way,last_update,23-12-2018,Feature has not been updated in 5 years or more
657255979,way,last_update,23-12-2018,Feature has not been updated in 5 years or more
657432154,way,last_update,23-12-2018,Feature has not been updated in 5 years or more
657432155,way,last_update,23-12-2018,Feature has not been updated in 5 years or more
657432157,way,last_update,23-12-2018,Feature has not been updated in 5 years or more
657432158,way,last_update,23-12-2018,Feature has not been updated in 5 years or more
657432159,way,last_update,23-12-2018,Feature has not been updated in 5 years or more
657435359,way,last_update,23-12-2018,Feature has not been updated in 5 years or more
657435374,way,last_update,23-12-2018,Feature has not been updated in 5 years or more
657435375,way,last_update,23-12-2018,Feature has not been updated in 5 years or more
657435388,way,last_update,23-12-2018,Feature has not been updated in 5 years or more
657448476,way,last_update,24-12-2018,Feature has not been updated in 5 years or more
658440357,way,last_update,27-12-2018,Feature has not been updated in 5 years or more
658454661,way,last_update,27-12-2018,Feature has not been updated in 5 years or more
658454663,way,last_update,27-12-2018,Feature has not been updated in 5 years or more
658454703,way,last_update,27-12-2018,Feature has not been updated in 5 years or more
658454712,way,last_update,4-2-2019,Feature has not been updated in 5 years or more
658454719,way,last_update,27-12-2018,Feature has not been updated in 5 years or more
658454726,way,last_update,27-12-2018,Feature has not been updated in 5 years or more
658569016,way,last_update,27-12-2018,Feature has not been updated in 5 years or more
658720394,way,last_update,28-12-2018,Feature has not been updated in 5 years or more
658720498,way,last_update,28-12-2018,Feature has not been updated in 5 years or more
658737387,way,last_update,28-12-2018,Feature has not been updated in 5 years or more
658737388,way,last_update,28-12-2018,Feature has not been updated in 5 years or more
659299022,way,last_update,30-12-2018,Feature has not been updated in 5 years or more
659395084,way,last_update,30-12-2018,Feature has not been updated in 5 years or more
659395085,way,last_update,30-12-2018,Feature has not been updated in 5 years or more
659409735,way,last_update,31-12-2018,Feature has not been updated in 5 years or more
659409740,way,last_update,30-12-2018,Feature has not been updated in 5 years or more
659412582,way,last_update,30-12-2018,Feature has not been updated in 5 years or more
659412583,way,last_update,30-12-2018,Feature has not been updated in 5 years or more
659417516,way,last_update,30-12-2018,Feature has not been updated in 5 years or more
659417517,way,last_update,30-12-2018,Feature has not been updated in 5 years or more
659417553,way,last_update,30-12-2018,Feature has not been updated in 5 years or more
659472300,way,last_update,31-12-2018,Feature has not been updated in 5 years or more
659472301,way,last_update,31-12-2018,Feature has not been updated in 5 years or more
659475880,way,last_update,31-12-2018,Feature has not been updated in 5 years or more
659476851,way,last_update,31-12-2018,Feature has not been updated in 5 years or more
659476852,way,last_update,31-12-2018,Feature has not been updated in 5 years or more
659476853,way,last_update,31-12-2018,Feature has not been updated in 5 years or more
659476861,way,last_update,31-12-2018,Feature has not been updated in 5 years or more
659482565,way,last_update,31-12-2018,Feature has not been updated in 5 years or more
659482607,way,last_update,31-12-2018,Feature has not been updated in 5 years or more
659485157,way,last_update,31-12-2018,Feature has not been updated in 5 years or more
659566894,way,last_update,31-12-2018,Feature has not been updated in 5 years or more
659566895,way,last_update,31-12-2018,Feature has not been updated in 5 years or more
659566896,way,last_update,31-12-2018,Feature has not been updated in 5 years or more
659568829,way,last_update,31-12-2018,Feature has not been updated in 5 years or more
659569681,way,last_update,31-12-2018,Feature has not been updated in 5 years or more
659569682,way,last_update,31-12-2018,Feature has not been updated in 5 years or more
659569683,way,last_update,31-12-2018,Feature has not been updated in 5 years or more
659569684,way,last_update,31-12-2018,Feature has not been updated in 5 years or more
659569685,way,last_update,31-12-2018,Feature has not been updated in 5 years or more
659569686,way,last_update,1-1-2019,Feature has not been updated in 5 years or more
659569687,way,last_update,1-1-2019,Feature has not been updated in 5 years or more
659569688,way,last_update,31-12-2018,Feature has not been updated in 5 years or more
659572101,way,last_update,31-12-2018,Feature has not been updated in 5 years or more
659572103,way,last_update,31-12-2018,Feature has not been updated in 5 years or more
659572105,way,last_update,31-12-2018,Feature has not been updated in 5 years or more
659572106,way,last_update,31-12-2018,Feature has not been updated in 5 years or more
659572111,way,last_update,31-12-2018,Feature has not been updated in 5 years or more
659572113,way,last_update,31-12-2018,Feature has not been updated in 5 years or more
659572115,way,last_update,31-12-2018,Feature has not been updated in 5 years or more
659572118,way,last_update,31-12-2018,Feature has not been updated in 5 years or more
659572120,way,last_update,24-2-2019,Feature has not been updated in 5 years or more
659572122,way,last_update,31-12-2018,Feature has not been updated in 5 years or more
659574994,way,last_update,31-12-2018,Feature has not been updated in 5 years or more
659650957,way,last_update,1-1-2019,Feature has not been updated in 5 years or more
659654560,way,last_update,1-1-2019,Feature has not been updated in 5 years or more
659654597,way,last_update,1-1-2019,Feature has not been updated in 5 years or more
659654600,way,last_update,1-1-2019,Feature has not been updated in 5 years or more
659654601,way,last_update,1-1-2019,Feature has not been updated in 5 years or more
659654602,way,last_update,1-1-2019,Feature has not been updated in 5 years or more
659654603,way,last_update,1-1-2019,Feature has not been updated in 5 years or more
659654605,way,last_update,1-1-2019,Feature has not been updated in 5 years or more
659658253,way,last_update,1-1-2019,Feature has not been updated in 5 years or more
659678027,way,last_update,1-1-2019,Feature has not been updated in 5 years or more
659678028,way,last_update,1-1-2019,Feature has not been updated in 5 years or more
659678029,way,last_update,1-1-2019,Feature has not been updated in 5 years or more
659686398,way,last_update,1-1-2019,Feature has not been updated in 5 years or more
659689709,way,last_update,2-1-2019,Feature has not been updated in 5 years or more
659704733,way,last_update,1-1-2019,Feature has not been updated in 5 years or more
659704747,way,last_update,2-1-2019,Feature has not been updated in 5 years or more
659704749,way,last_update,2-1-2019,Feature has not been updated in 5 years or more
659704757,way,last_update,2-1-2019,Feature has not been updated in 5 years or more
659704759,way,last_update,1-1-2019,Feature has not been updated in 5 years or more
659704762,way,last_update,1-1-2019,Feature has not been updated in 5 years or more
659704763,way,last_update,1-1-2019,Feature has not been updated in 5 years or more
659704764,way,last_update,1-1-2019,Feature has not been updated in 5 years or more
659704765,way,last_update,2-1-2019,Feature has not been updated in 5 years or more
659704766,way,last_update,1-1-2019,Feature has not been updated in 5 years or more
659704768,way,last_update,1-1-2019,Feature has not been updated in 5 years or more
659704770,way,last_update,1-1-2019,Feature has not been updated in 5 years or more
659704773,way,last_update,1-1-2019,Feature has not been updated in 5 years or more
659803861,way,last_update,1-1-2019,Feature has not been updated in 5 years or more
659803862,way,last_update,1-1-2019,Feature has not been updated in 5 years or more
659803893,way,last_update,1-1-2019,Feature has not been updated in 5 years or more
659803895,way,last_update,1-1-2019,Feature has not been updated in 5 years or more
659803897,way,last_update,1-1-2019,Feature has not been updated in 5 years or more
659803934,way,last_update,1-1-2019,Feature has not been updated in 5 years or more
659803935,way,last_update,1-1-2019,Feature has not been updated in 5 years or more
659878205,way,last_update,2-1-2019,Feature has not been updated in 5 years or more
659880661,way,last_update,2-1-2019,Feature has not been updated in 5 years or more
660043068,way,last_update,2-1-2019,Feature has not been updated in 5 years or more
660043069,way,last_update,2-1-2019,Feature has not been updated in 5 years or more
660043070,way,last_update,2-1-2019,Feature has not been updated in 5 years or more
660326900,way,last_update,3-1-2019,Feature has not been updated in 5 years or more
660326904,way,last_update,3-1-2019,Feature has not been updated in 5 years or more
660326905,way,last_update,3-1-2019,Feature has not been updated in 5 years or more
660326914,way,last_update,3-1-2019,Feature has not been updated in 5 years or more
660331078,way,last_update,3-1-2019,Feature has not been updated in 5 years or more
660331079,way,last_update,3-1-2019,Feature has not been updated in 5 years or more
660331082,way,last_update,3-1-2019,Feature has not been updated in 5 years or more
660331083,way,last_update,3-1-2019,Feature has not been updated in 5 years or more
660335851,way,last_update,4-1-2019,Feature has not been updated in 5 years or more
660350321,way,last_update,4-1-2019,Feature has not been updated in 5 years or more
660350322,way,last_update,4-1-2019,Feature has not been updated in 5 years or more
660350323,way,last_update,4-1-2019,Feature has not been updated in 5 years or more
660350324,way,last_update,4-1-2019,Feature has not been updated in 5 years or more
660361850,way,last_update,4-1-2019,Feature has not been updated in 5 years or more
660361853,way,last_update,4-1-2019,Feature has not been updated in 5 years or more
660361861,way,last_update,4-1-2019,Feature has not been updated in 5 years or more
660362871,way,last_update,4-1-2019,Feature has not been updated in 5 years or more
660362872,way,last_update,4-1-2019,Feature has not been updated in 5 years or more
660362873,way,last_update,4-1-2019,Feature has not been updated in 5 years or more
660372195,way,last_update,4-1-2019,Feature has not been updated in 5 years or more
660400975,way,last_update,4-1-2019,Feature has not been updated in 5 years or more
660406543,way,last_update,4-1-2019,Feature has not been updated in 5 years or more
660406544,way,last_update,4-1-2019,Feature has not been updated in 5 years or more
660406545,way,last_update,4-1-2019,Feature has not been updated in 5 years or more
660406546,way,last_update,4-1-2019,Feature has not been updated in 5 years or more
660406547,way,last_update,4-1-2019,Feature has not been updated in 5 years or more
660406548,way,last_update,4-1-2019,Feature has not been updated in 5 years or more
660406549,way,last_update,4-1-2019,Feature has not been updated in 5 years or more
660406550,way,last_update,4-1-2019,Feature has not been updated in 5 years or more
660406551,way,last_update,4-1-2019,Feature has not been updated in 5 years or more
660406552,way,last_update,4-1-2019,Feature has not been updated in 5 years or more
660406553,way,last_update,4-1-2019,Feature has not been updated in 5 years or more
660406554,way,last_update,4-1-2019,Feature has not been updated in 5 years or more
660406555,way,last_update,4-1-2019,Feature has not been updated in 5 years or more
660406556,way,last_update,4-1-2019,Feature has not been updated in 5 years or more
660406557,way,last_update,4-1-2019,Feature has not been updated in 5 years or more
660406558,way,last_update,4-1-2019,Feature has not been updated in 5 years or more
660406559,way,last_update,4-1-2019,Feature has not been updated in 5 years or more
660406560,way,last_update,4-1-2019,Feature has not been updated in 5 years or more
660406561,way,last_update,4-1-2019,Feature has not been updated in 5 years or more
660406562,way,last_update,4-1-2019,Feature has not been updated in 5 years or more
660406563,way,last_update,4-1-2019,Feature has not been updated in 5 years or more
660406564,way,last_update,4-1-2019,Feature has not been updated in 5 years or more
660406565,way,last_update,4-1-2019,Feature has not been updated in 5 years or more
660406566,way,last_update,4-1-2019,Feature has not been updated in 5 years or more
660406567,way,last_update,4-1-2019,Feature has not been updated in 5 years or more
660406568,way,last_update,4-1-2019,Feature has not been updated in 5 years or more
660406569,way,last_update,4-1-2019,Feature has not been updated in 5 years or more
660406570,way,last_update,4-1-2019,Feature has not been updated in 5 years or more
660406571,way,last_update,4-1-2019,Feature has not been updated in 5 years or more
660406572,way,last_update,4-1-2019,Feature has not been updated in 5 years or more
660406573,way,last_update,4-1-2019,Feature has not been updated in 5 years or more
660406574,way,last_update,4-1-2019,Feature has not been updated in 5 years or more
660406575,way,last_update,4-1-2019,Feature has not been updated in 5 years or more
660406578,way,last_update,4-1-2019,Feature has not been updated in 5 years or more
660411426,way,last_update,4-1-2019,Feature has not been updated in 5 years or more
660411427,way,last_update,4-1-2019,Feature has not been updated in 5 years or more
660411428,way,last_update,4-1-2019,Feature has not been updated in 5 years or more
660411429,way,last_update,4-1-2019,Feature has not been updated in 5 years or more
660592997,way,last_update,4-1-2019,Feature has not been updated in 5 years or more
660629458,way,last_update,5-1-2019,Feature has not been updated in 5 years or more
660629823,way,last_update,5-1-2019,Feature has not been updated in 5 years or more
660629824,way,last_update,5-1-2019,Feature has not been updated in 5 years or more
660629841,way,last_update,5-1-2019,Feature has not been updated in 5 years or more
660640846,way,last_update,5-1-2019,Feature has not been updated in 5 years or more
660829226,way,last_update,6-1-2019,Feature has not been updated in 5 years or more
660829227,way,last_update,6-1-2019,Feature has not been updated in 5 years or more
660829231,way,last_update,6-1-2019,Feature has not been updated in 5 years or more
660881566,way,last_update,6-1-2019,Feature has not been updated in 5 years or more
661185982,way,last_update,7-1-2019,Feature has not been updated in 5 years or more
661482063,way,last_update,8-1-2019,Feature has not been updated in 5 years or more
661484162,way,last_update,8-1-2019,Feature has not been updated in 5 years or more
661744788,way,last_update,9-1-2019,Feature has not been updated in 5 years or more
661744805,way,last_update,9-1-2019,Feature has not been updated in 5 years or more
661744806,way,last_update,9-1-2019,Feature has not been updated in 5 years or more
661758245,way,last_update,9-1-2019,Feature has not been updated in 5 years or more
661758246,way,last_update,9-1-2019,Feature has not been updated in 5 years or more
661758247,way,last_update,9-1-2019,Feature has not been updated in 5 years or more
661758248,way,last_update,9-1-2019,Feature has not been updated in 5 years or more
661758249,way,last_update,9-1-2019,Feature has not been updated in 5 years or more
661758250,way,last_update,9-1-2019,Feature has not been updated in 5 years or more
661766118,way,last_update,9-1-2019,Feature has not been updated in 5 years or more
661766133,way,last_update,9-1-2019,Feature has not been updated in 5 years or more
661766138,way,last_update,9-1-2019,Feature has not been updated in 5 years or more
661766140,way,last_update,9-1-2019,Feature has not been updated in 5 years or more
661799553,way,last_update,9-1-2019,Feature has not been updated in 5 years or more
662104354,way,last_update,11-1-2019,Feature has not been updated in 5 years or more
662114492,way,last_update,12-1-2019,Feature has not been updated in 5 years or more
662114493,way,last_update,12-1-2019,Feature has not been updated in 5 years or more
662114494,way,last_update,11-1-2019,Feature has not been updated in 5 years or more
662114497,way,last_update,4-10-2019,Feature has not been updated in 5 years or more
662114501,way,last_update,11-1-2019,Feature has not been updated in 5 years or more
662114506,way,last_update,11-1-2019,Feature has not been updated in 5 years or more
662114508,way,last_update,11-1-2019,Feature has not been updated in 5 years or more
662114509,way,last_update,11-1-2019,Feature has not been updated in 5 years or more
662506229,way,last_update,11-1-2019,Feature has not been updated in 5 years or more
662509391,way,last_update,11-1-2019,Feature has not been updated in 5 years or more
662512733,way,last_update,11-1-2019,Feature has not been updated in 5 years or more
662512734,way,last_update,11-1-2019,Feature has not been updated in 5 years or more
662512735,way,last_update,11-1-2019,Feature has not been updated in 5 years or more
662524998,way,last_update,11-1-2019,Feature has not been updated in 5 years or more
662525000,way,last_update,11-1-2019,Feature has not been updated in 5 years or more
662528720,way,last_update,12-1-2019,Feature has not been updated in 5 years or more
662748332,way,last_update,12-1-2019,Feature has not been updated in 5 years or more
662759077,way,last_update,12-1-2019,Feature has not been updated in 5 years or more
662759078,way,last_update,12-1-2019,Feature has not been updated in 5 years or more
662759079,way,last_update,12-1-2019,Feature has not been updated in 5 years or more
662759084,way,last_update,12-1-2019,Feature has not been updated in 5 years or more
662813849,way,last_update,13-1-2019,Feature has not been updated in 5 years or more
662819241,way,last_update,13-1-2019,Feature has not been updated in 5 years or more
662865155,way,last_update,13-1-2019,Feature has not been updated in 5 years or more
662874743,way,last_update,13-1-2019,Feature has not been updated in 5 years or more
662874744,way,last_update,13-1-2019,Feature has not been updated in 5 years or more
662874745,way,last_update,13-1-2019,Feature has not been updated in 5 years or more
662874746,way,last_update,13-1-2019,Feature has not been updated in 5 years or more
662874747,way,last_update,13-1-2019,Feature has not been updated in 5 years or more
662874748,way,last_update,13-1-2019,Feature has not been updated in 5 years or more
662897385,way,last_update,13-1-2019,Feature has not been updated in 5 years or more
662897386,way,last_update,4-2-2019,Feature has not been updated in 5 years or more
662897387,way,last_update,13-1-2019,Feature has not been updated in 5 years or more
662897388,way,last_update,5-2-2019,Feature has not been updated in 5 years or more
662897391,way,last_update,13-1-2019,Feature has not been updated in 5 years or more
662897392,way,last_update,13-1-2019,Feature has not been updated in 5 years or more
662897393,way,last_update,13-1-2019,Feature has not been updated in 5 years or more
662921455,way,last_update,13-1-2019,Feature has not been updated in 5 years or more
662921459,way,last_update,13-1-2019,Feature has not been updated in 5 years or more
662922357,way,last_update,13-1-2019,Feature has not been updated in 5 years or more
662922358,way,last_update,4-10-2019,Feature has not been updated in 5 years or more
663037814,way,last_update,13-1-2019,Feature has not been updated in 5 years or more
663037815,way,last_update,22-1-2019,Feature has not been updated in 5 years or more
663037816,way,last_update,13-1-2019,Feature has not been updated in 5 years or more
663037817,way,last_update,13-1-2019,Feature has not been updated in 5 years or more
663042457,way,last_update,14-1-2019,Feature has not been updated in 5 years or more
663053277,way,last_update,14-1-2019,Feature has not been updated in 5 years or more
663064240,way,last_update,14-1-2019,Feature has not been updated in 5 years or more
663064241,way,last_update,14-1-2019,Feature has not been updated in 5 years or more
663103866,way,last_update,14-1-2019,Feature has not been updated in 5 years or more
663126882,way,last_update,14-1-2019,Feature has not been updated in 5 years or more
663167911,way,last_update,15-1-2019,Feature has not been updated in 5 years or more
663167912,way,last_update,15-1-2019,Feature has not been updated in 5 years or more
663510309,way,last_update,15-1-2019,Feature has not been updated in 5 years or more
663510310,way,last_update,15-1-2019,Feature has not been updated in 5 years or more
663513972,way,last_update,15-1-2019,Feature has not been updated in 5 years or more
663513973,way,last_update,15-1-2019,Feature has not been updated in 5 years or more
663516857,way,last_update,15-1-2019,Feature has not been updated in 5 years or more
663517888,way,last_update,15-1-2019,Feature has not been updated in 5 years or more
663517889,way,last_update,20-1-2019,Feature has not been updated in 5 years or more
663517890,way,last_update,5-12-2019,Feature has not been updated in 5 years or more
663517892,way,last_update,15-1-2019,Feature has not been updated in 5 years or more
663519960,way,last_update,14-5-2020,Feature has not been updated in 5 years or more
663519961,way,last_update,20-1-2019,Feature has not been updated in 5 years or more
663519962,way,last_update,15-1-2019,Feature has not been updated in 5 years or more
663519963,way,last_update,15-1-2019,Feature has not been updated in 5 years or more
663519964,way,last_update,15-1-2019,Feature has not been updated in 5 years or more
663533418,way,last_update,15-1-2019,Feature has not been updated in 5 years or more
663533419,way,last_update,15-1-2019,Feature has not been updated in 5 years or more
663533420,way,last_update,15-1-2019,Feature has not been updated in 5 years or more
663533421,way,last_update,15-1-2019,Feature has not been updated in 5 years or more
663858675,way,last_update,16-1-2019,Feature has not been updated in 5 years or more
663858678,way,last_update,16-1-2019,Feature has not been updated in 5 years or more
663858680,way,last_update,16-1-2019,Feature has not been updated in 5 years or more
663858682,way,last_update,16-1-2019,Feature has not been updated in 5 years or more
663973225,way,last_update,17-1-2019,Feature has not been updated in 5 years or more
663973226,way,last_update,17-1-2019,Feature has not been updated in 5 years or more
663973231,way,last_update,16-1-2019,Feature has not been updated in 5 years or more
664172427,way,last_update,18-1-2019,Feature has not been updated in 5 years or more
664190866,way,last_update,18-1-2019,Feature has not been updated in 5 years or more
664190871,way,last_update,17-1-2019,Feature has not been updated in 5 years or more
664428761,way,last_update,4-2-2019,Feature has not been updated in 5 years or more
664428763,way,last_update,18-1-2019,Feature has not been updated in 5 years or more
664428764,way,last_update,18-1-2019,Feature has not been updated in 5 years or more
664438200,way,last_update,18-1-2019,Feature has not been updated in 5 years or more
664438201,way,last_update,18-1-2019,Feature has not been updated in 5 years or more
664529168,way,last_update,18-1-2019,Feature has not been updated in 5 years or more
664533434,way,last_update,18-1-2019,Feature has not been updated in 5 years or more
664533435,way,last_update,18-1-2019,Feature has not been updated in 5 years or more
664533453,way,last_update,4-10-2019,Feature has not been updated in 5 years or more
664534340,way,last_update,19-1-2019,Feature has not been updated in 5 years or more
664537606,way,last_update,19-1-2019,Feature has not been updated in 5 years or more
664539254,way,last_update,4-2-2019,Feature has not been updated in 5 years or more
664539255,way,last_update,19-1-2019,Feature has not been updated in 5 years or more
664540334,way,last_update,19-1-2019,Feature has not been updated in 5 years or more
664542714,way,last_update,19-1-2019,Feature has not been updated in 5 years or more
665079257,way,last_update,21-1-2019,Feature has not been updated in 5 years or more
665354304,way,last_update,22-1-2019,Feature has not been updated in 5 years or more
665961763,way,last_update,24-1-2019,Feature has not been updated in 5 years or more
666218379,way,last_update,26-1-2019,Feature has not been updated in 5 years or more
666351620,way,last_update,27-1-2019,Feature has not been updated in 5 years or more
666438216,way,last_update,27-1-2019,Feature has not been updated in 5 years or more
666497973,way,last_update,27-1-2019,Feature has not been updated in 5 years or more
666778400,way,last_update,28-1-2019,Feature has not been updated in 5 years or more
666778401,way,last_update,28-1-2019,Feature has not been updated in 5 years or more
666797354,way,last_update,30-1-2019,Feature has not been updated in 5 years or more
666797357,way,last_update,30-1-2019,Feature has not been updated in 5 years or more
666797367,way,last_update,29-1-2019,Feature has not been updated in 5 years or more
666797371,way,last_update,29-1-2019,Feature has not been updated in 5 years or more
666797385,way,last_update,29-1-2019,Feature has not been updated in 5 years or more
666797396,way,last_update,29-1-2019,Feature has not been updated in 5 years or more
666797398,way,last_update,29-1-2019,Feature has not been updated in 5 years or more
666804862,way,last_update,29-1-2019,Feature has not been updated in 5 years or more
667101462,way,last_update,30-1-2019,Feature has not been updated in 5 years or more
667101463,way,last_update,30-1-2019,Feature has not been updated in 5 years or more
667101468,way,last_update,2-2-2019,Feature has not been updated in 5 years or more
667101473,way,last_update,31-1-2019,Feature has not been updated in 5 years or more
667290171,way,last_update,30-1-2019,Feature has not been updated in 5 years or more
667782165,way,last_update,2-2-2019,Feature has not been updated in 5 years or more
667782166,way,last_update,2-2-2019,Feature has not been updated in 5 years or more
667789367,way,last_update,2-2-2019,Feature has not been updated in 5 years or more
667839930,way,last_update,2-2-2019,Feature has not been updated in 5 years or more
667839931,way,last_update,6-2-2019,Feature has not been updated in 5 years or more
667839932,way,last_update,2-2-2019,Feature has not been updated in 5 years or more
668255883,way,last_update,4-2-2019,Feature has not been updated in 5 years or more
668274752,way,last_update,4-2-2019,Feature has not been updated in 5 years or more
668274753,way,last_update,4-2-2019,Feature has not been updated in 5 years or more
668674682,way,last_update,6-2-2019,Feature has not been updated in 5 years or more
668674683,way,last_update,6-2-2019,Feature has not been updated in 5 years or more
668674684,way,last_update,6-2-2019,Feature has not been updated in 5 years or more
668674685,way,last_update,6-2-2019,Feature has not been updated in 5 years or more
668674686,way,last_update,6-2-2019,Feature has not been updated in 5 years or more
668674687,way,last_update,11-2-2019,Feature has not been updated in 5 years or more
668703605,way,last_update,7-2-2019,Feature has not been updated in 5 years or more
668703612,way,last_update,6-2-2019,Feature has not been updated in 5 years or more
668703613,way,last_update,6-2-2019,Feature has not been updated in 5 years or more
668999697,way,last_update,7-2-2019,Feature has not been updated in 5 years or more
669002593,way,last_update,7-2-2019,Feature has not been updated in 5 years or more
669252294,way,last_update,9-2-2019,Feature has not been updated in 5 years or more
669441174,way,last_update,10-2-2019,Feature has not been updated in 5 years or more
669509547,way,last_update,10-2-2019,Feature has not been updated in 5 years or more
669595208,way,last_update,10-2-2019,Feature has not been updated in 5 years or more
669601387,way,last_update,10-2-2019,Feature has not been updated in 5 years or more
669601388,way,last_update,10-2-2019,Feature has not been updated in 5 years or more
669627138,way,last_update,11-2-2019,Feature has not been updated in 5 years or more
669634133,way,last_update,11-2-2019,Feature has not been updated in 5 years or more
669643820,way,last_update,11-2-2019,Feature has not been updated in 5 years or more
669643826,way,last_update,11-2-2019,Feature has not been updated in 5 years or more
669643829,way,last_update,11-2-2019,Feature has not been updated in 5 years or more
669970843,way,last_update,12-2-2019,Feature has not been updated in 5 years or more
669970845,way,last_update,12-2-2019,Feature has not been updated in 5 years or more
670566876,way,last_update,14-2-2019,Feature has not been updated in 5 years or more
670566878,way,last_update,16-2-2019,Feature has not been updated in 5 years or more
670824211,way,last_update,16-2-2019,Feature has not been updated in 5 years or more
670829048,way,last_update,5-12-2019,Feature has not been updated in 5 years or more
670831633,way,last_update,16-2-2019,Feature has not been updated in 5 years or more
670835594,way,last_update,16-2-2019,Feature has not been updated in 5 years or more
670865851,way,last_update,3-3-2019,Feature has not been updated in 5 years or more
670870105,way,last_update,16-2-2019,Feature has not been updated in 5 years or more
670870106,way,last_update,16-2-2019,Feature has not been updated in 5 years or more
671003050,way,last_update,17-2-2019,Feature has not been updated in 5 years or more
671018730,way,last_update,17-2-2019,Feature has not been updated in 5 years or more
671018731,way,last_update,17-2-2019,Feature has not been updated in 5 years or more
671039484,way,last_update,17-2-2019,Feature has not been updated in 5 years or more
671043464,way,last_update,17-2-2019,Feature has not been updated in 5 years or more
671581462,way,last_update,19-2-2019,Feature has not been updated in 5 years or more
671835132,way,last_update,20-2-2019,Feature has not been updated in 5 years or more
671835138,way,last_update,20-2-2019,Feature has not been updated in 5 years or more
673103528,way,last_update,26-2-2019,Feature has not been updated in 5 years or more
673217481,way,last_update,26-2-2019,Feature has not been updated in 5 years or more
673217482,way,last_update,26-2-2019,Feature has not been updated in 5 years or more
673352482,way,last_update,27-2-2019,Feature has not been updated in 5 years or more
673352483,way,last_update,27-2-2019,Feature has not been updated in 5 years or more
673593009,way,last_update,28-2-2019,Feature has not been updated in 5 years or more
673598274,way,last_update,28-2-2019,Feature has not been updated in 5 years or more
673602807,way,last_update,28-2-2019,Feature has not been updated in 5 years or more
674176912,way,last_update,3-3-2019,Feature has not been updated in 5 years or more
674176919,way,last_update,3-3-2019,Feature has not been updated in 5 years or more
674176921,way,last_update,3-3-2019,Feature has not been updated in 5 years or more
674176926,way,last_update,3-3-2019,Feature has not been updated in 5 years or more
674176937,way,last_update,3-3-2019,Feature has not been updated in 5 years or more
674176938,way,last_update,3-3-2019,Feature has not been updated in 5 years or more
674176939,way,last_update,3-3-2019,Feature has not been updated in 5 years or more
674176940,way,last_update,3-3-2019,Feature has not been updated in 5 years or more
674219176,way,last_update,3-3-2019,Feature has not been updated in 5 years or more
674235533,way,last_update,3-3-2019,Feature has not been updated in 5 years or more
674706650,way,last_update,10-4-2019,Feature has not been updated in 5 years or more
674983630,way,last_update,6-3-2019,Feature has not been updated in 5 years or more
674988297,way,last_update,6-3-2019,Feature has not been updated in 5 years or more
674988302,way,last_update,6-3-2019,Feature has not been updated in 5 years or more
674988308,way,last_update,10-3-2019,Feature has not been updated in 5 years or more
674991962,way,last_update,6-3-2019,Feature has not been updated in 5 years or more
674991965,way,last_update,6-3-2019,Feature has not been updated in 5 years or more
674992271,way,last_update,6-3-2019,Feature has not been updated in 5 years or more
674992272,way,last_update,6-3-2019,Feature has not been updated in 5 years or more
674992273,way,last_update,6-3-2019,Feature has not been updated in 5 years or more
675299379,way,last_update,8-3-2019,Feature has not been updated in 5 years or more
675438182,way,last_update,8-3-2019,Feature has not been updated in 5 years or more
675438187,way,last_update,8-3-2019,Feature has not been updated in 5 years or more
675438191,way,last_update,8-3-2019,Feature has not been updated in 5 years or more
675438195,way,last_update,8-3-2019,Feature has not been updated in 5 years or more
675547599,way,last_update,8-3-2019,Feature has not been updated in 5 years or more
675556800,way,last_update,8-3-2019,Feature has not been updated in 5 years or more
675558934,way,last_update,8-3-2019,Feature has not been updated in 5 years or more
675724760,way,last_update,9-3-2019,Feature has not been updated in 5 years or more
675724761,way,last_update,9-3-2019,Feature has not been updated in 5 years or more
675860965,way,last_update,10-3-2019,Feature has not been updated in 5 years or more
675863457,way,last_update,10-3-2019,Feature has not been updated in 5 years or more
675866255,way,last_update,16-3-2019,Feature has not been updated in 5 years or more
675876081,way,last_update,10-3-2019,Feature has not been updated in 5 years or more
675876082,way,last_update,10-3-2019,Feature has not been updated in 5 years or more
676108803,way,last_update,11-3-2019,Feature has not been updated in 5 years or more
676108804,way,last_update,11-3-2019,Feature has not been updated in 5 years or more
676108822,way,last_update,11-3-2019,Feature has not been updated in 5 years or more
676111901,way,last_update,11-3-2019,Feature has not been updated in 5 years or more
676650532,way,last_update,13-3-2019,Feature has not been updated in 5 years or more
676892806,way,last_update,14-3-2019,Feature has not been updated in 5 years or more
676892807,way,last_update,14-3-2019,Feature has not been updated in 5 years or more
676892808,way,last_update,14-3-2019,Feature has not been updated in 5 years or more
676893139,way,last_update,14-3-2019,Feature has not been updated in 5 years or more
677082683,way,last_update,15-3-2019,Feature has not been updated in 5 years or more
677092497,way,last_update,15-3-2019,Feature has not been updated in 5 years or more
677178264,way,last_update,19-3-2019,Feature has not been updated in 5 years or more
677178265,way,last_update,16-3-2019,Feature has not been updated in 5 years or more
677178310,way,last_update,15-3-2019,Feature has not been updated in 5 years or more
677178311,way,last_update,15-3-2019,Feature has not been updated in 5 years or more
677178312,way,last_update,15-3-2019,Feature has not been updated in 5 years or more
677178313,way,last_update,15-3-2019,Feature has not been updated in 5 years or more
677178314,way,last_update,15-3-2019,Feature has not been updated in 5 years or more
677182217,way,last_update,16-3-2019,Feature has not been updated in 5 years or more
677196423,way,last_update,16-3-2019,Feature has not been updated in 5 years or more
677648999,way,last_update,18-3-2019,Feature has not been updated in 5 years or more
677649000,way,last_update,22-7-2019,Feature has not been updated in 5 years or more
677649002,way,last_update,18-3-2019,Feature has not been updated in 5 years or more
677670631,way,last_update,18-3-2019,Feature has not been updated in 5 years or more
677670640,way,last_update,18-3-2019,Feature has not been updated in 5 years or more
677670641,way,last_update,18-3-2019,Feature has not been updated in 5 years or more
677939430,way,last_update,19-3-2019,Feature has not been updated in 5 years or more
677939431,way,last_update,19-3-2019,Feature has not been updated in 5 years or more
677939432,way,last_update,19-3-2019,Feature has not been updated in 5 years or more
677939433,way,last_update,19-3-2019,Feature has not been updated in 5 years or more
677939436,way,last_update,19-3-2019,Feature has not been updated in 5 years or more
678299878,way,last_update,21-3-2019,Feature has not been updated in 5 years or more
678371135,way,last_update,21-3-2019,Feature has not been updated in 5 years or more
678376644,way,last_update,21-3-2019,Feature has not been updated in 5 years or more
678379340,way,last_update,21-3-2019,Feature has not been updated in 5 years or more
678379341,way,last_update,21-3-2019,Feature has not been updated in 5 years or more
678380432,way,last_update,21-3-2019,Feature has not been updated in 5 years or more
678385540,way,last_update,21-3-2019,Feature has not been updated in 5 years or more
678385542,way,last_update,21-3-2019,Feature has not been updated in 5 years or more
678690654,way,last_update,22-3-2019,Feature has not been updated in 5 years or more
678774844,way,last_update,22-3-2019,Feature has not been updated in 5 years or more
678774851,way,last_update,22-3-2019,Feature has not been updated in 5 years or more
678774854,way,last_update,22-3-2019,Feature has not been updated in 5 years or more
678774855,way,last_update,22-3-2019,Feature has not been updated in 5 years or more
678774873,way,last_update,22-3-2019,Feature has not been updated in 5 years or more
678792967,way,last_update,23-3-2019,Feature has not been updated in 5 years or more
678792969,way,last_update,23-3-2019,Feature has not been updated in 5 years or more
678792970,way,last_update,23-3-2019,Feature has not been updated in 5 years or more
678792973,way,last_update,23-3-2019,Feature has not been updated in 5 years or more
678848287,way,last_update,23-3-2019,Feature has not been updated in 5 years or more
678848294,way,last_update,23-3-2019,Feature has not been updated in 5 years or more
678936472,way,last_update,23-3-2019,Feature has not been updated in 5 years or more
678936475,way,last_update,23-3-2019,Feature has not been updated in 5 years or more
679131121,way,last_update,24-3-2019,Feature has not been updated in 5 years or more
679254314,way,last_update,25-3-2019,Feature has not been updated in 5 years or more
679254315,way,last_update,25-3-2019,Feature has not been updated in 5 years or more
679254316,way,last_update,25-3-2019,Feature has not been updated in 5 years or more
679254317,way,last_update,25-3-2019,Feature has not been updated in 5 years or more
679254335,way,last_update,31-3-2019,Feature has not been updated in 5 years or more
679254340,way,last_update,25-3-2019,Feature has not been updated in 5 years or more
679321512,way,last_update,25-3-2019,Feature has not been updated in 5 years or more
679321514,way,last_update,25-3-2019,Feature has not been updated in 5 years or more
679321515,way,last_update,25-3-2019,Feature has not been updated in 5 years or more
679321516,way,last_update,25-3-2019,Feature has not been updated in 5 years or more
679321661,way,last_update,25-3-2019,Feature has not been updated in 5 years or more
680368801,way,last_update,30-3-2019,Feature has not been updated in 5 years or more
680368805,way,last_update,1-4-2019,Feature has not been updated in 5 years or more
680464625,way,last_update,30-3-2019,Feature has not been updated in 5 years or more
680639389,way,last_update,31-3-2019,Feature has not been updated in 5 years or more
680639390,way,last_update,31-3-2019,Feature has not been updated in 5 years or more
680639391,way,last_update,31-3-2019,Feature has not been updated in 5 years or more
680639392,way,last_update,31-3-2019,Feature has not been updated in 5 years or more
680648710,way,last_update,31-3-2019,Feature has not been updated in 5 years or more
680648711,way,last_update,31-3-2019,Feature has not been updated in 5 years or more
681119447,way,last_update,2-4-2019,Feature has not been updated in 5 years or more
681297517,way,last_update,3-4-2019,Feature has not been updated in 5 years or more
681303640,way,last_update,3-4-2019,Feature has not been updated in 5 years or more
681303641,way,last_update,3-4-2019,Feature has not been updated in 5 years or more
681303642,way,last_update,3-4-2019,Feature has not been updated in 5 years or more
681303643,way,last_update,3-4-2019,Feature has not been updated in 5 years or more
681303644,way,last_update,3-4-2019,Feature has not been updated in 5 years or more
681303645,way,last_update,3-4-2019,Feature has not been updated in 5 years or more
681303648,way,last_update,3-4-2019,Feature has not been updated in 5 years or more
681303649,way,last_update,3-4-2019,Feature has not been updated in 5 years or more
681303651,way,last_update,3-4-2019,Feature has not been updated in 5 years or more
681303652,way,last_update,3-4-2019,Feature has not been updated in 5 years or more
681393026,way,last_update,3-4-2019,Feature has not been updated in 5 years or more
681487474,way,last_update,3-4-2019,Feature has not been updated in 5 years or more
681487475,way,last_update,3-4-2019,Feature has not been updated in 5 years or more
681487476,way,last_update,3-4-2019,Feature has not been updated in 5 years or more
681487488,way,last_update,3-4-2019,Feature has not been updated in 5 years or more
685596923,way,last_update,24-4-2019,Feature has not been updated in 5 years or more
685596926,way,last_update,24-4-2019,Feature has not been updated in 5 years or more
685596927,way,last_update,24-4-2019,Feature has not been updated in 5 years or more
685596929,way,last_update,24-4-2019,Feature has not been updated in 5 years or more
685596931,way,last_update,24-4-2019,Feature has not been updated in 5 years or more
686287455,way,last_update,27-4-2019,Feature has not been updated in 5 years or more
686663539,way,last_update,29-4-2019,Feature has not been updated in 5 years or more
686767398,way,last_update,13-10-2020,Feature has not been updated in 5 years or more
690973870,way,last_update,19-5-2019,Feature has not been updated in 5 years or more
690973871,way,last_update,2-12-2019,Feature has not been updated in 5 years or more
690973872,way,last_update,19-5-2019,Feature has not been updated in 5 years or more
694007294,way,last_update,2-6-2019,Feature has not been updated in 5 years or more
699535907,way,last_update,25-6-2019,Feature has not been updated in 5 years or more
699540481,way,last_update,25-6-2019,Feature has not been updated in 5 years or more
705920402,way,last_update,20-7-2019,Feature has not been updated in 5 years or more
705920403,way,last_update,20-7-2019,Feature has not been updated in 5 years or more
705920404,way,last_update,20-7-2019,Feature has not been updated in 5 years or more
706000100,way,last_update,26-7-2019,Feature has not been updated in 5 years or more
706358305,way,last_update,26-7-2019,Feature has not been updated in 5 years or more
706358306,way,last_update,26-7-2019,Feature has not been updated in 5 years or more
706358307,way,last_update,26-7-2019,Feature has not been updated in 5 years or more
706358308,way,last_update,26-7-2019,Feature has not been updated in 5 years or more
706358309,way,last_update,22-7-2019,Feature has not been updated in 5 years or more
706358310,way,last_update,22-7-2019,Feature has not been updated in 5 years or more
706358311,way,last_update,22-7-2019,Feature has not been updated in 5 years or more
706358312,way,last_update,22-7-2019,Feature has not been updated in 5 years or more
706358313,way,last_update,22-7-2019,Feature has not been updated in 5 years or more
706358315,way,last_update,26-7-2019,Feature has not been updated in 5 years or more
706358316,way,last_update,26-7-2019,Feature has not been updated in 5 years or more
706358317,way,last_update,26-7-2019,Feature has not been updated in 5 years or more
706368124,way,last_update,22-7-2019,Feature has not been updated in 5 years or more
706526902,way,last_update,23-7-2019,Feature has not been updated in 5 years or more
706529251,way,last_update,23-7-2019,Feature has not been updated in 5 years or more
706679252,way,last_update,26-7-2019,Feature has not been updated in 5 years or more
706726446,way,last_update,23-7-2019,Feature has not been updated in 5 years or more
707504969,way,last_update,26-7-2019,Feature has not been updated in 5 years or more
707968546,way,last_update,27-7-2019,Feature has not been updated in 5 years or more
708419695,way,last_update,29-7-2019,Feature has not been updated in 5 years or more
708419696,way,last_update,29-7-2019,Feature has not been updated in 5 years or more
708419697,way,last_update,29-7-2019,Feature has not been updated in 5 years or more
708419698,way,last_update,29-7-2019,Feature has not been updated in 5 years or more
708431159,way,last_update,29-7-2019,Feature has not been updated in 5 years or more
708431160,way,last_update,29-7-2019,Feature has not been updated in 5 years or more
708756315,way,last_update,30-7-2019,Feature has not been updated in 5 years or more
708781246,way,last_update,30-7-2019,Feature has not been updated in 5 years or more
708781247,way,last_update,30-7-2019,Feature has not been updated in 5 years or more
708781249,way,last_update,30-7-2019,Feature has not been updated in 5 years or more
708789436,way,last_update,30-7-2019,Feature has not been updated in 5 years or more
708789437,way,last_update,30-7-2019,Feature has not been updated in 5 years or more
708789438,way,last_update,30-7-2019,Feature has not been updated in 5 years or more
708789439,way,last_update,30-7-2019,Feature has not been updated in 5 years or more
708789440,way,last_update,30-7-2019,Feature has not been updated in 5 years or more
708816354,way,last_update,30-7-2019,Feature has not been updated in 5 years or more
708816355,way,last_update,30-7-2019,Feature has not been updated in 5 years or more
708816357,way,last_update,30-7-2019,Feature has not been updated in 5 years or more
710375395,way,last_update,2-8-2019,Feature has not been updated in 5 years or more
710375398,way,last_update,2-8-2019,Feature has not been updated in 5 years or more
710583761,way,last_update,4-8-2019,Feature has not been updated in 5 years or more
711567155,way,last_update,7-8-2019,Feature has not been updated in 5 years or more
712932537,way,last_update,12-8-2019,Feature has not been updated in 5 years or more
712993592,way,last_update,12-8-2019,Feature has not been updated in 5 years or more
712993593,way,last_update,12-8-2019,Feature has not been updated in 5 years or more
712996249,way,last_update,12-8-2019,Feature has not been updated in 5 years or more
712996251,way,last_update,12-8-2019,Feature has not been updated in 5 years or more
713234548,way,last_update,13-8-2019,Feature has not been updated in 5 years or more
713273609,way,last_update,13-8-2019,Feature has not been updated in 5 years or more
713282047,way,last_update,13-8-2019,Feature has not been updated in 5 years or more
713282049,way,last_update,13-8-2019,Feature has not been updated in 5 years or more
713282052,way,last_update,13-8-2019,Feature has not been updated in 5 years or more
713384124,way,last_update,13-8-2019,Feature has not been updated in 5 years or more
713384125,way,last_update,13-8-2019,Feature has not been updated in 5 years or more
713384126,way,last_update,13-8-2019,Feature has not been updated in 5 years or more
713384127,way,last_update,13-8-2019,Feature has not been updated in 5 years or more
713823234,way,last_update,15-8-2019,Feature has not been updated in 5 years or more
713837349,way,last_update,15-8-2019,Feature has not been updated in 5 years or more
715316537,way,last_update,19-8-2019,Feature has not been updated in 5 years or more
715316540,way,last_update,19-8-2019,Feature has not been updated in 5 years or more
715324145,way,last_update,19-8-2019,Feature has not been updated in 5 years or more
715324146,way,last_update,19-8-2019,Feature has not been updated in 5 years or more
715324147,way,last_update,19-8-2019,Feature has not been updated in 5 years or more
715324148,way,last_update,19-8-2019,Feature has not been updated in 5 years or more
715324149,way,last_update,19-8-2019,Feature has not been updated in 5 years or more
717428198,way,last_update,23-8-2019,Feature has not been updated in 5 years or more
717428199,way,last_update,23-8-2019,Feature has not been updated in 5 years or more
717897630,way,last_update,24-8-2019,Feature has not been updated in 5 years or more
718820775,way,last_update,27-8-2019,Feature has not been updated in 5 years or more
718820782,way,last_update,27-8-2019,Feature has not been updated in 5 years or more
718820783,way,last_update,27-8-2019,Feature has not been updated in 5 years or more
718820784,way,last_update,27-8-2019,Feature has not been updated in 5 years or more
718820785,way,last_update,27-8-2019,Feature has not been updated in 5 years or more
718820786,way,last_update,27-8-2019,Feature has not been updated in 5 years or more
718820787,way,last_update,27-8-2019,Feature has not been updated in 5 years or more
718820788,way,last_update,27-8-2019,Feature has not been updated in 5 years or more
718830924,way,last_update,27-8-2019,Feature has not been updated in 5 years or more
718830925,way,last_update,27-8-2019,Feature has not been updated in 5 years or more
718911967,way,last_update,27-8-2019,Feature has not been updated in 5 years or more
718911968,way,last_update,27-8-2019,Feature has not been updated in 5 years or more
721201056,way,last_update,2-9-2019,Feature has not been updated in 5 years or more
721201057,way,last_update,2-9-2019,Feature has not been updated in 5 years or more
721201058,way,last_update,2-9-2019,Feature has not been updated in 5 years or more
721201059,way,last_update,2-9-2019,Feature has not been updated in 5 years or more
721201060,way,last_update,2-9-2019,Feature has not been updated in 5 years or more
721201064,way,last_update,2-9-2019,Feature has not been updated in 5 years or more
734478342,way,last_update,14-10-2019,Feature has not been updated in 5 years or more
741130671,way,last_update,1-11-2019,Feature has not been updated in 5 years or more
741130672,way,last_update,1-11-2019,Feature has not been updated in 5 years or more
741785314,way,last_update,4-11-2019,Feature has not been updated in 5 years or more
745536629,way,last_update,15-11-2019,Feature has not been updated in 5 years or more
747967533,way,last_update,24-11-2019,Feature has not been updated in 5 years or more
747967534,way,last_update,2-12-2019,Feature has not been updated in 5 years or more
749199258,way,last_update,24-11-2019,Feature has not been updated in 5 years or more
749199259,way,last_update,24-11-2019,Feature has not been updated in 5 years or more
749952246,way,last_update,27-11-2019,Feature has not been updated in 5 years or more
758865860,way,last_update,27-12-2019,Feature has not been updated in 5 years or more
758865861,way,last_update,27-12-2019,Feature has not been updated in 5 years or more
760637740,way,last_update,2-3-2020,Feature has not been updated in 5 years or more
760637743,way,last_update,2-3-2020,Feature has not been updated in 5 years or more
765716100,way,last_update,22-1-2020,Feature has not been updated in 5 years or more
765716103,way,last_update,22-1-2020,Feature has not been updated in 5 years or more
765716104,way,last_update,22-1-2020,Feature has not been updated in 5 years or more
765716105,way,last_update,23-1-2020,Feature has not been updated in 5 years or more
765716106,way,last_update,22-1-2020,Feature has not been updated in 5 years or more
765716107,way,last_update,23-1-2020,Feature has not been updated in 5 years or more
765716108,way,last_update,23-1-2020,Feature has not been updated in 5 years or more
765716109,way,last_update,22-1-2020,Feature has not been updated in 5 years or more
765716110,way,last_update,22-1-2020,Feature has not been updated in 5 years or more
765716121,way,last_update,22-1-2020,Feature has not been updated in 5 years or more
765909567,way,last_update,23-1-2020,Feature has not been updated in 5 years or more
765909568,way,last_update,23-1-2020,Feature has not been updated in 5 years or more
767399418,way,last_update,13-2-2020,Feature has not been updated in 5 years or more
767399419,way,last_update,13-2-2020,Feature has not been updated in 5 years or more
767625053,way,last_update,28-1-2020,Feature has not been updated in 5 years or more
767625054,way,last_update,28-1-2020,Feature has not been updated in 5 years or more
767625055,way,last_update,28-1-2020,Feature has not been updated in 5 years or more
767625056,way,last_update,28-1-2020,Feature has not been updated in 5 years or more
767625057,way,last_update,28-1-2020,Feature has not been updated in 5 years or more
767630263,way,last_update,24-2-2020,Feature has not been updated in 5 years or more
769708064,way,last_update,4-2-2020,Feature has not been updated in 5 years or more
769745531,way,last_update,4-2-2020,Feature has not been updated in 5 years or more
769783487,way,last_update,5-2-2020,Feature has not been updated in 5 years or more
769792895,way,last_update,5-2-2020,Feature has not been updated in 5 years or more
769792896,way,last_update,5-2-2020,Feature has not been updated in 5 years or more
769792897,way,last_update,5-2-2020,Feature has not been updated in 5 years or more
769792899,way,last_update,5-2-2020,Feature has not been updated in 5 years or more
770919344,way,last_update,8-2-2020,Feature has not been updated in 5 years or more
770925273,way,last_update,13-2-2020,Feature has not been updated in 5 years or more
770925277,way,last_update,13-2-2020,Feature has not been updated in 5 years or more
770928345,way,last_update,10-5-2020,Feature has not been updated in 5 years or more
770931849,way,last_update,13-2-2020,Feature has not been updated in 5 years or more
770934258,way,last_update,9-2-2020,Feature has not been updated in 5 years or more
770934259,way,last_update,9-2-2020,Feature has not been updated in 5 years or more
770934260,way,last_update,9-2-2020,Feature has not been updated in 5 years or more
770934261,way,last_update,9-2-2020,Feature has not been updated in 5 years or more
770934945,way,last_update,18-2-2020,Feature has not been updated in 5 years or more
771680562,way,last_update,7-6-2020,Feature has not been updated in 5 years or more
771680563,way,last_update,3-3-2020,Feature has not been updated in 5 years or more
771680564,way,last_update,3-3-2020,Feature has not been updated in 5 years or more
771686695,way,last_update,11-2-2020,Feature has not been updated in 5 years or more
771691975,way,last_update,11-2-2020,Feature has not been updated in 5 years or more
771699111,way,last_update,19-2-2020,Feature has not been updated in 5 years or more
771707007,way,last_update,1-4-2020,Feature has not been updated in 5 years or more
771719082,way,last_update,16-5-2020,Feature has not been updated in 5 years or more
771721767,way,last_update,13-2-2020,Feature has not been updated in 5 years or more
771721768,way,last_update,13-2-2020,Feature has not been updated in 5 years or more
771721769,way,last_update,13-2-2020,Feature has not been updated in 5 years or more
771721770,way,last_update,11-2-2020,Feature has not been updated in 5 years or more
771721771,way,last_update,11-2-2020,Feature has not been updated in 5 years or more
771721772,way,last_update,13-2-2020,Feature has not been updated in 5 years or more
771724384,way,last_update,13-2-2020,Feature has not been updated in 5 years or more
771724385,way,last_update,13-2-2020,Feature has not been updated in 5 years or more
771724386,way,last_update,13-2-2020,Feature has not been updated in 5 years or more
771729865,way,last_update,2-3-2020,Feature has not been updated in 5 years or more
771729866,way,last_update,11-2-2020,Feature has not been updated in 5 years or more
771729867,way,last_update,11-2-2020,Feature has not been updated in 5 years or more
771736429,way,last_update,19-2-2020,Feature has not been updated in 5 years or more
771736430,way,last_update,13-2-2020,Feature has not been updated in 5 years or more
771736431,way,last_update,13-2-2020,Feature has not been updated in 5 years or more
771741223,way,last_update,19-2-2020,Feature has not been updated in 5 years or more
771741224,way,last_update,16-5-2020,Feature has not been updated in 5 years or more
771741225,way,last_update,13-2-2020,Feature has not been updated in 5 years or more
771749607,way,last_update,13-2-2020,Feature has not been updated in 5 years or more
771758144,way,last_update,11-2-2020,Feature has not been updated in 5 years or more
771758146,way,last_update,11-2-2020,Feature has not been updated in 5 years or more
771758148,way,last_update,11-2-2020,Feature has not been updated in 5 years or more
771758149,way,last_update,11-2-2020,Feature has not been updated in 5 years or more
772123390,way,last_update,13-2-2020,Feature has not been updated in 5 years or more
772247395,way,last_update,25-5-2020,Feature has not been updated in 5 years or more
772255304,way,last_update,13-2-2020,Feature has not been updated in 5 years or more
772255307,way,last_update,13-2-2020,Feature has not been updated in 5 years or more
772258431,way,last_update,13-2-2020,Feature has not been updated in 5 years or more
772258433,way,last_update,9-3-2020,Feature has not been updated in 5 years or more
772266824,way,last_update,26-4-2020,Feature has not been updated in 5 years or more
773166293,way,last_update,7-6-2020,Feature has not been updated in 5 years or more
773187761,way,last_update,17-2-2020,Feature has not been updated in 5 years or more
773187762,way,last_update,17-2-2020,Feature has not been updated in 5 years or more
773428087,way,last_update,17-2-2020,Feature has not been updated in 5 years or more
773634356,way,last_update,18-2-2020,Feature has not been updated in 5 years or more
773634357,way,last_update,17-2-2020,Feature has not been updated in 5 years or more
773634358,way,last_update,17-2-2020,Feature has not been updated in 5 years or more
773637774,way,last_update,17-2-2020,Feature has not been updated in 5 years or more
773641938,way,last_update,17-2-2020,Feature has not been updated in 5 years or more
773641949,way,last_update,17-2-2020,Feature has not been updated in 5 years or more
773643202,way,last_update,17-2-2020,Feature has not been updated in 5 years or more
773793836,way,last_update,18-2-2020,Feature has not been updated in 5 years or more
773822257,way,last_update,18-2-2020,Feature has not been updated in 5 years or more
773829958,way,last_update,18-2-2020,Feature has not been updated in 5 years or more
773829959,way,last_update,18-2-2020,Feature has not been updated in 5 years or more
773829960,way,last_update,18-2-2020,Feature has not been updated in 5 years or more
773829961,way,last_update,18-2-2020,Feature has not been updated in 5 years or more
773829962,way,last_update,18-2-2020,Feature has not been updated in 5 years or more
773833606,way,last_update,18-2-2020,Feature has not been updated in 5 years or more
773833607,way,last_update,18-2-2020,Feature has not been updated in 5 years or more
773833608,way,last_update,18-2-2020,Feature has not been updated in 5 years or more
773833609,way,last_update,18-2-2020,Feature has not been updated in 5 years or more
773833610,way,last_update,18-2-2020,Feature has not been updated in 5 years or more
773833611,way,last_update,18-2-2020,Feature has not been updated in 5 years or more
773840425,way,last_update,18-2-2020,Feature has not been updated in 5 years or more
773840427,way,last_update,18-2-2020,Feature has not been updated in 5 years or more
773840428,way,last_update,18-2-2020,Feature has not been updated in 5 years or more
773840429,way,last_update,18-2-2020,Feature has not been updated in 5 years or more
773840437,way,last_update,18-2-2020,Feature has not been updated in 5 years or more
773848213,way,last_update,18-2-2020,Feature has not been updated in 5 years or more
773856122,way,last_update,5-4-2020,Feature has not been updated in 5 years or more
773856123,way,last_update,9-4-2020,Feature has not been updated in 5 years or more
773856125,way,last_update,18-2-2020,Feature has not been updated in 5 years or more
773856127,way,last_update,18-2-2020,Feature has not been updated in 5 years or more
773856128,way,last_update,18-2-2020,Feature has not been updated in 5 years or more
774750659,way,last_update,25-5-2020,Feature has not been updated in 5 years or more
774854293,way,last_update,7-6-2020,Feature has not been updated in 5 years or more
774854294,way,last_update,19-2-2020,Feature has not been updated in 5 years or more
774855540,way,last_update,19-2-2020,Feature has not been updated in 5 years or more
774855541,way,last_update,19-2-2020,Feature has not been updated in 5 years or more
774859013,way,last_update,16-5-2020,Feature has not been updated in 5 years or more
774859014,way,last_update,19-2-2020,Feature has not been updated in 5 years or more
775109461,way,last_update,20-2-2020,Feature has not been updated in 5 years or more
775109462,way,last_update,20-2-2020,Feature has not been updated in 5 years or more
775109463,way,last_update,20-2-2020,Feature has not been updated in 5 years or more
775109464,way,last_update,20-2-2020,Feature has not been updated in 5 years or more
775109465,way,last_update,20-4-2020,Feature has not been updated in 5 years or more
775109466,way,last_update,20-2-2020,Feature has not been updated in 5 years or more
775109467,way,last_update,20-2-2020,Feature has not been updated in 5 years or more
775109468,way,last_update,20-2-2020,Feature has not been updated in 5 years or more
775109469,way,last_update,20-2-2020,Feature has not been updated in 5 years or more
775109470,way,last_update,20-2-2020,Feature has not been updated in 5 years or more
775109471,way,last_update,20-2-2020,Feature has not been updated in 5 years or more
775109472,way,last_update,20-2-2020,Feature has not been updated in 5 years or more
775109473,way,last_update,20-2-2020,Feature has not been updated in 5 years or more
775109474,way,last_update,20-2-2020,Feature has not been updated in 5 years or more
775109475,way,last_update,20-2-2020,Feature has not been updated in 5 years or more
775109476,way,last_update,20-2-2020,Feature has not been updated in 5 years or more
775109477,way,last_update,20-2-2020,Feature has not been updated in 5 years or more
775390107,way,last_update,30-4-2020,Feature has not been updated in 5 years or more
775390108,way,last_update,21-2-2020,Feature has not been updated in 5 years or more
775390109,way,last_update,21-2-2020,Feature has not been updated in 5 years or more
775993102,way,last_update,24-2-2020,Feature has not been updated in 5 years or more
775993103,way,last_update,24-2-2020,Feature has not been updated in 5 years or more
775993105,way,last_update,24-2-2020,Feature has not been updated in 5 years or more
775993106,way,last_update,24-2-2020,Feature has not been updated in 5 years or more
776031146,way,last_update,24-2-2020,Feature has not been updated in 5 years or more
776031147,way,last_update,24-2-2020,Feature has not been updated in 5 years or more
776046017,way,last_update,24-2-2020,Feature has not been updated in 5 years or more
776046026,way,last_update,24-2-2020,Feature has not been updated in 5 years or more
776046027,way,last_update,24-2-2020,Feature has not been updated in 5 years or more
776046028,way,last_update,24-2-2020,Feature has not been updated in 5 years or more
776598174,way,last_update,26-2-2020,Feature has not been updated in 5 years or more
776598175,way,last_update,26-2-2020,Feature has not been updated in 5 years or more
776616763,way,last_update,26-2-2020,Feature has not been updated in 5 years or more
776616769,way,last_update,26-2-2020,Feature has not been updated in 5 years or more
776616770,way,last_update,26-2-2020,Feature has not been updated in 5 years or more
776616771,way,last_update,26-2-2020,Feature has not been updated in 5 years or more
776616781,way,last_update,26-2-2020,Feature has not been updated in 5 years or more
776616786,way,last_update,26-2-2020,Feature has not been updated in 5 years or more
776616787,way,last_update,26-2-2020,Feature has not been updated in 5 years or more
776783315,way,last_update,27-2-2020,Feature has not been updated in 5 years or more
776783316,way,last_update,27-2-2020,Feature has not been updated in 5 years or more
777348753,way,last_update,29-2-2020,Feature has not been updated in 5 years or more
777348754,way,last_update,29-2-2020,Feature has not been updated in 5 years or more
777348755,way,last_update,29-2-2020,Feature has not been updated in 5 years or more
777348756,way,last_update,29-2-2020,Feature has not been updated in 5 years or more
777348758,way,last_update,29-2-2020,Feature has not been updated in 5 years or more
777804035,way,last_update,16-5-2020,Feature has not been updated in 5 years or more
778074381,way,last_update,3-3-2020,Feature has not been updated in 5 years or more
778548331,way,last_update,5-3-2020,Feature has not been updated in 5 years or more
778579729,way,last_update,5-3-2020,Feature has not been updated in 5 years or more
779380717,way,last_update,8-3-2020,Feature has not been updated in 5 years or more
779380718,way,last_update,8-3-2020,Feature has not been updated in 5 years or more
779380719,way,last_update,8-3-2020,Feature has not been updated in 5 years or more
779440154,way,last_update,9-3-2020,Feature has not been updated in 5 years or more
779440162,way,last_update,9-3-2020,Feature has not been updated in 5 years or more
779440168,way,last_update,9-3-2020,Feature has not been updated in 5 years or more
779440173,way,last_update,9-3-2020,Feature has not been updated in 5 years or more
779440177,way,last_update,9-3-2020,Feature has not been updated in 5 years or more
781038995,way,last_update,13-3-2020,Feature has not been updated in 5 years or more
781038997,way,last_update,13-3-2020,Feature has not been updated in 5 years or more
781071654,way,last_update,13-3-2020,Feature has not been updated in 5 years or more
781071655,way,last_update,13-3-2020,Feature has not been updated in 5 years or more
781071656,way,last_update,13-3-2020,Feature has not been updated in 5 years or more
781071657,way,last_update,13-3-2020,Feature has not been updated in 5 years or more
781071658,way,last_update,13-3-2020,Feature has not been updated in 5 years or more
781071659,way,last_update,13-3-2020,Feature has not been updated in 5 years or more
781071660,way,last_update,13-3-2020,Feature has not been updated in 5 years or more
781071661,way,last_update,13-3-2020,Feature has not been updated in 5 years or more
781071662,way,last_update,13-3-2020,Feature has not been updated in 5 years or more
781071663,way,last_update,13-3-2020,Feature has not been updated in 5 years or more
781071667,way,last_update,13-3-2020,Feature has not been updated in 5 years or more
781084114,way,last_update,13-3-2020,Feature has not been updated in 5 years or more
785181635,way,last_update,27-3-2020,Feature has not been updated in 5 years or more
785181636,way,last_update,27-3-2020,Feature has not been updated in 5 years or more
785190154,way,last_update,27-3-2020,Feature has not been updated in 5 years or more
785198374,way,last_update,27-3-2020,Feature has not been updated in 5 years or more
785198375,way,last_update,27-3-2020,Feature has not been updated in 5 years or more
785198376,way,last_update,27-3-2020,Feature has not been updated in 5 years or more
785970062,way,last_update,30-3-2020,Feature has not been updated in 5 years or more
786908599,way,last_update,5-4-2020,Feature has not been updated in 5 years or more
786908600,way,last_update,1-4-2020,Feature has not been updated in 5 years or more
786952858,way,last_update,1-4-2020,Feature has not been updated in 5 years or more
786952861,way,last_update,1-4-2020,Feature has not been updated in 5 years or more
786952862,way,last_update,1-4-2020,Feature has not been updated in 5 years or more
786952863,way,last_update,1-4-2020,Feature has not been updated in 5 years or more
786952864,way,last_update,1-4-2020,Feature has not been updated in 5 years or more
786952867,way,last_update,1-4-2020,Feature has not been updated in 5 years or more
786952879,way,last_update,1-4-2020,Feature has not been updated in 5 years or more
788290860,way,last_update,5-4-2020,Feature has not been updated in 5 years or more
788290861,way,last_update,5-4-2020,Feature has not been updated in 5 years or more
788290863,way,last_update,5-4-2020,Feature has not been updated in 5 years or more
788290871,way,last_update,5-4-2020,Feature has not been updated in 5 years or more
788314118,way,last_update,6-4-2020,Feature has not been updated in 5 years or more
788641363,way,last_update,6-4-2020,Feature has not been updated in 5 years or more
790018760,way,last_update,9-4-2020,Feature has not been updated in 5 years or more
790018765,way,last_update,9-4-2020,Feature has not been updated in 5 years or more
790034538,way,last_update,9-4-2020,Feature has not been updated in 5 years or more
790034542,way,last_update,9-4-2020,Feature has not been updated in 5 years or more
790034543,way,last_update,9-4-2020,Feature has not been updated in 5 years or more
790194459,way,last_update,9-4-2020,Feature has not been updated in 5 years or more
790194460,way,last_update,9-4-2020,Feature has not been updated in 5 years or more
790194461,way,last_update,9-4-2020,Feature has not been updated in 5 years or more
790194467,way,last_update,9-4-2020,Feature has not been updated in 5 years or more
790194469,way,last_update,9-4-2020,Feature has not been updated in 5 years or more
790234919,way,last_update,10-4-2020,Feature has not been updated in 5 years or more
790234920,way,last_update,10-4-2020,Feature has not been updated in 5 years or more
790234921,way,last_update,10-4-2020,Feature has not been updated in 5 years or more
790234924,way,last_update,10-4-2020,Feature has not been updated in 5 years or more
790234927,way,last_update,10-4-2020,Feature has not been updated in 5 years or more
790234928,way,last_update,10-4-2020,Feature has not been updated in 5 years or more
790234954,way,last_update,10-4-2020,Feature has not been updated in 5 years or more
790234955,way,last_update,10-4-2020,Feature has not been updated in 5 years or more
790234956,way,last_update,10-4-2020,Feature has not been updated in 5 years or more
790234957,way,last_update,10-4-2020,Feature has not been updated in 5 years or more
790234962,way,last_update,10-4-2020,Feature has not been updated in 5 years or more
790234965,way,last_update,10-4-2020,Feature has not been updated in 5 years or more
790234970,way,last_update,10-4-2020,Feature has not been updated in 5 years or more
790438920,way,last_update,10-4-2020,Feature has not been updated in 5 years or more
790438921,way,last_update,10-4-2020,Feature has not been updated in 5 years or more
790438922,way,last_update,10-4-2020,Feature has not been updated in 5 years or more
790438942,way,last_update,10-4-2020,Feature has not been updated in 5 years or more
790438943,way,last_update,10-4-2020,Feature has not been updated in 5 years or more
790438968,way,last_update,10-4-2020,Feature has not been updated in 5 years or more
790438970,way,last_update,10-4-2020,Feature has not been updated in 5 years or more
790438972,way,last_update,10-4-2020,Feature has not been updated in 5 years or more
790438973,way,last_update,10-4-2020,Feature has not been updated in 5 years or more
790438981,way,last_update,10-4-2020,Feature has not been updated in 5 years or more
790438983,way,last_update,10-4-2020,Feature has not been updated in 5 years or more
790438984,way,last_update,10-4-2020,Feature has not been updated in 5 years or more
790438993,way,last_update,10-4-2020,Feature has not been updated in 5 years or more
793334206,way,last_update,19-4-2020,Feature has not been updated in 5 years or more
793334208,way,last_update,19-4-2020,Feature has not been updated in 5 years or more
793334209,way,last_update,19-4-2020,Feature has not been updated in 5 years or more
793334210,way,last_update,19-4-2020,Feature has not been updated in 5 years or more
793334211,way,last_update,19-4-2020,Feature has not been updated in 5 years or more
793334212,way,last_update,19-4-2020,Feature has not been updated in 5 years or more
793334213,way,last_update,19-4-2020,Feature has not been updated in 5 years or more
793334214,way,last_update,19-4-2020,Feature has not been updated in 5 years or more
793334215,way,last_update,19-4-2020,Feature has not been updated in 5 years or more
793334216,way,last_update,19-4-2020,Feature has not been updated in 5 years or more
793334217,way,last_update,19-4-2020,Feature has not been updated in 5 years or more
793334219,way,last_update,19-4-2020,Feature has not been updated in 5 years or more
793334220,way,last_update,19-4-2020,Feature has not been updated in 5 years or more
793334223,way,last_update,19-4-2020,Feature has not been updated in 5 years or more
793334225,way,last_update,19-4-2020,Feature has not been updated in 5 years or more
793334226,way,last_update,9-5-2020,Feature has not been updated in 5 years or more
793334227,way,last_update,19-4-2020,Feature has not been updated in 5 years or more
793334228,way,last_update,19-4-2020,Feature has not been updated in 5 years or more
793334229,way,last_update,19-4-2020,Feature has not been updated in 5 years or more
793334230,way,last_update,19-4-2020,Feature has not been updated in 5 years or more
793334234,way,last_update,19-4-2020,Feature has not been updated in 5 years or more
793729497,way,last_update,20-4-2020,Feature has not been updated in 5 years or more
793729498,way,last_update,20-4-2020,Feature has not been updated in 5 years or more
793729499,way,last_update,20-4-2020,Feature has not been updated in 5 years or more
793729500,way,last_update,20-4-2020,Feature has not been updated in 5 years or more
793729512,way,last_update,20-4-2020,Feature has not been updated in 5 years or more
793729514,way,last_update,9-5-2020,Feature has not been updated in 5 years or more
793729516,way,last_update,20-4-2020,Feature has not been updated in 5 years or more
793729517,way,last_update,20-4-2020,Feature has not been updated in 5 years or more
793729519,way,last_update,20-4-2020,Feature has not been updated in 5 years or more
793729520,way,last_update,20-4-2020,Feature has not been updated in 5 years or more
793729521,way,last_update,20-4-2020,Feature has not been updated in 5 years or more
793729522,way,last_update,20-4-2020,Feature has not been updated in 5 years or more
793729523,way,last_update,20-4-2020,Feature has not been updated in 5 years or more
793729524,way,last_update,20-4-2020,Feature has not been updated in 5 years or more
793729525,way,last_update,20-4-2020,Feature has not been updated in 5 years or more
793729526,way,last_update,20-4-2020,Feature has not been updated in 5 years or more
793746081,way,last_update,20-4-2020,Feature has not been updated in 5 years or more
793746082,way,last_update,20-4-2020,Feature has not been updated in 5 years or more
793746083,way,last_update,20-4-2020,Feature has not been updated in 5 years or more
793746084,way,last_update,20-4-2020,Feature has not been updated in 5 years or more
793746085,way,last_update,20-4-2020,Feature has not been updated in 5 years or more
795380031,way,last_update,23-4-2020,Feature has not been updated in 5 years or more
795380032,way,last_update,23-4-2020,Feature has not been updated in 5 years or more
795380039,way,last_update,23-4-2020,Feature has not been updated in 5 years or more
795380041,way,last_update,23-4-2020,Feature has not been updated in 5 years or more
795399563,way,last_update,23-4-2020,Feature has not been updated in 5 years or more
796560999,way,last_update,26-4-2020,Feature has not been updated in 5 years or more
796561003,way,last_update,26-4-2020,Feature has not been updated in 5 years or more
796561008,way,last_update,26-4-2020,Feature has not been updated in 5 years or more
796561011,way,last_update,26-4-2020,Feature has not been updated in 5 years or more
796561017,way,last_update,26-4-2020,Feature has not been updated in 5 years or more
796561019,way,last_update,26-4-2020,Feature has not been updated in 5 years or more
796561020,way,last_update,26-4-2020,Feature has not been updated in 5 years or more
796561021,way,last_update,26-4-2020,Feature has not been updated in 5 years or more
796561022,way,last_update,26-4-2020,Feature has not been updated in 5 years or more
796561023,way,last_update,26-4-2020,Feature has not been updated in 5 years or more
796561024,way,last_update,26-4-2020,Feature has not been updated in 5 years or more
796561025,way,last_update,26-4-2020,Feature has not been updated in 5 years or more
796561026,way,last_update,26-4-2020,Feature has not been updated in 5 years or more
796561028,way,last_update,26-4-2020,Feature has not been updated in 5 years or more
796594183,way,last_update,26-4-2020,Feature has not been updated in 5 years or more
796594184,way,last_update,26-4-2020,Feature has not been updated in 5 years or more
796594185,way,last_update,26-4-2020,Feature has not been updated in 5 years or more
796594186,way,last_update,26-4-2020,Feature has not been updated in 5 years or more
796594187,way,last_update,26-4-2020,Feature has not been updated in 5 years or more
796594188,way,last_update,26-4-2020,Feature has not been updated in 5 years or more
796594189,way,last_update,26-4-2020,Feature has not been updated in 5 years or more
796594207,way,last_update,28-4-2020,Feature has not been updated in 5 years or more
796594231,way,last_update,26-4-2020,Feature has not been updated in 5 years or more
796600261,way,last_update,26-4-2020,Feature has not been updated in 5 years or more
796600264,way,last_update,26-4-2020,Feature has not been updated in 5 years or more
798536799,way,last_update,30-4-2020,Feature has not been updated in 5 years or more
798536800,way,last_update,30-4-2020,Feature has not been updated in 5 years or more
798536804,way,last_update,30-4-2020,Feature has not been updated in 5 years or more
798536807,way,last_update,30-4-2020,Feature has not been updated in 5 years or more
798536808,way,last_update,30-4-2020,Feature has not been updated in 5 years or more
798536814,way,last_update,30-4-2020,Feature has not been updated in 5 years or more
798536818,way,last_update,30-4-2020,Feature has not been updated in 5 years or more
798536819,way,last_update,30-4-2020,Feature has not been updated in 5 years or more
798536822,way,last_update,30-4-2020,Feature has not been updated in 5 years or more
798536823,way,last_update,30-4-2020,Feature has not been updated in 5 years or more
798540731,way,last_update,30-4-2020,Feature has not been updated in 5 years or more
798543622,way,last_update,30-4-2020,Feature has not been updated in 5 years or more
798548900,way,last_update,1-5-2020,Feature has not been updated in 5 years or more
799811824,way,last_update,4-5-2020,Feature has not been updated in 5 years or more
799811825,way,last_update,4-5-2020,Feature has not been updated in 5 years or more
799811826,way,last_update,4-5-2020,Feature has not been updated in 5 years or more
799811839,way,last_update,4-5-2020,Feature has not been updated in 5 years or more
801887773,way,last_update,9-5-2020,Feature has not been updated in 5 years or more
801887774,way,last_update,9-5-2020,Feature has not been updated in 5 years or more
801887776,way,last_update,9-5-2020,Feature has not been updated in 5 years or more
801887777,way,last_update,9-5-2020,Feature has not been updated in 5 years or more
801887778,way,last_update,9-5-2020,Feature has not been updated in 5 years or more
801887780,way,last_update,25-7-2020,Feature has not been updated in 5 years or more
801887781,way,last_update,9-5-2020,Feature has not been updated in 5 years or more
801887786,way,last_update,9-5-2020,Feature has not been updated in 5 years or more
801887787,way,last_update,9-5-2020,Feature has not been updated in 5 years or more
801887789,way,last_update,9-5-2020,Feature has not been updated in 5 years or more
801887790,way,last_update,9-5-2020,Feature has not been updated in 5 years or more
801887791,way,last_update,9-5-2020,Feature has not been updated in 5 years or more
801887792,way,last_update,9-5-2020,Feature has not been updated in 5 years or more
801887793,way,last_update,9-5-2020,Feature has not been updated in 5 years or more
801887794,way,last_update,9-5-2020,Feature has not been updated in 5 years or more
801898320,way,last_update,9-5-2020,Feature has not been updated in 5 years or more
801898321,way,last_update,9-5-2020,Feature has not been updated in 5 years or more
801898322,way,last_update,9-5-2020,Feature has not been updated in 5 years or more
801898323,way,last_update,9-5-2020,Feature has not been updated in 5 years or more
801898324,way,last_update,9-5-2020,Feature has not been updated in 5 years or more
801898325,way,last_update,9-5-2020,Feature has not been updated in 5 years or more
801898326,way,last_update,9-5-2020,Feature has not been updated in 5 years or more
801898327,way,last_update,9-5-2020,Feature has not been updated in 5 years or more
801898328,way,last_update,9-5-2020,Feature has not been updated in 5 years or more
801898329,way,last_update,9-5-2020,Feature has not been updated in 5 years or more
801898330,way,last_update,9-5-2020,Feature has not been updated in 5 years or more
801898331,way,last_update,9-5-2020,Feature has not been updated in 5 years or more
801898332,way,last_update,9-5-2020,Feature has not been updated in 5 years or more
801898333,way,last_update,9-5-2020,Feature has not been updated in 5 years or more
801898334,way,last_update,9-5-2020,Feature has not been updated in 5 years or more
801898335,way,last_update,9-5-2020,Feature has not been updated in 5 years or more
801898336,way,last_update,9-5-2020,Feature has not been updated in 5 years or more
801910671,way,last_update,25-5-2020,Feature has not been updated in 5 years or more
801910672,way,last_update,9-5-2020,Feature has not been updated in 5 years or more
802049267,way,last_update,9-5-2020,Feature has not been updated in 5 years or more
802049268,way,last_update,9-5-2020,Feature has not been updated in 5 years or more
802049269,way,last_update,9-5-2020,Feature has not been updated in 5 years or more
802057240,way,last_update,10-5-2020,Feature has not been updated in 5 years or more
802057244,way,last_update,10-5-2020,Feature has not been updated in 5 years or more
802057262,way,last_update,10-5-2020,Feature has not been updated in 5 years or more
802057263,way,last_update,10-5-2020,Feature has not been updated in 5 years or more
802057264,way,last_update,10-5-2020,Feature has not been updated in 5 years or more
802057265,way,last_update,10-5-2020,Feature has not been updated in 5 years or more
802057266,way,last_update,10-5-2020,Feature has not been updated in 5 years or more
802538227,way,last_update,11-5-2020,Feature has not been updated in 5 years or more
802538231,way,last_update,11-5-2020,Feature has not been updated in 5 years or more
802538232,way,last_update,11-5-2020,Feature has not been updated in 5 years or more
802538241,way,last_update,11-5-2020,Feature has not been updated in 5 years or more
804744847,way,last_update,16-5-2020,Feature has not been updated in 5 years or more
804744848,way,last_update,16-5-2020,Feature has not been updated in 5 years or more
804744850,way,last_update,16-5-2020,Feature has not been updated in 5 years or more
804744852,way,last_update,16-5-2020,Feature has not been updated in 5 years or more
804744853,way,last_update,16-5-2020,Feature has not been updated in 5 years or more
804744854,way,last_update,16-5-2020,Feature has not been updated in 5 years or more
804744855,way,last_update,16-5-2020,Feature has not been updated in 5 years or more
804744856,way,last_update,16-5-2020,Feature has not been updated in 5 years or more
804744857,way,last_update,16-5-2020,Feature has not been updated in 5 years or more
804744858,way,last_update,16-5-2020,Feature has not been updated in 5 years or more
804744860,way,last_update,16-5-2020,Feature has not been updated in 5 years or more
804744861,way,last_update,16-5-2020,Feature has not been updated in 5 years or more
804744862,way,last_update,16-5-2020,Feature has not been updated in 5 years or more
804744863,way,last_update,16-5-2020,Feature has not been updated in 5 years or more
804744864,way,last_update,16-5-2020,Feature has not been updated in 5 years or more
804744866,way,last_update,16-5-2020,Feature has not been updated in 5 years or more
804744867,way,last_update,16-5-2020,Feature has not been updated in 5 years or more
804744868,way,last_update,16-5-2020,Feature has not been updated in 5 years or more
804744869,way,last_update,16-5-2020,Feature has not been updated in 5 years or more
804744870,way,last_update,16-5-2020,Feature has not been updated in 5 years or more
804744871,way,last_update,16-5-2020,Feature has not been updated in 5 years or more
804744872,way,last_update,16-5-2020,Feature has not been updated in 5 years or more
804744873,way,last_update,16-5-2020,Feature has not been updated in 5 years or more
804744876,way,last_update,16-5-2020,Feature has not been updated in 5 years or more
804744877,way,last_update,16-5-2020,Feature has not been updated in 5 years or more
804761454,way,last_update,16-5-2020,Feature has not been updated in 5 years or more
804761455,way,last_update,16-5-2020,Feature has not been updated in 5 years or more
804761456,way,last_update,16-5-2020,Feature has not been updated in 5 years or more
804777692,way,last_update,16-5-2020,Feature has not been updated in 5 years or more
804778700,way,last_update,16-5-2020,Feature has not been updated in 5 years or more
804789636,way,last_update,17-5-2020,Feature has not been updated in 5 years or more
804789637,way,last_update,17-5-2020,Feature has not been updated in 5 years or more
804789638,way,last_update,17-5-2020,Feature has not been updated in 5 years or more
804789639,way,last_update,17-5-2020,Feature has not been updated in 5 years or more
804789643,way,last_update,17-5-2020,Feature has not been updated in 5 years or more
804789647,way,last_update,17-5-2020,Feature has not been updated in 5 years or more
804789657,way,last_update,17-5-2020,Feature has not been updated in 5 years or more
804789658,way,last_update,17-5-2020,Feature has not been updated in 5 years or more
804789664,way,last_update,17-5-2020,Feature has not been updated in 5 years or more
804885557,way,last_update,17-5-2020,Feature has not been updated in 5 years or more
804885558,way,last_update,17-5-2020,Feature has not been updated in 5 years or more
804885559,way,last_update,17-5-2020,Feature has not been updated in 5 years or more
804885560,way,last_update,17-5-2020,Feature has not been updated in 5 years or more
804885562,way,last_update,17-5-2020,Feature has not been updated in 5 years or more
804885565,way,last_update,17-5-2020,Feature has not been updated in 5 years or more
804885566,way,last_update,17-5-2020,Feature has not been updated in 5 years or more
804885568,way,last_update,17-5-2020,Feature has not been updated in 5 years or more
804885572,way,last_update,17-5-2020,Feature has not been updated in 5 years or more
808189910,way,last_update,25-5-2020,Feature has not been updated in 5 years or more
808189911,way,last_update,25-5-2020,Feature has not been updated in 5 years or more
808189912,way,last_update,25-5-2020,Feature has not been updated in 5 years or more
808189913,way,last_update,25-5-2020,Feature has not been updated in 5 years or more
808189922,way,last_update,25-5-2020,Feature has not been updated in 5 years or more
808189923,way,last_update,25-5-2020,Feature has not been updated in 5 years or more
808189924,way,last_update,25-5-2020,Feature has not been updated in 5 years or more
808196084,way,last_update,25-5-2020,Feature has not been updated in 5 years or more
808196086,way,last_update,25-5-2020,Feature has not been updated in 5 years or more
808196089,way,last_update,25-5-2020,Feature has not been updated in 5 years or more
808196092,way,last_update,25-5-2020,Feature has not been updated in 5 years or more
808551421,way,last_update,26-5-2020,Feature has not been updated in 5 years or more
808551422,way,last_update,26-5-2020,Feature has not been updated in 5 years or more
808551423,way,last_update,26-5-2020,Feature has not been updated in 5 years or more
808551424,way,last_update,26-5-2020,Feature has not been updated in 5 years or more
808551425,way,last_update,26-5-2020,Feature has not been updated in 5 years or more
808592720,way,last_update,26-5-2020,Feature has not been updated in 5 years or more
808889733,way,last_update,27-5-2020,Feature has not been updated in 5 years or more
809301204,way,last_update,28-5-2020,Feature has not been updated in 5 years or more
810057862,way,last_update,30-5-2020,Feature has not been updated in 5 years or more
810057865,way,last_update,30-5-2020,Feature has not been updated in 5 years or more
810057866,way,last_update,30-5-2020,Feature has not been updated in 5 years or more
810057867,way,last_update,30-5-2020,Feature has not been updated in 5 years or more
810057868,way,last_update,30-5-2020,Feature has not been updated in 5 years or more
810057870,way,last_update,30-5-2020,Feature has not been updated in 5 years or more
810057871,way,last_update,30-5-2020,Feature has not been updated in 5 years or more
810057873,way,last_update,30-5-2020,Feature has not been updated in 5 years or more
810057874,way,last_update,30-5-2020,Feature has not been updated in 5 years or more
810057875,way,last_update,30-5-2020,Feature has not been updated in 5 years or more
813690283,way,last_update,7-6-2020,Feature has not been updated in 5 years or more
813690284,way,last_update,7-6-2020,Feature has not been updated in 5 years or more
813690285,way,last_update,7-6-2020,Feature has not been updated in 5 years or more
816740452,way,last_update,17-6-2020,Feature has not been updated in 5 years or more
816740453,way,last_update,17-6-2020,Feature has not been updated in 5 years or more
816740454,way,last_update,17-6-2020,Feature has not been updated in 5 years or more
816740460,way,last_update,23-8-2020,Feature has not been updated in 5 years or more
816740465,way,last_update,23-8-2020,Feature has not been updated in 5 years or more
816744734,way,last_update,17-6-2020,Feature has not been updated in 5 years or more
820190305,way,last_update,27-6-2020,Feature has not been updated in 5 years or more
820190306,way,last_update,27-6-2020,Feature has not been updated in 5 years or more
820190307,way,last_update,27-6-2020,Feature has not been updated in 5 years or more
825235720,way,last_update,11-7-2020,Feature has not been updated in 5 years or more
830045030,way,last_update,25-7-2020,Feature has not been updated in 5 years or more
830045031,way,last_update,25-7-2020,Feature has not been updated in 5 years or more
839311410,way,last_update,21-8-2020,Feature has not been updated in 5 years or more
839311411,way,last_update,21-8-2020,Feature has not been updated in 5 years or more
839311412,way,last_update,21-8-2020,Feature has not been updated in 5 years or more
839311414,way,last_update,21-8-2020,Feature has not been updated in 5 years or more
839311415,way,last_update,21-8-2020,Feature has not been updated in 5 years or more
839317943,way,last_update,21-8-2020,Feature has not been updated in 5 years or more
839317944,way,last_update,21-8-2020,Feature has not been updated in 5 years or more
839317945,way,last_update,21-8-2020,Feature has not been updated in 5 years or more
839317946,way,last_update,21-8-2020,Feature has not been updated in 5 years or more
839317950,way,last_update,21-8-2020,Feature has not been updated in 5 years or more
839317952,way,last_update,21-8-2020,Feature has not been updated in 5 years or more
839317953,way,last_update,21-8-2020,Feature has not been updated in 5 years or more
839317954,way,last_update,21-8-2020,Feature has not been updated in 5 years or more
839795109,way,last_update,23-8-2020,Feature has not been updated in 5 years or more
839795110,way,last_update,23-8-2020,Feature has not been updated in 5 years or more
839795112,way,last_update,23-8-2020,Feature has not been updated in 5 years or more
839795113,way,last_update,23-8-2020,Feature has not been updated in 5 years or more
839795116,way,last_update,23-8-2020,Feature has not been updated in 5 years or more
839795118,way,last_update,23-8-2020,Feature has not been updated in 5 years or more
839795119,way,last_update,23-8-2020,Feature has not been updated in 5 years or more
839795120,way,last_update,23-8-2020,Feature has not been updated in 5 years or more
839795126,way,last_update,23-8-2020,Feature has not been updated in 5 years or more
839795127,way,last_update,23-8-2020,Feature has not been updated in 5 years or more
839795128,way,last_update,23-8-2020,Feature has not been updated in 5 years or more
839800670,way,last_update,23-8-2020,Feature has not been updated in 5 years or more
840499996,way,last_update,25-8-2020,Feature has not been updated in 5 years or more
840499997,way,last_update,25-8-2020,Feature has not been updated in 5 years or more
840499998,way,last_update,25-8-2020,Feature has not been updated in 5 years or more
841649531,way,last_update,28-8-2020,Feature has not been updated in 5 years or more
844629101,way,last_update,5-9-2020,Feature has not been updated in 5 years or more
844629103,way,last_update,5-9-2020,Feature has not been updated in 5 years or more
844629104,way,last_update,5-9-2020,Feature has not been updated in 5 years or more
844629105,way,last_update,5-9-2020,Feature has not been updated in 5 years or more
844634803,way,last_update,5-9-2020,Feature has not been updated in 5 years or more
844634805,way,last_update,5-9-2020,Feature has not been updated in 5 years or more
844634806,way,last_update,5-9-2020,Feature has not been updated in 5 years or more
844640101,way,last_update,5-9-2020,Feature has not been updated in 5 years or more
844640102,way,last_update,5-9-2020,Feature has not been updated in 5 years or more
844640103,way,last_update,5-9-2020,Feature has not been updated in 5 years or more
844640104,way,last_update,5-9-2020,Feature has not been updated in 5 years or more
844640105,way,last_update,5-9-2020,Feature has not been updated in 5 years or more
848861429,way,last_update,19-9-2020,Feature has not been updated in 5 years or more
848861430,way,last_update,19-9-2020,Feature has not been updated in 5 years or more
848861431,way,last_update,18-9-2020,Feature has not been updated in 5 years or more
848861432,way,last_update,18-9-2020,Feature has not been updated in 5 years or more
848878254,way,last_update,18-9-2020,Feature has not been updated in 5 years or more
848878255,way,last_update,18-9-2020,Feature has not been updated in 5 years or more
848878256,way,last_update,18-9-2020,Feature has not been updated in 5 years or more
848878268,way,last_update,18-9-2020,Feature has not been updated in 5 years or more
848878269,way,last_update,18-9-2020,Feature has not been updated in 5 years or more
848878270,way,last_update,18-9-2020,Feature has not been updated in 5 years or more
848878271,way,last_update,18-9-2020,Feature has not been updated in 5 years or more
848878275,way,last_update,18-9-2020,Feature has not been updated in 5 years or more
848878276,way,last_update,18-9-2020,Feature has not been updated in 5 years or more
848878279,way,last_update,18-9-2020,Feature has not been updated in 5 years or more
848878281,way,last_update,18-9-2020,Feature has not been updated in 5 years or more
849058073,way,last_update,19-9-2020,Feature has not been updated in 5 years or more
849058074,way,last_update,19-9-2020,Feature has not been updated in 5 years or more
849058075,way,last_update,19-9-2020,Feature has not been updated in 5 years or more
849058076,way,last_update,19-9-2020,Feature has not been updated in 5 years or more
849058082,way,last_update,19-9-2020,Feature has not been updated in 5 years or more
849058093,way,last_update,19-9-2020,Feature has not been updated in 5 years or more
849058102,way,last_update,19-9-2020,Feature has not been updated in 5 years or more
849058104,way,last_update,19-9-2020,Feature has not been updated in 5 years or more
849058108,way,last_update,19-9-2020,Feature has not been updated in 5 years or more
849058110,way,last_update,19-9-2020,Feature has not been updated in 5 years or more
849058114,way,last_update,19-9-2020,Feature has not been updated in 5 years or more
849058115,way,last_update,19-9-2020,Feature has not been updated in 5 years or more
849058118,way,last_update,19-9-2020,Feature has not been updated in 5 years or more
849063665,way,last_update,19-9-2020,Feature has not been updated in 5 years or more
849063678,way,last_update,19-9-2020,Feature has not been updated in 5 years or more
849063681,way,last_update,19-9-2020,Feature has not been updated in 5 years or more
849063682,way,last_update,19-9-2020,Feature has not been updated in 5 years or more
849063684,way,last_update,19-9-2020,Feature has not been updated in 5 years or more
849063686,way,last_update,19-9-2020,Feature has not been updated in 5 years or more
849063692,way,last_update,19-9-2020,Feature has not been updated in 5 years or more
849161684,way,last_update,19-9-2020,Feature has not been updated in 5 years or more
849161689,way,last_update,19-9-2020,Feature has not been updated in 5 years or more
849161714,way,last_update,19-9-2020,Feature has not been updated in 5 years or more
849161716,way,last_update,19-9-2020,Feature has not been updated in 5 years or more
849161721,way,last_update,19-9-2020,Feature has not been updated in 5 years or more
849161722,way,last_update,19-9-2020,Feature has not been updated in 5 years or more
873089379,way,last_update,17-11-2020,Feature has not been updated in 5 years or more
878388448,way,last_update,27-11-2020,Feature has not been updated in 5 years or more
878388449,way,last_update,27-11-2020,Feature has not been updated in 5 years or more
878388450,way,last_update,27-11-2020,Feature has not been updated in 5 years or more
878388451,way,last_update,27-11-2020,Feature has not been updated in 5 years or more
878388453,way,last_update,27-11-2020,Feature has not been updated in 5 years or more
878388454,way,last_update,27-11-2020,Feature has not been updated in 5 years or more
878404810,way,last_update,27-11-2020,Feature has not been updated in 5 years or more
878404813,way,last_update,27-11-2020,Feature has not been updated in 5 years or more
878404816,way,last_update,27-11-2020,Feature has not been updated in 5 years or more
878404820,way,last_update,27-11-2020,Feature has not been updated in 5 years or more
878404825,way,last_update,27-11-2020,Feature has not been updated in 5 years or more
878404831,way,last_update,27-11-2020,Feature has not been updated in 5 years or more
878404835,way,last_update,27-11-2020,Feature has not been updated in 5 years or more
878404836,way,last_update,27-11-2020,Feature has not been updated in 5 years or more
878404842,way,last_update,27-11-2020,Feature has not been updated in 5 years or more
878413587,way,last_update,27-11-2020,Feature has not been updated in 5 years or more
878413593,way,last_update,27-11-2020,Feature has not been updated in 5 years or more
878413594,way,last_update,27-11-2020,Feature has not been updated in 5 years or more
878413595,way,last_update,27-11-2020,Feature has not been updated in 5 years or more
878413598,way,last_update,27-11-2020,Feature has not been updated in 5 years or more
878413599,way,last_update,27-11-2020,Feature has not been updated in 5 years or more
878413600,way,last_update,27-11-2020,Feature has not been updated in 5 years or more
881224717,way,last_update,5-12-2020,Feature has not been updated in 5 years or more
889996214,way,last_update,30-12-2020,Feature has not been updated in 5 years or more
889996215,way,last_update,30-12-2020,Feature has not been updated in 5 years or more
889996216,way,last_update,30-12-2020,Feature has not been updated in 5 years or more
929365277,way,last_update,11-4-2021,Feature has not been updated in 5 years or more
929365278,way,last_update,11-4-2021,Feature has not been updated in 5 years or more
929365297,way,last_update,11-4-2021,Feature has not been updated in 5 years or more
929365298,way,last_update,11-4-2021,Feature has not been updated in 5 years or more
929365299,way,last_update,11-4-2021,Feature has not been updated in 5 years or more
929365300,way,last_update,11-4-2021,Feature has not been updated in 5 years or more
929365301,way,last_update,11-4-2021,Feature has not been updated in 5 years or more
929365302,way,last_update,11-4-2021,Feature has not been updated in 5 years or more
929365304,way,last_update,11-4-2021,Feature has not been updated in 5 years or more
929365305,way,last_update,11-4-2021,Feature has not been updated in 5 years or more
929365306,way,last_update,11-4-2021,Feature has not been updated in 5 years or more
929365307,way,last_update,11-4-2021,Feature has not been updated in 5 years or more
929365308,way,last_update,11-4-2021,Feature has not been updated in 5 years or more
929365333,way,last_update,13-4-2021,Feature has not been updated in 5 years or more
929365334,way,last_update,11-4-2021,Feature has not been updated in 5 years or more
929365335,way,last_update,11-4-2021,Feature has not been updated in 5 years or more
929365338,way,last_update,11-4-2021,Feature has not been updated in 5 years or more
929365339,way,last_update,11-4-2021,Feature has not been updated in 5 years or more
929365340,way,last_update,11-4-2021,Feature has not been updated in 5 years or more
929365352,way,last_update,11-4-2021,Feature has not been updated in 5 years or more
929365353,way,last_update,11-4-2021,Feature has not been updated in 5 years or more
929365354,way,last_update,11-4-2021,Feature has not been updated in 5 years or more
929365355,way,last_update,11-4-2021,Feature has not been updated in 5 years or more
929365356,way,last_update,11-4-2021,Feature has not been updated in 5 years or more
929365357,way,last_update,11-4-2021,Feature has not been updated in 5 years or more
929365358,way,last_update,11-4-2021,Feature has not been updated in 5 years or more
929365372,way,last_update,11-4-2021,Feature has not been updated in 5 years or more
929365374,way,last_update,11-4-2021,Feature has not been updated in 5 years or more
929365376,way,last_update,13-4-2021,Feature has not been updated in 5 years or more
929365377,way,last_update,11-4-2021,Feature has not been updated in 5 years or more
929616239,way,last_update,12-4-2021,Feature has not been updated in 5 years or more
929616241,way,last_update,12-4-2021,Feature has not been updated in 5 years or more
929616243,way,last_update,12-4-2021,Feature has not been updated in 5 years or more
929616248,way,last_update,12-4-2021,Feature has not been updated in 5 years or more
929616249,way,last_update,12-4-2021,Feature has not been updated in 5 years or more
929616254,way,last_update,12-4-2021,Feature has not been updated in 5 years or more
929616255,way,last_update,12-4-2021,Feature has not been updated in 5 years or more
929616256,way,last_update,12-4-2021,Feature has not been updated in 5 years or more
929616257,way,last_update,12-4-2021,Feature has not been updated in 5 years or more
929616264,way,last_update,12-4-2021,Feature has not been updated in 5 years or more
929616271,way,last_update,12-4-2021,Feature has not been updated in 5 years or more
929616272,way,last_update,12-4-2021,Feature has not been updated in 5 years or more
929616276,way,last_update,12-4-2021,Feature has not been updated in 5 years or more
929616277,way,last_update,12-4-2021,Feature has not been updated in 5 years or more
929616283,way,last_update,12-4-2021,Feature has not been updated in 5 years or more
929616284,way,last_update,12-4-2021,Feature has not been updated in 5 years or more
929616289,way,last_update,12-4-2021,Feature has not been updated in 5 years or more
929616290,way,last_update,12-4-2021,Feature has not been updated in 5 years or more
929616295,way,last_update,12-4-2021,Feature has not been updated in 5 years or more
929616296,way,last_update,12-4-2021,Feature has not been updated in 5 years or more
929779321,way,last_update,12-4-2021,Feature has not been updated in 5 years or more
929779345,way,last_update,12-4-2021,Feature has not been updated in 5 years or more
929779346,way,last_update,12-4-2021,Feature has not been updated in 5 years or more
929779354,way,last_update,12-4-2021,Feature has not been updated in 5 years or more
929779355,way,last_update,12-4-2021,Feature has not been updated in 5 years or more
929779358,way,last_update,12-4-2021,Feature has not been updated in 5 years or more
929779359,way,last_update,12-4-2021,Feature has not been updated in 5 years or more
929779362,way,last_update,12-4-2021,Feature has not been updated in 5 years or more
929779363,way,last_update,12-4-2021,Feature has not been updated in 5 years or more
930197344,way,last_update,13-4-2021,Feature has not been updated in 5 years or more
930197350,way,last_update,13-4-2021,Feature has not been updated in 5 years or more
930197365,way,last_update,13-4-2021,Feature has not been updated in 5 years or more
930197366,way,last_update,13-4-2021,Feature has not been updated in 5 years or more
930197370,way,last_update,13-4-2021,Feature has not been updated in 5 years or more
930197373,way,last_update,13-4-2021,Feature has not been updated in 5 years or more
930197374,way,last_update,13-4-2021,Feature has not been updated in 5 years or more
930197375,way,last_update,13-4-2021,Feature has not been updated in 5 years or more
930197377,way,last_update,13-4-2021,Feature has not been updated in 5 years or more
930197381,way,last_update,13-4-2021,Feature has not been updated in 5 years or more
930197383,way,last_update,13-4-2021,Feature has not been updated in 5 years or more
930197385,way,last_update,13-4-2021,Feature has not been updated in 5 years or more
930335445,way,last_update,13-4-2021,Feature has not been updated in 5 years or more
930335450,way,last_update,13-4-2021,Feature has not been updated in 5 years or more
930335451,way,last_update,13-4-2021,Feature has not been updated in 5 years or more
930335452,way,last_update,13-4-2021,Feature has not been updated in 5 years or more
930335453,way,last_update,13-4-2021,Feature has not been updated in 5 years or more
930335454,way,last_update,13-4-2021,Feature has not been updated in 5 years or more
930335455,way,last_update,13-4-2021,Feature has not been updated in 5 years or more
930335456,way,last_update,13-4-2021,Feature has not been updated in 5 years or more
930335457,way,last_update,13-4-2021,Feature has not been updated in 5 years or more
930335458,way,last_update,13-4-2021,Feature has not been updated in 5 years or more
930335459,way,last_update,13-4-2021,Feature has not been updated in 5 years or more
930335460,way,last_update,13-4-2021,Feature has not been updated in 5 years or more
930335461,way,last_update,13-4-2021,Feature has not been updated in 5 years or more
930335462,way,last_update,13-4-2021,Feature has not been updated in 5 years or more
930335463,way,last_update,13-4-2021,Feature has not been updated in 5 years or more
930335464,way,last_update,13-4-2021,Feature has not been updated in 5 years or more
930335465,way,last_update,13-4-2021,Feature has not been updated in 5 years or more
930335466,way,last_update,13-4-2021,Feature has not been updated in 5 years or more
930335467,way,last_update,13-4-2021,Feature has not been updated in 5 years or more
930335468,way,last_update,13-4-2021,Feature has not been updated in 5 years or more
930335469,way,last_update,13-4-2021,Feature has not been updated in 5 years or more
930335470,way,last_update,13-4-2021,Feature has not been updated in 5 years or more
930335471,way,last_update,13-4-2021,Feature has not been updated in 5 years or more
930335472,way,last_update,13-4-2021,Feature has not been updated in 5 years or more
930335473,way,last_update,13-4-2021,Feature has not been updated in 5 years or more
930335474,way,last_update,13-4-2021,Feature has not been updated in 5 years or more
930335475,way,last_update,13-4-2021,Feature has not been updated in 5 years or more
930335476,way,last_update,13-4-2021,Feature has not been updated in 5 years or more
930335477,way,last_update,13-4-2021,Feature has not been updated in 5 years or more
930335480,way,last_update,13-4-2021,Feature has not been updated in 5 years or more
930335481,way,last_update,13-4-2021,Feature has not been updated in 5 years or more
930335482,way,last_update,13-4-2021,Feature has not been updated in 5 years or more
930335483,way,last_update,13-4-2021,Feature has not been updated in 5 years or more
930335484,way,last_update,13-4-2021,Feature has not been updated in 5 years or more
930656677,way,last_update,14-4-2021,Feature has not been updated in 5 years or more
930656678,way,last_update,14-4-2021,Feature has not been updated in 5 years or more
930656679,way,last_update,14-4-2021,Feature has not been updated in 5 years or more
930656680,way,last_update,14-4-2021,Feature has not been updated in 5 years or more
930656681,way,last_update,14-4-2021,Feature has not been updated in 5 years or more
930656682,way,last_update,14-4-2021,Feature has not been updated in 5 years or more
930656683,way,last_update,14-4-2021,Feature has not been updated in 5 years or more
930656684,way,last_update,14-4-2021,Feature has not been updated in 5 years or more
930656685,way,last_update,14-4-2021,Feature has not been updated in 5 years or more
930656686,way,last_update,14-4-2021,Feature has not been updated in 5 years or more
930656687,way,last_update,14-4-2021,Feature has not been updated in 5 years or more
930656695,way,last_update,14-4-2021,Feature has not been updated in 5 years or more
930656698,way,last_update,14-4-2021,Feature has not been updated in 5 years or more
930656708,way,last_update,14-4-2021,Feature has not been updated in 5 years or more
930656709,way,last_update,14-4-2021,Feature has not been updated in 5 years or more
930656710,way,last_update,14-4-2021,Feature has not been updated in 5 years or more
930656717,way,last_update,14-4-2021,Feature has not been updated in 5 years or more
930656718,way,last_update,14-4-2021,Feature has not been updated in 5 years or more
930656719,way,last_update,14-4-2021,Feature has not been updated in 5 years or more
930656721,way,last_update,14-4-2021,Feature has not been updated in 5 years or more
971309855,way,last_update,8-8-2021,Feature has not been updated in 5 years or more
971309856,way,last_update,8-8-2021,Feature has not been updated in 5 years or more
971309857,way,last_update,8-8-2021,Feature has not been updated in 5 years or more
971309858,way,last_update,8-8-2021,Feature has not been updated in 5 years or more
971309859,way,last_update,8-8-2021,Feature has not been updated in 5 years or more
971309861,way,last_update,8-8-2021,Feature has not been updated in 5 years or more
971309866,way,last_update,8-8-2021,Feature has not been updated in 5 years or more
971309867,way,last_update,8-8-2021,Feature has not been updated in 5 years or more
971309868,way,last_update,8-8-2021,Feature has not been updated in 5 years or more
