{"type": "FeatureCollection", "features": [{"type": "Feature", "geometry": {"type": "Point", "coordinates": [132.4635155, 34.3868219]}, "properties": {"id": 124723459, "feat_type": "way", "quality_categories": "crossings_lacking_kerbs, missing_tags, older_than_five_years, replaceable_values", "issue_ids": "[0, 1, 2, 3]", "osm_url": "https://www.openstreetmap.org/way/124723459", "josm_url": "http://127.0.0.1:8111/load_object?new_layer=false&objects=w124723459", "id_url": "https://www.openstreetmap.org/edit?editor=id&way=124723459#map=20/34.3868219/132.4635155"}}, {"type": "Feature", "geometry": {"type": "Point", "coordinates": [132.4544798, 34.3859913]}, "properties": {"id": 124824592, "feat_type": "way", "quality_categories": "crossings_lacking_kerbs, missing_tags, replaceable_values", "issue_ids": "[0, 2, 3]", "osm_url": "https://www.openstreetmap.org/way/124824592", "josm_url": "http://127.0.0.1:8111/load_object?new_layer=false&objects=w124824592", "id_url": "https://www.openstreetmap.org/edit?editor=id&way=124824592#map=20/34.3859913/132.4544798"}}, {"type": "Feature", "geometry": {"type": "Point", "coordinates": [132.4545127, 34.3861812]}, "properties": {"id": 124824595, "feat_type": "way", "quality_categories": "crossings_lacking_kerbs, missing_tags, replaceable_values", "issue_ids": "[0, 2, 3]", "osm_url": "https://www.openstreetmap.org/way/124824595", "josm_url": "http://127.0.0.1:8111/load_object?new_layer=false&objects=w124824595", "id_url": "https://www.openstreetmap.org/edit?editor=id&way=124824595#map=20/34.3861812/132.4545127"}}, {"type": "Feature", "geometry": {"type": "Point", "coordinates": [132.4632915, 34.393864]}, "properties": {"id": 124862319, "feat_type": "way", "quality_categories": "replaceable_values", "issue_ids": "[0]", "osm_url": "https://www.openstreetmap.org/way/124862319", "josm_url": "http://127.0.0.1:8111/load_object?new_layer=false&objects=w124862319", "id_url": "https://www.openstreetmap.org/edit?editor=id&way=124862319#map=20/34.393864/132.4632915"}}, {"type": "Feature", "geometry": {"type": "Point", "coordinates": [132.4539313, 34.384485]}, "properties": {"id": 124950964, "feat_type": "way", "quality_categories": "crossings_lacking_kerbs, missing_tags, replaceable_values", "issue_ids": "[0, 2, 3]", "osm_url": "https://www.openstreetmap.org/way/124950964", "josm_url": "http://127.0.0.1:8111/load_object?new_layer=false&objects=w124950964", "id_url": "https://www.openstreetmap.org/edit?editor=id&way=124950964#map=20/34.384485/132.4539313"}}, {"type": "Feature", "geometry": {"type": "Point", "coordinates": [132.4540786, 34.384908]}, "properties": {"id": 124950967, "feat_type": "way", "quality_categories": "crossings_lacking_kerbs, missing_tags, replaceable_values", "issue_ids": "[0, 2, 3]", "osm_url": "https://www.openstreetmap.org/way/124950967", "josm_url": "http://127.0.0.1:8111/load_object?new_layer=false&objects=w124950967", "id_url": "https://www.openstreetmap.org/edit?editor=id&way=124950967#map=20/34.384908/132.4540786"}}, {"type": "Feature", "geometry": {"type": "Point", "coordinates": [132.4663408, 34.3808942]}, "properties": {"id": 124950977, "feat_type": "way", "quality_categories": "crossings_lacking_kerbs, missing_tags, older_than_five_years, replaceable_values", "issue_ids": "[0, 4, 2, 3]", "osm_url": "https://www.openstreetmap.org/way/124950977", "josm_url": "http://127.0.0.1:8111/load_object?new_layer=false&objects=w124950977", "id_url": "https://www.openstreetmap.org/edit?editor=id&way=124950977#map=20/34.3808942/132.4663408"}}, {"type": "Feature", "geometry": {"type": "Point", "coordinates": [132.4655323, 34.3878913]}, "properties": {"id": 125450962, "feat_type": "way", "quality_categories": "replaceable_values", "issue_ids": "[0]", "osm_url": "https://www.openstreetmap.org/way/125450962", "josm_url": "http://127.0.0.1:8111/load_object?new_layer=false&objects=w125450962", "id_url": "https://www.openstreetmap.org/edit?editor=id&way=125450962#map=20/34.3878913/132.4655323"}}, {"type": "Feature", "geometry": {"type": "Point", "coordinates": [132.4557159, 34.3896501]}, "properties": {"id": 125844794, "feat_type": "way", "quality_categories": "missing_tags, replaceable_values", "issue_ids": "[0, 2]", "osm_url": "https://www.openstreetmap.org/way/125844794", "josm_url": "http://127.0.0.1:8111/load_object?new_layer=false&objects=w125844794", "id_url": "https://www.openstreetmap.org/edit?editor=id&way=125844794#map=20/34.3896501/132.4557159"}}, {"type": "Feature", "geometry": {"type": "Point", "coordinates": [132.4558517, 34.3899578]}, "properties": {"id": 125844797, "feat_type": "way", "quality_categories": "missing_tags, older_than_five_years, replaceable_values", "issue_ids": "[0, 5, 2]", "osm_url": "https://www.openstreetmap.org/way/125844797", "josm_url": "http://127.0.0.1:8111/load_object?new_layer=false&objects=w125844797", "id_url": "https://www.openstreetmap.org/edit?editor=id&way=125844797#map=20/34.3899578/132.4558517"}}, {"type": "Feature", "geometry": {"type": "Point", "coordinates": [132.4570535, 34.3935346]}, "properties": {"id": 125844813, "feat_type": "way", "quality_categories": "replaceable_values", "issue_ids": "[0]", "osm_url": "https://www.openstreetmap.org/way/125844813", "josm_url": "http://127.0.0.1:8111/load_object?new_layer=false&objects=w125844813", "id_url": "https://www.openstreetmap.org/edit?editor=id&way=125844813#map=20/34.3935346/132.4570535"}}, {"type": "Feature", "geometry": {"type": "Point", "coordinates": [132.4570758, 34.3936961]}, "properties": {"id": 125844817, "feat_type": "way", "quality_categories": "replaceable_values", "issue_ids": "[0]", "osm_url": "https://www.openstreetmap.org/way/125844817", "josm_url": "http://127.0.0.1:8111/load_object?new_layer=false&objects=w125844817", "id_url": "https://www.openstreetmap.org/edit?editor=id&way=125844817#map=20/34.3936961/132.4570758"}}, {"type": "Feature", "geometry": {"type": "Point", "coordinates": [132.4563327, 34.3914881]}, "properties": {"id": 125844818, "feat_type": "way", "quality_categories": "crossings_lacking_kerbs, missing_tags, replaceable_values", "issue_ids": "[0, 2, 3]", "osm_url": "https://www.openstreetmap.org/way/125844818", "josm_url": "http://127.0.0.1:8111/load_object?new_layer=false&objects=w125844818", "id_url": "https://www.openstreetmap.org/edit?editor=id&way=125844818#map=20/34.3914881/132.4563327"}}, {"type": "Feature", "geometry": {"type": "Point", "coordinates": [132.4562989, 34.3912897]}, "properties": {"id": 125844829, "feat_type": "way", "quality_categories": "crossings_lacking_kerbs, missing_tags, replaceable_values", "issue_ids": "[0, 2, 3]", "osm_url": "https://www.openstreetmap.org/way/125844829", "josm_url": "http://127.0.0.1:8111/load_object?new_layer=false&objects=w125844829", "id_url": "https://www.openstreetmap.org/edit?editor=id&way=125844829#map=20/34.3912897/132.4562989"}}, {"type": "Feature", "geometry": {"type": "Point", "coordinates": [132.4371631, 34.3755086]}, "properties": {"id": 127018797, "feat_type": "way", "quality_categories": "crossings_lacking_kerbs, missing_tags, older_than_five_years, replaceable_values", "issue_ids": "[0, 4, 2, 3]", "osm_url": "https://www.openstreetmap.org/way/127018797", "josm_url": "http://127.0.0.1:8111/load_object?new_layer=false&objects=w127018797", "id_url": "https://www.openstreetmap.org/edit?editor=id&way=127018797#map=20/34.3755086/132.4371631"}}, {"type": "Feature", "geometry": {"type": "Point", "coordinates": [132.4687578, 34.4324801]}, "properties": {"id": 128396511, "feat_type": "way", "quality_categories": "crossings_lacking_kerbs, missing_tags, older_than_five_years, replaceable_values", "issue_ids": "[0, 6, 2, 3]", "osm_url": "https://www.openstreetmap.org/way/128396511", "josm_url": "http://127.0.0.1:8111/load_object?new_layer=false&objects=w128396511", "id_url": "https://www.openstreetmap.org/edit?editor=id&way=128396511#map=20/34.4324801/132.4687578"}}, {"type": "Feature", "geometry": {"type": "Point", "coordinates": [132.4773691, 34.3987944]}, "properties": {"id": 128600806, "feat_type": "way", "quality_categories": "crossings_lacking_kerbs, replaceable_values", "issue_ids": "[0, 3]", "osm_url": "https://www.openstreetmap.org/way/128600806", "josm_url": "http://127.0.0.1:8111/load_object?new_layer=false&objects=w128600806", "id_url": "https://www.openstreetmap.org/edit?editor=id&way=128600806#map=20/34.3987944/132.4773691"}}, {"type": "Feature", "geometry": {"type": "Point", "coordinates": [132.47305, 34.4008273]}, "properties": {"id": 128600807, "feat_type": "way", "quality_categories": "replaceable_values", "issue_ids": "[0]", "osm_url": "https://www.openstreetmap.org/way/128600807", "josm_url": "http://127.0.0.1:8111/load_object?new_layer=false&objects=w128600807", "id_url": "https://www.openstreetmap.org/edit?editor=id&way=128600807#map=20/34.4008273/132.47305"}}, {"type": "Feature", "geometry": {"type": "Point", "coordinates": [132.4741619, 34.4003283]}, "properties": {"id": 128600819, "feat_type": "way", "quality_categories": "crossings_lacking_kerbs, replaceable_values", "issue_ids": "[0, 3]", "osm_url": "https://www.openstreetmap.org/way/128600819", "josm_url": "http://127.0.0.1:8111/load_object?new_layer=false&objects=w128600819", "id_url": "https://www.openstreetmap.org/edit?editor=id&way=128600819#map=20/34.4003283/132.4741619"}}, {"type": "Feature", "geometry": {"type": "Point", "coordinates": [132.4746289, 34.4000818]}, "properties": {"id": 128600822, "feat_type": "way", "quality_categories": "crossings_lacking_kerbs, replaceable_values", "issue_ids": "[0, 3]", "osm_url": "https://www.openstreetmap.org/way/128600822", "josm_url": "http://127.0.0.1:8111/load_object?new_layer=false&objects=w128600822", "id_url": "https://www.openstreetmap.org/edit?editor=id&way=128600822#map=20/34.4000818/132.4746289"}}, {"type": "Feature", "geometry": {"type": "Point", "coordinates": [132.4745441, 34.4004382]}, "properties": {"id": 128600825, "feat_type": "way", "quality_categories": "crossings_lacking_kerbs, replaceable_values", "issue_ids": "[0, 3]", "osm_url": "https://www.openstreetmap.org/way/128600825", "josm_url": "http://127.0.0.1:8111/load_object?new_layer=false&objects=w128600825", "id_url": "https://www.openstreetmap.org/edit?editor=id&way=128600825#map=20/34.4004382/132.4745441"}}, {"type": "Feature", "geometry": {"type": "Point", "coordinates": [132.4771134, 34.3986534]}, "properties": {"id": 128600832, "feat_type": "way", "quality_categories": "crossings_lacking_kerbs, replaceable_values", "issue_ids": "[0, 3]", "osm_url": "https://www.openstreetmap.org/way/128600832", "josm_url": "http://127.0.0.1:8111/load_object?new_layer=false&objects=w128600832", "id_url": "https://www.openstreetmap.org/edit?editor=id&way=128600832#map=20/34.3986534/132.4771134"}}, {"type": "Feature", "geometry": {"type": "Point", "coordinates": [132.4760986, 34.3992062]}, "properties": {"id": 128600850, "feat_type": "way", "quality_categories": "replaceable_values", "issue_ids": "[0]", "osm_url": "https://www.openstreetmap.org/way/128600850", "josm_url": "http://127.0.0.1:8111/load_object?new_layer=false&objects=w128600850", "id_url": "https://www.openstreetmap.org/edit?editor=id&way=128600850#map=20/34.3992062/132.4760986"}}, {"type": "Feature", "geometry": {"type": "Point", "coordinates": [132.4794744, 34.3950194]}, "properties": {"id": 128714889, "feat_type": "way", "quality_categories": "crossings_lacking_kerbs, missing_tags, replaceable_values", "issue_ids": "[0, 2, 3]", "osm_url": "https://www.openstreetmap.org/way/128714889", "josm_url": "http://127.0.0.1:8111/load_object?new_layer=false&objects=w128714889", "id_url": "https://www.openstreetmap.org/edit?editor=id&way=128714889#map=20/34.3950194/132.4794744"}}, {"type": "Feature", "geometry": {"type": "Point", "coordinates": [132.4548807, 34.3872373]}, "properties": {"id": 129836121, "feat_type": "way", "quality_categories": "crossings_lacking_kerbs, missing_tags, replaceable_values", "issue_ids": "[0, 2, 3]", "osm_url": "https://www.openstreetmap.org/way/129836121", "josm_url": "http://127.0.0.1:8111/load_object?new_layer=false&objects=w129836121", "id_url": "https://www.openstreetmap.org/edit?editor=id&way=129836121#map=20/34.3872373/132.4548807"}}, {"type": "Feature", "geometry": {"type": "Point", "coordinates": [132.4553181, 34.3884064]}, "properties": {"id": 129836125, "feat_type": "way", "quality_categories": "crossings_lacking_kerbs, missing_tags, replaceable_values", "issue_ids": "[0, 2, 3]", "osm_url": "https://www.openstreetmap.org/way/129836125", "josm_url": "http://127.0.0.1:8111/load_object?new_layer=false&objects=w129836125", "id_url": "https://www.openstreetmap.org/edit?editor=id&way=129836125#map=20/34.3884064/132.4553181"}}, {"type": "Feature", "geometry": {"type": "Point", "coordinates": [132.4549878, 34.3874502]}, "properties": {"id": 129836128, "feat_type": "way", "quality_categories": "crossings_lacking_kerbs, missing_tags, replaceable_values", "issue_ids": "[0, 2, 3]", "osm_url": "https://www.openstreetmap.org/way/129836128", "josm_url": "http://127.0.0.1:8111/load_object?new_layer=false&objects=w129836128", "id_url": "https://www.openstreetmap.org/edit?editor=id&way=129836128#map=20/34.3874502/132.4549878"}}, {"type": "Feature", "geometry": {"type": "Point", "coordinates": [132.4692255, 34.3553148]}, "properties": {"id": 131340575, "feat_type": "way", "quality_categories": "crossings_lacking_kerbs, replaceable_values", "issue_ids": "[0, 3]", "osm_url": "https://www.openstreetmap.org/way/131340575", "josm_url": "http://127.0.0.1:8111/load_object?new_layer=false&objects=w131340575", "id_url": "https://www.openstreetmap.org/edit?editor=id&way=131340575#map=20/34.3553148/132.4692255"}}, {"type": "Feature", "geometry": {"type": "Point", "coordinates": [132.4718713, 34.3768365]}, "properties": {"id": 131340605, "feat_type": "way", "quality_categories": "crossings_lacking_kerbs, older_than_five_years, replaceable_values", "issue_ids": "[7, 8, 3]", "osm_url": "https://www.openstreetmap.org/way/131340605", "josm_url": "http://127.0.0.1:8111/load_object?new_layer=false&objects=w131340605", "id_url": "https://www.openstreetmap.org/edit?editor=id&way=131340605#map=20/34.3768365/132.4718713"}}, {"type": "Feature", "geometry": {"type": "Point", "coordinates": [132.4721563, 34.3769135]}, "properties": {"id": 131340611, "feat_type": "way", "quality_categories": "crossings_lacking_kerbs, missing_tags, older_than_five_years, replaceable_values", "issue_ids": "[7, 8, 2, 3]", "osm_url": "https://www.openstreetmap.org/way/131340611", "josm_url": "http://127.0.0.1:8111/load_object?new_layer=false&objects=w131340611", "id_url": "https://www.openstreetmap.org/edit?editor=id&way=131340611#map=20/34.3769135/132.4721563"}}, {"type": "Feature", "geometry": {"type": "Point", "coordinates": [132.4719345, 34.3767104]}, "properties": {"id": 131340612, "feat_type": "way", "quality_categories": "crossings_lacking_kerbs, missing_tags, older_than_five_years, replaceable_values", "issue_ids": "[7, 8, 2, 3]", "osm_url": "https://www.openstreetmap.org/way/131340612", "josm_url": "http://127.0.0.1:8111/load_object?new_layer=false&objects=w131340612", "id_url": "https://www.openstreetmap.org/edit?editor=id&way=131340612#map=20/34.3767104/132.4719345"}}, {"type": "Feature", "geometry": {"type": "Point", "coordinates": [132.4722132, 34.3767909]}, "properties": {"id": 131340613, "feat_type": "way", "quality_categories": "crossings_lacking_kerbs, older_than_five_years, replaceable_values", "issue_ids": "[7, 8, 3]", "osm_url": "https://www.openstreetmap.org/way/131340613", "josm_url": "http://127.0.0.1:8111/load_object?new_layer=false&objects=w131340613", "id_url": "https://www.openstreetmap.org/edit?editor=id&way=131340613#map=20/34.3767909/132.4722132"}}, {"type": "Feature", "geometry": {"type": "Point", "coordinates": [132.462997, 34.3544119]}, "properties": {"id": 131414274, "feat_type": "way", "quality_categories": "crossings_lacking_kerbs, older_than_five_years, replaceable_values", "issue_ids": "[0, 5, 3]", "osm_url": "https://www.openstreetmap.org/way/131414274", "josm_url": "http://127.0.0.1:8111/load_object?new_layer=false&objects=w131414274", "id_url": "https://www.openstreetmap.org/edit?editor=id&way=131414274#map=20/34.3544119/132.462997"}}, {"type": "Feature", "geometry": {"type": "Point", "coordinates": [132.4645427, 34.3662477]}, "properties": {"id": 131414326, "feat_type": "way", "quality_categories": "crossings_lacking_kerbs, older_than_five_years, replaceable_values", "issue_ids": "[0, 5, 3]", "osm_url": "https://www.openstreetmap.org/way/131414326", "josm_url": "http://127.0.0.1:8111/load_object?new_layer=false&objects=w131414326", "id_url": "https://www.openstreetmap.org/edit?editor=id&way=131414326#map=20/34.3662477/132.4645427"}}, {"type": "Feature", "geometry": {"type": "Point", "coordinates": [132.4645304, 34.366112]}, "properties": {"id": 131414327, "feat_type": "way", "quality_categories": "crossings_lacking_kerbs, older_than_five_years, replaceable_values", "issue_ids": "[0, 5, 3]", "osm_url": "https://www.openstreetmap.org/way/131414327", "josm_url": "http://127.0.0.1:8111/load_object?new_layer=false&objects=w131414327", "id_url": "https://www.openstreetmap.org/edit?editor=id&way=131414327#map=20/34.366112/132.4645304"}}, {"type": "Feature", "geometry": {"type": "Point", "coordinates": [132.4647996, 34.3681808]}, "properties": {"id": 131414332, "feat_type": "way", "quality_categories": "older_than_five_years, replaceable_values", "issue_ids": "[0, 5]", "osm_url": "https://www.openstreetmap.org/way/131414332", "josm_url": "http://127.0.0.1:8111/load_object?new_layer=false&objects=w131414332", "id_url": "https://www.openstreetmap.org/edit?editor=id&way=131414332#map=20/34.3681808/132.4647996"}}, {"type": "Feature", "geometry": {"type": "Point", "coordinates": [132.4646138, 34.368203]}, "properties": {"id": 131414334, "feat_type": "way", "quality_categories": "older_than_five_years, replaceable_values", "issue_ids": "[0, 5]", "osm_url": "https://www.openstreetmap.org/way/131414334", "josm_url": "http://127.0.0.1:8111/load_object?new_layer=false&objects=w131414334", "id_url": "https://www.openstreetmap.org/edit?editor=id&way=131414334#map=20/34.368203/132.4646138"}}, {"type": "Feature", "geometry": {"type": "Point", "coordinates": [132.464716, 34.368103]}, "properties": {"id": 131414336, "feat_type": "way", "quality_categories": "crossings_lacking_kerbs, older_than_five_years, replaceable_values", "issue_ids": "[0, 5, 3]", "osm_url": "https://www.openstreetmap.org/way/131414336", "josm_url": "http://127.0.0.1:8111/load_object?new_layer=false&objects=w131414336", "id_url": "https://www.openstreetmap.org/edit?editor=id&way=131414336#map=20/34.368103/132.464716"}}, {"type": "Feature", "geometry": {"type": "Point", "coordinates": [132.464732, 34.3682737]}, "properties": {"id": 131414337, "feat_type": "way", "quality_categories": "crossings_lacking_kerbs, older_than_five_years, replaceable_values", "issue_ids": "[0, 5, 3]", "osm_url": "https://www.openstreetmap.org/way/131414337", "josm_url": "http://127.0.0.1:8111/load_object?new_layer=false&objects=w131414337", "id_url": "https://www.openstreetmap.org/edit?editor=id&way=131414337#map=20/34.3682737/132.464732"}}, {"type": "Feature", "geometry": {"type": "Point", "coordinates": [132.4647825, 34.3693927]}, "properties": {"id": 131414338, "feat_type": "way", "quality_categories": "crossings_lacking_kerbs, older_than_five_years, replaceable_values", "issue_ids": "[0, 5, 3]", "osm_url": "https://www.openstreetmap.org/way/131414338", "josm_url": "http://127.0.0.1:8111/load_object?new_layer=false&objects=w131414338", "id_url": "https://www.openstreetmap.org/edit?editor=id&way=131414338#map=20/34.3693927/132.4647825"}}, {"type": "Feature", "geometry": {"type": "Point", "coordinates": [132.4649966, 34.3689856]}, "properties": {"id": 131414339, "feat_type": "way", "quality_categories": "crossings_lacking_kerbs, older_than_five_years, replaceable_values", "issue_ids": "[0, 5, 3]", "osm_url": "https://www.openstreetmap.org/way/131414339", "josm_url": "http://127.0.0.1:8111/load_object?new_layer=false&objects=w131414339", "id_url": "https://www.openstreetmap.org/edit?editor=id&way=131414339#map=20/34.3689856/132.4649966"}}, {"type": "Feature", "geometry": {"type": "Point", "coordinates": [132.4647617, 34.3689288]}, "properties": {"id": 131414340, "feat_type": "way", "quality_categories": "crossings_lacking_kerbs, older_than_five_years, replaceable_values", "issue_ids": "[0, 5, 3]", "osm_url": "https://www.openstreetmap.org/way/131414340", "josm_url": "http://127.0.0.1:8111/load_object?new_layer=false&objects=w131414340", "id_url": "https://www.openstreetmap.org/edit?editor=id&way=131414340#map=20/34.3689288/132.4647617"}}, {"type": "Feature", "geometry": {"type": "Point", "coordinates": [132.4645783, 34.3715636]}, "properties": {"id": 131414351, "feat_type": "way", "quality_categories": "crossings_lacking_kerbs, older_than_five_years, replaceable_values", "issue_ids": "[0, 5, 3]", "osm_url": "https://www.openstreetmap.org/way/131414351", "josm_url": "http://127.0.0.1:8111/load_object?new_layer=false&objects=w131414351", "id_url": "https://www.openstreetmap.org/edit?editor=id&way=131414351#map=20/34.3715636/132.4645783"}}, {"type": "Feature", "geometry": {"type": "Point", "coordinates": [132.4645879, 34.371734]}, "properties": {"id": 131414352, "feat_type": "way", "quality_categories": "crossings_lacking_kerbs, older_than_five_years, replaceable_values", "issue_ids": "[0, 5, 3]", "osm_url": "https://www.openstreetmap.org/way/131414352", "josm_url": "http://127.0.0.1:8111/load_object?new_layer=false&objects=w131414352", "id_url": "https://www.openstreetmap.org/edit?editor=id&way=131414352#map=20/34.371734/132.4645879"}}, {"type": "Feature", "geometry": {"type": "Point", "coordinates": [132.4691035, 34.3547112]}, "properties": {"id": 131417153, "feat_type": "way", "quality_categories": "crossings_lacking_kerbs, missing_tags, replaceable_values", "issue_ids": "[0, 2, 3]", "osm_url": "https://www.openstreetmap.org/way/131417153", "josm_url": "http://127.0.0.1:8111/load_object?new_layer=false&objects=w131417153", "id_url": "https://www.openstreetmap.org/edit?editor=id&way=131417153#map=20/34.3547112/132.4691035"}}, {"type": "Feature", "geometry": {"type": "Point", "coordinates": [132.4694578, 34.3549753]}, "properties": {"id": 131417154, "feat_type": "way", "quality_categories": "crossings_lacking_kerbs, missing_tags, replaceable_values", "issue_ids": "[0, 2, 3]", "osm_url": "https://www.openstreetmap.org/way/131417154", "josm_url": "http://127.0.0.1:8111/load_object?new_layer=false&objects=w131417154", "id_url": "https://www.openstreetmap.org/edit?editor=id&way=131417154#map=20/34.3549753/132.4694578"}}, {"type": "Feature", "geometry": {"type": "Point", "coordinates": [132.4689069, 34.3549787]}, "properties": {"id": 131417162, "feat_type": "way", "quality_categories": "crossings_lacking_kerbs, missing_tags, replaceable_values", "issue_ids": "[0, 2, 3]", "osm_url": "https://www.openstreetmap.org/way/131417162", "josm_url": "http://127.0.0.1:8111/load_object?new_layer=false&objects=w131417162", "id_url": "https://www.openstreetmap.org/edit?editor=id&way=131417162#map=20/34.3549787/132.4689069"}}, {"type": "Feature", "geometry": {"type": "Point", "coordinates": [132.4375162, 34.375265]}, "properties": {"id": 132314514, "feat_type": "way", "quality_categories": "crossings_lacking_kerbs, missing_tags, older_than_five_years, replaceable_values", "issue_ids": "[0, 4, 2, 3]", "osm_url": "https://www.openstreetmap.org/way/132314514", "josm_url": "http://127.0.0.1:8111/load_object?new_layer=false&objects=w132314514", "id_url": "https://www.openstreetmap.org/edit?editor=id&way=132314514#map=20/34.375265/132.4375162"}}, {"type": "Feature", "geometry": {"type": "Point", "coordinates": [132.4372795, 34.3752304]}, "properties": {"id": 132314517, "feat_type": "way", "quality_categories": "crossings_lacking_kerbs, missing_tags, older_than_five_years, replaceable_values", "issue_ids": "[0, 4, 2, 3]", "osm_url": "https://www.openstreetmap.org/way/132314517", "josm_url": "http://127.0.0.1:8111/load_object?new_layer=false&objects=w132314517", "id_url": "https://www.openstreetmap.org/edit?editor=id&way=132314517#map=20/34.3752304/132.4372795"}}, {"type": "Feature", "geometry": {"type": "Point", "coordinates": [132.4374197, 34.3755715]}, "properties": {"id": 132314522, "feat_type": "way", "quality_categories": "crossings_lacking_kerbs, missing_tags, older_than_five_years, replaceable_values", "issue_ids": "[0, 4, 2, 3]", "osm_url": "https://www.openstreetmap.org/way/132314522", "josm_url": "http://127.0.0.1:8111/load_object?new_layer=false&objects=w132314522", "id_url": "https://www.openstreetmap.org/edit?editor=id&way=132314522#map=20/34.3755715/132.4374197"}}, {"type": "Feature", "geometry": {"type": "Point", "coordinates": [132.4044373, 34.3714432]}, "properties": {"id": 136396799, "feat_type": "way", "quality_categories": "crossings_lacking_kerbs, missing_tags, older_than_five_years, replaceable_values", "issue_ids": "[0, 9, 2, 3]", "osm_url": "https://www.openstreetmap.org/way/136396799", "josm_url": "http://127.0.0.1:8111/load_object?new_layer=false&objects=w136396799", "id_url": "https://www.openstreetmap.org/edit?editor=id&way=136396799#map=20/34.3714432/132.4044373"}}, {"type": "Feature", "geometry": {"type": "Point", "coordinates": [132.4715465, 34.3891997]}, "properties": {"id": 139216614, "feat_type": "way", "quality_categories": "crossings_lacking_kerbs, missing_tags, replaceable_values", "issue_ids": "[0, 2, 3]", "osm_url": "https://www.openstreetmap.org/way/139216614", "josm_url": "http://127.0.0.1:8111/load_object?new_layer=false&objects=w139216614", "id_url": "https://www.openstreetmap.org/edit?editor=id&way=139216614#map=20/34.3891997/132.4715465"}}, {"type": "Feature", "geometry": {"type": "Point", "coordinates": [132.4716462, 34.3893343]}, "properties": {"id": 139216616, "feat_type": "way", "quality_categories": "crossings_lacking_kerbs, missing_tags, replaceable_values", "issue_ids": "[0, 2, 3]", "osm_url": "https://www.openstreetmap.org/way/139216616", "josm_url": "http://127.0.0.1:8111/load_object?new_layer=false&objects=w139216616", "id_url": "https://www.openstreetmap.org/edit?editor=id&way=139216616#map=20/34.3893343/132.4716462"}}, {"type": "Feature", "geometry": {"type": "Point", "coordinates": [132.4714746, 34.3894508]}, "properties": {"id": 139216630, "feat_type": "way", "quality_categories": "crossings_lacking_kerbs, missing_tags, replaceable_values", "issue_ids": "[0, 2, 3]", "osm_url": "https://www.openstreetmap.org/way/139216630", "josm_url": "http://127.0.0.1:8111/load_object?new_layer=false&objects=w139216630", "id_url": "https://www.openstreetmap.org/edit?editor=id&way=139216630#map=20/34.3894508/132.4714746"}}, {"type": "Feature", "geometry": {"type": "Point", "coordinates": [132.472446, 34.396844]}, "properties": {"id": 139323712, "feat_type": "way", "quality_categories": "crossings_lacking_kerbs, replaceable_values", "issue_ids": "[0, 3]", "osm_url": "https://www.openstreetmap.org/way/139323712", "josm_url": "http://127.0.0.1:8111/load_object?new_layer=false&objects=w139323712", "id_url": "https://www.openstreetmap.org/edit?editor=id&way=139323712#map=20/34.396844/132.472446"}}, {"type": "Feature", "geometry": {"type": "Point", "coordinates": [132.4771901, 34.3920076]}, "properties": {"id": 140216792, "feat_type": "way", "quality_categories": "crossings_lacking_kerbs, missing_tags, replaceable_values", "issue_ids": "[0, 2, 3]", "osm_url": "https://www.openstreetmap.org/way/140216792", "josm_url": "http://127.0.0.1:8111/load_object?new_layer=false&objects=w140216792", "id_url": "https://www.openstreetmap.org/edit?editor=id&way=140216792#map=20/34.3920076/132.4771901"}}, {"type": "Feature", "geometry": {"type": "Point", "coordinates": [132.477179, 34.3918833]}, "properties": {"id": 140216793, "feat_type": "way", "quality_categories": "crossings_lacking_kerbs, missing_tags, replaceable_values", "issue_ids": "[0, 2, 3]", "osm_url": "https://www.openstreetmap.org/way/140216793", "josm_url": "http://127.0.0.1:8111/load_object?new_layer=false&objects=w140216793", "id_url": "https://www.openstreetmap.org/edit?editor=id&way=140216793#map=20/34.3918833/132.477179"}}, {"type": "Feature", "geometry": {"type": "Point", "coordinates": [132.4773486, 34.3918664]}, "properties": {"id": 140216807, "feat_type": "way", "quality_categories": "crossings_lacking_kerbs, missing_tags, replaceable_values", "issue_ids": "[0, 2, 3]", "osm_url": "https://www.openstreetmap.org/way/140216807", "josm_url": "http://127.0.0.1:8111/load_object?new_layer=false&objects=w140216807", "id_url": "https://www.openstreetmap.org/edit?editor=id&way=140216807#map=20/34.3918664/132.4773486"}}, {"type": "Feature", "geometry": {"type": "Point", "coordinates": [132.4773894, 34.3920277]}, "properties": {"id": 140216827, "feat_type": "way", "quality_categories": "crossings_lacking_kerbs, missing_tags, replaceable_values", "issue_ids": "[0, 2, 3]", "osm_url": "https://www.openstreetmap.org/way/140216827", "josm_url": "http://127.0.0.1:8111/load_object?new_layer=false&objects=w140216827", "id_url": "https://www.openstreetmap.org/edit?editor=id&way=140216827#map=20/34.3920277/132.4773894"}}, {"type": "Feature", "geometry": {"type": "Point", "coordinates": [132.4128803, 34.395981]}, "properties": {"id": 140512512, "feat_type": "way", "quality_categories": "crossings_lacking_kerbs, missing_tags, replaceable_values", "issue_ids": "[0, 2, 3]", "osm_url": "https://www.openstreetmap.org/way/140512512", "josm_url": "http://127.0.0.1:8111/load_object?new_layer=false&objects=w140512512", "id_url": "https://www.openstreetmap.org/edit?editor=id&way=140512512#map=20/34.395981/132.4128803"}}, {"type": "Feature", "geometry": {"type": "Point", "coordinates": [132.4130076, 34.3936338]}, "properties": {"id": 140512523, "feat_type": "way", "quality_categories": "crossings_lacking_kerbs, missing_tags, replaceable_values", "issue_ids": "[0, 2, 3]", "osm_url": "https://www.openstreetmap.org/way/140512523", "josm_url": "http://127.0.0.1:8111/load_object?new_layer=false&objects=w140512523", "id_url": "https://www.openstreetmap.org/edit?editor=id&way=140512523#map=20/34.3936338/132.4130076"}}, {"type": "Feature", "geometry": {"type": "Point", "coordinates": [132.4358928, 34.372251]}, "properties": {"id": 148173028, "feat_type": "way", "quality_categories": "crossings_lacking_kerbs, missing_tags, older_than_five_years, replaceable_values", "issue_ids": "[0, 4, 2, 3]", "osm_url": "https://www.openstreetmap.org/way/148173028", "josm_url": "http://127.0.0.1:8111/load_object?new_layer=false&objects=w148173028", "id_url": "https://www.openstreetmap.org/edit?editor=id&way=148173028#map=20/34.372251/132.4358928"}}, {"type": "Feature", "geometry": {"type": "Point", "coordinates": [132.4414251, 34.3741032]}, "properties": {"id": 148173031, "feat_type": "way", "quality_categories": "crossings_lacking_kerbs, missing_tags, older_than_five_years, replaceable_values", "issue_ids": "[0, 4, 2, 3]", "osm_url": "https://www.openstreetmap.org/way/148173031", "josm_url": "http://127.0.0.1:8111/load_object?new_layer=false&objects=w148173031", "id_url": "https://www.openstreetmap.org/edit?editor=id&way=148173031#map=20/34.3741032/132.4414251"}}, {"type": "Feature", "geometry": {"type": "Point", "coordinates": [132.4365427, 34.3734388]}, "properties": {"id": 148173034, "feat_type": "way", "quality_categories": "crossings_lacking_kerbs, missing_tags, older_than_five_years, replaceable_values", "issue_ids": "[0, 4, 2, 3]", "osm_url": "https://www.openstreetmap.org/way/148173034", "josm_url": "http://127.0.0.1:8111/load_object?new_layer=false&objects=w148173034", "id_url": "https://www.openstreetmap.org/edit?editor=id&way=148173034#map=20/34.3734388/132.4365427"}}, {"type": "Feature", "geometry": {"type": "Point", "coordinates": [132.4362964, 34.3727665]}, "properties": {"id": 148173038, "feat_type": "way", "quality_categories": "crossings_lacking_kerbs, missing_tags, older_than_five_years, replaceable_values", "issue_ids": "[0, 4, 2, 3]", "osm_url": "https://www.openstreetmap.org/way/148173038", "josm_url": "http://127.0.0.1:8111/load_object?new_layer=false&objects=w148173038", "id_url": "https://www.openstreetmap.org/edit?editor=id&way=148173038#map=20/34.3727665/132.4362964"}}, {"type": "Feature", "geometry": {"type": "Point", "coordinates": [132.4432057, 34.3738272]}, "properties": {"id": 148173046, "feat_type": "way", "quality_categories": "crossings_lacking_kerbs, missing_tags, older_than_five_years, replaceable_values", "issue_ids": "[0, 4, 2, 3]", "osm_url": "https://www.openstreetmap.org/way/148173046", "josm_url": "http://127.0.0.1:8111/load_object?new_layer=false&objects=w148173046", "id_url": "https://www.openstreetmap.org/edit?editor=id&way=148173046#map=20/34.3738272/132.4432057"}}, {"type": "Feature", "geometry": {"type": "Point", "coordinates": [132.4359553, 34.3720535]}, "properties": {"id": 148173048, "feat_type": "way", "quality_categories": "crossings_lacking_kerbs, missing_tags, older_than_five_years, replaceable_values", "issue_ids": "[0, 4, 2, 3]", "osm_url": "https://www.openstreetmap.org/way/148173048", "josm_url": "http://127.0.0.1:8111/load_object?new_layer=false&objects=w148173048", "id_url": "https://www.openstreetmap.org/edit?editor=id&way=148173048#map=20/34.3720535/132.4359553"}}, {"type": "Feature", "geometry": {"type": "Point", "coordinates": [132.4774645, 34.3993585]}, "properties": {"id": 158310283, "feat_type": "way", "quality_categories": "crossings_lacking_kerbs, replaceable_values", "issue_ids": "[0, 3]", "osm_url": "https://www.openstreetmap.org/way/158310283", "josm_url": "http://127.0.0.1:8111/load_object?new_layer=false&objects=w158310283", "id_url": "https://www.openstreetmap.org/edit?editor=id&way=158310283#map=20/34.3993585/132.4774645"}}, {"type": "Feature", "geometry": {"type": "Point", "coordinates": [132.477815, 34.3993221]}, "properties": {"id": 158310285, "feat_type": "way", "quality_categories": "crossings_lacking_kerbs, replaceable_values", "issue_ids": "[0, 3]", "osm_url": "https://www.openstreetmap.org/way/158310285", "josm_url": "http://127.0.0.1:8111/load_object?new_layer=false&objects=w158310285", "id_url": "https://www.openstreetmap.org/edit?editor=id&way=158310285#map=20/34.3993221/132.477815"}}, {"type": "Feature", "geometry": {"type": "Point", "coordinates": [132.466126, 34.3552572]}, "properties": {"id": 166476076, "feat_type": "way", "quality_categories": "crossings_lacking_kerbs, missing_tags, replaceable_values", "issue_ids": "[0, 2, 3]", "osm_url": "https://www.openstreetmap.org/way/166476076", "josm_url": "http://127.0.0.1:8111/load_object?new_layer=false&objects=w166476076", "id_url": "https://www.openstreetmap.org/edit?editor=id&way=166476076#map=20/34.3552572/132.466126"}}, {"type": "Feature", "geometry": {"type": "Point", "coordinates": [132.4333422, 34.4716723]}, "properties": {"id": 169445885, "feat_type": "way", "quality_categories": "crossings_lacking_kerbs, missing_tags, older_than_five_years, replaceable_values", "issue_ids": "[7, 10, 2, 3]", "osm_url": "https://www.openstreetmap.org/way/169445885", "josm_url": "http://127.0.0.1:8111/load_object?new_layer=false&objects=w169445885", "id_url": "https://www.openstreetmap.org/edit?editor=id&way=169445885#map=20/34.4716723/132.4333422"}}, {"type": "Feature", "geometry": {"type": "Point", "coordinates": [132.4775895, 34.3944209]}, "properties": {"id": 169672600, "feat_type": "way", "quality_categories": "crossings_lacking_kerbs, missing_tags, replaceable_values", "issue_ids": "[0, 2, 3]", "osm_url": "https://www.openstreetmap.org/way/169672600", "josm_url": "http://127.0.0.1:8111/load_object?new_layer=false&objects=w169672600", "id_url": "https://www.openstreetmap.org/edit?editor=id&way=169672600#map=20/34.3944209/132.4775895"}}, {"type": "Feature", "geometry": {"type": "Point", "coordinates": [132.4774529, 34.3943485]}, "properties": {"id": 169672608, "feat_type": "way", "quality_categories": "crossings_lacking_kerbs, missing_tags, replaceable_values", "issue_ids": "[0, 2, 3]", "osm_url": "https://www.openstreetmap.org/way/169672608", "josm_url": "http://127.0.0.1:8111/load_object?new_layer=false&objects=w169672608", "id_url": "https://www.openstreetmap.org/edit?editor=id&way=169672608#map=20/34.3943485/132.4774529"}}, {"type": "Feature", "geometry": {"type": "Point", "coordinates": [132.4775189, 34.394227]}, "properties": {"id": 169672611, "feat_type": "way", "quality_categories": "crossings_lacking_kerbs, missing_tags, replaceable_values", "issue_ids": "[0, 2, 3]", "osm_url": "https://www.openstreetmap.org/way/169672611", "josm_url": "http://127.0.0.1:8111/load_object?new_layer=false&objects=w169672611", "id_url": "https://www.openstreetmap.org/edit?editor=id&way=169672611#map=20/34.394227/132.4775189"}}, {"type": "Feature", "geometry": {"type": "Point", "coordinates": [132.4778724, 34.39436]}, "properties": {"id": 169672614, "feat_type": "way", "quality_categories": "crossings_lacking_kerbs, missing_tags, replaceable_values", "issue_ids": "[0, 2, 3]", "osm_url": "https://www.openstreetmap.org/way/169672614", "josm_url": "http://127.0.0.1:8111/load_object?new_layer=false&objects=w169672614", "id_url": "https://www.openstreetmap.org/edit?editor=id&way=169672614#map=20/34.39436/132.4778724"}}, {"type": "Feature", "geometry": {"type": "Point", "coordinates": [132.4823426, 34.3909875]}, "properties": {"id": 169673017, "feat_type": "way", "quality_categories": "crossings_lacking_kerbs, missing_tags, replaceable_values", "issue_ids": "[0, 2, 3]", "osm_url": "https://www.openstreetmap.org/way/169673017", "josm_url": "http://127.0.0.1:8111/load_object?new_layer=false&objects=w169673017", "id_url": "https://www.openstreetmap.org/edit?editor=id&way=169673017#map=20/34.3909875/132.4823426"}}, {"type": "Feature", "geometry": {"type": "Point", "coordinates": [132.4788205, 34.3927127]}, "properties": {"id": 169673023, "feat_type": "way", "quality_categories": "crossings_lacking_kerbs, missing_tags, replaceable_values", "issue_ids": "[0, 2, 3]", "osm_url": "https://www.openstreetmap.org/way/169673023", "josm_url": "http://127.0.0.1:8111/load_object?new_layer=false&objects=w169673023", "id_url": "https://www.openstreetmap.org/edit?editor=id&way=169673023#map=20/34.3927127/132.4788205"}}, {"type": "Feature", "geometry": {"type": "Point", "coordinates": [132.4757656, 34.4668606]}, "properties": {"id": 171848658, "feat_type": "way", "quality_categories": "crossings_lacking_kerbs, missing_tags, replaceable_values", "issue_ids": "[0, 2, 3]", "osm_url": "https://www.openstreetmap.org/way/171848658", "josm_url": "http://127.0.0.1:8111/load_object?new_layer=false&objects=w171848658", "id_url": "https://www.openstreetmap.org/edit?editor=id&way=171848658#map=20/34.4668606/132.4757656"}}, {"type": "Feature", "geometry": {"type": "Point", "coordinates": [132.475734, 34.4669688]}, "properties": {"id": 171848696, "feat_type": "way", "quality_categories": "crossings_lacking_kerbs, missing_tags, replaceable_values", "issue_ids": "[0, 2, 3]", "osm_url": "https://www.openstreetmap.org/way/171848696", "josm_url": "http://127.0.0.1:8111/load_object?new_layer=false&objects=w171848696", "id_url": "https://www.openstreetmap.org/edit?editor=id&way=171848696#map=20/34.4669688/132.475734"}}, {"type": "Feature", "geometry": {"type": "Point", "coordinates": [132.4175607, 34.3972426]}, "properties": {"id": 172904330, "feat_type": "way", "quality_categories": "crossings_lacking_kerbs, missing_tags, replaceable_values", "issue_ids": "[0, 2, 3]", "osm_url": "https://www.openstreetmap.org/way/172904330", "josm_url": "http://127.0.0.1:8111/load_object?new_layer=false&objects=w172904330", "id_url": "https://www.openstreetmap.org/edit?editor=id&way=172904330#map=20/34.3972426/132.4175607"}}, {"type": "Feature", "geometry": {"type": "Point", "coordinates": [132.4173286, 34.3972365]}, "properties": {"id": 172904334, "feat_type": "way", "quality_categories": "crossings_lacking_kerbs, missing_tags, replaceable_values", "issue_ids": "[0, 2, 3]", "osm_url": "https://www.openstreetmap.org/way/172904334", "josm_url": "http://127.0.0.1:8111/load_object?new_layer=false&objects=w172904334", "id_url": "https://www.openstreetmap.org/edit?editor=id&way=172904334#map=20/34.3972365/132.4173286"}}, {"type": "Feature", "geometry": {"type": "Point", "coordinates": [132.4163992, 34.3985783]}, "properties": {"id": 172906513, "feat_type": "way", "quality_categories": "crossings_lacking_kerbs, missing_tags, replaceable_values", "issue_ids": "[0, 2, 3]", "osm_url": "https://www.openstreetmap.org/way/172906513", "josm_url": "http://127.0.0.1:8111/load_object?new_layer=false&objects=w172906513", "id_url": "https://www.openstreetmap.org/edit?editor=id&way=172906513#map=20/34.3985783/132.4163992"}}, {"type": "Feature", "geometry": {"type": "Point", "coordinates": [132.4161201, 34.3985785]}, "properties": {"id": 172906521, "feat_type": "way", "quality_categories": "crossings_lacking_kerbs, missing_tags, replaceable_values", "issue_ids": "[0, 2, 3]", "osm_url": "https://www.openstreetmap.org/way/172906521", "josm_url": "http://127.0.0.1:8111/load_object?new_layer=false&objects=w172906521", "id_url": "https://www.openstreetmap.org/edit?editor=id&way=172906521#map=20/34.3985785/132.4161201"}}, {"type": "Feature", "geometry": {"type": "Point", "coordinates": [132.4783768, 34.3981641]}, "properties": {"id": 177792660, "feat_type": "way", "quality_categories": "crossings_lacking_kerbs, missing_tags, replaceable_values", "issue_ids": "[0, 2, 3]", "osm_url": "https://www.openstreetmap.org/way/177792660", "josm_url": "http://127.0.0.1:8111/load_object?new_layer=false&objects=w177792660", "id_url": "https://www.openstreetmap.org/edit?editor=id&way=177792660#map=20/34.3981641/132.4783768"}}, {"type": "Feature", "geometry": {"type": "Point", "coordinates": [132.4791254, 34.3977572]}, "properties": {"id": 177792668, "feat_type": "way", "quality_categories": "crossings_lacking_kerbs, missing_tags, replaceable_values", "issue_ids": "[0, 2, 3]", "osm_url": "https://www.openstreetmap.org/way/177792668", "josm_url": "http://127.0.0.1:8111/load_object?new_layer=false&objects=w177792668", "id_url": "https://www.openstreetmap.org/edit?editor=id&way=177792668#map=20/34.3977572/132.4791254"}}, {"type": "Feature", "geometry": {"type": "Point", "coordinates": [132.4781858, 34.3981192]}, "properties": {"id": 177792669, "feat_type": "way", "quality_categories": "crossings_lacking_kerbs, missing_tags, replaceable_values", "issue_ids": "[0, 2, 3]", "osm_url": "https://www.openstreetmap.org/way/177792669", "josm_url": "http://127.0.0.1:8111/load_object?new_layer=false&objects=w177792669", "id_url": "https://www.openstreetmap.org/edit?editor=id&way=177792669#map=20/34.3981192/132.4781858"}}, {"type": "Feature", "geometry": {"type": "Point", "coordinates": [132.4793009, 34.3977999]}, "properties": {"id": 178252343, "feat_type": "way", "quality_categories": "crossings_lacking_kerbs, missing_tags, replaceable_values", "issue_ids": "[0, 2, 3]", "osm_url": "https://www.openstreetmap.org/way/178252343", "josm_url": "http://127.0.0.1:8111/load_object?new_layer=false&objects=w178252343", "id_url": "https://www.openstreetmap.org/edit?editor=id&way=178252343#map=20/34.3977999/132.4793009"}}, {"type": "Feature", "geometry": {"type": "Point", "coordinates": [132.477967, 34.3971046]}, "properties": {"id": 178252794, "feat_type": "way", "quality_categories": "crossings_lacking_kerbs, missing_tags, replaceable_values", "issue_ids": "[0, 2, 3]", "osm_url": "https://www.openstreetmap.org/way/178252794", "josm_url": "http://127.0.0.1:8111/load_object?new_layer=false&objects=w178252794", "id_url": "https://www.openstreetmap.org/edit?editor=id&way=178252794#map=20/34.3971046/132.477967"}}, {"type": "Feature", "geometry": {"type": "Point", "coordinates": [132.4780091, 34.3972453]}, "properties": {"id": 178252795, "feat_type": "way", "quality_categories": "crossings_lacking_kerbs, missing_tags, replaceable_values", "issue_ids": "[0, 2, 3]", "osm_url": "https://www.openstreetmap.org/way/178252795", "josm_url": "http://127.0.0.1:8111/load_object?new_layer=false&objects=w178252795", "id_url": "https://www.openstreetmap.org/edit?editor=id&way=178252795#map=20/34.3972453/132.4780091"}}, {"type": "Feature", "geometry": {"type": "Point", "coordinates": [132.4778968, 34.3972036]}, "properties": {"id": 178252796, "feat_type": "way", "quality_categories": "crossings_lacking_kerbs, missing_tags, replaceable_values", "issue_ids": "[0, 2, 3]", "osm_url": "https://www.openstreetmap.org/way/178252796", "josm_url": "http://127.0.0.1:8111/load_object?new_layer=false&objects=w178252796", "id_url": "https://www.openstreetmap.org/edit?editor=id&way=178252796#map=20/34.3972036/132.4778968"}}, {"type": "Feature", "geometry": {"type": "Point", "coordinates": [132.4826247, 34.3910246]}, "properties": {"id": 178254161, "feat_type": "way", "quality_categories": "crossings_lacking_kerbs, missing_tags, replaceable_values", "issue_ids": "[0, 2, 3]", "osm_url": "https://www.openstreetmap.org/way/178254161", "josm_url": "http://127.0.0.1:8111/load_object?new_layer=false&objects=w178254161", "id_url": "https://www.openstreetmap.org/edit?editor=id&way=178254161#map=20/34.3910246/132.4826247"}}, {"type": "Feature", "geometry": {"type": "Point", "coordinates": [132.4827009, 34.3907552]}, "properties": {"id": 178254163, "feat_type": "way", "quality_categories": "crossings_lacking_kerbs, missing_tags, replaceable_values", "issue_ids": "[0, 2, 3]", "osm_url": "https://www.openstreetmap.org/way/178254163", "josm_url": "http://127.0.0.1:8111/load_object?new_layer=false&objects=w178254163", "id_url": "https://www.openstreetmap.org/edit?editor=id&way=178254163#map=20/34.3907552/132.4827009"}}, {"type": "Feature", "geometry": {"type": "Point", "coordinates": [132.4828357, 34.3922412]}, "properties": {"id": 178254164, "feat_type": "way", "quality_categories": "crossings_lacking_kerbs, missing_tags, replaceable_values", "issue_ids": "[0, 2, 3]", "osm_url": "https://www.openstreetmap.org/way/178254164", "josm_url": "http://127.0.0.1:8111/load_object?new_layer=false&objects=w178254164", "id_url": "https://www.openstreetmap.org/edit?editor=id&way=178254164#map=20/34.3922412/132.4828357"}}, {"type": "Feature", "geometry": {"type": "Point", "coordinates": [132.4823977, 34.3907015]}, "properties": {"id": 178254175, "feat_type": "way", "quality_categories": "crossings_lacking_kerbs, missing_tags, replaceable_values", "issue_ids": "[0, 2, 3]", "osm_url": "https://www.openstreetmap.org/way/178254175", "josm_url": "http://127.0.0.1:8111/load_object?new_layer=false&objects=w178254175", "id_url": "https://www.openstreetmap.org/edit?editor=id&way=178254175#map=20/34.3907015/132.4823977"}}, {"type": "Feature", "geometry": {"type": "Point", "coordinates": [132.4830055, 34.3922828]}, "properties": {"id": 178254178, "feat_type": "way", "quality_categories": "crossings_lacking_kerbs, missing_tags, replaceable_values", "issue_ids": "[0, 2, 3]", "osm_url": "https://www.openstreetmap.org/way/178254178", "josm_url": "http://127.0.0.1:8111/load_object?new_layer=false&objects=w178254178", "id_url": "https://www.openstreetmap.org/edit?editor=id&way=178254178#map=20/34.3922828/132.4830055"}}, {"type": "Feature", "geometry": {"type": "Point", "coordinates": [132.4998496, 34.3914162]}, "properties": {"id": 179924427, "feat_type": "way", "quality_categories": "crossings_lacking_kerbs, missing_tags, replaceable_values", "issue_ids": "[0, 2, 3]", "osm_url": "https://www.openstreetmap.org/way/179924427", "josm_url": "http://127.0.0.1:8111/load_object?new_layer=false&objects=w179924427", "id_url": "https://www.openstreetmap.org/edit?editor=id&way=179924427#map=20/34.3914162/132.4998496"}}, {"type": "Feature", "geometry": {"type": "Point", "coordinates": [132.4994848, 34.3915589]}, "properties": {"id": 179924432, "feat_type": "way", "quality_categories": "crossings_lacking_kerbs, missing_tags, replaceable_values", "issue_ids": "[0, 2, 3]", "osm_url": "https://www.openstreetmap.org/way/179924432", "josm_url": "http://127.0.0.1:8111/load_object?new_layer=false&objects=w179924432", "id_url": "https://www.openstreetmap.org/edit?editor=id&way=179924432#map=20/34.3915589/132.4994848"}}, {"type": "Feature", "geometry": {"type": "Point", "coordinates": [132.4997523, 34.3914514]}, "properties": {"id": 179924479, "feat_type": "way", "quality_categories": "crossings_lacking_kerbs, missing_tags, replaceable_values", "issue_ids": "[0, 2, 3]", "osm_url": "https://www.openstreetmap.org/way/179924479", "josm_url": "http://127.0.0.1:8111/load_object?new_layer=false&objects=w179924479", "id_url": "https://www.openstreetmap.org/edit?editor=id&way=179924479#map=20/34.3914514/132.4997523"}}, {"type": "Feature", "geometry": {"type": "Point", "coordinates": [132.4869392, 34.3894248]}, "properties": {"id": 184148244, "feat_type": "way", "quality_categories": "crossings_lacking_kerbs, missing_tags, replaceable_values", "issue_ids": "[0, 2, 3]", "osm_url": "https://www.openstreetmap.org/way/184148244", "josm_url": "http://127.0.0.1:8111/load_object?new_layer=false&objects=w184148244", "id_url": "https://www.openstreetmap.org/edit?editor=id&way=184148244#map=20/34.3894248/132.4869392"}}, {"type": "Feature", "geometry": {"type": "Point", "coordinates": [132.4865943, 34.3894777]}, "properties": {"id": 184148253, "feat_type": "way", "quality_categories": "crossings_lacking_kerbs, missing_tags, replaceable_values", "issue_ids": "[0, 2, 3]", "osm_url": "https://www.openstreetmap.org/way/184148253", "josm_url": "http://127.0.0.1:8111/load_object?new_layer=false&objects=w184148253", "id_url": "https://www.openstreetmap.org/edit?editor=id&way=184148253#map=20/34.3894777/132.4865943"}}, {"type": "Feature", "geometry": {"type": "Point", "coordinates": [132.4870405, 34.3893341]}, "properties": {"id": 184148271, "feat_type": "way", "quality_categories": "crossings_lacking_kerbs, missing_tags, replaceable_values", "issue_ids": "[0, 2, 3]", "osm_url": "https://www.openstreetmap.org/way/184148271", "josm_url": "http://127.0.0.1:8111/load_object?new_layer=false&objects=w184148271", "id_url": "https://www.openstreetmap.org/edit?editor=id&way=184148271#map=20/34.3893341/132.4870405"}}, {"type": "Feature", "geometry": {"type": "Point", "coordinates": [132.4855799, 34.3899445]}, "properties": {"id": 184148272, "feat_type": "way", "quality_categories": "crossings_lacking_kerbs, missing_tags, replaceable_values", "issue_ids": "[0, 2, 3]", "osm_url": "https://www.openstreetmap.org/way/184148272", "josm_url": "http://127.0.0.1:8111/load_object?new_layer=false&objects=w184148272", "id_url": "https://www.openstreetmap.org/edit?editor=id&way=184148272#map=20/34.3899445/132.4855799"}}, {"type": "Feature", "geometry": {"type": "Point", "coordinates": [132.4867506, 34.3893431]}, "properties": {"id": 184148276, "feat_type": "way", "quality_categories": "crossings_lacking_kerbs, missing_tags, replaceable_values", "issue_ids": "[0, 2, 3]", "osm_url": "https://www.openstreetmap.org/way/184148276", "josm_url": "http://127.0.0.1:8111/load_object?new_layer=false&objects=w184148276", "id_url": "https://www.openstreetmap.org/edit?editor=id&way=184148276#map=20/34.3893431/132.4867506"}}, {"type": "Feature", "geometry": {"type": "Point", "coordinates": [132.5316145, 34.4810924]}, "properties": {"id": 185742586, "feat_type": "way", "quality_categories": "crossings_lacking_kerbs, missing_tags, older_than_five_years, replaceable_values", "issue_ids": "[7, 11, 2, 3]", "osm_url": "https://www.openstreetmap.org/way/185742586", "josm_url": "http://127.0.0.1:8111/load_object?new_layer=false&objects=w185742586", "id_url": "https://www.openstreetmap.org/edit?editor=id&way=185742586#map=20/34.4810924/132.5316145"}}, {"type": "Feature", "geometry": {"type": "Point", "coordinates": [132.4778389, 34.3941181]}, "properties": {"id": 217389177, "feat_type": "way", "quality_categories": "crossings_lacking_kerbs, missing_tags, replaceable_values", "issue_ids": "[0, 2, 3]", "osm_url": "https://www.openstreetmap.org/way/217389177", "josm_url": "http://127.0.0.1:8111/load_object?new_layer=false&objects=w217389177", "id_url": "https://www.openstreetmap.org/edit?editor=id&way=217389177#map=20/34.3941181/132.4778389"}}, {"type": "Feature", "geometry": {"type": "Point", "coordinates": [132.4796416, 34.3959103]}, "properties": {"id": 219478983, "feat_type": "way", "quality_categories": "crossings_lacking_kerbs, missing_tags, replaceable_values", "issue_ids": "[0, 2, 3]", "osm_url": "https://www.openstreetmap.org/way/219478983", "josm_url": "http://127.0.0.1:8111/load_object?new_layer=false&objects=w219478983", "id_url": "https://www.openstreetmap.org/edit?editor=id&way=219478983#map=20/34.3959103/132.4796416"}}, {"type": "Feature", "geometry": {"type": "Point", "coordinates": [132.4890035, 34.4658511]}, "properties": {"id": 224061664, "feat_type": "way", "quality_categories": "crossings_lacking_kerbs, missing_tags, older_than_five_years, replaceable_values", "issue_ids": "[0, 12, 2, 3]", "osm_url": "https://www.openstreetmap.org/way/224061664", "josm_url": "http://127.0.0.1:8111/load_object?new_layer=false&objects=w224061664", "id_url": "https://www.openstreetmap.org/edit?editor=id&way=224061664#map=20/34.4658511/132.4890035"}}, {"type": "Feature", "geometry": {"type": "Point", "coordinates": [132.4719938, 34.4019292]}, "properties": {"id": 356749962, "feat_type": "way", "quality_categories": "crossings_lacking_kerbs, missing_tags, replaceable_values", "issue_ids": "[0, 2, 3]", "osm_url": "https://www.openstreetmap.org/way/356749962", "josm_url": "http://127.0.0.1:8111/load_object?new_layer=false&objects=w356749962", "id_url": "https://www.openstreetmap.org/edit?editor=id&way=356749962#map=20/34.4019292/132.4719938"}}, {"type": "Feature", "geometry": {"type": "Point", "coordinates": [132.4722753, 34.4019556]}, "properties": {"id": 356749963, "feat_type": "way", "quality_categories": "crossings_lacking_kerbs, missing_tags, replaceable_values", "issue_ids": "[0, 2, 3]", "osm_url": "https://www.openstreetmap.org/way/356749963", "josm_url": "http://127.0.0.1:8111/load_object?new_layer=false&objects=w356749963", "id_url": "https://www.openstreetmap.org/edit?editor=id&way=356749963#map=20/34.4019556/132.4722753"}}, {"type": "Feature", "geometry": {"type": "Point", "coordinates": [132.4773203, 34.3990433]}, "properties": {"id": 356749966, "feat_type": "way", "quality_categories": "crossings_lacking_kerbs, replaceable_values", "issue_ids": "[0, 3]", "osm_url": "https://www.openstreetmap.org/way/356749966", "josm_url": "http://127.0.0.1:8111/load_object?new_layer=false&objects=w356749966", "id_url": "https://www.openstreetmap.org/edit?editor=id&way=356749966#map=20/34.3990433/132.4773203"}}, {"type": "Feature", "geometry": {"type": "Point", "coordinates": [132.4312389, 34.3993129]}, "properties": {"id": 442927670, "feat_type": "way", "quality_categories": "disjointed_geometries, missing_tags, replaceable_values", "issue_ids": "[0, 2, 13]", "osm_url": "https://www.openstreetmap.org/way/442927670", "josm_url": "http://127.0.0.1:8111/load_object?new_layer=false&objects=w442927670", "id_url": "https://www.openstreetmap.org/edit?editor=id&way=442927670#map=20/34.3993129/132.4312389"}}, {"type": "Feature", "geometry": {"type": "Point", "coordinates": [132.3634949, 34.3856574]}, "properties": {"id": 454891998, "feat_type": "way", "quality_categories": "crossings_lacking_kerbs, missing_tags, replaceable_values", "issue_ids": "[0, 2, 3]", "osm_url": "https://www.openstreetmap.org/way/454891998", "josm_url": "http://127.0.0.1:8111/load_object?new_layer=false&objects=w454891998", "id_url": "https://www.openstreetmap.org/edit?editor=id&way=454891998#map=20/34.3856574/132.3634949"}}, {"type": "Feature", "geometry": {"type": "Point", "coordinates": [132.3839777, 34.3703313]}, "properties": {"id": 460352636, "feat_type": "way", "quality_categories": "crossings_lacking_kerbs, missing_tags, older_than_five_years, replaceable_values", "issue_ids": "[0, 9, 2, 3]", "osm_url": "https://www.openstreetmap.org/way/460352636", "josm_url": "http://127.0.0.1:8111/load_object?new_layer=false&objects=w460352636", "id_url": "https://www.openstreetmap.org/edit?editor=id&way=460352636#map=20/34.3703313/132.3839777"}}, {"type": "Feature", "geometry": {"type": "Point", "coordinates": [132.4044302, 34.3711971]}, "properties": {"id": 460558882, "feat_type": "way", "quality_categories": "crossings_lacking_kerbs, missing_tags, older_than_five_years, replaceable_values", "issue_ids": "[0, 9, 2, 3]", "osm_url": "https://www.openstreetmap.org/way/460558882", "josm_url": "http://127.0.0.1:8111/load_object?new_layer=false&objects=w460558882", "id_url": "https://www.openstreetmap.org/edit?editor=id&way=460558882#map=20/34.3711971/132.4044302"}}, {"type": "Feature", "geometry": {"type": "Point", "coordinates": [132.4426989, 34.4741301]}, "properties": {"id": 570557816, "feat_type": "way", "quality_categories": "crossings_lacking_kerbs, missing_tags, older_than_five_years, replaceable_values", "issue_ids": "[7, 10, 2, 3]", "osm_url": "https://www.openstreetmap.org/way/570557816", "josm_url": "http://127.0.0.1:8111/load_object?new_layer=false&objects=w570557816", "id_url": "https://www.openstreetmap.org/edit?editor=id&way=570557816#map=20/34.4741301/132.4426989"}}, {"type": "Feature", "geometry": {"type": "Point", "coordinates": [132.403254, 34.4142156]}, "properties": {"id": 609134450, "feat_type": "way", "quality_categories": "crossings_lacking_kerbs, missing_tags, replaceable_values", "issue_ids": "[0, 2, 3]", "osm_url": "https://www.openstreetmap.org/way/609134450", "josm_url": "http://127.0.0.1:8111/load_object?new_layer=false&objects=w609134450", "id_url": "https://www.openstreetmap.org/edit?editor=id&way=609134450#map=20/34.4142156/132.403254"}}, {"type": "Feature", "geometry": {"type": "Point", "coordinates": [132.5286697, 34.4794197]}, "properties": {"id": 615240787, "feat_type": "way", "quality_categories": "crossings_lacking_kerbs, missing_tags, older_than_five_years, replaceable_values", "issue_ids": "[7, 11, 2, 3]", "osm_url": "https://www.openstreetmap.org/way/615240787", "josm_url": "http://127.0.0.1:8111/load_object?new_layer=false&objects=w615240787", "id_url": "https://www.openstreetmap.org/edit?editor=id&way=615240787#map=20/34.4794197/132.5286697"}}, {"type": "Feature", "geometry": {"type": "Point", "coordinates": [132.5620756, 34.4753021]}, "properties": {"id": 640214099, "feat_type": "way", "quality_categories": "crossings_lacking_kerbs, missing_tags, older_than_five_years, replaceable_values", "issue_ids": "[7, 11, 2, 3]", "osm_url": "https://www.openstreetmap.org/way/640214099", "josm_url": "http://127.0.0.1:8111/load_object?new_layer=false&objects=w640214099", "id_url": "https://www.openstreetmap.org/edit?editor=id&way=640214099#map=20/34.4753021/132.5620756"}}, {"type": "Feature", "geometry": {"type": "Point", "coordinates": [132.5618902, 34.47528]}, "properties": {"id": 640214100, "feat_type": "way", "quality_categories": "crossings_lacking_kerbs, missing_tags, older_than_five_years, replaceable_values", "issue_ids": "[7, 11, 2, 3]", "osm_url": "https://www.openstreetmap.org/way/640214100", "josm_url": "http://127.0.0.1:8111/load_object?new_layer=false&objects=w640214100", "id_url": "https://www.openstreetmap.org/edit?editor=id&way=640214100#map=20/34.47528/132.5618902"}}, {"type": "Feature", "geometry": {"type": "Point", "coordinates": [132.5620194, 34.4753749]}, "properties": {"id": 640214101, "feat_type": "way", "quality_categories": "crossings_lacking_kerbs, missing_tags, older_than_five_years, replaceable_values", "issue_ids": "[7, 11, 2, 3]", "osm_url": "https://www.openstreetmap.org/way/640214101", "josm_url": "http://127.0.0.1:8111/load_object?new_layer=false&objects=w640214101", "id_url": "https://www.openstreetmap.org/edit?editor=id&way=640214101#map=20/34.4753749/132.5620194"}}, {"type": "Feature", "geometry": {"type": "Point", "coordinates": [132.5601778, 34.4746822]}, "properties": {"id": 640214102, "feat_type": "way", "quality_categories": "crossings_lacking_kerbs, missing_tags, older_than_five_years, replaceable_values", "issue_ids": "[7, 11, 2, 3]", "osm_url": "https://www.openstreetmap.org/way/640214102", "josm_url": "http://127.0.0.1:8111/load_object?new_layer=false&objects=w640214102", "id_url": "https://www.openstreetmap.org/edit?editor=id&way=640214102#map=20/34.4746822/132.5601778"}}, {"type": "Feature", "geometry": {"type": "Point", "coordinates": [132.5600792, 34.4745315]}, "properties": {"id": 640214103, "feat_type": "way", "quality_categories": "crossings_lacking_kerbs, missing_tags, replaceable_values", "issue_ids": "[7, 2, 3]", "osm_url": "https://www.openstreetmap.org/way/640214103", "josm_url": "http://127.0.0.1:8111/load_object?new_layer=false&objects=w640214103", "id_url": "https://www.openstreetmap.org/edit?editor=id&way=640214103#map=20/34.4745315/132.5600792"}}, {"type": "Feature", "geometry": {"type": "Point", "coordinates": [132.5599261, 34.4745983]}, "properties": {"id": 640214104, "feat_type": "way", "quality_categories": "crossings_lacking_kerbs, missing_tags, older_than_five_years, replaceable_values", "issue_ids": "[7, 11, 2, 3]", "osm_url": "https://www.openstreetmap.org/way/640214104", "josm_url": "http://127.0.0.1:8111/load_object?new_layer=false&objects=w640214104", "id_url": "https://www.openstreetmap.org/edit?editor=id&way=640214104#map=20/34.4745983/132.5599261"}}, {"type": "Feature", "geometry": {"type": "Point", "coordinates": [132.5580266, 34.4741209]}, "properties": {"id": 640214105, "feat_type": "way", "quality_categories": "crossings_lacking_kerbs, missing_tags, older_than_five_years, replaceable_values", "issue_ids": "[7, 14, 2, 3]", "osm_url": "https://www.openstreetmap.org/way/640214105", "josm_url": "http://127.0.0.1:8111/load_object?new_layer=false&objects=w640214105", "id_url": "https://www.openstreetmap.org/edit?editor=id&way=640214105#map=20/34.4741209/132.5580266"}}, {"type": "Feature", "geometry": {"type": "Point", "coordinates": [132.5546833, 34.4738102]}, "properties": {"id": 640214111, "feat_type": "way", "quality_categories": "crossings_lacking_kerbs, missing_tags, older_than_five_years, replaceable_values", "issue_ids": "[7, 14, 2, 3]", "osm_url": "https://www.openstreetmap.org/way/640214111", "josm_url": "http://127.0.0.1:8111/load_object?new_layer=false&objects=w640214111", "id_url": "https://www.openstreetmap.org/edit?editor=id&way=640214111#map=20/34.4738102/132.5546833"}}, {"type": "Feature", "geometry": {"type": "Point", "coordinates": [132.5514764, 34.474775]}, "properties": {"id": 640214116, "feat_type": "way", "quality_categories": "crossings_lacking_kerbs, missing_tags, older_than_five_years, replaceable_values", "issue_ids": "[7, 14, 2, 3]", "osm_url": "https://www.openstreetmap.org/way/640214116", "josm_url": "http://127.0.0.1:8111/load_object?new_layer=false&objects=w640214116", "id_url": "https://www.openstreetmap.org/edit?editor=id&way=640214116#map=20/34.474775/132.5514764"}}, {"type": "Feature", "geometry": {"type": "Point", "coordinates": [132.5514112, 34.4748612]}, "properties": {"id": 640214118, "feat_type": "way", "quality_categories": "crossings_lacking_kerbs, missing_tags, replaceable_values", "issue_ids": "[7, 2, 3]", "osm_url": "https://www.openstreetmap.org/way/640214118", "josm_url": "http://127.0.0.1:8111/load_object?new_layer=false&objects=w640214118", "id_url": "https://www.openstreetmap.org/edit?editor=id&way=640214118#map=20/34.4748612/132.5514112"}}, {"type": "Feature", "geometry": {"type": "Point", "coordinates": [132.5439657, 34.4778376]}, "properties": {"id": 640214131, "feat_type": "way", "quality_categories": "crossings_lacking_kerbs, missing_tags, older_than_five_years, replaceable_values", "issue_ids": "[7, 15, 2, 3]", "osm_url": "https://www.openstreetmap.org/way/640214131", "josm_url": "http://127.0.0.1:8111/load_object?new_layer=false&objects=w640214131", "id_url": "https://www.openstreetmap.org/edit?editor=id&way=640214131#map=20/34.4778376/132.5439657"}}, {"type": "Feature", "geometry": {"type": "Point", "coordinates": [132.5421638, 34.4787346]}, "properties": {"id": 640214132, "feat_type": "way", "quality_categories": "crossings_lacking_kerbs, missing_tags, older_than_five_years, replaceable_values", "issue_ids": "[7, 16, 2, 3]", "osm_url": "https://www.openstreetmap.org/way/640214132", "josm_url": "http://127.0.0.1:8111/load_object?new_layer=false&objects=w640214132", "id_url": "https://www.openstreetmap.org/edit?editor=id&way=640214132#map=20/34.4787346/132.5421638"}}, {"type": "Feature", "geometry": {"type": "Point", "coordinates": [132.5389459, 34.4802579]}, "properties": {"id": 640214135, "feat_type": "way", "quality_categories": "crossings_lacking_kerbs, missing_tags, older_than_five_years, replaceable_values", "issue_ids": "[7, 16, 2, 3]", "osm_url": "https://www.openstreetmap.org/way/640214135", "josm_url": "http://127.0.0.1:8111/load_object?new_layer=false&objects=w640214135", "id_url": "https://www.openstreetmap.org/edit?editor=id&way=640214135#map=20/34.4802579/132.5389459"}}, {"type": "Feature", "geometry": {"type": "Point", "coordinates": [132.5362403, 34.480664]}, "properties": {"id": 640214138, "feat_type": "way", "quality_categories": "crossings_lacking_kerbs, missing_tags, older_than_five_years, replaceable_values", "issue_ids": "[7, 17, 2, 3]", "osm_url": "https://www.openstreetmap.org/way/640214138", "josm_url": "http://127.0.0.1:8111/load_object?new_layer=false&objects=w640214138", "id_url": "https://www.openstreetmap.org/edit?editor=id&way=640214138#map=20/34.480664/132.5362403"}}, {"type": "Feature", "geometry": {"type": "Point", "coordinates": [132.5361077, 34.4805553]}, "properties": {"id": 640214140, "feat_type": "way", "quality_categories": "crossings_lacking_kerbs, missing_tags, older_than_five_years, replaceable_values", "issue_ids": "[7, 11, 2, 3]", "osm_url": "https://www.openstreetmap.org/way/640214140", "josm_url": "http://127.0.0.1:8111/load_object?new_layer=false&objects=w640214140", "id_url": "https://www.openstreetmap.org/edit?editor=id&way=640214140#map=20/34.4805553/132.5361077"}}, {"type": "Feature", "geometry": {"type": "Point", "coordinates": [132.5360122, 34.4806792]}, "properties": {"id": 640214141, "feat_type": "way", "quality_categories": "crossings_lacking_kerbs, missing_tags, older_than_five_years, replaceable_values", "issue_ids": "[7, 17, 2, 3]", "osm_url": "https://www.openstreetmap.org/way/640214141", "josm_url": "http://127.0.0.1:8111/load_object?new_layer=false&objects=w640214141", "id_url": "https://www.openstreetmap.org/edit?editor=id&way=640214141#map=20/34.4806792/132.5360122"}}, {"type": "Feature", "geometry": {"type": "Point", "coordinates": [132.5343518, 34.4807981]}, "properties": {"id": 640214147, "feat_type": "way", "quality_categories": "crossings_lacking_kerbs, missing_tags, older_than_five_years, replaceable_values", "issue_ids": "[7, 16, 2, 3]", "osm_url": "https://www.openstreetmap.org/way/640214147", "josm_url": "http://127.0.0.1:8111/load_object?new_layer=false&objects=w640214147", "id_url": "https://www.openstreetmap.org/edit?editor=id&way=640214147#map=20/34.4807981/132.5343518"}}, {"type": "Feature", "geometry": {"type": "Point", "coordinates": [132.532877, 34.4808948]}, "properties": {"id": 640214156, "feat_type": "way", "quality_categories": "crossings_lacking_kerbs, missing_tags, older_than_five_years, replaceable_values", "issue_ids": "[7, 16, 2, 3]", "osm_url": "https://www.openstreetmap.org/way/640214156", "josm_url": "http://127.0.0.1:8111/load_object?new_layer=false&objects=w640214156", "id_url": "https://www.openstreetmap.org/edit?editor=id&way=640214156#map=20/34.4808948/132.532877"}}, {"type": "Feature", "geometry": {"type": "Point", "coordinates": [132.5317297, 34.4809908]}, "properties": {"id": 640214159, "feat_type": "way", "quality_categories": "crossings_lacking_kerbs, missing_tags, older_than_five_years, replaceable_values", "issue_ids": "[7, 16, 2, 3]", "osm_url": "https://www.openstreetmap.org/way/640214159", "josm_url": "http://127.0.0.1:8111/load_object?new_layer=false&objects=w640214159", "id_url": "https://www.openstreetmap.org/edit?editor=id&way=640214159#map=20/34.4809908/132.5317297"}}, {"type": "Feature", "geometry": {"type": "Point", "coordinates": [132.5311689, 34.4809525]}, "properties": {"id": 640214160, "feat_type": "way", "quality_categories": "crossings_lacking_kerbs, missing_tags, older_than_five_years, replaceable_values", "issue_ids": "[7, 11, 2, 3]", "osm_url": "https://www.openstreetmap.org/way/640214160", "josm_url": "http://127.0.0.1:8111/load_object?new_layer=false&objects=w640214160", "id_url": "https://www.openstreetmap.org/edit?editor=id&way=640214160#map=20/34.4809525/132.5311689"}}, {"type": "Feature", "geometry": {"type": "Point", "coordinates": [132.5296317, 34.4803985]}, "properties": {"id": 640214163, "feat_type": "way", "quality_categories": "crossings_lacking_kerbs, missing_tags, replaceable_values", "issue_ids": "[7, 2, 3]", "osm_url": "https://www.openstreetmap.org/way/640214163", "josm_url": "http://127.0.0.1:8111/load_object?new_layer=false&objects=w640214163", "id_url": "https://www.openstreetmap.org/edit?editor=id&way=640214163#map=20/34.4803985/132.5296317"}}, {"type": "Feature", "geometry": {"type": "Point", "coordinates": [132.4730302, 34.4009786]}, "properties": {"id": 648318881, "feat_type": "way", "quality_categories": "crossings_lacking_kerbs, replaceable_values", "issue_ids": "[0, 3]", "osm_url": "https://www.openstreetmap.org/way/648318881", "josm_url": "http://127.0.0.1:8111/load_object?new_layer=false&objects=w648318881", "id_url": "https://www.openstreetmap.org/edit?editor=id&way=648318881#map=20/34.4009786/132.4730302"}}, {"type": "Feature", "geometry": {"type": "Point", "coordinates": [132.5645511, 34.4767078]}, "properties": {"id": 651751889, "feat_type": "way", "quality_categories": "crossings_lacking_kerbs, missing_tags, older_than_five_years, replaceable_values", "issue_ids": "[7, 18, 2, 3]", "osm_url": "https://www.openstreetmap.org/way/651751889", "josm_url": "http://127.0.0.1:8111/load_object?new_layer=false&objects=w651751889", "id_url": "https://www.openstreetmap.org/edit?editor=id&way=651751889#map=20/34.4767078/132.5645511"}}, {"type": "Feature", "geometry": {"type": "Point", "coordinates": [132.4671371, 34.3806035]}, "properties": {"id": 653128475, "feat_type": "way", "quality_categories": "replaceable_values", "issue_ids": "[0]", "osm_url": "https://www.openstreetmap.org/way/653128475", "josm_url": "http://127.0.0.1:8111/load_object?new_layer=false&objects=w653128475", "id_url": "https://www.openstreetmap.org/edit?editor=id&way=653128475#map=20/34.3806035/132.4671371"}}, {"type": "Feature", "geometry": {"type": "Point", "coordinates": [132.5294251, 34.3457326]}, "properties": {"id": 690973861, "feat_type": "way", "quality_categories": "crossings_lacking_kerbs, missing_tags, replaceable_values", "issue_ids": "[0, 2, 3]", "osm_url": "https://www.openstreetmap.org/way/690973861", "josm_url": "http://127.0.0.1:8111/load_object?new_layer=false&objects=w690973861", "id_url": "https://www.openstreetmap.org/edit?editor=id&way=690973861#map=20/34.3457326/132.5294251"}}, {"type": "Feature", "geometry": {"type": "Point", "coordinates": [132.5291349, 34.3455299]}, "properties": {"id": 690973862, "feat_type": "way", "quality_categories": "crossings_lacking_kerbs, missing_tags, older_than_five_years, replaceable_values", "issue_ids": "[0, 19, 2, 3]", "osm_url": "https://www.openstreetmap.org/way/690973862", "josm_url": "http://127.0.0.1:8111/load_object?new_layer=false&objects=w690973862", "id_url": "https://www.openstreetmap.org/edit?editor=id&way=690973862#map=20/34.3455299/132.5291349"}}, {"type": "Feature", "geometry": {"type": "Point", "coordinates": [132.5292035, 34.345767]}, "properties": {"id": 690973863, "feat_type": "way", "quality_categories": "crossings_lacking_kerbs, missing_tags, older_than_five_years, replaceable_values", "issue_ids": "[0, 19, 2, 3]", "osm_url": "https://www.openstreetmap.org/way/690973863", "josm_url": "http://127.0.0.1:8111/load_object?new_layer=false&objects=w690973863", "id_url": "https://www.openstreetmap.org/edit?editor=id&way=690973863#map=20/34.345767/132.5292035"}}, {"type": "Feature", "geometry": {"type": "Point", "coordinates": [132.5293409, 34.3455031]}, "properties": {"id": 690973864, "feat_type": "way", "quality_categories": "crossings_lacking_kerbs, missing_tags, older_than_five_years, replaceable_values", "issue_ids": "[0, 19, 2, 3]", "osm_url": "https://www.openstreetmap.org/way/690973864", "josm_url": "http://127.0.0.1:8111/load_object?new_layer=false&objects=w690973864", "id_url": "https://www.openstreetmap.org/edit?editor=id&way=690973864#map=20/34.3455031/132.5293409"}}, {"type": "Feature", "geometry": {"type": "Point", "coordinates": [132.4043248, 34.3713818]}, "properties": {"id": 730463383, "feat_type": "way", "quality_categories": "crossings_lacking_kerbs, missing_tags, older_than_five_years, replaceable_values", "issue_ids": "[0, 9, 2, 3]", "osm_url": "https://www.openstreetmap.org/way/730463383", "josm_url": "http://127.0.0.1:8111/load_object?new_layer=false&objects=w730463383", "id_url": "https://www.openstreetmap.org/edit?editor=id&way=730463383#map=20/34.3713818/132.4043248"}}, {"type": "Feature", "geometry": {"type": "Point", "coordinates": [132.6196039, 34.4249175]}, "properties": {"id": 731253133, "feat_type": "way", "quality_categories": "crossings_lacking_kerbs, missing_tags, older_than_five_years, replaceable_values", "issue_ids": "[0, 20, 2, 3]", "osm_url": "https://www.openstreetmap.org/way/731253133", "josm_url": "http://127.0.0.1:8111/load_object?new_layer=false&objects=w731253133", "id_url": "https://www.openstreetmap.org/edit?editor=id&way=731253133#map=20/34.4249175/132.6196039"}}, {"type": "Feature", "geometry": {"type": "Point", "coordinates": [132.3670958, 34.3656963]}, "properties": {"id": 731268994, "feat_type": "way", "quality_categories": "crossings_lacking_kerbs, missing_tags, older_than_five_years, replaceable_values", "issue_ids": "[0, 20, 2, 3]", "osm_url": "https://www.openstreetmap.org/way/731268994", "josm_url": "http://127.0.0.1:8111/load_object?new_layer=false&objects=w731268994", "id_url": "https://www.openstreetmap.org/edit?editor=id&way=731268994#map=20/34.3656963/132.3670958"}}, {"type": "Feature", "geometry": {"type": "Point", "coordinates": [132.4774296, 34.4668561]}, "properties": {"id": 767629184, "feat_type": "way", "quality_categories": "crossings_lacking_kerbs, missing_tags, older_than_five_years, replaceable_values", "issue_ids": "[0, 21, 2, 3]", "osm_url": "https://www.openstreetmap.org/way/767629184", "josm_url": "http://127.0.0.1:8111/load_object?new_layer=false&objects=w767629184", "id_url": "https://www.openstreetmap.org/edit?editor=id&way=767629184#map=20/34.4668561/132.4774296"}}, {"type": "Feature", "geometry": {"type": "Point", "coordinates": [132.4774815, 34.4666682]}, "properties": {"id": 767629186, "feat_type": "way", "quality_categories": "crossings_lacking_kerbs, missing_tags, older_than_five_years, replaceable_values", "issue_ids": "[0, 22, 2, 3]", "osm_url": "https://www.openstreetmap.org/way/767629186", "josm_url": "http://127.0.0.1:8111/load_object?new_layer=false&objects=w767629186", "id_url": "https://www.openstreetmap.org/edit?editor=id&way=767629186#map=20/34.4666682/132.4774815"}}, {"type": "Feature", "geometry": {"type": "Point", "coordinates": [132.4715255, 34.452204]}, "properties": {"id": 768672594, "feat_type": "way", "quality_categories": "crossings_lacking_kerbs, missing_tags, older_than_five_years, replaceable_values", "issue_ids": "[0, 23, 2, 3]", "osm_url": "https://www.openstreetmap.org/way/768672594", "josm_url": "http://127.0.0.1:8111/load_object?new_layer=false&objects=w768672594", "id_url": "https://www.openstreetmap.org/edit?editor=id&way=768672594#map=20/34.452204/132.4715255"}}, {"type": "Feature", "geometry": {"type": "Point", "coordinates": [132.4716314, 34.4522744]}, "properties": {"id": 768672595, "feat_type": "way", "quality_categories": "crossings_lacking_kerbs, missing_tags, older_than_five_years, replaceable_values", "issue_ids": "[0, 24, 2, 3]", "osm_url": "https://www.openstreetmap.org/way/768672595", "josm_url": "http://127.0.0.1:8111/load_object?new_layer=false&objects=w768672595", "id_url": "https://www.openstreetmap.org/edit?editor=id&way=768672595#map=20/34.4522744/132.4716314"}}, {"type": "Feature", "geometry": {"type": "Point", "coordinates": [132.4711415, 34.4526009]}, "properties": {"id": 768672597, "feat_type": "way", "quality_categories": "crossings_lacking_kerbs, missing_tags, older_than_five_years, replaceable_values", "issue_ids": "[0, 23, 2, 3]", "osm_url": "https://www.openstreetmap.org/way/768672597", "josm_url": "http://127.0.0.1:8111/load_object?new_layer=false&objects=w768672597", "id_url": "https://www.openstreetmap.org/edit?editor=id&way=768672597#map=20/34.4526009/132.4711415"}}, {"type": "Feature", "geometry": {"type": "Point", "coordinates": [132.4716209, 34.4521909]}, "properties": {"id": 768672599, "feat_type": "way", "quality_categories": "crossings_lacking_kerbs, missing_tags, older_than_five_years, replaceable_values", "issue_ids": "[0, 23, 2, 3]", "osm_url": "https://www.openstreetmap.org/way/768672599", "josm_url": "http://127.0.0.1:8111/load_object?new_layer=false&objects=w768672599", "id_url": "https://www.openstreetmap.org/edit?editor=id&way=768672599#map=20/34.4521909/132.4716209"}}, {"type": "Feature", "geometry": {"type": "Point", "coordinates": [132.4725877, 34.460176]}, "properties": {"id": 770925274, "feat_type": "way", "quality_categories": "crossings_lacking_kerbs, missing_tags, older_than_five_years, replaceable_values", "issue_ids": "[0, 23, 2, 3]", "osm_url": "https://www.openstreetmap.org/way/770925274", "josm_url": "http://127.0.0.1:8111/load_object?new_layer=false&objects=w770925274", "id_url": "https://www.openstreetmap.org/edit?editor=id&way=770925274#map=20/34.460176/132.4725877"}}, {"type": "Feature", "geometry": {"type": "Point", "coordinates": [132.4733398, 34.4596092]}, "properties": {"id": 770925278, "feat_type": "way", "quality_categories": "crossings_lacking_kerbs, missing_tags, older_than_five_years, replaceable_values", "issue_ids": "[0, 25, 2, 3]", "osm_url": "https://www.openstreetmap.org/way/770925278", "josm_url": "http://127.0.0.1:8111/load_object?new_layer=false&objects=w770925278", "id_url": "https://www.openstreetmap.org/edit?editor=id&way=770925278#map=20/34.4596092/132.4733398"}}, {"type": "Feature", "geometry": {"type": "Point", "coordinates": [132.4687773, 34.4510163]}, "properties": {"id": 770930026, "feat_type": "way", "quality_categories": "crossings_lacking_kerbs, missing_tags, older_than_five_years, replaceable_values", "issue_ids": "[0, 23, 2, 3]", "osm_url": "https://www.openstreetmap.org/way/770930026", "josm_url": "http://127.0.0.1:8111/load_object?new_layer=false&objects=w770930026", "id_url": "https://www.openstreetmap.org/edit?editor=id&way=770930026#map=20/34.4510163/132.4687773"}}, {"type": "Feature", "geometry": {"type": "Point", "coordinates": [132.4685401, 34.4509315]}, "properties": {"id": 770930029, "feat_type": "way", "quality_categories": "crossings_lacking_kerbs, missing_tags, older_than_five_years, replaceable_values", "issue_ids": "[0, 23, 2, 3]", "osm_url": "https://www.openstreetmap.org/way/770930029", "josm_url": "http://127.0.0.1:8111/load_object?new_layer=false&objects=w770930029", "id_url": "https://www.openstreetmap.org/edit?editor=id&way=770930029#map=20/34.4509315/132.4685401"}}, {"type": "Feature", "geometry": {"type": "Point", "coordinates": [132.4686433, 34.4511014]}, "properties": {"id": 770930030, "feat_type": "way", "quality_categories": "crossings_lacking_kerbs, missing_tags, older_than_five_years, replaceable_values", "issue_ids": "[0, 23, 2, 3]", "osm_url": "https://www.openstreetmap.org/way/770930030", "josm_url": "http://127.0.0.1:8111/load_object?new_layer=false&objects=w770930030", "id_url": "https://www.openstreetmap.org/edit?editor=id&way=770930030#map=20/34.4511014/132.4686433"}}, {"type": "Feature", "geometry": {"type": "Point", "coordinates": [132.4672735, 34.4382665]}, "properties": {"id": 770934262, "feat_type": "way", "quality_categories": "crossings_lacking_kerbs, missing_tags, older_than_five_years, replaceable_values", "issue_ids": "[0, 26, 2, 3]", "osm_url": "https://www.openstreetmap.org/way/770934262", "josm_url": "http://127.0.0.1:8111/load_object?new_layer=false&objects=w770934262", "id_url": "https://www.openstreetmap.org/edit?editor=id&way=770934262#map=20/34.4382665/132.4672735"}}, {"type": "Feature", "geometry": {"type": "Point", "coordinates": [132.4665353, 34.4593408]}, "properties": {"id": 771684606, "feat_type": "way", "quality_categories": "crossings_lacking_kerbs, missing_tags, older_than_five_years, replaceable_values", "issue_ids": "[0, 23, 2, 3]", "osm_url": "https://www.openstreetmap.org/way/771684606", "josm_url": "http://127.0.0.1:8111/load_object?new_layer=false&objects=w771684606", "id_url": "https://www.openstreetmap.org/edit?editor=id&way=771684606#map=20/34.4593408/132.4665353"}}, {"type": "Feature", "geometry": {"type": "Point", "coordinates": [132.4659773, 34.4609619]}, "properties": {"id": 771684988, "feat_type": "way", "quality_categories": "crossings_lacking_kerbs, missing_tags, older_than_five_years, replaceable_values", "issue_ids": "[0, 27, 2, 3]", "osm_url": "https://www.openstreetmap.org/way/771684988", "josm_url": "http://127.0.0.1:8111/load_object?new_layer=false&objects=w771684988", "id_url": "https://www.openstreetmap.org/edit?editor=id&way=771684988#map=20/34.4609619/132.4659773"}}, {"type": "Feature", "geometry": {"type": "Point", "coordinates": [132.4800977, 34.4592359]}, "properties": {"id": 771690089, "feat_type": "way", "quality_categories": "crossings_lacking_kerbs, missing_tags, older_than_five_years, replaceable_values", "issue_ids": "[0, 27, 2, 3]", "osm_url": "https://www.openstreetmap.org/way/771690089", "josm_url": "http://127.0.0.1:8111/load_object?new_layer=false&objects=w771690089", "id_url": "https://www.openstreetmap.org/edit?editor=id&way=771690089#map=20/34.4592359/132.4800977"}}, {"type": "Feature", "geometry": {"type": "Point", "coordinates": [132.4801952, 34.4590509]}, "properties": {"id": 771690090, "feat_type": "way", "quality_categories": "crossings_lacking_kerbs, missing_tags, older_than_five_years, replaceable_values", "issue_ids": "[0, 27, 2, 3]", "osm_url": "https://www.openstreetmap.org/way/771690090", "josm_url": "http://127.0.0.1:8111/load_object?new_layer=false&objects=w771690090", "id_url": "https://www.openstreetmap.org/edit?editor=id&way=771690090#map=20/34.4590509/132.4801952"}}, {"type": "Feature", "geometry": {"type": "Point", "coordinates": [132.4803543, 34.4620966]}, "properties": {"id": 771691970, "feat_type": "way", "quality_categories": "crossings_lacking_kerbs, missing_tags, older_than_five_years, replaceable_values", "issue_ids": "[0, 27, 2, 3]", "osm_url": "https://www.openstreetmap.org/way/771691970", "josm_url": "http://127.0.0.1:8111/load_object?new_layer=false&objects=w771691970", "id_url": "https://www.openstreetmap.org/edit?editor=id&way=771691970#map=20/34.4620966/132.4803543"}}, {"type": "Feature", "geometry": {"type": "Point", "coordinates": [132.4676793, 34.43943]}, "properties": {"id": 771710427, "feat_type": "way", "quality_categories": "crossings_lacking_kerbs, missing_tags, older_than_five_years, replaceable_values", "issue_ids": "[0, 23, 2, 3]", "osm_url": "https://www.openstreetmap.org/way/771710427", "josm_url": "http://127.0.0.1:8111/load_object?new_layer=false&objects=w771710427", "id_url": "https://www.openstreetmap.org/edit?editor=id&way=771710427#map=20/34.43943/132.4676793"}}, {"type": "Feature", "geometry": {"type": "Point", "coordinates": [132.467575, 34.4392341]}, "properties": {"id": 771710429, "feat_type": "way", "quality_categories": "crossings_lacking_kerbs, missing_tags, older_than_five_years, replaceable_values", "issue_ids": "[0, 23, 2, 3]", "osm_url": "https://www.openstreetmap.org/way/771710429", "josm_url": "http://127.0.0.1:8111/load_object?new_layer=false&objects=w771710429", "id_url": "https://www.openstreetmap.org/edit?editor=id&way=771710429#map=20/34.4392341/132.467575"}}, {"type": "Feature", "geometry": {"type": "Point", "coordinates": [132.4675183, 34.4393761]}, "properties": {"id": 771710430, "feat_type": "way", "quality_categories": "crossings_lacking_kerbs, missing_tags, older_than_five_years, replaceable_values", "issue_ids": "[0, 23, 2, 3]", "osm_url": "https://www.openstreetmap.org/way/771710430", "josm_url": "http://127.0.0.1:8111/load_object?new_layer=false&objects=w771710430", "id_url": "https://www.openstreetmap.org/edit?editor=id&way=771710430#map=20/34.4393761/132.4675183"}}, {"type": "Feature", "geometry": {"type": "Point", "coordinates": [132.4669711, 34.4395317]}, "properties": {"id": 771710431, "feat_type": "way", "quality_categories": "crossings_lacking_kerbs, missing_tags, older_than_five_years, replaceable_values", "issue_ids": "[0, 23, 2, 3]", "osm_url": "https://www.openstreetmap.org/way/771710431", "josm_url": "http://127.0.0.1:8111/load_object?new_layer=false&objects=w771710431", "id_url": "https://www.openstreetmap.org/edit?editor=id&way=771710431#map=20/34.4395317/132.4669711"}}, {"type": "Feature", "geometry": {"type": "Point", "coordinates": [132.4681558, 34.4403621]}, "properties": {"id": 771713369, "feat_type": "way", "quality_categories": "crossings_lacking_kerbs, missing_tags, older_than_five_years, replaceable_values", "issue_ids": "[0, 23, 2, 3]", "osm_url": "https://www.openstreetmap.org/way/771713369", "josm_url": "http://127.0.0.1:8111/load_object?new_layer=false&objects=w771713369", "id_url": "https://www.openstreetmap.org/edit?editor=id&way=771713369#map=20/34.4403621/132.4681558"}}, {"type": "Feature", "geometry": {"type": "Point", "coordinates": [132.4690258, 34.4421422]}, "properties": {"id": 771713371, "feat_type": "way", "quality_categories": "crossings_lacking_kerbs, missing_tags, older_than_five_years, replaceable_values", "issue_ids": "[0, 23, 2, 3]", "osm_url": "https://www.openstreetmap.org/way/771713371", "josm_url": "http://127.0.0.1:8111/load_object?new_layer=false&objects=w771713371", "id_url": "https://www.openstreetmap.org/edit?editor=id&way=771713371#map=20/34.4421422/132.4690258"}}, {"type": "Feature", "geometry": {"type": "Point", "coordinates": [132.4688158, 34.4420505]}, "properties": {"id": 771713373, "feat_type": "way", "quality_categories": "crossings_lacking_kerbs, missing_tags, older_than_five_years, replaceable_values", "issue_ids": "[0, 27, 2, 3]", "osm_url": "https://www.openstreetmap.org/way/771713373", "josm_url": "http://127.0.0.1:8111/load_object?new_layer=false&objects=w771713373", "id_url": "https://www.openstreetmap.org/edit?editor=id&way=771713373#map=20/34.4420505/132.4688158"}}, {"type": "Feature", "geometry": {"type": "Point", "coordinates": [132.4689111, 34.4426795]}, "properties": {"id": 771716318, "feat_type": "way", "quality_categories": "crossings_lacking_kerbs, missing_tags, older_than_five_years, replaceable_values", "issue_ids": "[0, 23, 2, 3]", "osm_url": "https://www.openstreetmap.org/way/771716318", "josm_url": "http://127.0.0.1:8111/load_object?new_layer=false&objects=w771716318", "id_url": "https://www.openstreetmap.org/edit?editor=id&way=771716318#map=20/34.4426795/132.4689111"}}, {"type": "Feature", "geometry": {"type": "Point", "coordinates": [132.4688016, 34.4426044]}, "properties": {"id": 771716319, "feat_type": "way", "quality_categories": "crossings_lacking_kerbs, missing_tags, older_than_five_years, replaceable_values", "issue_ids": "[0, 23, 2, 3]", "osm_url": "https://www.openstreetmap.org/way/771716319", "josm_url": "http://127.0.0.1:8111/load_object?new_layer=false&objects=w771716319", "id_url": "https://www.openstreetmap.org/edit?editor=id&way=771716319#map=20/34.4426044/132.4688016"}}, {"type": "Feature", "geometry": {"type": "Point", "coordinates": [132.46922, 34.4450377]}, "properties": {"id": 771716321, "feat_type": "way", "quality_categories": "crossings_lacking_kerbs, missing_tags, older_than_five_years, replaceable_values", "issue_ids": "[0, 23, 2, 3]", "osm_url": "https://www.openstreetmap.org/way/771716321", "josm_url": "http://127.0.0.1:8111/load_object?new_layer=false&objects=w771716321", "id_url": "https://www.openstreetmap.org/edit?editor=id&way=771716321#map=20/34.4450377/132.46922"}}, {"type": "Feature", "geometry": {"type": "Point", "coordinates": [132.4690907, 34.4449617]}, "properties": {"id": 771716322, "feat_type": "way", "quality_categories": "crossings_lacking_kerbs, missing_tags, older_than_five_years, replaceable_values", "issue_ids": "[0, 23, 2, 3]", "osm_url": "https://www.openstreetmap.org/way/771716322", "josm_url": "http://127.0.0.1:8111/load_object?new_layer=false&objects=w771716322", "id_url": "https://www.openstreetmap.org/edit?editor=id&way=771716322#map=20/34.4449617/132.4690907"}}, {"type": "Feature", "geometry": {"type": "Point", "coordinates": [132.4698676, 34.4494743]}, "properties": {"id": 771716323, "feat_type": "way", "quality_categories": "crossings_lacking_kerbs, missing_tags, older_than_five_years, replaceable_values", "issue_ids": "[0, 23, 2, 3]", "osm_url": "https://www.openstreetmap.org/way/771716323", "josm_url": "http://127.0.0.1:8111/load_object?new_layer=false&objects=w771716323", "id_url": "https://www.openstreetmap.org/edit?editor=id&way=771716323#map=20/34.4494743/132.4698676"}}, {"type": "Feature", "geometry": {"type": "Point", "coordinates": [132.4696674, 34.4480948]}, "properties": {"id": 771716324, "feat_type": "way", "quality_categories": "crossings_lacking_kerbs, missing_tags, older_than_five_years, replaceable_values", "issue_ids": "[0, 23, 2, 3]", "osm_url": "https://www.openstreetmap.org/way/771716324", "josm_url": "http://127.0.0.1:8111/load_object?new_layer=false&objects=w771716324", "id_url": "https://www.openstreetmap.org/edit?editor=id&way=771716324#map=20/34.4480948/132.4696674"}}, {"type": "Feature", "geometry": {"type": "Point", "coordinates": [132.469528, 34.4470749]}, "properties": {"id": 771716325, "feat_type": "way", "quality_categories": "crossings_lacking_kerbs, missing_tags, older_than_five_years, replaceable_values", "issue_ids": "[0, 23, 2, 3]", "osm_url": "https://www.openstreetmap.org/way/771716325", "josm_url": "http://127.0.0.1:8111/load_object?new_layer=false&objects=w771716325", "id_url": "https://www.openstreetmap.org/edit?editor=id&way=771716325#map=20/34.4470749/132.469528"}}, {"type": "Feature", "geometry": {"type": "Point", "coordinates": [132.4691932, 34.4448427]}, "properties": {"id": 771716326, "feat_type": "way", "quality_categories": "crossings_lacking_kerbs, missing_tags, older_than_five_years, replaceable_values", "issue_ids": "[0, 23, 2, 3]", "osm_url": "https://www.openstreetmap.org/way/771716326", "josm_url": "http://127.0.0.1:8111/load_object?new_layer=false&objects=w771716326", "id_url": "https://www.openstreetmap.org/edit?editor=id&way=771716326#map=20/34.4448427/132.4691932"}}, {"type": "Feature", "geometry": {"type": "Point", "coordinates": [132.4699024, 34.4497434]}, "properties": {"id": 771719075, "feat_type": "way", "quality_categories": "crossings_lacking_kerbs, missing_tags, older_than_five_years, replaceable_values", "issue_ids": "[0, 23, 2, 3]", "osm_url": "https://www.openstreetmap.org/way/771719075", "josm_url": "http://127.0.0.1:8111/load_object?new_layer=false&objects=w771719075", "id_url": "https://www.openstreetmap.org/edit?editor=id&way=771719075#map=20/34.4497434/132.4699024"}}, {"type": "Feature", "geometry": {"type": "Point", "coordinates": [132.4700154, 34.4495878]}, "properties": {"id": 771719076, "feat_type": "way", "quality_categories": "crossings_lacking_kerbs, missing_tags, older_than_five_years, replaceable_values", "issue_ids": "[0, 23, 2, 3]", "osm_url": "https://www.openstreetmap.org/way/771719076", "josm_url": "http://127.0.0.1:8111/load_object?new_layer=false&objects=w771719076", "id_url": "https://www.openstreetmap.org/edit?editor=id&way=771719076#map=20/34.4495878/132.4700154"}}, {"type": "Feature", "geometry": {"type": "Point", "coordinates": [132.4699903, 34.4518257]}, "properties": {"id": 771719077, "feat_type": "way", "quality_categories": "crossings_lacking_kerbs, missing_tags, older_than_five_years, replaceable_values", "issue_ids": "[0, 23, 2, 3]", "osm_url": "https://www.openstreetmap.org/way/771719077", "josm_url": "http://127.0.0.1:8111/load_object?new_layer=false&objects=w771719077", "id_url": "https://www.openstreetmap.org/edit?editor=id&way=771719077#map=20/34.4518257/132.4699903"}}, {"type": "Feature", "geometry": {"type": "Point", "coordinates": [132.4702978, 34.4521324]}, "properties": {"id": 771719079, "feat_type": "way", "quality_categories": "crossings_lacking_kerbs, missing_tags, older_than_five_years, replaceable_values", "issue_ids": "[0, 23, 2, 3]", "osm_url": "https://www.openstreetmap.org/way/771719079", "josm_url": "http://127.0.0.1:8111/load_object?new_layer=false&objects=w771719079", "id_url": "https://www.openstreetmap.org/edit?editor=id&way=771719079#map=20/34.4521324/132.4702978"}}, {"type": "Feature", "geometry": {"type": "Point", "coordinates": [132.4700104, 34.4517379]}, "properties": {"id": 771719083, "feat_type": "way", "quality_categories": "crossings_lacking_kerbs, missing_tags, older_than_five_years, replaceable_values", "issue_ids": "[0, 23, 2, 3]", "osm_url": "https://www.openstreetmap.org/way/771719083", "josm_url": "http://127.0.0.1:8111/load_object?new_layer=false&objects=w771719083", "id_url": "https://www.openstreetmap.org/edit?editor=id&way=771719083#map=20/34.4517379/132.4700104"}}, {"type": "Feature", "geometry": {"type": "Point", "coordinates": [132.4701368, 34.4517682]}, "properties": {"id": 771719084, "feat_type": "way", "quality_categories": "crossings_lacking_kerbs, missing_tags, older_than_five_years, replaceable_values", "issue_ids": "[0, 23, 2, 3]", "osm_url": "https://www.openstreetmap.org/way/771719084", "josm_url": "http://127.0.0.1:8111/load_object?new_layer=false&objects=w771719084", "id_url": "https://www.openstreetmap.org/edit?editor=id&way=771719084#map=20/34.4517682/132.4701368"}}, {"type": "Feature", "geometry": {"type": "Point", "coordinates": [132.4703082, 34.4520547]}, "properties": {"id": 771719087, "feat_type": "way", "quality_categories": "crossings_lacking_kerbs, missing_tags, older_than_five_years, replaceable_values", "issue_ids": "[0, 23, 2, 3]", "osm_url": "https://www.openstreetmap.org/way/771719087", "josm_url": "http://127.0.0.1:8111/load_object?new_layer=false&objects=w771719087", "id_url": "https://www.openstreetmap.org/edit?editor=id&way=771719087#map=20/34.4520547/132.4703082"}}, {"type": "Feature", "geometry": {"type": "Point", "coordinates": [132.4701709, 34.4521044]}, "properties": {"id": 771719088, "feat_type": "way", "quality_categories": "crossings_lacking_kerbs, missing_tags, older_than_five_years, replaceable_values", "issue_ids": "[0, 23, 2, 3]", "osm_url": "https://www.openstreetmap.org/way/771719088", "josm_url": "http://127.0.0.1:8111/load_object?new_layer=false&objects=w771719088", "id_url": "https://www.openstreetmap.org/edit?editor=id&way=771719088#map=20/34.4521044/132.4701709"}}, {"type": "Feature", "geometry": {"type": "Point", "coordinates": [132.4715536, 34.4555204]}, "properties": {"id": 771721765, "feat_type": "way", "quality_categories": "crossings_lacking_kerbs, missing_tags, older_than_five_years, replaceable_values", "issue_ids": "[0, 23, 2, 3]", "osm_url": "https://www.openstreetmap.org/way/771721765", "josm_url": "http://127.0.0.1:8111/load_object?new_layer=false&objects=w771721765", "id_url": "https://www.openstreetmap.org/edit?editor=id&way=771721765#map=20/34.4555204/132.4715536"}}, {"type": "Feature", "geometry": {"type": "Point", "coordinates": [132.4716142, 34.4553288]}, "properties": {"id": 771721766, "feat_type": "way", "quality_categories": "crossings_lacking_kerbs, missing_tags, older_than_five_years, replaceable_values", "issue_ids": "[0, 27, 2, 3]", "osm_url": "https://www.openstreetmap.org/way/771721766", "josm_url": "http://127.0.0.1:8111/load_object?new_layer=false&objects=w771721766", "id_url": "https://www.openstreetmap.org/edit?editor=id&way=771721766#map=20/34.4553288/132.4716142"}}, {"type": "Feature", "geometry": {"type": "Point", "coordinates": [132.4706333, 34.456295]}, "properties": {"id": 771724389, "feat_type": "way", "quality_categories": "crossings_lacking_kerbs, missing_tags, older_than_five_years, replaceable_values", "issue_ids": "[0, 23, 2, 3]", "osm_url": "https://www.openstreetmap.org/way/771724389", "josm_url": "http://127.0.0.1:8111/load_object?new_layer=false&objects=w771724389", "id_url": "https://www.openstreetmap.org/edit?editor=id&way=771724389#map=20/34.456295/132.4706333"}}, {"type": "Feature", "geometry": {"type": "Point", "coordinates": [132.4673864, 34.4588139]}, "properties": {"id": 771724390, "feat_type": "way", "quality_categories": "crossings_lacking_kerbs, missing_tags, older_than_five_years, replaceable_values", "issue_ids": "[0, 23, 2, 3]", "osm_url": "https://www.openstreetmap.org/way/771724390", "josm_url": "http://127.0.0.1:8111/load_object?new_layer=false&objects=w771724390", "id_url": "https://www.openstreetmap.org/edit?editor=id&way=771724390#map=20/34.4588139/132.4673864"}}, {"type": "Feature", "geometry": {"type": "Point", "coordinates": [132.4706507, 34.456182]}, "properties": {"id": 771724391, "feat_type": "way", "quality_categories": "crossings_lacking_kerbs, missing_tags, older_than_five_years, replaceable_values", "issue_ids": "[0, 23, 2, 3]", "osm_url": "https://www.openstreetmap.org/way/771724391", "josm_url": "http://127.0.0.1:8111/load_object?new_layer=false&objects=w771724391", "id_url": "https://www.openstreetmap.org/edit?editor=id&way=771724391#map=20/34.456182/132.4706507"}}, {"type": "Feature", "geometry": {"type": "Point", "coordinates": [132.4707544, 34.4562931]}, "properties": {"id": 771724395, "feat_type": "way", "quality_categories": "crossings_lacking_kerbs, missing_tags, older_than_five_years, replaceable_values", "issue_ids": "[0, 23, 2, 3]", "osm_url": "https://www.openstreetmap.org/way/771724395", "josm_url": "http://127.0.0.1:8111/load_object?new_layer=false&objects=w771724395", "id_url": "https://www.openstreetmap.org/edit?editor=id&way=771724395#map=20/34.4562931/132.4707544"}}, {"type": "Feature", "geometry": {"type": "Point", "coordinates": [132.4688649, 34.4626215]}, "properties": {"id": 771740035, "feat_type": "way", "quality_categories": "crossings_lacking_kerbs, missing_tags, older_than_five_years, replaceable_values", "issue_ids": "[0, 27, 2, 3]", "osm_url": "https://www.openstreetmap.org/way/771740035", "josm_url": "http://127.0.0.1:8111/load_object?new_layer=false&objects=w771740035", "id_url": "https://www.openstreetmap.org/edit?editor=id&way=771740035#map=20/34.4626215/132.4688649"}}, {"type": "Feature", "geometry": {"type": "Point", "coordinates": [132.4692057, 34.4626987]}, "properties": {"id": 771740036, "feat_type": "way", "quality_categories": "crossings_lacking_kerbs, missing_tags, older_than_five_years, replaceable_values", "issue_ids": "[0, 27, 2, 3]", "osm_url": "https://www.openstreetmap.org/way/771740036", "josm_url": "http://127.0.0.1:8111/load_object?new_layer=false&objects=w771740036", "id_url": "https://www.openstreetmap.org/edit?editor=id&way=771740036#map=20/34.4626987/132.4692057"}}, {"type": "Feature", "geometry": {"type": "Point", "coordinates": [132.469187, 34.4624283]}, "properties": {"id": 771740038, "feat_type": "way", "quality_categories": "crossings_lacking_kerbs, missing_tags, older_than_five_years, replaceable_values", "issue_ids": "[0, 27, 2, 3]", "osm_url": "https://www.openstreetmap.org/way/771740038", "josm_url": "http://127.0.0.1:8111/load_object?new_layer=false&objects=w771740038", "id_url": "https://www.openstreetmap.org/edit?editor=id&way=771740038#map=20/34.4624283/132.469187"}}, {"type": "Feature", "geometry": {"type": "Point", "coordinates": [132.470062, 34.4645033]}, "properties": {"id": 771744321, "feat_type": "way", "quality_categories": "crossings_lacking_kerbs, missing_tags, older_than_five_years, replaceable_values", "issue_ids": "[0, 23, 2, 3]", "osm_url": "https://www.openstreetmap.org/way/771744321", "josm_url": "http://127.0.0.1:8111/load_object?new_layer=false&objects=w771744321", "id_url": "https://www.openstreetmap.org/edit?editor=id&way=771744321#map=20/34.4645033/132.470062"}}, {"type": "Feature", "geometry": {"type": "Point", "coordinates": [132.4704118, 34.4649113]}, "properties": {"id": 771744323, "feat_type": "way", "quality_categories": "crossings_lacking_kerbs, missing_tags, older_than_five_years, replaceable_values", "issue_ids": "[0, 23, 2, 3]", "osm_url": "https://www.openstreetmap.org/way/771744323", "josm_url": "http://127.0.0.1:8111/load_object?new_layer=false&objects=w771744323", "id_url": "https://www.openstreetmap.org/edit?editor=id&way=771744323#map=20/34.4649113/132.4704118"}}, {"type": "Feature", "geometry": {"type": "Point", "coordinates": [132.4702775, 34.4643328]}, "properties": {"id": 771744325, "feat_type": "way", "quality_categories": "crossings_lacking_kerbs, missing_tags, older_than_five_years, replaceable_values", "issue_ids": "[0, 27, 2, 3]", "osm_url": "https://www.openstreetmap.org/way/771744325", "josm_url": "http://127.0.0.1:8111/load_object?new_layer=false&objects=w771744325", "id_url": "https://www.openstreetmap.org/edit?editor=id&way=771744325#map=20/34.4643328/132.4702775"}}, {"type": "Feature", "geometry": {"type": "Point", "coordinates": [132.4706286, 34.4647266]}, "properties": {"id": 771744326, "feat_type": "way", "quality_categories": "crossings_lacking_kerbs, missing_tags, older_than_five_years, replaceable_values", "issue_ids": "[0, 23, 2, 3]", "osm_url": "https://www.openstreetmap.org/way/771744326", "josm_url": "http://127.0.0.1:8111/load_object?new_layer=false&objects=w771744326", "id_url": "https://www.openstreetmap.org/edit?editor=id&way=771744326#map=20/34.4647266/132.4706286"}}, {"type": "Feature", "geometry": {"type": "Point", "coordinates": [132.4716013, 34.46634]}, "properties": {"id": 771744329, "feat_type": "way", "quality_categories": "crossings_lacking_kerbs, missing_tags, older_than_five_years, replaceable_values", "issue_ids": "[0, 23, 2, 3]", "osm_url": "https://www.openstreetmap.org/way/771744329", "josm_url": "http://127.0.0.1:8111/load_object?new_layer=false&objects=w771744329", "id_url": "https://www.openstreetmap.org/edit?editor=id&way=771744329#map=20/34.46634/132.4716013"}}, {"type": "Feature", "geometry": {"type": "Point", "coordinates": [132.4715026, 34.4665403]}, "properties": {"id": 771744330, "feat_type": "way", "quality_categories": "crossings_lacking_kerbs, missing_tags, older_than_five_years, replaceable_values", "issue_ids": "[0, 23, 2, 3]", "osm_url": "https://www.openstreetmap.org/way/771744330", "josm_url": "http://127.0.0.1:8111/load_object?new_layer=false&objects=w771744330", "id_url": "https://www.openstreetmap.org/edit?editor=id&way=771744330#map=20/34.4665403/132.4715026"}}, {"type": "Feature", "geometry": {"type": "Point", "coordinates": [132.4717785, 34.466388]}, "properties": {"id": 771744331, "feat_type": "way", "quality_categories": "crossings_lacking_kerbs, missing_tags, older_than_five_years, replaceable_values", "issue_ids": "[0, 23, 2, 3]", "osm_url": "https://www.openstreetmap.org/way/771744331", "josm_url": "http://127.0.0.1:8111/load_object?new_layer=false&objects=w771744331", "id_url": "https://www.openstreetmap.org/edit?editor=id&way=771744331#map=20/34.466388/132.4717785"}}, {"type": "Feature", "geometry": {"type": "Point", "coordinates": [132.4706092, 34.4648866]}, "properties": {"id": 771744332, "feat_type": "way", "quality_categories": "crossings_lacking_kerbs, missing_tags, older_than_five_years, replaceable_values", "issue_ids": "[0, 23, 2, 3]", "osm_url": "https://www.openstreetmap.org/way/771744332", "josm_url": "http://127.0.0.1:8111/load_object?new_layer=false&objects=w771744332", "id_url": "https://www.openstreetmap.org/edit?editor=id&way=771744332#map=20/34.4648866/132.4706092"}}, {"type": "Feature", "geometry": {"type": "Point", "coordinates": [132.4640062, 34.4670705]}, "properties": {"id": 771747922, "feat_type": "way", "quality_categories": "crossings_lacking_kerbs, missing_tags, older_than_five_years, replaceable_values", "issue_ids": "[0, 23, 2, 3]", "osm_url": "https://www.openstreetmap.org/way/771747922", "josm_url": "http://127.0.0.1:8111/load_object?new_layer=false&objects=w771747922", "id_url": "https://www.openstreetmap.org/edit?editor=id&way=771747922#map=20/34.4670705/132.4640062"}}, {"type": "Feature", "geometry": {"type": "Point", "coordinates": [132.4638539, 34.4675982]}, "properties": {"id": 771747925, "feat_type": "way", "quality_categories": "crossings_lacking_kerbs, missing_tags, older_than_five_years, replaceable_values", "issue_ids": "[0, 27, 2, 3]", "osm_url": "https://www.openstreetmap.org/way/771747925", "josm_url": "http://127.0.0.1:8111/load_object?new_layer=false&objects=w771747925", "id_url": "https://www.openstreetmap.org/edit?editor=id&way=771747925#map=20/34.4675982/132.4638539"}}, {"type": "Feature", "geometry": {"type": "Point", "coordinates": [132.4641596, 34.4668988]}, "properties": {"id": 771747926, "feat_type": "way", "quality_categories": "crossings_lacking_kerbs, missing_tags, older_than_five_years, replaceable_values", "issue_ids": "[0, 23, 2, 3]", "osm_url": "https://www.openstreetmap.org/way/771747926", "josm_url": "http://127.0.0.1:8111/load_object?new_layer=false&objects=w771747926", "id_url": "https://www.openstreetmap.org/edit?editor=id&way=771747926#map=20/34.4668988/132.4641596"}}, {"type": "Feature", "geometry": {"type": "Point", "coordinates": [132.4639286, 34.46767]}, "properties": {"id": 771747927, "feat_type": "way", "quality_categories": "crossings_lacking_kerbs, missing_tags, older_than_five_years, replaceable_values", "issue_ids": "[0, 27, 2, 3]", "osm_url": "https://www.openstreetmap.org/way/771747927", "josm_url": "http://127.0.0.1:8111/load_object?new_layer=false&objects=w771747927", "id_url": "https://www.openstreetmap.org/edit?editor=id&way=771747927#map=20/34.46767/132.4639286"}}, {"type": "Feature", "geometry": {"type": "Point", "coordinates": [132.4642147, 34.4674834]}, "properties": {"id": 771747928, "feat_type": "way", "quality_categories": "crossings_lacking_kerbs, missing_tags, replaceable_values", "issue_ids": "[0, 2, 3]", "osm_url": "https://www.openstreetmap.org/way/771747928", "josm_url": "http://127.0.0.1:8111/load_object?new_layer=false&objects=w771747928", "id_url": "https://www.openstreetmap.org/edit?editor=id&way=771747928#map=20/34.4674834/132.4642147"}}, {"type": "Feature", "geometry": {"type": "Point", "coordinates": [132.4643544, 34.466969]}, "properties": {"id": 771747930, "feat_type": "way", "quality_categories": "crossings_lacking_kerbs, missing_tags, older_than_five_years, replaceable_values", "issue_ids": "[0, 23, 2, 3]", "osm_url": "https://www.openstreetmap.org/way/771747930", "josm_url": "http://127.0.0.1:8111/load_object?new_layer=false&objects=w771747930", "id_url": "https://www.openstreetmap.org/edit?editor=id&way=771747930#map=20/34.466969/132.4643544"}}, {"type": "Feature", "geometry": {"type": "Point", "coordinates": [132.4655678, 34.4662727]}, "properties": {"id": 771747933, "feat_type": "way", "quality_categories": "crossings_lacking_kerbs, missing_tags, older_than_five_years, replaceable_values", "issue_ids": "[0, 23, 2, 3]", "osm_url": "https://www.openstreetmap.org/way/771747933", "josm_url": "http://127.0.0.1:8111/load_object?new_layer=false&objects=w771747933", "id_url": "https://www.openstreetmap.org/edit?editor=id&way=771747933#map=20/34.4662727/132.4655678"}}, {"type": "Feature", "geometry": {"type": "Point", "coordinates": [132.4656995, 34.4661887]}, "properties": {"id": 771747934, "feat_type": "way", "quality_categories": "crossings_lacking_kerbs, missing_tags, older_than_five_years, replaceable_values", "issue_ids": "[0, 23, 2, 3]", "osm_url": "https://www.openstreetmap.org/way/771747934", "josm_url": "http://127.0.0.1:8111/load_object?new_layer=false&objects=w771747934", "id_url": "https://www.openstreetmap.org/edit?editor=id&way=771747934#map=20/34.4661887/132.4656995"}}, {"type": "Feature", "geometry": {"type": "Point", "coordinates": [132.465677, 34.4662997]}, "properties": {"id": 771747935, "feat_type": "way", "quality_categories": "crossings_lacking_kerbs, missing_tags, older_than_five_years, replaceable_values", "issue_ids": "[0, 23, 2, 3]", "osm_url": "https://www.openstreetmap.org/way/771747935", "josm_url": "http://127.0.0.1:8111/load_object?new_layer=false&objects=w771747935", "id_url": "https://www.openstreetmap.org/edit?editor=id&way=771747935#map=20/34.4662997/132.465677"}}, {"type": "Feature", "geometry": {"type": "Point", "coordinates": [132.4700678, 34.4418974]}, "properties": {"id": 771758143, "feat_type": "way", "quality_categories": "crossings_lacking_kerbs, missing_tags, older_than_five_years, replaceable_values", "issue_ids": "[0, 27, 2, 3]", "osm_url": "https://www.openstreetmap.org/way/771758143", "josm_url": "http://127.0.0.1:8111/load_object?new_layer=false&objects=w771758143", "id_url": "https://www.openstreetmap.org/edit?editor=id&way=771758143#map=20/34.4418974/132.4700678"}}, {"type": "Feature", "geometry": {"type": "Point", "coordinates": [132.4672056, 34.458739]}, "properties": {"id": 772236706, "feat_type": "way", "quality_categories": "crossings_lacking_kerbs, missing_tags, older_than_five_years, replaceable_values", "issue_ids": "[0, 23, 2, 3]", "osm_url": "https://www.openstreetmap.org/way/772236706", "josm_url": "http://127.0.0.1:8111/load_object?new_layer=false&objects=w772236706", "id_url": "https://www.openstreetmap.org/edit?editor=id&way=772236706#map=20/34.458739/132.4672056"}}, {"type": "Feature", "geometry": {"type": "Point", "coordinates": [132.4710526, 34.452602]}, "properties": {"id": 772247394, "feat_type": "way", "quality_categories": "crossings_lacking_kerbs, missing_tags, older_than_five_years, replaceable_values", "issue_ids": "[0, 23, 2, 3]", "osm_url": "https://www.openstreetmap.org/way/772247394", "josm_url": "http://127.0.0.1:8111/load_object?new_layer=false&objects=w772247394", "id_url": "https://www.openstreetmap.org/edit?editor=id&way=772247394#map=20/34.452602/132.4710526"}}, {"type": "Feature", "geometry": {"type": "Point", "coordinates": [132.4700122, 34.450647]}, "properties": {"id": 772248303, "feat_type": "way", "quality_categories": "crossings_lacking_kerbs, missing_tags, older_than_five_years, replaceable_values", "issue_ids": "[0, 23, 2, 3]", "osm_url": "https://www.openstreetmap.org/way/772248303", "josm_url": "http://127.0.0.1:8111/load_object?new_layer=false&objects=w772248303", "id_url": "https://www.openstreetmap.org/edit?editor=id&way=772248303#map=20/34.450647/132.4700122"}}, {"type": "Feature", "geometry": {"type": "Point", "coordinates": [132.4685667, 34.4578958]}, "properties": {"id": 772248304, "feat_type": "way", "quality_categories": "crossings_lacking_kerbs, missing_tags, older_than_five_years, replaceable_values", "issue_ids": "[0, 23, 2, 3]", "osm_url": "https://www.openstreetmap.org/way/772248304", "josm_url": "http://127.0.0.1:8111/load_object?new_layer=false&objects=w772248304", "id_url": "https://www.openstreetmap.org/edit?editor=id&way=772248304#map=20/34.4578958/132.4685667"}}, {"type": "Feature", "geometry": {"type": "Point", "coordinates": [132.4777101, 34.4430752]}, "properties": {"id": 772255308, "feat_type": "way", "quality_categories": "crossings_lacking_kerbs, missing_tags, older_than_five_years, replaceable_values", "issue_ids": "[0, 23, 2, 3]", "osm_url": "https://www.openstreetmap.org/way/772255308", "josm_url": "http://127.0.0.1:8111/load_object?new_layer=false&objects=w772255308", "id_url": "https://www.openstreetmap.org/edit?editor=id&way=772255308#map=20/34.4430752/132.4777101"}}, {"type": "Feature", "geometry": {"type": "Point", "coordinates": [132.4777492, 34.4432276]}, "properties": {"id": 772255309, "feat_type": "way", "quality_categories": "crossings_lacking_kerbs, missing_tags, older_than_five_years, replaceable_values", "issue_ids": "[0, 23, 2, 3]", "osm_url": "https://www.openstreetmap.org/way/772255309", "josm_url": "http://127.0.0.1:8111/load_object?new_layer=false&objects=w772255309", "id_url": "https://www.openstreetmap.org/edit?editor=id&way=772255309#map=20/34.4432276/132.4777492"}}, {"type": "Feature", "geometry": {"type": "Point", "coordinates": [132.4778705, 34.443201]}, "properties": {"id": 772255310, "feat_type": "way", "quality_categories": "crossings_lacking_kerbs, missing_tags, older_than_five_years, replaceable_values", "issue_ids": "[0, 23, 2, 3]", "osm_url": "https://www.openstreetmap.org/way/772255310", "josm_url": "http://127.0.0.1:8111/load_object?new_layer=false&objects=w772255310", "id_url": "https://www.openstreetmap.org/edit?editor=id&way=772255310#map=20/34.443201/132.4778705"}}, {"type": "Feature", "geometry": {"type": "Point", "coordinates": [132.4808322, 34.4443428]}, "properties": {"id": 772255312, "feat_type": "way", "quality_categories": "crossings_lacking_kerbs, missing_tags, older_than_five_years, replaceable_values", "issue_ids": "[0, 23, 2, 3]", "osm_url": "https://www.openstreetmap.org/way/772255312", "josm_url": "http://127.0.0.1:8111/load_object?new_layer=false&objects=w772255312", "id_url": "https://www.openstreetmap.org/edit?editor=id&way=772255312#map=20/34.4443428/132.4808322"}}, {"type": "Feature", "geometry": {"type": "Point", "coordinates": [132.4786715, 34.4434861]}, "properties": {"id": 772255314, "feat_type": "way", "quality_categories": "crossings_lacking_kerbs, missing_tags, older_than_five_years, replaceable_values", "issue_ids": "[0, 23, 2, 3]", "osm_url": "https://www.openstreetmap.org/way/772255314", "josm_url": "http://127.0.0.1:8111/load_object?new_layer=false&objects=w772255314", "id_url": "https://www.openstreetmap.org/edit?editor=id&way=772255314#map=20/34.4434861/132.4786715"}}, {"type": "Feature", "geometry": {"type": "Point", "coordinates": [132.4797495, 34.4439072]}, "properties": {"id": 772255315, "feat_type": "way", "quality_categories": "crossings_lacking_kerbs, missing_tags, older_than_five_years, replaceable_values", "issue_ids": "[0, 23, 2, 3]", "osm_url": "https://www.openstreetmap.org/way/772255315", "josm_url": "http://127.0.0.1:8111/load_object?new_layer=false&objects=w772255315", "id_url": "https://www.openstreetmap.org/edit?editor=id&way=772255315#map=20/34.4439072/132.4797495"}}, {"type": "Feature", "geometry": {"type": "Point", "coordinates": [132.4813989, 34.4445956]}, "properties": {"id": 772255316, "feat_type": "way", "quality_categories": "crossings_lacking_kerbs, missing_tags, older_than_five_years, replaceable_values", "issue_ids": "[0, 23, 2, 3]", "osm_url": "https://www.openstreetmap.org/way/772255316", "josm_url": "http://127.0.0.1:8111/load_object?new_layer=false&objects=w772255316", "id_url": "https://www.openstreetmap.org/edit?editor=id&way=772255316#map=20/34.4445956/132.4813989"}}, {"type": "Feature", "geometry": {"type": "Point", "coordinates": [132.4816596, 34.4447232]}, "properties": {"id": 772255318, "feat_type": "way", "quality_categories": "crossings_lacking_kerbs, missing_tags, older_than_five_years, replaceable_values", "issue_ids": "[0, 23, 2, 3]", "osm_url": "https://www.openstreetmap.org/way/772255318", "josm_url": "http://127.0.0.1:8111/load_object?new_layer=false&objects=w772255318", "id_url": "https://www.openstreetmap.org/edit?editor=id&way=772255318#map=20/34.4447232/132.4816596"}}, {"type": "Feature", "geometry": {"type": "Point", "coordinates": [132.4817126, 34.4448403]}, "properties": {"id": 772255322, "feat_type": "way", "quality_categories": "crossings_lacking_kerbs, missing_tags, older_than_five_years, replaceable_values", "issue_ids": "[0, 23, 2, 3]", "osm_url": "https://www.openstreetmap.org/way/772255322", "josm_url": "http://127.0.0.1:8111/load_object?new_layer=false&objects=w772255322", "id_url": "https://www.openstreetmap.org/edit?editor=id&way=772255322#map=20/34.4448403/132.4817126"}}, {"type": "Feature", "geometry": {"type": "Point", "coordinates": [132.4815457, 34.4444851]}, "properties": {"id": 772255323, "feat_type": "way", "quality_categories": "crossings_lacking_kerbs, missing_tags, older_than_five_years, replaceable_values", "issue_ids": "[0, 23, 2, 3]", "osm_url": "https://www.openstreetmap.org/way/772255323", "josm_url": "http://127.0.0.1:8111/load_object?new_layer=false&objects=w772255323", "id_url": "https://www.openstreetmap.org/edit?editor=id&way=772255323#map=20/34.4444851/132.4815457"}}, {"type": "Feature", "geometry": {"type": "Point", "coordinates": [132.4774677, 34.4641058]}, "properties": {"id": 773641940, "feat_type": "way", "quality_categories": "crossings_lacking_kerbs, missing_tags, older_than_five_years, replaceable_values", "issue_ids": "[0, 22, 2, 3]", "osm_url": "https://www.openstreetmap.org/way/773641940", "josm_url": "http://127.0.0.1:8111/load_object?new_layer=false&objects=w773641940", "id_url": "https://www.openstreetmap.org/edit?editor=id&way=773641940#map=20/34.4641058/132.4774677"}}, {"type": "Feature", "geometry": {"type": "Point", "coordinates": [132.4773992, 34.4648096]}, "properties": {"id": 773641944, "feat_type": "way", "quality_categories": "crossings_lacking_kerbs, missing_tags, older_than_five_years, replaceable_values", "issue_ids": "[0, 22, 2, 3]", "osm_url": "https://www.openstreetmap.org/way/773641944", "josm_url": "http://127.0.0.1:8111/load_object?new_layer=false&objects=w773641944", "id_url": "https://www.openstreetmap.org/edit?editor=id&way=773641944#map=20/34.4648096/132.4773992"}}, {"type": "Feature", "geometry": {"type": "Point", "coordinates": [132.4776155, 34.4648585]}, "properties": {"id": 773641945, "feat_type": "way", "quality_categories": "crossings_lacking_kerbs, missing_tags, older_than_five_years, replaceable_values", "issue_ids": "[0, 22, 2, 3]", "osm_url": "https://www.openstreetmap.org/way/773641945", "josm_url": "http://127.0.0.1:8111/load_object?new_layer=false&objects=w773641945", "id_url": "https://www.openstreetmap.org/edit?editor=id&way=773641945#map=20/34.4648585/132.4776155"}}, {"type": "Feature", "geometry": {"type": "Point", "coordinates": [132.4772199, 34.4655554]}, "properties": {"id": 773641952, "feat_type": "way", "quality_categories": "crossings_lacking_kerbs, missing_tags, older_than_five_years, replaceable_values", "issue_ids": "[0, 22, 2, 3]", "osm_url": "https://www.openstreetmap.org/way/773641952", "josm_url": "http://127.0.0.1:8111/load_object?new_layer=false&objects=w773641952", "id_url": "https://www.openstreetmap.org/edit?editor=id&way=773641952#map=20/34.4655554/132.4772199"}}, {"type": "Feature", "geometry": {"type": "Point", "coordinates": [132.4773629, 34.4657759]}, "properties": {"id": 773641953, "feat_type": "way", "quality_categories": "crossings_lacking_kerbs, missing_tags, older_than_five_years, replaceable_values", "issue_ids": "[0, 22, 2, 3]", "osm_url": "https://www.openstreetmap.org/way/773641953", "josm_url": "http://127.0.0.1:8111/load_object?new_layer=false&objects=w773641953", "id_url": "https://www.openstreetmap.org/edit?editor=id&way=773641953#map=20/34.4657759/132.4773629"}}, {"type": "Feature", "geometry": {"type": "Point", "coordinates": [132.4770427, 34.4657595]}, "properties": {"id": 773641955, "feat_type": "way", "quality_categories": "crossings_lacking_kerbs, missing_tags, older_than_five_years, replaceable_values", "issue_ids": "[0, 22, 2, 3]", "osm_url": "https://www.openstreetmap.org/way/773641955", "josm_url": "http://127.0.0.1:8111/load_object?new_layer=false&objects=w773641955", "id_url": "https://www.openstreetmap.org/edit?editor=id&way=773641955#map=20/34.4657595/132.4770427"}}, {"type": "Feature", "geometry": {"type": "Point", "coordinates": [132.4778899, 34.4657933]}, "properties": {"id": 773827087, "feat_type": "way", "quality_categories": "crossings_lacking_kerbs, missing_tags, older_than_five_years, replaceable_values", "issue_ids": "[0, 21, 2, 3]", "osm_url": "https://www.openstreetmap.org/way/773827087", "josm_url": "http://127.0.0.1:8111/load_object?new_layer=false&objects=w773827087", "id_url": "https://www.openstreetmap.org/edit?editor=id&way=773827087#map=20/34.4657933/132.4778899"}}, {"type": "Feature", "geometry": {"type": "Point", "coordinates": [132.4778173, 34.4656406]}, "properties": {"id": 773827089, "feat_type": "way", "quality_categories": "crossings_lacking_kerbs, missing_tags, older_than_five_years, replaceable_values", "issue_ids": "[0, 21, 2, 3]", "osm_url": "https://www.openstreetmap.org/way/773827089", "josm_url": "http://127.0.0.1:8111/load_object?new_layer=false&objects=w773827089", "id_url": "https://www.openstreetmap.org/edit?editor=id&way=773827089#map=20/34.4656406/132.4778173"}}, {"type": "Feature", "geometry": {"type": "Point", "coordinates": [132.4796366, 34.4694831]}, "properties": {"id": 773840433, "feat_type": "way", "quality_categories": "crossings_lacking_kerbs, missing_tags, older_than_five_years, replaceable_values", "issue_ids": "[0, 21, 2, 3]", "osm_url": "https://www.openstreetmap.org/way/773840433", "josm_url": "http://127.0.0.1:8111/load_object?new_layer=false&objects=w773840433", "id_url": "https://www.openstreetmap.org/edit?editor=id&way=773840433#map=20/34.4694831/132.4796366"}}, {"type": "Feature", "geometry": {"type": "Point", "coordinates": [132.4804892, 34.4650482]}, "properties": {"id": 773848210, "feat_type": "way", "quality_categories": "crossings_lacking_kerbs, missing_tags, older_than_five_years, replaceable_values", "issue_ids": "[0, 21, 2, 3]", "osm_url": "https://www.openstreetmap.org/way/773848210", "josm_url": "http://127.0.0.1:8111/load_object?new_layer=false&objects=w773848210", "id_url": "https://www.openstreetmap.org/edit?editor=id&way=773848210#map=20/34.4650482/132.4804892"}}, {"type": "Feature", "geometry": {"type": "Point", "coordinates": [132.4759589, 34.4657823]}, "properties": {"id": 774859011, "feat_type": "way", "quality_categories": "crossings_lacking_kerbs, missing_tags, older_than_five_years, replaceable_values", "issue_ids": "[0, 24, 2, 3]", "osm_url": "https://www.openstreetmap.org/way/774859011", "josm_url": "http://127.0.0.1:8111/load_object?new_layer=false&objects=w774859011", "id_url": "https://www.openstreetmap.org/edit?editor=id&way=774859011#map=20/34.4657823/132.4759589"}}, {"type": "Feature", "geometry": {"type": "Point", "coordinates": [132.4729285, 34.465729]}, "properties": {"id": 774859017, "feat_type": "way", "quality_categories": "crossings_lacking_kerbs, missing_tags, older_than_five_years, replaceable_values", "issue_ids": "[0, 24, 2, 3]", "osm_url": "https://www.openstreetmap.org/way/774859017", "josm_url": "http://127.0.0.1:8111/load_object?new_layer=false&objects=w774859017", "id_url": "https://www.openstreetmap.org/edit?editor=id&way=774859017#map=20/34.465729/132.4729285"}}, {"type": "Feature", "geometry": {"type": "Point", "coordinates": [132.4730103, 34.465883]}, "properties": {"id": 774859019, "feat_type": "way", "quality_categories": "crossings_lacking_kerbs, missing_tags, older_than_five_years, replaceable_values", "issue_ids": "[0, 24, 2, 3]", "osm_url": "https://www.openstreetmap.org/way/774859019", "josm_url": "http://127.0.0.1:8111/load_object?new_layer=false&objects=w774859019", "id_url": "https://www.openstreetmap.org/edit?editor=id&way=774859019#map=20/34.465883/132.4730103"}}, {"type": "Feature", "geometry": {"type": "Point", "coordinates": [132.4728567, 34.4658536]}, "properties": {"id": 774859020, "feat_type": "way", "quality_categories": "crossings_lacking_kerbs, missing_tags, older_than_five_years, replaceable_values", "issue_ids": "[0, 24, 2, 3]", "osm_url": "https://www.openstreetmap.org/way/774859020", "josm_url": "http://127.0.0.1:8111/load_object?new_layer=false&objects=w774859020", "id_url": "https://www.openstreetmap.org/edit?editor=id&way=774859020#map=20/34.4658536/132.4728567"}}, {"type": "Feature", "geometry": {"type": "Point", "coordinates": [132.4290077, 34.4723318]}, "properties": {"id": 776031144, "feat_type": "way", "quality_categories": "crossings_lacking_kerbs, missing_tags, older_than_five_years, replaceable_values", "issue_ids": "[0, 28, 2, 3]", "osm_url": "https://www.openstreetmap.org/way/776031144", "josm_url": "http://127.0.0.1:8111/load_object?new_layer=false&objects=w776031144", "id_url": "https://www.openstreetmap.org/edit?editor=id&way=776031144#map=20/34.4723318/132.4290077"}}, {"type": "Feature", "geometry": {"type": "Point", "coordinates": [132.4289221, 34.4712633]}, "properties": {"id": 776031150, "feat_type": "way", "quality_categories": "disjointed_geometries, missing_tags, replaceable_values", "issue_ids": "[0, 2, 13]", "osm_url": "https://www.openstreetmap.org/way/776031150", "josm_url": "http://127.0.0.1:8111/load_object?new_layer=false&objects=w776031150", "id_url": "https://www.openstreetmap.org/edit?editor=id&way=776031150#map=20/34.4712633/132.4289221"}}, {"type": "Feature", "geometry": {"type": "Point", "coordinates": [132.4301972, 34.4728326]}, "properties": {"id": 776031152, "feat_type": "way", "quality_categories": "crossings_lacking_kerbs, missing_tags, older_than_five_years, replaceable_values", "issue_ids": "[0, 28, 2, 3]", "osm_url": "https://www.openstreetmap.org/way/776031152", "josm_url": "http://127.0.0.1:8111/load_object?new_layer=false&objects=w776031152", "id_url": "https://www.openstreetmap.org/edit?editor=id&way=776031152#map=20/34.4728326/132.4301972"}}, {"type": "Feature", "geometry": {"type": "Point", "coordinates": [132.4304421, 34.4726695]}, "properties": {"id": 776031154, "feat_type": "way", "quality_categories": "crossings_lacking_kerbs, missing_tags, older_than_five_years, replaceable_values", "issue_ids": "[0, 28, 2, 3]", "osm_url": "https://www.openstreetmap.org/way/776031154", "josm_url": "http://127.0.0.1:8111/load_object?new_layer=false&objects=w776031154", "id_url": "https://www.openstreetmap.org/edit?editor=id&way=776031154#map=20/34.4726695/132.4304421"}}, {"type": "Feature", "geometry": {"type": "Point", "coordinates": [132.4301049, 34.472697]}, "properties": {"id": 776031155, "feat_type": "way", "quality_categories": "crossings_lacking_kerbs, missing_tags, older_than_five_years, replaceable_values", "issue_ids": "[0, 28, 2, 3]", "osm_url": "https://www.openstreetmap.org/way/776031155", "josm_url": "http://127.0.0.1:8111/load_object?new_layer=false&objects=w776031155", "id_url": "https://www.openstreetmap.org/edit?editor=id&way=776031155#map=20/34.472697/132.4301049"}}, {"type": "Feature", "geometry": {"type": "Point", "coordinates": [132.4303803, 34.4725216]}, "properties": {"id": 776031157, "feat_type": "way", "quality_categories": "crossings_lacking_kerbs, missing_tags, older_than_five_years, replaceable_values", "issue_ids": "[0, 28, 2, 3]", "osm_url": "https://www.openstreetmap.org/way/776031157", "josm_url": "http://127.0.0.1:8111/load_object?new_layer=false&objects=w776031157", "id_url": "https://www.openstreetmap.org/edit?editor=id&way=776031157#map=20/34.4725216/132.4303803"}}, {"type": "Feature", "geometry": {"type": "Point", "coordinates": [132.4447422, 34.4758024]}, "properties": {"id": 776046025, "feat_type": "way", "quality_categories": "crossings_lacking_kerbs, missing_tags, older_than_five_years, replaceable_values", "issue_ids": "[0, 28, 2, 3]", "osm_url": "https://www.openstreetmap.org/way/776046025", "josm_url": "http://127.0.0.1:8111/load_object?new_layer=false&objects=w776046025", "id_url": "https://www.openstreetmap.org/edit?editor=id&way=776046025#map=20/34.4758024/132.4447422"}}, {"type": "Feature", "geometry": {"type": "Point", "coordinates": [132.5182412, 34.5320266]}, "properties": {"id": 776604943, "feat_type": "way", "quality_categories": "crossings_lacking_kerbs, missing_tags, older_than_five_years, replaceable_values", "issue_ids": "[0, 29, 2, 3]", "osm_url": "https://www.openstreetmap.org/way/776604943", "josm_url": "http://127.0.0.1:8111/load_object?new_layer=false&objects=w776604943", "id_url": "https://www.openstreetmap.org/edit?editor=id&way=776604943#map=20/34.5320266/132.5182412"}}, {"type": "Feature", "geometry": {"type": "Point", "coordinates": [132.5180363, 34.5317839]}, "properties": {"id": 776604946, "feat_type": "way", "quality_categories": "crossings_lacking_kerbs, missing_tags, older_than_five_years, replaceable_values", "issue_ids": "[0, 30, 2, 3]", "osm_url": "https://www.openstreetmap.org/way/776604946", "josm_url": "http://127.0.0.1:8111/load_object?new_layer=false&objects=w776604946", "id_url": "https://www.openstreetmap.org/edit?editor=id&way=776604946#map=20/34.5317839/132.5180363"}}, {"type": "Feature", "geometry": {"type": "Point", "coordinates": [132.520966, 34.5350401]}, "properties": {"id": 776616755, "feat_type": "way", "quality_categories": "crossings_lacking_kerbs, missing_tags, older_than_five_years, replaceable_values", "issue_ids": "[0, 30, 2, 3]", "osm_url": "https://www.openstreetmap.org/way/776616755", "josm_url": "http://127.0.0.1:8111/load_object?new_layer=false&objects=w776616755", "id_url": "https://www.openstreetmap.org/edit?editor=id&way=776616755#map=20/34.5350401/132.520966"}}, {"type": "Feature", "geometry": {"type": "Point", "coordinates": [132.5166784, 34.5305992]}, "properties": {"id": 776616760, "feat_type": "way", "quality_categories": "crossings_lacking_kerbs, missing_tags, older_than_five_years, replaceable_values", "issue_ids": "[0, 30, 2, 3]", "osm_url": "https://www.openstreetmap.org/way/776616760", "josm_url": "http://127.0.0.1:8111/load_object?new_layer=false&objects=w776616760", "id_url": "https://www.openstreetmap.org/edit?editor=id&way=776616760#map=20/34.5305992/132.5166784"}}, {"type": "Feature", "geometry": {"type": "Point", "coordinates": [132.5167014, 34.5304654]}, "properties": {"id": 776616761, "feat_type": "way", "quality_categories": "crossings_lacking_kerbs, missing_tags, older_than_five_years, replaceable_values", "issue_ids": "[0, 30, 2, 3]", "osm_url": "https://www.openstreetmap.org/way/776616761", "josm_url": "http://127.0.0.1:8111/load_object?new_layer=false&objects=w776616761", "id_url": "https://www.openstreetmap.org/edit?editor=id&way=776616761#map=20/34.5304654/132.5167014"}}, {"type": "Feature", "geometry": {"type": "Point", "coordinates": [132.5168455, 34.5306251]}, "properties": {"id": 776616762, "feat_type": "way", "quality_categories": "crossings_lacking_kerbs, missing_tags, older_than_five_years, replaceable_values", "issue_ids": "[0, 30, 2, 3]", "osm_url": "https://www.openstreetmap.org/way/776616762", "josm_url": "http://127.0.0.1:8111/load_object?new_layer=false&objects=w776616762", "id_url": "https://www.openstreetmap.org/edit?editor=id&way=776616762#map=20/34.5306251/132.5168455"}}, {"type": "Feature", "geometry": {"type": "Point", "coordinates": [132.5258408, 34.5395214]}, "properties": {"id": 776616775, "feat_type": "way", "quality_categories": "crossings_lacking_kerbs, missing_tags, older_than_five_years, replaceable_values", "issue_ids": "[0, 30, 2, 3]", "osm_url": "https://www.openstreetmap.org/way/776616775", "josm_url": "http://127.0.0.1:8111/load_object?new_layer=false&objects=w776616775", "id_url": "https://www.openstreetmap.org/edit?editor=id&way=776616775#map=20/34.5395214/132.5258408"}}, {"type": "Feature", "geometry": {"type": "Point", "coordinates": [132.4666536, 34.4376635]}, "properties": {"id": 777260046, "feat_type": "way", "quality_categories": "crossings_lacking_kerbs, missing_tags, older_than_five_years, replaceable_values", "issue_ids": "[0, 31, 2, 3]", "osm_url": "https://www.openstreetmap.org/way/777260046", "josm_url": "http://127.0.0.1:8111/load_object?new_layer=false&objects=w777260046", "id_url": "https://www.openstreetmap.org/edit?editor=id&way=777260046#map=20/34.4376635/132.4666536"}}, {"type": "Feature", "geometry": {"type": "Point", "coordinates": [132.462445, 34.4311345]}, "properties": {"id": 777260049, "feat_type": "way", "quality_categories": "crossings_lacking_kerbs, missing_tags, older_than_five_years, replaceable_values", "issue_ids": "[0, 31, 2, 3]", "osm_url": "https://www.openstreetmap.org/way/777260049", "josm_url": "http://127.0.0.1:8111/load_object?new_layer=false&objects=w777260049", "id_url": "https://www.openstreetmap.org/edit?editor=id&way=777260049#map=20/34.4311345/132.462445"}}, {"type": "Feature", "geometry": {"type": "Point", "coordinates": [132.4635001, 34.4322617]}, "properties": {"id": 777260050, "feat_type": "way", "quality_categories": "crossings_lacking_kerbs, missing_tags, older_than_five_years, replaceable_values", "issue_ids": "[0, 32, 2, 3]", "osm_url": "https://www.openstreetmap.org/way/777260050", "josm_url": "http://127.0.0.1:8111/load_object?new_layer=false&objects=w777260050", "id_url": "https://www.openstreetmap.org/edit?editor=id&way=777260050#map=20/34.4322617/132.4635001"}}, {"type": "Feature", "geometry": {"type": "Point", "coordinates": [132.4632845, 34.432033]}, "properties": {"id": 777260051, "feat_type": "way", "quality_categories": "crossings_lacking_kerbs, missing_tags, older_than_five_years, replaceable_values", "issue_ids": "[0, 31, 2, 3]", "osm_url": "https://www.openstreetmap.org/way/777260051", "josm_url": "http://127.0.0.1:8111/load_object?new_layer=false&objects=w777260051", "id_url": "https://www.openstreetmap.org/edit?editor=id&way=777260051#map=20/34.432033/132.4632845"}}, {"type": "Feature", "geometry": {"type": "Point", "coordinates": [132.4648337, 34.4338904]}, "properties": {"id": 777260052, "feat_type": "way", "quality_categories": "crossings_lacking_kerbs, missing_tags, older_than_five_years, replaceable_values", "issue_ids": "[0, 31, 2, 3]", "osm_url": "https://www.openstreetmap.org/way/777260052", "josm_url": "http://127.0.0.1:8111/load_object?new_layer=false&objects=w777260052", "id_url": "https://www.openstreetmap.org/edit?editor=id&way=777260052#map=20/34.4338904/132.4648337"}}, {"type": "Feature", "geometry": {"type": "Point", "coordinates": [132.464944, 34.4341162]}, "properties": {"id": 777260053, "feat_type": "way", "quality_categories": "crossings_lacking_kerbs, missing_tags, older_than_five_years, replaceable_values", "issue_ids": "[0, 31, 2, 3]", "osm_url": "https://www.openstreetmap.org/way/777260053", "josm_url": "http://127.0.0.1:8111/load_object?new_layer=false&objects=w777260053", "id_url": "https://www.openstreetmap.org/edit?editor=id&way=777260053#map=20/34.4341162/132.464944"}}, {"type": "Feature", "geometry": {"type": "Point", "coordinates": [132.4653632, 34.4349028]}, "properties": {"id": 777260054, "feat_type": "way", "quality_categories": "crossings_lacking_kerbs, missing_tags, older_than_five_years, replaceable_values", "issue_ids": "[0, 31, 2, 3]", "osm_url": "https://www.openstreetmap.org/way/777260054", "josm_url": "http://127.0.0.1:8111/load_object?new_layer=false&objects=w777260054", "id_url": "https://www.openstreetmap.org/edit?editor=id&way=777260054#map=20/34.4349028/132.4653632"}}, {"type": "Feature", "geometry": {"type": "Point", "coordinates": [132.4654859, 34.4351455]}, "properties": {"id": 777260055, "feat_type": "way", "quality_categories": "crossings_lacking_kerbs, missing_tags, older_than_five_years, replaceable_values", "issue_ids": "[0, 31, 2, 3]", "osm_url": "https://www.openstreetmap.org/way/777260055", "josm_url": "http://127.0.0.1:8111/load_object?new_layer=false&objects=w777260055", "id_url": "https://www.openstreetmap.org/edit?editor=id&way=777260055#map=20/34.4351455/132.4654859"}}, {"type": "Feature", "geometry": {"type": "Point", "coordinates": [132.4653444, 34.4350647]}, "properties": {"id": 777260056, "feat_type": "way", "quality_categories": "crossings_lacking_kerbs, missing_tags, older_than_five_years, replaceable_values", "issue_ids": "[0, 31, 2, 3]", "osm_url": "https://www.openstreetmap.org/way/777260056", "josm_url": "http://127.0.0.1:8111/load_object?new_layer=false&objects=w777260056", "id_url": "https://www.openstreetmap.org/edit?editor=id&way=777260056#map=20/34.4350647/132.4653444"}}, {"type": "Feature", "geometry": {"type": "Point", "coordinates": [132.4660641, 34.4362774]}, "properties": {"id": 777260057, "feat_type": "way", "quality_categories": "crossings_lacking_kerbs, missing_tags, older_than_five_years, replaceable_values", "issue_ids": "[0, 31, 2, 3]", "osm_url": "https://www.openstreetmap.org/way/777260057", "josm_url": "http://127.0.0.1:8111/load_object?new_layer=false&objects=w777260057", "id_url": "https://www.openstreetmap.org/edit?editor=id&way=777260057#map=20/34.4362774/132.4660641"}}, {"type": "Feature", "geometry": {"type": "Point", "coordinates": [132.4667875, 34.4377102]}, "properties": {"id": 777260058, "feat_type": "way", "quality_categories": "crossings_lacking_kerbs, missing_tags, older_than_five_years, replaceable_values", "issue_ids": "[0, 31, 2, 3]", "osm_url": "https://www.openstreetmap.org/way/777260058", "josm_url": "http://127.0.0.1:8111/load_object?new_layer=false&objects=w777260058", "id_url": "https://www.openstreetmap.org/edit?editor=id&way=777260058#map=20/34.4377102/132.4667875"}}, {"type": "Feature", "geometry": {"type": "Point", "coordinates": [132.4667161, 34.4375692]}, "properties": {"id": 777260059, "feat_type": "way", "quality_categories": "crossings_lacking_kerbs, missing_tags, older_than_five_years, replaceable_values", "issue_ids": "[0, 31, 2, 3]", "osm_url": "https://www.openstreetmap.org/way/777260059", "josm_url": "http://127.0.0.1:8111/load_object?new_layer=false&objects=w777260059", "id_url": "https://www.openstreetmap.org/edit?editor=id&way=777260059#map=20/34.4375692/132.4667161"}}, {"type": "Feature", "geometry": {"type": "Point", "coordinates": [132.468642, 34.4320633]}, "properties": {"id": 777276464, "feat_type": "way", "quality_categories": "crossings_lacking_kerbs, missing_tags, older_than_five_years, replaceable_values", "issue_ids": "[0, 31, 2, 3]", "osm_url": "https://www.openstreetmap.org/way/777276464", "josm_url": "http://127.0.0.1:8111/load_object?new_layer=false&objects=w777276464", "id_url": "https://www.openstreetmap.org/edit?editor=id&way=777276464#map=20/34.4320633/132.468642"}}, {"type": "Feature", "geometry": {"type": "Point", "coordinates": [132.4715294, 34.457083]}, "properties": {"id": 778074379, "feat_type": "way", "quality_categories": "crossings_lacking_kerbs, missing_tags, older_than_five_years, replaceable_values", "issue_ids": "[0, 33, 2, 3]", "osm_url": "https://www.openstreetmap.org/way/778074379", "josm_url": "http://127.0.0.1:8111/load_object?new_layer=false&objects=w778074379", "id_url": "https://www.openstreetmap.org/edit?editor=id&way=778074379#map=20/34.457083/132.4715294"}}, {"type": "Feature", "geometry": {"type": "Point", "coordinates": [132.4915275, 34.4656987]}, "properties": {"id": 778579724, "feat_type": "way", "quality_categories": "crossings_lacking_kerbs, missing_tags, older_than_five_years, replaceable_values", "issue_ids": "[0, 34, 2, 3]", "osm_url": "https://www.openstreetmap.org/way/778579724", "josm_url": "http://127.0.0.1:8111/load_object?new_layer=false&objects=w778579724", "id_url": "https://www.openstreetmap.org/edit?editor=id&way=778579724#map=20/34.4656987/132.4915275"}}, {"type": "Feature", "geometry": {"type": "Point", "coordinates": [132.4914208, 34.4655826]}, "properties": {"id": 778579725, "feat_type": "way", "quality_categories": "crossings_lacking_kerbs, missing_tags, older_than_five_years, replaceable_values", "issue_ids": "[0, 34, 2, 3]", "osm_url": "https://www.openstreetmap.org/way/778579725", "josm_url": "http://127.0.0.1:8111/load_object?new_layer=false&objects=w778579725", "id_url": "https://www.openstreetmap.org/edit?editor=id&way=778579725#map=20/34.4655826/132.4914208"}}, {"type": "Feature", "geometry": {"type": "Point", "coordinates": [132.4912654, 34.4657079]}, "properties": {"id": 778579727, "feat_type": "way", "quality_categories": "crossings_lacking_kerbs, missing_tags, older_than_five_years, replaceable_values", "issue_ids": "[0, 34, 2, 3]", "osm_url": "https://www.openstreetmap.org/way/778579727", "josm_url": "http://127.0.0.1:8111/load_object?new_layer=false&objects=w778579727", "id_url": "https://www.openstreetmap.org/edit?editor=id&way=778579727#map=20/34.4657079/132.4912654"}}, {"type": "Feature", "geometry": {"type": "Point", "coordinates": [132.4948942, 34.4654439]}, "properties": {"id": 778579731, "feat_type": "way", "quality_categories": "crossings_lacking_kerbs, missing_tags, older_than_five_years, replaceable_values", "issue_ids": "[0, 34, 2, 3]", "osm_url": "https://www.openstreetmap.org/way/778579731", "josm_url": "http://127.0.0.1:8111/load_object?new_layer=false&objects=w778579731", "id_url": "https://www.openstreetmap.org/edit?editor=id&way=778579731#map=20/34.4654439/132.4948942"}}, {"type": "Feature", "geometry": {"type": "Point", "coordinates": [132.4949913, 34.4654413]}, "properties": {"id": 778579732, "feat_type": "way", "quality_categories": "crossings_lacking_kerbs, missing_tags, older_than_five_years, replaceable_values", "issue_ids": "[0, 34, 2, 3]", "osm_url": "https://www.openstreetmap.org/way/778579732", "josm_url": "http://127.0.0.1:8111/load_object?new_layer=false&objects=w778579732", "id_url": "https://www.openstreetmap.org/edit?editor=id&way=778579732#map=20/34.4654413/132.4949913"}}, {"type": "Feature", "geometry": {"type": "Point", "coordinates": [132.4951247, 34.4655447]}, "properties": {"id": 778579733, "feat_type": "way", "quality_categories": "crossings_lacking_kerbs, missing_tags, older_than_five_years, replaceable_values", "issue_ids": "[0, 34, 2, 3]", "osm_url": "https://www.openstreetmap.org/way/778579733", "josm_url": "http://127.0.0.1:8111/load_object?new_layer=false&objects=w778579733", "id_url": "https://www.openstreetmap.org/edit?editor=id&way=778579733#map=20/34.4655447/132.4951247"}}, {"type": "Feature", "geometry": {"type": "Point", "coordinates": [132.495754, 34.4654332]}, "properties": {"id": 778579736, "feat_type": "way", "quality_categories": "crossings_lacking_kerbs, missing_tags, older_than_five_years, replaceable_values", "issue_ids": "[0, 34, 2, 3]", "osm_url": "https://www.openstreetmap.org/way/778579736", "josm_url": "http://127.0.0.1:8111/load_object?new_layer=false&objects=w778579736", "id_url": "https://www.openstreetmap.org/edit?editor=id&way=778579736#map=20/34.4654332/132.495754"}}, {"type": "Feature", "geometry": {"type": "Point", "coordinates": [132.4962093, 34.466965]}, "properties": {"id": 778579737, "feat_type": "way", "quality_categories": "crossings_lacking_kerbs, missing_tags, older_than_five_years, replaceable_values", "issue_ids": "[0, 34, 2, 3]", "osm_url": "https://www.openstreetmap.org/way/778579737", "josm_url": "http://127.0.0.1:8111/load_object?new_layer=false&objects=w778579737", "id_url": "https://www.openstreetmap.org/edit?editor=id&way=778579737#map=20/34.466965/132.4962093"}}, {"type": "Feature", "geometry": {"type": "Point", "coordinates": [132.4961996, 34.467063]}, "properties": {"id": 778579738, "feat_type": "way", "quality_categories": "crossings_lacking_kerbs, missing_tags, older_than_five_years, replaceable_values", "issue_ids": "[0, 34, 2, 3]", "osm_url": "https://www.openstreetmap.org/way/778579738", "josm_url": "http://127.0.0.1:8111/load_object?new_layer=false&objects=w778579738", "id_url": "https://www.openstreetmap.org/edit?editor=id&way=778579738#map=20/34.467063/132.4961996"}}, {"type": "Feature", "geometry": {"type": "Point", "coordinates": [132.4963136, 34.4669654]}, "properties": {"id": 778579739, "feat_type": "way", "quality_categories": "crossings_lacking_kerbs, missing_tags, older_than_five_years, replaceable_values", "issue_ids": "[0, 34, 2, 3]", "osm_url": "https://www.openstreetmap.org/way/778579739", "josm_url": "http://127.0.0.1:8111/load_object?new_layer=false&objects=w778579739", "id_url": "https://www.openstreetmap.org/edit?editor=id&way=778579739#map=20/34.4669654/132.4963136"}}, {"type": "Feature", "geometry": {"type": "Point", "coordinates": [132.5021352, 34.4769966]}, "properties": {"id": 778582309, "feat_type": "way", "quality_categories": "crossings_lacking_kerbs, missing_tags, older_than_five_years, replaceable_values", "issue_ids": "[0, 34, 2, 3]", "osm_url": "https://www.openstreetmap.org/way/778582309", "josm_url": "http://127.0.0.1:8111/load_object?new_layer=false&objects=w778582309", "id_url": "https://www.openstreetmap.org/edit?editor=id&way=778582309#map=20/34.4769966/132.5021352"}}, {"type": "Feature", "geometry": {"type": "Point", "coordinates": [132.5022843, 34.4770159]}, "properties": {"id": 778582310, "feat_type": "way", "quality_categories": "crossings_lacking_kerbs, missing_tags, older_than_five_years, replaceable_values", "issue_ids": "[0, 34, 2, 3]", "osm_url": "https://www.openstreetmap.org/way/778582310", "josm_url": "http://127.0.0.1:8111/load_object?new_layer=false&objects=w778582310", "id_url": "https://www.openstreetmap.org/edit?editor=id&way=778582310#map=20/34.4770159/132.5022843"}}, {"type": "Feature", "geometry": {"type": "Point", "coordinates": [132.4824883, 34.4421625]}, "properties": {"id": 779380720, "feat_type": "way", "quality_categories": "crossings_lacking_kerbs, missing_tags, older_than_five_years, replaceable_values", "issue_ids": "[0, 35, 2, 3]", "osm_url": "https://www.openstreetmap.org/way/779380720", "josm_url": "http://127.0.0.1:8111/load_object?new_layer=false&objects=w779380720", "id_url": "https://www.openstreetmap.org/edit?editor=id&way=779380720#map=20/34.4421625/132.4824883"}}, {"type": "Feature", "geometry": {"type": "Point", "coordinates": [132.4823333, 34.4419767]}, "properties": {"id": 779380721, "feat_type": "way", "quality_categories": "crossings_lacking_kerbs, missing_tags, older_than_five_years, replaceable_values", "issue_ids": "[0, 35, 2, 3]", "osm_url": "https://www.openstreetmap.org/way/779380721", "josm_url": "http://127.0.0.1:8111/load_object?new_layer=false&objects=w779380721", "id_url": "https://www.openstreetmap.org/edit?editor=id&way=779380721#map=20/34.4419767/132.4823333"}}, {"type": "Feature", "geometry": {"type": "Point", "coordinates": [132.4825263, 34.445174]}, "properties": {"id": 779380728, "feat_type": "way", "quality_categories": "crossings_lacking_kerbs, missing_tags, older_than_five_years, replaceable_values", "issue_ids": "[0, 35, 2, 3]", "osm_url": "https://www.openstreetmap.org/way/779380728", "josm_url": "http://127.0.0.1:8111/load_object?new_layer=false&objects=w779380728", "id_url": "https://www.openstreetmap.org/edit?editor=id&way=779380728#map=20/34.445174/132.4825263"}}, {"type": "Feature", "geometry": {"type": "Point", "coordinates": [132.4761096, 34.4575961]}, "properties": {"id": 779440169, "feat_type": "way", "quality_categories": "crossings_lacking_kerbs, missing_tags, older_than_five_years, replaceable_values", "issue_ids": "[0, 36, 2, 3]", "osm_url": "https://www.openstreetmap.org/way/779440169", "josm_url": "http://127.0.0.1:8111/load_object?new_layer=false&objects=w779440169", "id_url": "https://www.openstreetmap.org/edit?editor=id&way=779440169#map=20/34.4575961/132.4761096"}}, {"type": "Feature", "geometry": {"type": "Point", "coordinates": [132.4764196, 34.4579938]}, "properties": {"id": 779440171, "feat_type": "way", "quality_categories": "crossings_lacking_kerbs, missing_tags, older_than_five_years, replaceable_values", "issue_ids": "[0, 36, 2, 3]", "osm_url": "https://www.openstreetmap.org/way/779440171", "josm_url": "http://127.0.0.1:8111/load_object?new_layer=false&objects=w779440171", "id_url": "https://www.openstreetmap.org/edit?editor=id&way=779440171#map=20/34.4579938/132.4764196"}}, {"type": "Feature", "geometry": {"type": "Point", "coordinates": [132.4765442, 34.4580373]}, "properties": {"id": 779440172, "feat_type": "way", "quality_categories": "crossings_lacking_kerbs, missing_tags, older_than_five_years, replaceable_values", "issue_ids": "[0, 36, 2, 3]", "osm_url": "https://www.openstreetmap.org/way/779440172", "josm_url": "http://127.0.0.1:8111/load_object?new_layer=false&objects=w779440172", "id_url": "https://www.openstreetmap.org/edit?editor=id&way=779440172#map=20/34.4580373/132.4765442"}}, {"type": "Feature", "geometry": {"type": "Point", "coordinates": [132.483649, 34.4692945]}, "properties": {"id": 781071651, "feat_type": "way", "quality_categories": "crossings_lacking_kerbs, missing_tags, older_than_five_years, replaceable_values", "issue_ids": "[0, 37, 2, 3]", "osm_url": "https://www.openstreetmap.org/way/781071651", "josm_url": "http://127.0.0.1:8111/load_object?new_layer=false&objects=w781071651", "id_url": "https://www.openstreetmap.org/edit?editor=id&way=781071651#map=20/34.4692945/132.483649"}}, {"type": "Feature", "geometry": {"type": "Point", "coordinates": [132.4858492, 34.4715558]}, "properties": {"id": 781071652, "feat_type": "way", "quality_categories": "crossings_lacking_kerbs, missing_tags, older_than_five_years, replaceable_values", "issue_ids": "[0, 37, 2, 3]", "osm_url": "https://www.openstreetmap.org/way/781071652", "josm_url": "http://127.0.0.1:8111/load_object?new_layer=false&objects=w781071652", "id_url": "https://www.openstreetmap.org/edit?editor=id&way=781071652#map=20/34.4715558/132.4858492"}}, {"type": "Feature", "geometry": {"type": "Point", "coordinates": [132.492651, 34.4729563]}, "properties": {"id": 781071666, "feat_type": "way", "quality_categories": "crossings_lacking_kerbs, missing_tags, older_than_five_years, replaceable_values", "issue_ids": "[0, 37, 2, 3]", "osm_url": "https://www.openstreetmap.org/way/781071666", "josm_url": "http://127.0.0.1:8111/load_object?new_layer=false&objects=w781071666", "id_url": "https://www.openstreetmap.org/edit?editor=id&way=781071666#map=20/34.4729563/132.492651"}}, {"type": "Feature", "geometry": {"type": "Point", "coordinates": [132.4890635, 34.4653678]}, "properties": {"id": 785965156, "feat_type": "way", "quality_categories": "crossings_lacking_kerbs, missing_tags, older_than_five_years, replaceable_values", "issue_ids": "[0, 12, 2, 3]", "osm_url": "https://www.openstreetmap.org/way/785965156", "josm_url": "http://127.0.0.1:8111/load_object?new_layer=false&objects=w785965156", "id_url": "https://www.openstreetmap.org/edit?editor=id&way=785965156#map=20/34.4653678/132.4890635"}}, {"type": "Feature", "geometry": {"type": "Point", "coordinates": [132.4890981, 34.4657747]}, "properties": {"id": 785965157, "feat_type": "way", "quality_categories": "crossings_lacking_kerbs, missing_tags, older_than_five_years, replaceable_values", "issue_ids": "[0, 12, 2, 3]", "osm_url": "https://www.openstreetmap.org/way/785965157", "josm_url": "http://127.0.0.1:8111/load_object?new_layer=false&objects=w785965157", "id_url": "https://www.openstreetmap.org/edit?editor=id&way=785965157#map=20/34.4657747/132.4890981"}}, {"type": "Feature", "geometry": {"type": "Point", "coordinates": [132.4651551, 34.4382532]}, "properties": {"id": 786952856, "feat_type": "way", "quality_categories": "crossings_lacking_kerbs, missing_tags, older_than_five_years, replaceable_values", "issue_ids": "[0, 38, 2, 3]", "osm_url": "https://www.openstreetmap.org/way/786952856", "josm_url": "http://127.0.0.1:8111/load_object?new_layer=false&objects=w786952856", "id_url": "https://www.openstreetmap.org/edit?editor=id&way=786952856#map=20/34.4382532/132.4651551"}}, {"type": "Feature", "geometry": {"type": "Point", "coordinates": [132.4652484, 34.4382932]}, "properties": {"id": 786952857, "feat_type": "way", "quality_categories": "crossings_lacking_kerbs, missing_tags, older_than_five_years, replaceable_values", "issue_ids": "[0, 38, 2, 3]", "osm_url": "https://www.openstreetmap.org/way/786952857", "josm_url": "http://127.0.0.1:8111/load_object?new_layer=false&objects=w786952857", "id_url": "https://www.openstreetmap.org/edit?editor=id&way=786952857#map=20/34.4382932/132.4652484"}}, {"type": "Feature", "geometry": {"type": "Point", "coordinates": [132.4654881, 34.4382493]}, "properties": {"id": 786952860, "feat_type": "way", "quality_categories": "crossings_lacking_kerbs, missing_tags, older_than_five_years, replaceable_values", "issue_ids": "[0, 38, 2, 3]", "osm_url": "https://www.openstreetmap.org/way/786952860", "josm_url": "http://127.0.0.1:8111/load_object?new_layer=false&objects=w786952860", "id_url": "https://www.openstreetmap.org/edit?editor=id&way=786952860#map=20/34.4382493/132.4654881"}}, {"type": "Feature", "geometry": {"type": "Point", "coordinates": [132.4653839, 34.4382042]}, "properties": {"id": 786952868, "feat_type": "way", "quality_categories": "crossings_lacking_kerbs, missing_tags, older_than_five_years, replaceable_values", "issue_ids": "[0, 38, 2, 3]", "osm_url": "https://www.openstreetmap.org/way/786952868", "josm_url": "http://127.0.0.1:8111/load_object?new_layer=false&objects=w786952868", "id_url": "https://www.openstreetmap.org/edit?editor=id&way=786952868#map=20/34.4382042/132.4653839"}}, {"type": "Feature", "geometry": {"type": "Point", "coordinates": [132.4669251, 34.4451912]}, "properties": {"id": 786952875, "feat_type": "way", "quality_categories": "crossings_lacking_kerbs, missing_tags, older_than_five_years, replaceable_values", "issue_ids": "[0, 38, 2, 3]", "osm_url": "https://www.openstreetmap.org/way/786952875", "josm_url": "http://127.0.0.1:8111/load_object?new_layer=false&objects=w786952875", "id_url": "https://www.openstreetmap.org/edit?editor=id&way=786952875#map=20/34.4451912/132.4669251"}}, {"type": "Feature", "geometry": {"type": "Point", "coordinates": [132.4670347, 34.4451108]}, "properties": {"id": 786952876, "feat_type": "way", "quality_categories": "crossings_lacking_kerbs, missing_tags, older_than_five_years, replaceable_values", "issue_ids": "[0, 38, 2, 3]", "osm_url": "https://www.openstreetmap.org/way/786952876", "josm_url": "http://127.0.0.1:8111/load_object?new_layer=false&objects=w786952876", "id_url": "https://www.openstreetmap.org/edit?editor=id&way=786952876#map=20/34.4451108/132.4670347"}}, {"type": "Feature", "geometry": {"type": "Point", "coordinates": [132.4669474, 34.4450515]}, "properties": {"id": 786952877, "feat_type": "way", "quality_categories": "crossings_lacking_kerbs, missing_tags, older_than_five_years, replaceable_values", "issue_ids": "[0, 38, 2, 3]", "osm_url": "https://www.openstreetmap.org/way/786952877", "josm_url": "http://127.0.0.1:8111/load_object?new_layer=false&objects=w786952877", "id_url": "https://www.openstreetmap.org/edit?editor=id&way=786952877#map=20/34.4450515/132.4669474"}}, {"type": "Feature", "geometry": {"type": "Point", "coordinates": [132.4668626, 34.4451205]}, "properties": {"id": 786952878, "feat_type": "way", "quality_categories": "crossings_lacking_kerbs, missing_tags, older_than_five_years, replaceable_values", "issue_ids": "[0, 38, 2, 3]", "osm_url": "https://www.openstreetmap.org/way/786952878", "josm_url": "http://127.0.0.1:8111/load_object?new_layer=false&objects=w786952878", "id_url": "https://www.openstreetmap.org/edit?editor=id&way=786952878#map=20/34.4451205/132.4668626"}}, {"type": "Feature", "geometry": {"type": "Point", "coordinates": [132.4617402, 34.4461651]}, "properties": {"id": 786952882, "feat_type": "way", "quality_categories": "crossings_lacking_kerbs, missing_tags, older_than_five_years, replaceable_values", "issue_ids": "[0, 38, 2, 3]", "osm_url": "https://www.openstreetmap.org/way/786952882", "josm_url": "http://127.0.0.1:8111/load_object?new_layer=false&objects=w786952882", "id_url": "https://www.openstreetmap.org/edit?editor=id&way=786952882#map=20/34.4461651/132.4617402"}}, {"type": "Feature", "geometry": {"type": "Point", "coordinates": [132.4684794, 34.4320143]}, "properties": {"id": 788307183, "feat_type": "way", "quality_categories": "crossings_lacking_kerbs, missing_tags, older_than_five_years, replaceable_values", "issue_ids": "[0, 6, 2, 3]", "osm_url": "https://www.openstreetmap.org/way/788307183", "josm_url": "http://127.0.0.1:8111/load_object?new_layer=false&objects=w788307183", "id_url": "https://www.openstreetmap.org/edit?editor=id&way=788307183#map=20/34.4320143/132.4684794"}}, {"type": "Feature", "geometry": {"type": "Point", "coordinates": [132.4601485, 34.445664]}, "properties": {"id": 790018767, "feat_type": "way", "quality_categories": "crossings_lacking_kerbs, missing_tags, older_than_five_years, replaceable_values", "issue_ids": "[0, 39, 2, 3]", "osm_url": "https://www.openstreetmap.org/way/790018767", "josm_url": "http://127.0.0.1:8111/load_object?new_layer=false&objects=w790018767", "id_url": "https://www.openstreetmap.org/edit?editor=id&way=790018767#map=20/34.445664/132.4601485"}}, {"type": "Feature", "geometry": {"type": "Point", "coordinates": [132.4604563, 34.4461368]}, "properties": {"id": 790018770, "feat_type": "way", "quality_categories": "crossings_lacking_kerbs, missing_tags, older_than_five_years, replaceable_values", "issue_ids": "[0, 39, 2, 3]", "osm_url": "https://www.openstreetmap.org/way/790018770", "josm_url": "http://127.0.0.1:8111/load_object?new_layer=false&objects=w790018770", "id_url": "https://www.openstreetmap.org/edit?editor=id&way=790018770#map=20/34.4461368/132.4604563"}}, {"type": "Feature", "geometry": {"type": "Point", "coordinates": [132.4604313, 34.4465892]}, "properties": {"id": 790018772, "feat_type": "way", "quality_categories": "crossings_lacking_kerbs, missing_tags, older_than_five_years, replaceable_values", "issue_ids": "[0, 39, 2, 3]", "osm_url": "https://www.openstreetmap.org/way/790018772", "josm_url": "http://127.0.0.1:8111/load_object?new_layer=false&objects=w790018772", "id_url": "https://www.openstreetmap.org/edit?editor=id&way=790018772#map=20/34.4465892/132.4604313"}}, {"type": "Feature", "geometry": {"type": "Point", "coordinates": [132.4606669, 34.4465321]}, "properties": {"id": 790018773, "feat_type": "way", "quality_categories": "crossings_lacking_kerbs, missing_tags, older_than_five_years, replaceable_values", "issue_ids": "[0, 39, 2, 3]", "osm_url": "https://www.openstreetmap.org/way/790018773", "josm_url": "http://127.0.0.1:8111/load_object?new_layer=false&objects=w790018773", "id_url": "https://www.openstreetmap.org/edit?editor=id&way=790018773#map=20/34.4465321/132.4606669"}}, {"type": "Feature", "geometry": {"type": "Point", "coordinates": [132.46129, 34.4457984]}, "properties": {"id": 790034531, "feat_type": "way", "quality_categories": "crossings_lacking_kerbs, missing_tags, older_than_five_years, replaceable_values", "issue_ids": "[0, 39, 2, 3]", "osm_url": "https://www.openstreetmap.org/way/790034531", "josm_url": "http://127.0.0.1:8111/load_object?new_layer=false&objects=w790034531", "id_url": "https://www.openstreetmap.org/edit?editor=id&way=790034531#map=20/34.4457984/132.46129"}}, {"type": "Feature", "geometry": {"type": "Point", "coordinates": [132.4615767, 34.4462404]}, "properties": {"id": 790034533, "feat_type": "way", "quality_categories": "crossings_lacking_kerbs, missing_tags, older_than_five_years, replaceable_values", "issue_ids": "[0, 39, 2, 3]", "osm_url": "https://www.openstreetmap.org/way/790034533", "josm_url": "http://127.0.0.1:8111/load_object?new_layer=false&objects=w790034533", "id_url": "https://www.openstreetmap.org/edit?editor=id&way=790034533#map=20/34.4462404/132.4615767"}}, {"type": "Feature", "geometry": {"type": "Point", "coordinates": [132.464545, 34.4454316]}, "properties": {"id": 790034537, "feat_type": "way", "quality_categories": "crossings_lacking_kerbs, missing_tags, older_than_five_years, replaceable_values", "issue_ids": "[0, 39, 2, 3]", "osm_url": "https://www.openstreetmap.org/way/790034537", "josm_url": "http://127.0.0.1:8111/load_object?new_layer=false&objects=w790034537", "id_url": "https://www.openstreetmap.org/edit?editor=id&way=790034537#map=20/34.4454316/132.464545"}}, {"type": "Feature", "geometry": {"type": "Point", "coordinates": [132.4628273, 34.4420094]}, "properties": {"id": 790034540, "feat_type": "way", "quality_categories": "crossings_lacking_kerbs, missing_tags, older_than_five_years, replaceable_values", "issue_ids": "[0, 39, 2, 3]", "osm_url": "https://www.openstreetmap.org/way/790034540", "josm_url": "http://127.0.0.1:8111/load_object?new_layer=false&objects=w790034540", "id_url": "https://www.openstreetmap.org/edit?editor=id&way=790034540#map=20/34.4420094/132.4628273"}}, {"type": "Feature", "geometry": {"type": "Point", "coordinates": [132.4542077, 34.4396781]}, "properties": {"id": 790438930, "feat_type": "way", "quality_categories": "crossings_lacking_kerbs, missing_tags, older_than_five_years, replaceable_values", "issue_ids": "[0, 40, 2, 3]", "osm_url": "https://www.openstreetmap.org/way/790438930", "josm_url": "http://127.0.0.1:8111/load_object?new_layer=false&objects=w790438930", "id_url": "https://www.openstreetmap.org/edit?editor=id&way=790438930#map=20/34.4396781/132.4542077"}}, {"type": "Feature", "geometry": {"type": "Point", "coordinates": [132.4520369, 34.4379946]}, "properties": {"id": 790438932, "feat_type": "way", "quality_categories": "crossings_lacking_kerbs, missing_tags, older_than_five_years, replaceable_values", "issue_ids": "[0, 40, 2, 3]", "osm_url": "https://www.openstreetmap.org/way/790438932", "josm_url": "http://127.0.0.1:8111/load_object?new_layer=false&objects=w790438932", "id_url": "https://www.openstreetmap.org/edit?editor=id&way=790438932#map=20/34.4379946/132.4520369"}}, {"type": "Feature", "geometry": {"type": "Point", "coordinates": [132.4507297, 34.4384016]}, "properties": {"id": 790438935, "feat_type": "way", "quality_categories": "crossings_lacking_kerbs, missing_tags, older_than_five_years, replaceable_values", "issue_ids": "[0, 40, 2, 3]", "osm_url": "https://www.openstreetmap.org/way/790438935", "josm_url": "http://127.0.0.1:8111/load_object?new_layer=false&objects=w790438935", "id_url": "https://www.openstreetmap.org/edit?editor=id&way=790438935#map=20/34.4384016/132.4507297"}}, {"type": "Feature", "geometry": {"type": "Point", "coordinates": [132.4515371, 34.4363257]}, "properties": {"id": 790438938, "feat_type": "way", "quality_categories": "crossings_lacking_kerbs, missing_tags, older_than_five_years, replaceable_values", "issue_ids": "[0, 40, 2, 3]", "osm_url": "https://www.openstreetmap.org/way/790438938", "josm_url": "http://127.0.0.1:8111/load_object?new_layer=false&objects=w790438938", "id_url": "https://www.openstreetmap.org/edit?editor=id&way=790438938#map=20/34.4363257/132.4515371"}}, {"type": "Feature", "geometry": {"type": "Point", "coordinates": [132.4513955, 34.4362738]}, "properties": {"id": 790438944, "feat_type": "way", "quality_categories": "crossings_lacking_kerbs, missing_tags, older_than_five_years, replaceable_values", "issue_ids": "[0, 40, 2, 3]", "osm_url": "https://www.openstreetmap.org/way/790438944", "josm_url": "http://127.0.0.1:8111/load_object?new_layer=false&objects=w790438944", "id_url": "https://www.openstreetmap.org/edit?editor=id&way=790438944#map=20/34.4362738/132.4513955"}}, {"type": "Feature", "geometry": {"type": "Point", "coordinates": [132.4516433, 34.4360092]}, "properties": {"id": 790438947, "feat_type": "way", "quality_categories": "crossings_lacking_kerbs, missing_tags, older_than_five_years, replaceable_values", "issue_ids": "[0, 40, 2, 3]", "osm_url": "https://www.openstreetmap.org/way/790438947", "josm_url": "http://127.0.0.1:8111/load_object?new_layer=false&objects=w790438947", "id_url": "https://www.openstreetmap.org/edit?editor=id&way=790438947#map=20/34.4360092/132.4516433"}}, {"type": "Feature", "geometry": {"type": "Point", "coordinates": [132.4516761, 34.436237]}, "properties": {"id": 790438949, "feat_type": "way", "quality_categories": "crossings_lacking_kerbs, missing_tags, older_than_five_years, replaceable_values", "issue_ids": "[0, 40, 2, 3]", "osm_url": "https://www.openstreetmap.org/way/790438949", "josm_url": "http://127.0.0.1:8111/load_object?new_layer=false&objects=w790438949", "id_url": "https://www.openstreetmap.org/edit?editor=id&way=790438949#map=20/34.436237/132.4516761"}}, {"type": "Feature", "geometry": {"type": "Point", "coordinates": [132.4499603, 34.43658]}, "properties": {"id": 790438951, "feat_type": "way", "quality_categories": "crossings_lacking_kerbs, missing_tags, older_than_five_years, replaceable_values", "issue_ids": "[0, 40, 2, 3]", "osm_url": "https://www.openstreetmap.org/way/790438951", "josm_url": "http://127.0.0.1:8111/load_object?new_layer=false&objects=w790438951", "id_url": "https://www.openstreetmap.org/edit?editor=id&way=790438951#map=20/34.43658/132.4499603"}}, {"type": "Feature", "geometry": {"type": "Point", "coordinates": [132.449862, 34.4367203]}, "properties": {"id": 790438953, "feat_type": "way", "quality_categories": "crossings_lacking_kerbs, missing_tags, older_than_five_years, replaceable_values", "issue_ids": "[0, 40, 2, 3]", "osm_url": "https://www.openstreetmap.org/way/790438953", "josm_url": "http://127.0.0.1:8111/load_object?new_layer=false&objects=w790438953", "id_url": "https://www.openstreetmap.org/edit?editor=id&way=790438953#map=20/34.4367203/132.449862"}}, {"type": "Feature", "geometry": {"type": "Point", "coordinates": [132.4500255, 34.4367107]}, "properties": {"id": 790438954, "feat_type": "way", "quality_categories": "crossings_lacking_kerbs, missing_tags, older_than_five_years, replaceable_values", "issue_ids": "[0, 40, 2, 3]", "osm_url": "https://www.openstreetmap.org/way/790438954", "josm_url": "http://127.0.0.1:8111/load_object?new_layer=false&objects=w790438954", "id_url": "https://www.openstreetmap.org/edit?editor=id&way=790438954#map=20/34.4367107/132.4500255"}}, {"type": "Feature", "geometry": {"type": "Point", "coordinates": [132.446337, 34.4387739]}, "properties": {"id": 790438956, "feat_type": "way", "quality_categories": "crossings_lacking_kerbs, missing_tags, older_than_five_years, replaceable_values", "issue_ids": "[0, 40, 2, 3]", "osm_url": "https://www.openstreetmap.org/way/790438956", "josm_url": "http://127.0.0.1:8111/load_object?new_layer=false&objects=w790438956", "id_url": "https://www.openstreetmap.org/edit?editor=id&way=790438956#map=20/34.4387739/132.446337"}}, {"type": "Feature", "geometry": {"type": "Point", "coordinates": [132.4468224, 34.4377525]}, "properties": {"id": 790438958, "feat_type": "way", "quality_categories": "crossings_lacking_kerbs, missing_tags, older_than_five_years, replaceable_values", "issue_ids": "[0, 40, 2, 3]", "osm_url": "https://www.openstreetmap.org/way/790438958", "josm_url": "http://127.0.0.1:8111/load_object?new_layer=false&objects=w790438958", "id_url": "https://www.openstreetmap.org/edit?editor=id&way=790438958#map=20/34.4377525/132.4468224"}}, {"type": "Feature", "geometry": {"type": "Point", "coordinates": [132.446805, 34.4396412]}, "properties": {"id": 790438959, "feat_type": "way", "quality_categories": "crossings_lacking_kerbs, missing_tags, older_than_five_years, replaceable_values", "issue_ids": "[0, 40, 2, 3]", "osm_url": "https://www.openstreetmap.org/way/790438959", "josm_url": "http://127.0.0.1:8111/load_object?new_layer=false&objects=w790438959", "id_url": "https://www.openstreetmap.org/edit?editor=id&way=790438959#map=20/34.4396412/132.446805"}}, {"type": "Feature", "geometry": {"type": "Point", "coordinates": [132.4466906, 34.4398076]}, "properties": {"id": 790438960, "feat_type": "way", "quality_categories": "crossings_lacking_kerbs, missing_tags, older_than_five_years, replaceable_values", "issue_ids": "[0, 40, 2, 3]", "osm_url": "https://www.openstreetmap.org/way/790438960", "josm_url": "http://127.0.0.1:8111/load_object?new_layer=false&objects=w790438960", "id_url": "https://www.openstreetmap.org/edit?editor=id&way=790438960#map=20/34.4398076/132.4466906"}}, {"type": "Feature", "geometry": {"type": "Point", "coordinates": [132.4504096, 34.4381343]}, "properties": {"id": 790438962, "feat_type": "way", "quality_categories": "crossings_lacking_kerbs, missing_tags, older_than_five_years, replaceable_values", "issue_ids": "[0, 40, 2, 3]", "osm_url": "https://www.openstreetmap.org/way/790438962", "josm_url": "http://127.0.0.1:8111/load_object?new_layer=false&objects=w790438962", "id_url": "https://www.openstreetmap.org/edit?editor=id&way=790438962#map=20/34.4381343/132.4504096"}}, {"type": "Feature", "geometry": {"type": "Point", "coordinates": [132.4493686, 34.4386158]}, "properties": {"id": 790438963, "feat_type": "way", "quality_categories": "crossings_lacking_kerbs, missing_tags, older_than_five_years, replaceable_values", "issue_ids": "[0, 40, 2, 3]", "osm_url": "https://www.openstreetmap.org/way/790438963", "josm_url": "http://127.0.0.1:8111/load_object?new_layer=false&objects=w790438963", "id_url": "https://www.openstreetmap.org/edit?editor=id&way=790438963#map=20/34.4386158/132.4493686"}}, {"type": "Feature", "geometry": {"type": "Point", "coordinates": [132.4535015, 34.4300452]}, "properties": {"id": 790438986, "feat_type": "way", "quality_categories": "crossings_lacking_kerbs, missing_tags, older_than_five_years, replaceable_values", "issue_ids": "[0, 40, 2, 3]", "osm_url": "https://www.openstreetmap.org/way/790438986", "josm_url": "http://127.0.0.1:8111/load_object?new_layer=false&objects=w790438986", "id_url": "https://www.openstreetmap.org/edit?editor=id&way=790438986#map=20/34.4300452/132.4535015"}}, {"type": "Feature", "geometry": {"type": "Point", "coordinates": [132.4531874, 34.4301279]}, "properties": {"id": 790438988, "feat_type": "way", "quality_categories": "crossings_lacking_kerbs, missing_tags, older_than_five_years, replaceable_values", "issue_ids": "[0, 40, 2, 3]", "osm_url": "https://www.openstreetmap.org/way/790438988", "josm_url": "http://127.0.0.1:8111/load_object?new_layer=false&objects=w790438988", "id_url": "https://www.openstreetmap.org/edit?editor=id&way=790438988#map=20/34.4301279/132.4531874"}}, {"type": "Feature", "geometry": {"type": "Point", "coordinates": [132.453188, 34.4299525]}, "properties": {"id": 790438989, "feat_type": "way", "quality_categories": "crossings_lacking_kerbs, missing_tags, older_than_five_years, replaceable_values", "issue_ids": "[0, 40, 2, 3]", "osm_url": "https://www.openstreetmap.org/way/790438989", "josm_url": "http://127.0.0.1:8111/load_object?new_layer=false&objects=w790438989", "id_url": "https://www.openstreetmap.org/edit?editor=id&way=790438989#map=20/34.4299525/132.453188"}}, {"type": "Feature", "geometry": {"type": "Point", "coordinates": [132.4535077, 34.4298764]}, "properties": {"id": 790438992, "feat_type": "way", "quality_categories": "crossings_lacking_kerbs, missing_tags, older_than_five_years, replaceable_values", "issue_ids": "[0, 40, 2, 3]", "osm_url": "https://www.openstreetmap.org/way/790438992", "josm_url": "http://127.0.0.1:8111/load_object?new_layer=false&objects=w790438992", "id_url": "https://www.openstreetmap.org/edit?editor=id&way=790438992#map=20/34.4298764/132.4535077"}}, {"type": "Feature", "geometry": {"type": "Point", "coordinates": [132.4720478, 34.4488803]}, "properties": {"id": 795380020, "feat_type": "way", "quality_categories": "crossings_lacking_kerbs, missing_tags, older_than_five_years, replaceable_values", "issue_ids": "[0, 41, 2, 3]", "osm_url": "https://www.openstreetmap.org/way/795380020", "josm_url": "http://127.0.0.1:8111/load_object?new_layer=false&objects=w795380020", "id_url": "https://www.openstreetmap.org/edit?editor=id&way=795380020#map=20/34.4488803/132.4720478"}}, {"type": "Feature", "geometry": {"type": "Point", "coordinates": [132.4719198, 34.4490185]}, "properties": {"id": 795380023, "feat_type": "way", "quality_categories": "crossings_lacking_kerbs, missing_tags, older_than_five_years, replaceable_values", "issue_ids": "[0, 41, 2, 3]", "osm_url": "https://www.openstreetmap.org/way/795380023", "josm_url": "http://127.0.0.1:8111/load_object?new_layer=false&objects=w795380023", "id_url": "https://www.openstreetmap.org/edit?editor=id&way=795380023#map=20/34.4490185/132.4719198"}}, {"type": "Feature", "geometry": {"type": "Point", "coordinates": [132.4532604, 34.4375824]}, "properties": {"id": 795399542, "feat_type": "way", "quality_categories": "crossings_lacking_kerbs, missing_tags, older_than_five_years, replaceable_values", "issue_ids": "[0, 41, 2, 3]", "osm_url": "https://www.openstreetmap.org/way/795399542", "josm_url": "http://127.0.0.1:8111/load_object?new_layer=false&objects=w795399542", "id_url": "https://www.openstreetmap.org/edit?editor=id&way=795399542#map=20/34.4375824/132.4532604"}}, {"type": "Feature", "geometry": {"type": "Point", "coordinates": [132.4539522, 34.4373282]}, "properties": {"id": 795399544, "feat_type": "way", "quality_categories": "crossings_lacking_kerbs, missing_tags, older_than_five_years, replaceable_values", "issue_ids": "[0, 41, 2, 3]", "osm_url": "https://www.openstreetmap.org/way/795399544", "josm_url": "http://127.0.0.1:8111/load_object?new_layer=false&objects=w795399544", "id_url": "https://www.openstreetmap.org/edit?editor=id&way=795399544#map=20/34.4373282/132.4539522"}}, {"type": "Feature", "geometry": {"type": "Point", "coordinates": [132.4543927, 34.4371338]}, "properties": {"id": 795399546, "feat_type": "way", "quality_categories": "crossings_lacking_kerbs, missing_tags, older_than_five_years, replaceable_values", "issue_ids": "[0, 41, 2, 3]", "osm_url": "https://www.openstreetmap.org/way/795399546", "josm_url": "http://127.0.0.1:8111/load_object?new_layer=false&objects=w795399546", "id_url": "https://www.openstreetmap.org/edit?editor=id&way=795399546#map=20/34.4371338/132.4543927"}}, {"type": "Feature", "geometry": {"type": "Point", "coordinates": [132.454614, 34.4370577]}, "properties": {"id": 795399548, "feat_type": "way", "quality_categories": "crossings_lacking_kerbs, missing_tags, older_than_five_years, replaceable_values", "issue_ids": "[0, 41, 2, 3]", "osm_url": "https://www.openstreetmap.org/way/795399548", "josm_url": "http://127.0.0.1:8111/load_object?new_layer=false&objects=w795399548", "id_url": "https://www.openstreetmap.org/edit?editor=id&way=795399548#map=20/34.4370577/132.454614"}}, {"type": "Feature", "geometry": {"type": "Point", "coordinates": [132.4544881, 34.4371812]}, "properties": {"id": 795399550, "feat_type": "way", "quality_categories": "crossings_lacking_kerbs, missing_tags, older_than_five_years, replaceable_values", "issue_ids": "[0, 41, 2, 3]", "osm_url": "https://www.openstreetmap.org/way/795399550", "josm_url": "http://127.0.0.1:8111/load_object?new_layer=false&objects=w795399550", "id_url": "https://www.openstreetmap.org/edit?editor=id&way=795399550#map=20/34.4371812/132.4544881"}}, {"type": "Feature", "geometry": {"type": "Point", "coordinates": [132.4544299, 34.4370519]}, "properties": {"id": 795399551, "feat_type": "way", "quality_categories": "crossings_lacking_kerbs, missing_tags, older_than_five_years, replaceable_values", "issue_ids": "[0, 41, 2, 3]", "osm_url": "https://www.openstreetmap.org/way/795399551", "josm_url": "http://127.0.0.1:8111/load_object?new_layer=false&objects=w795399551", "id_url": "https://www.openstreetmap.org/edit?editor=id&way=795399551#map=20/34.4370519/132.4544299"}}, {"type": "Feature", "geometry": {"type": "Point", "coordinates": [132.454115, 34.4361302]}, "properties": {"id": 795399553, "feat_type": "way", "quality_categories": "crossings_lacking_kerbs, missing_tags, older_than_five_years, replaceable_values", "issue_ids": "[0, 41, 2, 3]", "osm_url": "https://www.openstreetmap.org/way/795399553", "josm_url": "http://127.0.0.1:8111/load_object?new_layer=false&objects=w795399553", "id_url": "https://www.openstreetmap.org/edit?editor=id&way=795399553#map=20/34.4361302/132.454115"}}, {"type": "Feature", "geometry": {"type": "Point", "coordinates": [132.4537373, 34.436029]}, "properties": {"id": 795399554, "feat_type": "way", "quality_categories": "crossings_lacking_kerbs, missing_tags, older_than_five_years, replaceable_values", "issue_ids": "[0, 41, 2, 3]", "osm_url": "https://www.openstreetmap.org/way/795399554", "josm_url": "http://127.0.0.1:8111/load_object?new_layer=false&objects=w795399554", "id_url": "https://www.openstreetmap.org/edit?editor=id&way=795399554#map=20/34.436029/132.4537373"}}, {"type": "Feature", "geometry": {"type": "Point", "coordinates": [132.4542406, 34.4359723]}, "properties": {"id": 795399555, "feat_type": "way", "quality_categories": "crossings_lacking_kerbs, missing_tags, older_than_five_years, replaceable_values", "issue_ids": "[0, 41, 2, 3]", "osm_url": "https://www.openstreetmap.org/way/795399555", "josm_url": "http://127.0.0.1:8111/load_object?new_layer=false&objects=w795399555", "id_url": "https://www.openstreetmap.org/edit?editor=id&way=795399555#map=20/34.4359723/132.4542406"}}, {"type": "Feature", "geometry": {"type": "Point", "coordinates": [132.4540517, 34.4358778]}, "properties": {"id": 795399556, "feat_type": "way", "quality_categories": "crossings_lacking_kerbs, missing_tags, older_than_five_years, replaceable_values", "issue_ids": "[0, 41, 2, 3]", "osm_url": "https://www.openstreetmap.org/way/795399556", "josm_url": "http://127.0.0.1:8111/load_object?new_layer=false&objects=w795399556", "id_url": "https://www.openstreetmap.org/edit?editor=id&way=795399556#map=20/34.4358778/132.4540517"}}, {"type": "Feature", "geometry": {"type": "Point", "coordinates": [132.4603632, 34.4342959]}, "properties": {"id": 795399577, "feat_type": "way", "quality_categories": "crossings_lacking_kerbs, missing_tags, older_than_five_years, replaceable_values", "issue_ids": "[0, 42, 2, 3]", "osm_url": "https://www.openstreetmap.org/way/795399577", "josm_url": "http://127.0.0.1:8111/load_object?new_layer=false&objects=w795399577", "id_url": "https://www.openstreetmap.org/edit?editor=id&way=795399577#map=20/34.4342959/132.4603632"}}, {"type": "Feature", "geometry": {"type": "Point", "coordinates": [132.4602559, 34.4342158]}, "properties": {"id": 795399578, "feat_type": "way", "quality_categories": "crossings_lacking_kerbs, missing_tags, older_than_five_years, replaceable_values", "issue_ids": "[0, 41, 2, 3]", "osm_url": "https://www.openstreetmap.org/way/795399578", "josm_url": "http://127.0.0.1:8111/load_object?new_layer=false&objects=w795399578", "id_url": "https://www.openstreetmap.org/edit?editor=id&way=795399578#map=20/34.4342158/132.4602559"}}, {"type": "Feature", "geometry": {"type": "Point", "coordinates": [132.4601667, 34.43436]}, "properties": {"id": 795399579, "feat_type": "way", "quality_categories": "crossings_lacking_kerbs, missing_tags, older_than_five_years, replaceable_values", "issue_ids": "[0, 41, 2, 3]", "osm_url": "https://www.openstreetmap.org/way/795399579", "josm_url": "http://127.0.0.1:8111/load_object?new_layer=false&objects=w795399579", "id_url": "https://www.openstreetmap.org/edit?editor=id&way=795399579#map=20/34.43436/132.4601667"}}, {"type": "Feature", "geometry": {"type": "Point", "coordinates": [132.4602673, 34.4344423]}, "properties": {"id": 795399580, "feat_type": "way", "quality_categories": "crossings_lacking_kerbs, missing_tags, older_than_five_years, replaceable_values", "issue_ids": "[0, 41, 2, 3]", "osm_url": "https://www.openstreetmap.org/way/795399580", "josm_url": "http://127.0.0.1:8111/load_object?new_layer=false&objects=w795399580", "id_url": "https://www.openstreetmap.org/edit?editor=id&way=795399580#map=20/34.4344423/132.4602673"}}, {"type": "Feature", "geometry": {"type": "Point", "coordinates": [132.4611334, 34.4340823]}, "properties": {"id": 796499438, "feat_type": "way", "quality_categories": "crossings_lacking_kerbs, missing_tags, older_than_five_years, replaceable_values", "issue_ids": "[0, 42, 2, 3]", "osm_url": "https://www.openstreetmap.org/way/796499438", "josm_url": "http://127.0.0.1:8111/load_object?new_layer=false&objects=w796499438", "id_url": "https://www.openstreetmap.org/edit?editor=id&way=796499438#map=20/34.4340823/132.4611334"}}, {"type": "Feature", "geometry": {"type": "Point", "coordinates": [132.4610741, 34.4339805]}, "properties": {"id": 796499439, "feat_type": "way", "quality_categories": "crossings_lacking_kerbs, missing_tags, older_than_five_years, replaceable_values", "issue_ids": "[0, 42, 2, 3]", "osm_url": "https://www.openstreetmap.org/way/796499439", "josm_url": "http://127.0.0.1:8111/load_object?new_layer=false&objects=w796499439", "id_url": "https://www.openstreetmap.org/edit?editor=id&way=796499439#map=20/34.4339805/132.4610741"}}, {"type": "Feature", "geometry": {"type": "Point", "coordinates": [132.4610108, 34.4340702]}, "properties": {"id": 796499442, "feat_type": "way", "quality_categories": "crossings_lacking_kerbs, missing_tags, older_than_five_years, replaceable_values", "issue_ids": "[0, 42, 2, 3]", "osm_url": "https://www.openstreetmap.org/way/796499442", "josm_url": "http://127.0.0.1:8111/load_object?new_layer=false&objects=w796499442", "id_url": "https://www.openstreetmap.org/edit?editor=id&way=796499442#map=20/34.4340702/132.4610108"}}, {"type": "Feature", "geometry": {"type": "Point", "coordinates": [132.459433, 34.4315916]}, "properties": {"id": 796560996, "feat_type": "way", "quality_categories": "crossings_lacking_kerbs, missing_tags, older_than_five_years, replaceable_values", "issue_ids": "[0, 42, 2, 3]", "osm_url": "https://www.openstreetmap.org/way/796560996", "josm_url": "http://127.0.0.1:8111/load_object?new_layer=false&objects=w796560996", "id_url": "https://www.openstreetmap.org/edit?editor=id&way=796560996#map=20/34.4315916/132.459433"}}, {"type": "Feature", "geometry": {"type": "Point", "coordinates": [132.4593376, 34.4315588]}, "properties": {"id": 796560997, "feat_type": "way", "quality_categories": "crossings_lacking_kerbs, missing_tags, older_than_five_years, replaceable_values", "issue_ids": "[0, 42, 2, 3]", "osm_url": "https://www.openstreetmap.org/way/796560997", "josm_url": "http://127.0.0.1:8111/load_object?new_layer=false&objects=w796560997", "id_url": "https://www.openstreetmap.org/edit?editor=id&way=796560997#map=20/34.4315588/132.4593376"}}, {"type": "Feature", "geometry": {"type": "Point", "coordinates": [132.466548, 34.4680961]}, "properties": {"id": 796594182, "feat_type": "way", "quality_categories": "crossings_lacking_kerbs, missing_tags, older_than_five_years, replaceable_values", "issue_ids": "[0, 42, 2, 3]", "osm_url": "https://www.openstreetmap.org/way/796594182", "josm_url": "http://127.0.0.1:8111/load_object?new_layer=false&objects=w796594182", "id_url": "https://www.openstreetmap.org/edit?editor=id&way=796594182#map=20/34.4680961/132.466548"}}, {"type": "Feature", "geometry": {"type": "Point", "coordinates": [132.4657423, 34.4692456]}, "properties": {"id": 796594191, "feat_type": "way", "quality_categories": "crossings_lacking_kerbs, missing_tags, older_than_five_years, replaceable_values", "issue_ids": "[0, 42, 2, 3]", "osm_url": "https://www.openstreetmap.org/way/796594191", "josm_url": "http://127.0.0.1:8111/load_object?new_layer=false&objects=w796594191", "id_url": "https://www.openstreetmap.org/edit?editor=id&way=796594191#map=20/34.4692456/132.4657423"}}, {"type": "Feature", "geometry": {"type": "Point", "coordinates": [132.4699272, 34.4673317]}, "properties": {"id": 796594194, "feat_type": "way", "quality_categories": "crossings_lacking_kerbs, missing_tags, older_than_five_years, replaceable_values", "issue_ids": "[0, 42, 2, 3]", "osm_url": "https://www.openstreetmap.org/way/796594194", "josm_url": "http://127.0.0.1:8111/load_object?new_layer=false&objects=w796594194", "id_url": "https://www.openstreetmap.org/edit?editor=id&way=796594194#map=20/34.4673317/132.4699272"}}, {"type": "Feature", "geometry": {"type": "Point", "coordinates": [132.4671237, 34.4689202]}, "properties": {"id": 796594197, "feat_type": "way", "quality_categories": "crossings_lacking_kerbs, missing_tags, older_than_five_years, replaceable_values", "issue_ids": "[0, 42, 2, 3]", "osm_url": "https://www.openstreetmap.org/way/796594197", "josm_url": "http://127.0.0.1:8111/load_object?new_layer=false&objects=w796594197", "id_url": "https://www.openstreetmap.org/edit?editor=id&way=796594197#map=20/34.4689202/132.4671237"}}, {"type": "Feature", "geometry": {"type": "Point", "coordinates": [132.4672947, 34.4689086]}, "properties": {"id": 796594198, "feat_type": "way", "quality_categories": "crossings_lacking_kerbs, missing_tags, older_than_five_years, replaceable_values", "issue_ids": "[0, 42, 2, 3]", "osm_url": "https://www.openstreetmap.org/way/796594198", "josm_url": "http://127.0.0.1:8111/load_object?new_layer=false&objects=w796594198", "id_url": "https://www.openstreetmap.org/edit?editor=id&way=796594198#map=20/34.4689086/132.4672947"}}, {"type": "Feature", "geometry": {"type": "Point", "coordinates": [132.4669245, 34.4688981]}, "properties": {"id": 796594199, "feat_type": "way", "quality_categories": "crossings_lacking_kerbs, missing_tags, older_than_five_years, replaceable_values", "issue_ids": "[0, 42, 2, 3]", "osm_url": "https://www.openstreetmap.org/way/796594199", "josm_url": "http://127.0.0.1:8111/load_object?new_layer=false&objects=w796594199", "id_url": "https://www.openstreetmap.org/edit?editor=id&way=796594199#map=20/34.4688981/132.4669245"}}, {"type": "Feature", "geometry": {"type": "Point", "coordinates": [132.4656556, 34.4693272]}, "properties": {"id": 796594201, "feat_type": "way", "quality_categories": "crossings_lacking_kerbs, missing_tags, older_than_five_years, replaceable_values", "issue_ids": "[0, 42, 2, 3]", "osm_url": "https://www.openstreetmap.org/way/796594201", "josm_url": "http://127.0.0.1:8111/load_object?new_layer=false&objects=w796594201", "id_url": "https://www.openstreetmap.org/edit?editor=id&way=796594201#map=20/34.4693272/132.4656556"}}, {"type": "Feature", "geometry": {"type": "Point", "coordinates": [132.4659936, 34.469395]}, "properties": {"id": 796594202, "feat_type": "way", "quality_categories": "crossings_lacking_kerbs, missing_tags, older_than_five_years, replaceable_values", "issue_ids": "[0, 42, 2, 3]", "osm_url": "https://www.openstreetmap.org/way/796594202", "josm_url": "http://127.0.0.1:8111/load_object?new_layer=false&objects=w796594202", "id_url": "https://www.openstreetmap.org/edit?editor=id&way=796594202#map=20/34.469395/132.4659936"}}, {"type": "Feature", "geometry": {"type": "Point", "coordinates": [132.4636431, 34.4689077]}, "properties": {"id": 796594205, "feat_type": "way", "quality_categories": "crossings_lacking_kerbs, missing_tags, older_than_five_years, replaceable_values", "issue_ids": "[0, 42, 2, 3]", "osm_url": "https://www.openstreetmap.org/way/796594205", "josm_url": "http://127.0.0.1:8111/load_object?new_layer=false&objects=w796594205", "id_url": "https://www.openstreetmap.org/edit?editor=id&way=796594205#map=20/34.4689077/132.4636431"}}, {"type": "Feature", "geometry": {"type": "Point", "coordinates": [132.4633352, 34.469086]}, "properties": {"id": 796594206, "feat_type": "way", "quality_categories": "crossings_lacking_kerbs, missing_tags, older_than_five_years, replaceable_values", "issue_ids": "[0, 43, 2, 3]", "osm_url": "https://www.openstreetmap.org/way/796594206", "josm_url": "http://127.0.0.1:8111/load_object?new_layer=false&objects=w796594206", "id_url": "https://www.openstreetmap.org/edit?editor=id&way=796594206#map=20/34.469086/132.4633352"}}, {"type": "Feature", "geometry": {"type": "Point", "coordinates": [132.4597563, 34.4703404]}, "properties": {"id": 796594212, "feat_type": "way", "quality_categories": "crossings_lacking_kerbs, missing_tags, older_than_five_years, replaceable_values", "issue_ids": "[0, 42, 2, 3]", "osm_url": "https://www.openstreetmap.org/way/796594212", "josm_url": "http://127.0.0.1:8111/load_object?new_layer=false&objects=w796594212", "id_url": "https://www.openstreetmap.org/edit?editor=id&way=796594212#map=20/34.4703404/132.4597563"}}, {"type": "Feature", "geometry": {"type": "Point", "coordinates": [132.4596033, 34.4704541]}, "properties": {"id": 796594215, "feat_type": "way", "quality_categories": "crossings_lacking_kerbs, missing_tags, older_than_five_years, replaceable_values", "issue_ids": "[0, 42, 2, 3]", "osm_url": "https://www.openstreetmap.org/way/796594215", "josm_url": "http://127.0.0.1:8111/load_object?new_layer=false&objects=w796594215", "id_url": "https://www.openstreetmap.org/edit?editor=id&way=796594215#map=20/34.4704541/132.4596033"}}, {"type": "Feature", "geometry": {"type": "Point", "coordinates": [132.4593879, 34.4700062]}, "properties": {"id": 796594217, "feat_type": "way", "quality_categories": "crossings_lacking_kerbs, missing_tags, replaceable_values", "issue_ids": "[0, 2, 3]", "osm_url": "https://www.openstreetmap.org/way/796594217", "josm_url": "http://127.0.0.1:8111/load_object?new_layer=false&objects=w796594217", "id_url": "https://www.openstreetmap.org/edit?editor=id&way=796594217#map=20/34.4700062/132.4593879"}}, {"type": "Feature", "geometry": {"type": "Point", "coordinates": [132.4592362, 34.4701262]}, "properties": {"id": 796594221, "feat_type": "way", "quality_categories": "crossings_lacking_kerbs, missing_tags, older_than_five_years, replaceable_values", "issue_ids": "[0, 42, 2, 3]", "osm_url": "https://www.openstreetmap.org/way/796594221", "josm_url": "http://127.0.0.1:8111/load_object?new_layer=false&objects=w796594221", "id_url": "https://www.openstreetmap.org/edit?editor=id&way=796594221#map=20/34.4701262/132.4592362"}}, {"type": "Feature", "geometry": {"type": "Point", "coordinates": [132.4583312, 34.4690382]}, "properties": {"id": 796594226, "feat_type": "way", "quality_categories": "crossings_lacking_kerbs, missing_tags, older_than_five_years, replaceable_values", "issue_ids": "[0, 42, 2, 3]", "osm_url": "https://www.openstreetmap.org/way/796594226", "josm_url": "http://127.0.0.1:8111/load_object?new_layer=false&objects=w796594226", "id_url": "https://www.openstreetmap.org/edit?editor=id&way=796594226#map=20/34.4690382/132.4583312"}}, {"type": "Feature", "geometry": {"type": "Point", "coordinates": [132.4585046, 34.468929]}, "properties": {"id": 796594227, "feat_type": "way", "quality_categories": "crossings_lacking_kerbs, missing_tags, older_than_five_years, replaceable_values", "issue_ids": "[0, 42, 2, 3]", "osm_url": "https://www.openstreetmap.org/way/796594227", "josm_url": "http://127.0.0.1:8111/load_object?new_layer=false&objects=w796594227", "id_url": "https://www.openstreetmap.org/edit?editor=id&way=796594227#map=20/34.468929/132.4585046"}}, {"type": "Feature", "geometry": {"type": "Point", "coordinates": [132.4599864, 34.4679867]}, "properties": {"id": 796594232, "feat_type": "way", "quality_categories": "crossings_lacking_kerbs, missing_tags, older_than_five_years, replaceable_values", "issue_ids": "[0, 42, 2, 3]", "osm_url": "https://www.openstreetmap.org/way/796594232", "josm_url": "http://127.0.0.1:8111/load_object?new_layer=false&objects=w796594232", "id_url": "https://www.openstreetmap.org/edit?editor=id&way=796594232#map=20/34.4679867/132.4599864"}}, {"type": "Feature", "geometry": {"type": "Point", "coordinates": [132.4598027, 34.4681114]}, "properties": {"id": 796594233, "feat_type": "way", "quality_categories": "crossings_lacking_kerbs, missing_tags, older_than_five_years, replaceable_values", "issue_ids": "[0, 42, 2, 3]", "osm_url": "https://www.openstreetmap.org/way/796594233", "josm_url": "http://127.0.0.1:8111/load_object?new_layer=false&objects=w796594233", "id_url": "https://www.openstreetmap.org/edit?editor=id&way=796594233#map=20/34.4681114/132.4598027"}}, {"type": "Feature", "geometry": {"type": "Point", "coordinates": [132.4613121, 34.4669826]}, "properties": {"id": 796594234, "feat_type": "way", "quality_categories": "crossings_lacking_kerbs, missing_tags, older_than_five_years, replaceable_values", "issue_ids": "[0, 42, 2, 3]", "osm_url": "https://www.openstreetmap.org/way/796594234", "josm_url": "http://127.0.0.1:8111/load_object?new_layer=false&objects=w796594234", "id_url": "https://www.openstreetmap.org/edit?editor=id&way=796594234#map=20/34.4669826/132.4613121"}}, {"type": "Feature", "geometry": {"type": "Point", "coordinates": [132.4655372, 34.4647989]}, "properties": {"id": 796600262, "feat_type": "way", "quality_categories": "crossings_lacking_kerbs, missing_tags, older_than_five_years, replaceable_values", "issue_ids": "[0, 42, 2, 3]", "osm_url": "https://www.openstreetmap.org/way/796600262", "josm_url": "http://127.0.0.1:8111/load_object?new_layer=false&objects=w796600262", "id_url": "https://www.openstreetmap.org/edit?editor=id&way=796600262#map=20/34.4647989/132.4655372"}}, {"type": "Feature", "geometry": {"type": "Point", "coordinates": [132.4669454, 34.4638525]}, "properties": {"id": 798536816, "feat_type": "way", "quality_categories": "crossings_lacking_kerbs, missing_tags, older_than_five_years, replaceable_values", "issue_ids": "[0, 44, 2, 3]", "osm_url": "https://www.openstreetmap.org/way/798536816", "josm_url": "http://127.0.0.1:8111/load_object?new_layer=false&objects=w798536816", "id_url": "https://www.openstreetmap.org/edit?editor=id&way=798536816#map=20/34.4638525/132.4669454"}}, {"type": "Feature", "geometry": {"type": "Point", "coordinates": [132.4835174, 34.4659608]}, "properties": {"id": 798543621, "feat_type": "way", "quality_categories": "crossings_lacking_kerbs, missing_tags, older_than_five_years, replaceable_values", "issue_ids": "[0, 44, 2, 3]", "osm_url": "https://www.openstreetmap.org/way/798543621", "josm_url": "http://127.0.0.1:8111/load_object?new_layer=false&objects=w798543621", "id_url": "https://www.openstreetmap.org/edit?editor=id&way=798543621#map=20/34.4659608/132.4835174"}}, {"type": "Feature", "geometry": {"type": "Point", "coordinates": [132.4798403, 34.4539962]}, "properties": {"id": 798548896, "feat_type": "way", "quality_categories": "crossings_lacking_kerbs, missing_tags, older_than_five_years, replaceable_values", "issue_ids": "[0, 45, 2, 3]", "osm_url": "https://www.openstreetmap.org/way/798548896", "josm_url": "http://127.0.0.1:8111/load_object?new_layer=false&objects=w798548896", "id_url": "https://www.openstreetmap.org/edit?editor=id&way=798548896#map=20/34.4539962/132.4798403"}}, {"type": "Feature", "geometry": {"type": "Point", "coordinates": [132.4618799, 34.4335699]}, "properties": {"id": 799811823, "feat_type": "way", "quality_categories": "crossings_lacking_kerbs, missing_tags, older_than_five_years, replaceable_values", "issue_ids": "[0, 32, 2, 3]", "osm_url": "https://www.openstreetmap.org/way/799811823", "josm_url": "http://127.0.0.1:8111/load_object?new_layer=false&objects=w799811823", "id_url": "https://www.openstreetmap.org/edit?editor=id&way=799811823#map=20/34.4335699/132.4618799"}}, {"type": "Feature", "geometry": {"type": "Point", "coordinates": [132.4516947, 34.4258257]}, "properties": {"id": 799811854, "feat_type": "way", "quality_categories": "crossings_lacking_kerbs, missing_tags, older_than_five_years, replaceable_values", "issue_ids": "[0, 32, 2, 3]", "osm_url": "https://www.openstreetmap.org/way/799811854", "josm_url": "http://127.0.0.1:8111/load_object?new_layer=false&objects=w799811854", "id_url": "https://www.openstreetmap.org/edit?editor=id&way=799811854#map=20/34.4258257/132.4516947"}}, {"type": "Feature", "geometry": {"type": "Point", "coordinates": [132.45212, 34.4257074]}, "properties": {"id": 799811856, "feat_type": "way", "quality_categories": "crossings_lacking_kerbs, missing_tags, older_than_five_years, replaceable_values", "issue_ids": "[0, 32, 2, 3]", "osm_url": "https://www.openstreetmap.org/way/799811856", "josm_url": "http://127.0.0.1:8111/load_object?new_layer=false&objects=w799811856", "id_url": "https://www.openstreetmap.org/edit?editor=id&way=799811856#map=20/34.4257074/132.45212"}}, {"type": "Feature", "geometry": {"type": "Point", "coordinates": [132.4652437, 34.4541947]}, "properties": {"id": 802057241, "feat_type": "way", "quality_categories": "crossings_lacking_kerbs, missing_tags, older_than_five_years, replaceable_values", "issue_ids": "[0, 46, 2, 3]", "osm_url": "https://www.openstreetmap.org/way/802057241", "josm_url": "http://127.0.0.1:8111/load_object?new_layer=false&objects=w802057241", "id_url": "https://www.openstreetmap.org/edit?editor=id&way=802057241#map=20/34.4541947/132.4652437"}}, {"type": "Feature", "geometry": {"type": "Point", "coordinates": [132.4653571, 34.4542489]}, "properties": {"id": 802057243, "feat_type": "way", "quality_categories": "crossings_lacking_kerbs, missing_tags, replaceable_values", "issue_ids": "[0, 2, 3]", "osm_url": "https://www.openstreetmap.org/way/802057243", "josm_url": "http://127.0.0.1:8111/load_object?new_layer=false&objects=w802057243", "id_url": "https://www.openstreetmap.org/edit?editor=id&way=802057243#map=20/34.4542489/132.4653571"}}, {"type": "Feature", "geometry": {"type": "Point", "coordinates": [132.4667594, 34.4580286]}, "properties": {"id": 802057249, "feat_type": "way", "quality_categories": "crossings_lacking_kerbs, missing_tags, older_than_five_years, replaceable_values", "issue_ids": "[0, 46, 2, 3]", "osm_url": "https://www.openstreetmap.org/way/802057249", "josm_url": "http://127.0.0.1:8111/load_object?new_layer=false&objects=w802057249", "id_url": "https://www.openstreetmap.org/edit?editor=id&way=802057249#map=20/34.4580286/132.4667594"}}, {"type": "Feature", "geometry": {"type": "Point", "coordinates": [132.4666395, 34.4577685]}, "properties": {"id": 802057253, "feat_type": "way", "quality_categories": "crossings_lacking_kerbs, missing_tags, older_than_five_years, replaceable_values", "issue_ids": "[0, 46, 2, 3]", "osm_url": "https://www.openstreetmap.org/way/802057253", "josm_url": "http://127.0.0.1:8111/load_object?new_layer=false&objects=w802057253", "id_url": "https://www.openstreetmap.org/edit?editor=id&way=802057253#map=20/34.4577685/132.4666395"}}, {"type": "Feature", "geometry": {"type": "Point", "coordinates": [132.4669006, 34.4578094]}, "properties": {"id": 802057255, "feat_type": "way", "quality_categories": "crossings_lacking_kerbs, missing_tags, older_than_five_years, replaceable_values", "issue_ids": "[0, 46, 2, 3]", "osm_url": "https://www.openstreetmap.org/way/802057255", "josm_url": "http://127.0.0.1:8111/load_object?new_layer=false&objects=w802057255", "id_url": "https://www.openstreetmap.org/edit?editor=id&way=802057255#map=20/34.4578094/132.4669006"}}, {"type": "Feature", "geometry": {"type": "Point", "coordinates": [132.4685129, 34.4527143]}, "properties": {"id": 802057261, "feat_type": "way", "quality_categories": "crossings_lacking_kerbs, missing_tags, older_than_five_years, replaceable_values", "issue_ids": "[0, 46, 2, 3]", "osm_url": "https://www.openstreetmap.org/way/802057261", "josm_url": "http://127.0.0.1:8111/load_object?new_layer=false&objects=w802057261", "id_url": "https://www.openstreetmap.org/edit?editor=id&way=802057261#map=20/34.4527143/132.4685129"}}, {"type": "Feature", "geometry": {"type": "Point", "coordinates": [132.4635723, 34.4655864]}, "properties": {"id": 802538234, "feat_type": "way", "quality_categories": "crossings_lacking_kerbs, missing_tags, older_than_five_years, replaceable_values", "issue_ids": "[0, 47, 2, 3]", "osm_url": "https://www.openstreetmap.org/way/802538234", "josm_url": "http://127.0.0.1:8111/load_object?new_layer=false&objects=w802538234", "id_url": "https://www.openstreetmap.org/edit?editor=id&way=802538234#map=20/34.4655864/132.4635723"}}, {"type": "Feature", "geometry": {"type": "Point", "coordinates": [132.4645884, 34.4646582]}, "properties": {"id": 802538235, "feat_type": "way", "quality_categories": "crossings_lacking_kerbs, missing_tags, older_than_five_years, replaceable_values", "issue_ids": "[0, 47, 2, 3]", "osm_url": "https://www.openstreetmap.org/way/802538235", "josm_url": "http://127.0.0.1:8111/load_object?new_layer=false&objects=w802538235", "id_url": "https://www.openstreetmap.org/edit?editor=id&way=802538235#map=20/34.4646582/132.4645884"}}, {"type": "Feature", "geometry": {"type": "Point", "coordinates": [132.4807115, 34.4707481]}, "properties": {"id": 804771153, "feat_type": "way", "quality_categories": "crossings_lacking_kerbs, missing_tags, older_than_five_years, replaceable_values", "issue_ids": "[0, 48, 2, 3]", "osm_url": "https://www.openstreetmap.org/way/804771153", "josm_url": "http://127.0.0.1:8111/load_object?new_layer=false&objects=w804771153", "id_url": "https://www.openstreetmap.org/edit?editor=id&way=804771153#map=20/34.4707481/132.4807115"}}, {"type": "Feature", "geometry": {"type": "Point", "coordinates": [132.4858585, 34.4654706]}, "properties": {"id": 804771156, "feat_type": "way", "quality_categories": "crossings_lacking_kerbs, missing_tags, older_than_five_years, replaceable_values", "issue_ids": "[0, 48, 2, 3]", "osm_url": "https://www.openstreetmap.org/way/804771156", "josm_url": "http://127.0.0.1:8111/load_object?new_layer=false&objects=w804771156", "id_url": "https://www.openstreetmap.org/edit?editor=id&way=804771156#map=20/34.4654706/132.4858585"}}, {"type": "Feature", "geometry": {"type": "Point", "coordinates": [132.485918, 34.4658688]}, "properties": {"id": 804771158, "feat_type": "way", "quality_categories": "crossings_lacking_kerbs, missing_tags, older_than_five_years, replaceable_values", "issue_ids": "[0, 48, 2, 3]", "osm_url": "https://www.openstreetmap.org/way/804771158", "josm_url": "http://127.0.0.1:8111/load_object?new_layer=false&objects=w804771158", "id_url": "https://www.openstreetmap.org/edit?editor=id&way=804771158#map=20/34.4658688/132.485918"}}, {"type": "Feature", "geometry": {"type": "Point", "coordinates": [132.4871206, 34.4658371]}, "properties": {"id": 804771159, "feat_type": "way", "quality_categories": "crossings_lacking_kerbs, missing_tags, older_than_five_years, replaceable_values", "issue_ids": "[0, 48, 2, 3]", "osm_url": "https://www.openstreetmap.org/way/804771159", "josm_url": "http://127.0.0.1:8111/load_object?new_layer=false&objects=w804771159", "id_url": "https://www.openstreetmap.org/edit?editor=id&way=804771159#map=20/34.4658371/132.4871206"}}, {"type": "Feature", "geometry": {"type": "Point", "coordinates": [132.4870845, 34.4654353]}, "properties": {"id": 804771160, "feat_type": "way", "quality_categories": "crossings_lacking_kerbs, missing_tags, older_than_five_years, replaceable_values", "issue_ids": "[0, 48, 2, 3]", "osm_url": "https://www.openstreetmap.org/way/804771160", "josm_url": "http://127.0.0.1:8111/load_object?new_layer=false&objects=w804771160", "id_url": "https://www.openstreetmap.org/edit?editor=id&way=804771160#map=20/34.4654353/132.4870845"}}, {"type": "Feature", "geometry": {"type": "Point", "coordinates": [132.4956263, 34.4629963]}, "properties": {"id": 804777683, "feat_type": "way", "quality_categories": "crossings_lacking_kerbs, missing_tags, older_than_five_years, replaceable_values", "issue_ids": "[0, 48, 2, 3]", "osm_url": "https://www.openstreetmap.org/way/804777683", "josm_url": "http://127.0.0.1:8111/load_object?new_layer=false&objects=w804777683", "id_url": "https://www.openstreetmap.org/edit?editor=id&way=804777683#map=20/34.4629963/132.4956263"}}, {"type": "Feature", "geometry": {"type": "Point", "coordinates": [132.4841832, 34.4458296]}, "properties": {"id": 804789633, "feat_type": "way", "quality_categories": "crossings_lacking_kerbs, missing_tags, older_than_five_years, replaceable_values", "issue_ids": "[0, 49, 2, 3]", "osm_url": "https://www.openstreetmap.org/way/804789633", "josm_url": "http://127.0.0.1:8111/load_object?new_layer=false&objects=w804789633", "id_url": "https://www.openstreetmap.org/edit?editor=id&way=804789633#map=20/34.4458296/132.4841832"}}, {"type": "Feature", "geometry": {"type": "Point", "coordinates": [132.4850309, 34.4463579]}, "properties": {"id": 804789634, "feat_type": "way", "quality_categories": "crossings_lacking_kerbs, missing_tags, older_than_five_years, replaceable_values", "issue_ids": "[0, 49, 2, 3]", "osm_url": "https://www.openstreetmap.org/way/804789634", "josm_url": "http://127.0.0.1:8111/load_object?new_layer=false&objects=w804789634", "id_url": "https://www.openstreetmap.org/edit?editor=id&way=804789634#map=20/34.4463579/132.4850309"}}, {"type": "Feature", "geometry": {"type": "Point", "coordinates": [132.4864392, 34.4465773]}, "properties": {"id": 804789635, "feat_type": "way", "quality_categories": "crossings_lacking_kerbs, missing_tags, older_than_five_years, replaceable_values", "issue_ids": "[0, 49, 2, 3]", "osm_url": "https://www.openstreetmap.org/way/804789635", "josm_url": "http://127.0.0.1:8111/load_object?new_layer=false&objects=w804789635", "id_url": "https://www.openstreetmap.org/edit?editor=id&way=804789635#map=20/34.4465773/132.4864392"}}, {"type": "Feature", "geometry": {"type": "Point", "coordinates": [132.4781913, 34.4462058]}, "properties": {"id": 804789650, "feat_type": "way", "quality_categories": "crossings_lacking_kerbs, missing_tags, older_than_five_years, replaceable_values", "issue_ids": "[0, 49, 2, 3]", "osm_url": "https://www.openstreetmap.org/way/804789650", "josm_url": "http://127.0.0.1:8111/load_object?new_layer=false&objects=w804789650", "id_url": "https://www.openstreetmap.org/edit?editor=id&way=804789650#map=20/34.4462058/132.4781913"}}, {"type": "Feature", "geometry": {"type": "Point", "coordinates": [132.47821, 34.4462832]}, "properties": {"id": 804789651, "feat_type": "way", "quality_categories": "crossings_lacking_kerbs, missing_tags, older_than_five_years, replaceable_values", "issue_ids": "[0, 49, 2, 3]", "osm_url": "https://www.openstreetmap.org/way/804789651", "josm_url": "http://127.0.0.1:8111/load_object?new_layer=false&objects=w804789651", "id_url": "https://www.openstreetmap.org/edit?editor=id&way=804789651#map=20/34.4462832/132.47821"}}, {"type": "Feature", "geometry": {"type": "Point", "coordinates": [132.4799828, 34.4589903]}, "properties": {"id": 805015262, "feat_type": "way", "quality_categories": "crossings_lacking_kerbs, missing_tags, older_than_five_years, replaceable_values", "issue_ids": "[0, 49, 2, 3]", "osm_url": "https://www.openstreetmap.org/way/805015262", "josm_url": "http://127.0.0.1:8111/load_object?new_layer=false&objects=w805015262", "id_url": "https://www.openstreetmap.org/edit?editor=id&way=805015262#map=20/34.4589903/132.4799828"}}, {"type": "Feature", "geometry": {"type": "Point", "coordinates": [132.4779079, 34.4419457]}, "properties": {"id": 808196078, "feat_type": "way", "quality_categories": "crossings_lacking_kerbs, missing_tags, older_than_five_years, replaceable_values", "issue_ids": "[0, 50, 2, 3]", "osm_url": "https://www.openstreetmap.org/way/808196078", "josm_url": "http://127.0.0.1:8111/load_object?new_layer=false&objects=w808196078", "id_url": "https://www.openstreetmap.org/edit?editor=id&way=808196078#map=20/34.4419457/132.4779079"}}, {"type": "Feature", "geometry": {"type": "Point", "coordinates": [132.4765377, 34.4418043]}, "properties": {"id": 808196081, "feat_type": "way", "quality_categories": "crossings_lacking_kerbs, missing_tags, older_than_five_years, replaceable_values", "issue_ids": "[0, 50, 2, 3]", "osm_url": "https://www.openstreetmap.org/way/808196081", "josm_url": "http://127.0.0.1:8111/load_object?new_layer=false&objects=w808196081", "id_url": "https://www.openstreetmap.org/edit?editor=id&way=808196081#map=20/34.4418043/132.4765377"}}, {"type": "Feature", "geometry": {"type": "Point", "coordinates": [132.4782856, 34.4415098]}, "properties": {"id": 808196091, "feat_type": "way", "quality_categories": "crossings_lacking_kerbs, missing_tags, older_than_five_years, replaceable_values", "issue_ids": "[0, 50, 2, 3]", "osm_url": "https://www.openstreetmap.org/way/808196091", "josm_url": "http://127.0.0.1:8111/load_object?new_layer=false&objects=w808196091", "id_url": "https://www.openstreetmap.org/edit?editor=id&way=808196091#map=20/34.4415098/132.4782856"}}, {"type": "Feature", "geometry": {"type": "Point", "coordinates": [132.5179314, 34.5317443]}, "properties": {"id": 808889730, "feat_type": "way", "quality_categories": "crossings_lacking_kerbs, missing_tags, older_than_five_years, replaceable_values", "issue_ids": "[0, 51, 2, 3]", "osm_url": "https://www.openstreetmap.org/way/808889730", "josm_url": "http://127.0.0.1:8111/load_object?new_layer=false&objects=w808889730", "id_url": "https://www.openstreetmap.org/edit?editor=id&way=808889730#map=20/34.5317443/132.5179314"}}, {"type": "Feature", "geometry": {"type": "Point", "coordinates": [132.5179008, 34.531824]}, "properties": {"id": 808889731, "feat_type": "way", "quality_categories": "crossings_lacking_kerbs, missing_tags, older_than_five_years, replaceable_values", "issue_ids": "[0, 51, 2, 3]", "osm_url": "https://www.openstreetmap.org/way/808889731", "josm_url": "http://127.0.0.1:8111/load_object?new_layer=false&objects=w808889731", "id_url": "https://www.openstreetmap.org/edit?editor=id&way=808889731#map=20/34.531824/132.5179008"}}, {"type": "Feature", "geometry": {"type": "Point", "coordinates": [132.4198735, 34.4093113]}, "properties": {"id": 817874475, "feat_type": "way", "quality_categories": "crossings_lacking_kerbs, missing_tags, replaceable_values", "issue_ids": "[0, 2, 3]", "osm_url": "https://www.openstreetmap.org/way/817874475", "josm_url": "http://127.0.0.1:8111/load_object?new_layer=false&objects=w817874475", "id_url": "https://www.openstreetmap.org/edit?editor=id&way=817874475#map=20/34.4093113/132.4198735"}}, {"type": "Feature", "geometry": {"type": "Point", "coordinates": [132.4199863, 34.4092568]}, "properties": {"id": 817874477, "feat_type": "way", "quality_categories": "crossings_lacking_kerbs, missing_tags, replaceable_values", "issue_ids": "[0, 2, 3]", "osm_url": "https://www.openstreetmap.org/way/817874477", "josm_url": "http://127.0.0.1:8111/load_object?new_layer=false&objects=w817874477", "id_url": "https://www.openstreetmap.org/edit?editor=id&way=817874477#map=20/34.4092568/132.4199863"}}, {"type": "Feature", "geometry": {"type": "Point", "coordinates": [132.4199824, 34.4094229]}, "properties": {"id": 817874482, "feat_type": "way", "quality_categories": "crossings_lacking_kerbs, missing_tags, replaceable_values", "issue_ids": "[0, 2, 3]", "osm_url": "https://www.openstreetmap.org/way/817874482", "josm_url": "http://127.0.0.1:8111/load_object?new_layer=false&objects=w817874482", "id_url": "https://www.openstreetmap.org/edit?editor=id&way=817874482#map=20/34.4094229/132.4199824"}}, {"type": "Feature", "geometry": {"type": "Point", "coordinates": [132.420065, 34.4093621]}, "properties": {"id": 817874490, "feat_type": "way", "quality_categories": "crossings_lacking_kerbs, missing_tags, replaceable_values", "issue_ids": "[0, 2, 3]", "osm_url": "https://www.openstreetmap.org/way/817874490", "josm_url": "http://127.0.0.1:8111/load_object?new_layer=false&objects=w817874490", "id_url": "https://www.openstreetmap.org/edit?editor=id&way=817874490#map=20/34.4093621/132.420065"}}, {"type": "Feature", "geometry": {"type": "Point", "coordinates": [132.5137424, 34.5034108]}, "properties": {"id": 844640097, "feat_type": "way", "quality_categories": "crossings_lacking_kerbs, missing_tags, older_than_five_years, replaceable_values", "issue_ids": "[0, 52, 2, 3]", "osm_url": "https://www.openstreetmap.org/way/844640097", "josm_url": "http://127.0.0.1:8111/load_object?new_layer=false&objects=w844640097", "id_url": "https://www.openstreetmap.org/edit?editor=id&way=844640097#map=20/34.5034108/132.5137424"}}, {"type": "Feature", "geometry": {"type": "Point", "coordinates": [132.5139209, 34.504821]}, "properties": {"id": 844640098, "feat_type": "way", "quality_categories": "crossings_lacking_kerbs, missing_tags, older_than_five_years, replaceable_values", "issue_ids": "[0, 52, 2, 3]", "osm_url": "https://www.openstreetmap.org/way/844640098", "josm_url": "http://127.0.0.1:8111/load_object?new_layer=false&objects=w844640098", "id_url": "https://www.openstreetmap.org/edit?editor=id&way=844640098#map=20/34.504821/132.5139209"}}, {"type": "Feature", "geometry": {"type": "Point", "coordinates": [132.5137767, 34.5049095]}, "properties": {"id": 844640099, "feat_type": "way", "quality_categories": "crossings_lacking_kerbs, missing_tags, older_than_five_years, replaceable_values", "issue_ids": "[0, 52, 2, 3]", "osm_url": "https://www.openstreetmap.org/way/844640099", "josm_url": "http://127.0.0.1:8111/load_object?new_layer=false&objects=w844640099", "id_url": "https://www.openstreetmap.org/edit?editor=id&way=844640099#map=20/34.5049095/132.5137767"}}, {"type": "Feature", "geometry": {"type": "Point", "coordinates": [132.5138143, 34.504716]}, "properties": {"id": 844640100, "feat_type": "way", "quality_categories": "crossings_lacking_kerbs, missing_tags, older_than_five_years, replaceable_values", "issue_ids": "[0, 52, 2, 3]", "osm_url": "https://www.openstreetmap.org/way/844640100", "josm_url": "http://127.0.0.1:8111/load_object?new_layer=false&objects=w844640100", "id_url": "https://www.openstreetmap.org/edit?editor=id&way=844640100#map=20/34.504716/132.5138143"}}, {"type": "Feature", "geometry": {"type": "Point", "coordinates": [132.4643609, 34.3642254]}, "properties": {"id": 929616260, "feat_type": "way", "quality_categories": "crossings_lacking_kerbs, replaceable_values", "issue_ids": "[0, 3]", "osm_url": "https://www.openstreetmap.org/way/929616260", "josm_url": "http://127.0.0.1:8111/load_object?new_layer=false&objects=w929616260", "id_url": "https://www.openstreetmap.org/edit?editor=id&way=929616260#map=20/34.3642254/132.4643609"}}, {"type": "Feature", "geometry": {"type": "Point", "coordinates": [132.4643525, 34.3641318]}, "properties": {"id": 929616261, "feat_type": "way", "quality_categories": "crossings_lacking_kerbs, replaceable_values", "issue_ids": "[0, 3]", "osm_url": "https://www.openstreetmap.org/way/929616261", "josm_url": "http://127.0.0.1:8111/load_object?new_layer=false&objects=w929616261", "id_url": "https://www.openstreetmap.org/edit?editor=id&way=929616261#map=20/34.3641318/132.4643525"}}, {"type": "Feature", "geometry": {"type": "Point", "coordinates": [132.4637876, 34.3781173]}, "properties": {"id": 930197358, "feat_type": "way", "quality_categories": "crossings_lacking_kerbs, missing_tags, older_than_five_years, replaceable_values", "issue_ids": "[0, 4, 2, 3]", "osm_url": "https://www.openstreetmap.org/way/930197358", "josm_url": "http://127.0.0.1:8111/load_object?new_layer=false&objects=w930197358", "id_url": "https://www.openstreetmap.org/edit?editor=id&way=930197358#map=20/34.3781173/132.4637876"}}, {"type": "Feature", "geometry": {"type": "Point", "coordinates": [132.4639523, 34.3781297]}, "properties": {"id": 930197359, "feat_type": "way", "quality_categories": "crossings_lacking_kerbs, missing_tags, older_than_five_years, replaceable_values", "issue_ids": "[0, 4, 2, 3]", "osm_url": "https://www.openstreetmap.org/way/930197359", "josm_url": "http://127.0.0.1:8111/load_object?new_layer=false&objects=w930197359", "id_url": "https://www.openstreetmap.org/edit?editor=id&way=930197359#map=20/34.3781297/132.4639523"}}, {"type": "Feature", "geometry": {"type": "Point", "coordinates": [132.4648272, 34.3870346]}, "properties": {"id": 930656701, "feat_type": "way", "quality_categories": "crossings_lacking_kerbs, missing_tags, older_than_five_years, replaceable_values", "issue_ids": "[0, 1, 2, 3]", "osm_url": "https://www.openstreetmap.org/way/930656701", "josm_url": "http://127.0.0.1:8111/load_object?new_layer=false&objects=w930656701", "id_url": "https://www.openstreetmap.org/edit?editor=id&way=930656701#map=20/34.3870346/132.4648272"}}, {"type": "Feature", "geometry": {"type": "Point", "coordinates": [132.4591406, 34.3893134]}, "properties": {"id": 930656712, "feat_type": "way", "quality_categories": "crossings_lacking_kerbs, replaceable_values", "issue_ids": "[0, 3]", "osm_url": "https://www.openstreetmap.org/way/930656712", "josm_url": "http://127.0.0.1:8111/load_object?new_layer=false&objects=w930656712", "id_url": "https://www.openstreetmap.org/edit?editor=id&way=930656712#map=20/34.3893134/132.4591406"}}, {"type": "Feature", "geometry": {"type": "Point", "coordinates": [132.3925903, 34.3756587]}, "properties": {"id": 971309852, "feat_type": "way", "quality_categories": "crossings_lacking_kerbs, missing_tags, older_than_five_years, replaceable_values", "issue_ids": "[0, 53, 2, 3]", "osm_url": "https://www.openstreetmap.org/way/971309852", "josm_url": "http://127.0.0.1:8111/load_object?new_layer=false&objects=w971309852", "id_url": "https://www.openstreetmap.org/edit?editor=id&way=971309852#map=20/34.3756587/132.3925903"}}, {"type": "Feature", "geometry": {"type": "Point", "coordinates": [132.3922264, 34.3754268]}, "properties": {"id": 971309853, "feat_type": "way", "quality_categories": "crossings_lacking_kerbs, missing_tags, replaceable_values", "issue_ids": "[0, 2, 3]", "osm_url": "https://www.openstreetmap.org/way/971309853", "josm_url": "http://127.0.0.1:8111/load_object?new_layer=false&objects=w971309853", "id_url": "https://www.openstreetmap.org/edit?editor=id&way=971309853#map=20/34.3754268/132.3922264"}}, {"type": "Feature", "geometry": {"type": "Point", "coordinates": [132.4928588, 34.3945513]}, "properties": {"id": 986955935, "feat_type": "way", "quality_categories": "missing_tags, replaceable_values", "issue_ids": "[0, 2]", "osm_url": "https://www.openstreetmap.org/way/986955935", "josm_url": "http://127.0.0.1:8111/load_object?new_layer=false&objects=w986955935", "id_url": "https://www.openstreetmap.org/edit?editor=id&way=986955935#map=20/34.3945513/132.4928588"}}, {"type": "Feature", "geometry": {"type": "Point", "coordinates": [132.4013461, 34.4262933]}, "properties": {"id": 1000782272, "feat_type": "way", "quality_categories": "crossings_lacking_kerbs, missing_tags, replaceable_values", "issue_ids": "[0, 2, 3]", "osm_url": "https://www.openstreetmap.org/way/1000782272", "josm_url": "http://127.0.0.1:8111/load_object?new_layer=false&objects=w1000782272", "id_url": "https://www.openstreetmap.org/edit?editor=id&way=1000782272#map=20/34.4262933/132.4013461"}}, {"type": "Feature", "geometry": {"type": "Point", "coordinates": [132.4012919, 34.4264153]}, "properties": {"id": 1000782273, "feat_type": "way", "quality_categories": "crossings_lacking_kerbs, missing_tags, replaceable_values", "issue_ids": "[0, 2, 3]", "osm_url": "https://www.openstreetmap.org/way/1000782273", "josm_url": "http://127.0.0.1:8111/load_object?new_layer=false&objects=w1000782273", "id_url": "https://www.openstreetmap.org/edit?editor=id&way=1000782273#map=20/34.4264153/132.4012919"}}, {"type": "Feature", "geometry": {"type": "Point", "coordinates": [132.4013879, 34.4265594]}, "properties": {"id": 1000782275, "feat_type": "way", "quality_categories": "crossings_lacking_kerbs, missing_tags, replaceable_values", "issue_ids": "[0, 2, 3]", "osm_url": "https://www.openstreetmap.org/way/1000782275", "josm_url": "http://127.0.0.1:8111/load_object?new_layer=false&objects=w1000782275", "id_url": "https://www.openstreetmap.org/edit?editor=id&way=1000782275#map=20/34.4265594/132.4013879"}}, {"type": "Feature", "geometry": {"type": "Point", "coordinates": [132.4012114, 34.4265899]}, "properties": {"id": 1000782277, "feat_type": "way", "quality_categories": "crossings_lacking_kerbs, missing_tags, replaceable_values", "issue_ids": "[0, 2, 3]", "osm_url": "https://www.openstreetmap.org/way/1000782277", "josm_url": "http://127.0.0.1:8111/load_object?new_layer=false&objects=w1000782277", "id_url": "https://www.openstreetmap.org/edit?editor=id&way=1000782277#map=20/34.4265899/132.4012114"}}, {"type": "Feature", "geometry": {"type": "Point", "coordinates": [132.3976813, 34.423688]}, "properties": {"id": 1000782280, "feat_type": "way", "quality_categories": "crossings_lacking_kerbs, missing_tags, replaceable_values", "issue_ids": "[0, 2, 3]", "osm_url": "https://www.openstreetmap.org/way/1000782280", "josm_url": "http://127.0.0.1:8111/load_object?new_layer=false&objects=w1000782280", "id_url": "https://www.openstreetmap.org/edit?editor=id&way=1000782280#map=20/34.423688/132.3976813"}}, {"type": "Feature", "geometry": {"type": "Point", "coordinates": [132.4028962, 34.4167918]}, "properties": {"id": 1000782281, "feat_type": "way", "quality_categories": "crossings_lacking_kerbs, missing_tags, replaceable_values", "issue_ids": "[0, 2, 3]", "osm_url": "https://www.openstreetmap.org/way/1000782281", "josm_url": "http://127.0.0.1:8111/load_object?new_layer=false&objects=w1000782281", "id_url": "https://www.openstreetmap.org/edit?editor=id&way=1000782281#map=20/34.4167918/132.4028962"}}, {"type": "Feature", "geometry": {"type": "Point", "coordinates": [132.4007268, 34.4231698]}, "properties": {"id": 1000782283, "feat_type": "way", "quality_categories": "crossings_lacking_kerbs, missing_tags, replaceable_values", "issue_ids": "[0, 2, 3]", "osm_url": "https://www.openstreetmap.org/way/1000782283", "josm_url": "http://127.0.0.1:8111/load_object?new_layer=false&objects=w1000782283", "id_url": "https://www.openstreetmap.org/edit?editor=id&way=1000782283#map=20/34.4231698/132.4007268"}}, {"type": "Feature", "geometry": {"type": "Point", "coordinates": [132.400882, 34.4233395]}, "properties": {"id": 1000782284, "feat_type": "way", "quality_categories": "crossings_lacking_kerbs, missing_tags, replaceable_values", "issue_ids": "[0, 2, 3]", "osm_url": "https://www.openstreetmap.org/way/1000782284", "josm_url": "http://127.0.0.1:8111/load_object?new_layer=false&objects=w1000782284", "id_url": "https://www.openstreetmap.org/edit?editor=id&way=1000782284#map=20/34.4233395/132.400882"}}, {"type": "Feature", "geometry": {"type": "Point", "coordinates": [132.4723418, 34.3829822]}, "properties": {"id": 1002192671, "feat_type": "way", "quality_categories": "disjointed_geometries, replaceable_values", "issue_ids": "[0, 13]", "osm_url": "https://www.openstreetmap.org/way/1002192671", "josm_url": "http://127.0.0.1:8111/load_object?new_layer=false&objects=w1002192671", "id_url": "https://www.openstreetmap.org/edit?editor=id&way=1002192671#map=20/34.3829822/132.4723418"}}, {"type": "Feature", "geometry": {"type": "Point", "coordinates": [132.4120816, 34.4024141]}, "properties": {"id": 1002396381, "feat_type": "way", "quality_categories": "crossings_lacking_kerbs, missing_tags, replaceable_values", "issue_ids": "[0, 2, 3]", "osm_url": "https://www.openstreetmap.org/way/1002396381", "josm_url": "http://127.0.0.1:8111/load_object?new_layer=false&objects=w1002396381", "id_url": "https://www.openstreetmap.org/edit?editor=id&way=1002396381#map=20/34.4024141/132.4120816"}}, {"type": "Feature", "geometry": {"type": "Point", "coordinates": [132.4132193, 34.3935353]}, "properties": {"id": 1003637873, "feat_type": "way", "quality_categories": "crossings_lacking_kerbs, missing_tags, replaceable_values", "issue_ids": "[0, 2, 3]", "osm_url": "https://www.openstreetmap.org/way/1003637873", "josm_url": "http://127.0.0.1:8111/load_object?new_layer=false&objects=w1003637873", "id_url": "https://www.openstreetmap.org/edit?editor=id&way=1003637873#map=20/34.3935353/132.4132193"}}, {"type": "Feature", "geometry": {"type": "Point", "coordinates": [132.4135333, 34.3931618]}, "properties": {"id": 1003637874, "feat_type": "way", "quality_categories": "crossings_lacking_kerbs, missing_tags, replaceable_values", "issue_ids": "[0, 2, 3]", "osm_url": "https://www.openstreetmap.org/way/1003637874", "josm_url": "http://127.0.0.1:8111/load_object?new_layer=false&objects=w1003637874", "id_url": "https://www.openstreetmap.org/edit?editor=id&way=1003637874#map=20/34.3931618/132.4135333"}}, {"type": "Feature", "geometry": {"type": "Point", "coordinates": [132.4136761, 34.3931275]}, "properties": {"id": 1003637875, "feat_type": "way", "quality_categories": "crossings_lacking_kerbs, missing_tags, replaceable_values", "issue_ids": "[0, 2, 3]", "osm_url": "https://www.openstreetmap.org/way/1003637875", "josm_url": "http://127.0.0.1:8111/load_object?new_layer=false&objects=w1003637875", "id_url": "https://www.openstreetmap.org/edit?editor=id&way=1003637875#map=20/34.3931275/132.4136761"}}, {"type": "Feature", "geometry": {"type": "Point", "coordinates": [132.4122526, 34.4019711]}, "properties": {"id": 1003637896, "feat_type": "way", "quality_categories": "crossings_lacking_kerbs, missing_tags, replaceable_values", "issue_ids": "[0, 2, 3]", "osm_url": "https://www.openstreetmap.org/way/1003637896", "josm_url": "http://127.0.0.1:8111/load_object?new_layer=false&objects=w1003637896", "id_url": "https://www.openstreetmap.org/edit?editor=id&way=1003637896#map=20/34.4019711/132.4122526"}}, {"type": "Feature", "geometry": {"type": "Point", "coordinates": [132.4119832, 34.4019567]}, "properties": {"id": 1003637903, "feat_type": "way", "quality_categories": "crossings_lacking_kerbs, missing_tags, replaceable_values", "issue_ids": "[0, 2, 3]", "osm_url": "https://www.openstreetmap.org/way/1003637903", "josm_url": "http://127.0.0.1:8111/load_object?new_layer=false&objects=w1003637903", "id_url": "https://www.openstreetmap.org/edit?editor=id&way=1003637903#map=20/34.4019567/132.4119832"}}, {"type": "Feature", "geometry": {"type": "Point", "coordinates": [132.4122581, 34.4024147]}, "properties": {"id": 1003670718, "feat_type": "way", "quality_categories": "crossings_lacking_kerbs, missing_tags, replaceable_values", "issue_ids": "[0, 2, 3]", "osm_url": "https://www.openstreetmap.org/way/1003670718", "josm_url": "http://127.0.0.1:8111/load_object?new_layer=false&objects=w1003670718", "id_url": "https://www.openstreetmap.org/edit?editor=id&way=1003670718#map=20/34.4024147/132.4122581"}}, {"type": "Feature", "geometry": {"type": "Point", "coordinates": [132.4130613, 34.4010984]}, "properties": {"id": 1003670720, "feat_type": "way", "quality_categories": "crossings_lacking_kerbs, missing_tags, replaceable_values", "issue_ids": "[0, 2, 3]", "osm_url": "https://www.openstreetmap.org/way/1003670720", "josm_url": "http://127.0.0.1:8111/load_object?new_layer=false&objects=w1003670720", "id_url": "https://www.openstreetmap.org/edit?editor=id&way=1003670720#map=20/34.4010984/132.4130613"}}, {"type": "Feature", "geometry": {"type": "Point", "coordinates": [132.4133432, 34.4010964]}, "properties": {"id": 1003670721, "feat_type": "way", "quality_categories": "crossings_lacking_kerbs, missing_tags, replaceable_values", "issue_ids": "[0, 2, 3]", "osm_url": "https://www.openstreetmap.org/way/1003670721", "josm_url": "http://127.0.0.1:8111/load_object?new_layer=false&objects=w1003670721", "id_url": "https://www.openstreetmap.org/edit?editor=id&way=1003670721#map=20/34.4010964/132.4133432"}}, {"type": "Feature", "geometry": {"type": "Point", "coordinates": [132.4132025, 34.4009645]}, "properties": {"id": 1003670722, "feat_type": "way", "quality_categories": "crossings_lacking_kerbs, missing_tags, replaceable_values", "issue_ids": "[0, 2, 3]", "osm_url": "https://www.openstreetmap.org/way/1003670722", "josm_url": "http://127.0.0.1:8111/load_object?new_layer=false&objects=w1003670722", "id_url": "https://www.openstreetmap.org/edit?editor=id&way=1003670722#map=20/34.4009645/132.4132025"}}, {"type": "Feature", "geometry": {"type": "Point", "coordinates": [132.4133203, 34.3985846]}, "properties": {"id": 1003670726, "feat_type": "way", "quality_categories": "crossings_lacking_kerbs, missing_tags, replaceable_values", "issue_ids": "[0, 2, 3]", "osm_url": "https://www.openstreetmap.org/way/1003670726", "josm_url": "http://127.0.0.1:8111/load_object?new_layer=false&objects=w1003670726", "id_url": "https://www.openstreetmap.org/edit?editor=id&way=1003670726#map=20/34.3985846/132.4133203"}}, {"type": "Feature", "geometry": {"type": "Point", "coordinates": [132.4131982, 34.3986847]}, "properties": {"id": 1003670727, "feat_type": "way", "quality_categories": "crossings_lacking_kerbs, missing_tags, replaceable_values", "issue_ids": "[0, 2, 3]", "osm_url": "https://www.openstreetmap.org/way/1003670727", "josm_url": "http://127.0.0.1:8111/load_object?new_layer=false&objects=w1003670727", "id_url": "https://www.openstreetmap.org/edit?editor=id&way=1003670727#map=20/34.3986847/132.4131982"}}, {"type": "Feature", "geometry": {"type": "Point", "coordinates": [132.4131992, 34.3984879]}, "properties": {"id": 1003670728, "feat_type": "way", "quality_categories": "crossings_lacking_kerbs, missing_tags, replaceable_values", "issue_ids": "[0, 2, 3]", "osm_url": "https://www.openstreetmap.org/way/1003670728", "josm_url": "http://127.0.0.1:8111/load_object?new_layer=false&objects=w1003670728", "id_url": "https://www.openstreetmap.org/edit?editor=id&way=1003670728#map=20/34.3984879/132.4131992"}}, {"type": "Feature", "geometry": {"type": "Point", "coordinates": [132.4733562, 34.3969965]}, "properties": {"id": 1025442073, "feat_type": "way", "quality_categories": "crossings_lacking_kerbs, missing_tags, replaceable_values", "issue_ids": "[0, 2, 3]", "osm_url": "https://www.openstreetmap.org/way/1025442073", "josm_url": "http://127.0.0.1:8111/load_object?new_layer=false&objects=w1025442073", "id_url": "https://www.openstreetmap.org/edit?editor=id&way=1025442073#map=20/34.3969965/132.4733562"}}, {"type": "Feature", "geometry": {"type": "Point", "coordinates": [132.4728732, 34.3965097]}, "properties": {"id": 1025442074, "feat_type": "way", "quality_categories": "crossings_lacking_kerbs, missing_tags, replaceable_values", "issue_ids": "[0, 2, 3]", "osm_url": "https://www.openstreetmap.org/way/1025442074", "josm_url": "http://127.0.0.1:8111/load_object?new_layer=false&objects=w1025442074", "id_url": "https://www.openstreetmap.org/edit?editor=id&way=1025442074#map=20/34.3965097/132.4728732"}}, {"type": "Feature", "geometry": {"type": "Point", "coordinates": [132.4729862, 34.3965336]}, "properties": {"id": 1025442075, "feat_type": "way", "quality_categories": "crossings_lacking_kerbs, missing_tags, replaceable_values", "issue_ids": "[0, 2, 3]", "osm_url": "https://www.openstreetmap.org/way/1025442075", "josm_url": "http://127.0.0.1:8111/load_object?new_layer=false&objects=w1025442075", "id_url": "https://www.openstreetmap.org/edit?editor=id&way=1025442075#map=20/34.3965336/132.4729862"}}, {"type": "Feature", "geometry": {"type": "Point", "coordinates": [132.4794701, 34.3959252]}, "properties": {"id": 1027672031, "feat_type": "way", "quality_categories": "crossings_lacking_kerbs, missing_tags, replaceable_values", "issue_ids": "[0, 2, 3]", "osm_url": "https://www.openstreetmap.org/way/1027672031", "josm_url": "http://127.0.0.1:8111/load_object?new_layer=false&objects=w1027672031", "id_url": "https://www.openstreetmap.org/edit?editor=id&way=1027672031#map=20/34.3959252/132.4794701"}}, {"type": "Feature", "geometry": {"type": "Point", "coordinates": [132.4796058, 34.3958356]}, "properties": {"id": 1027672033, "feat_type": "way", "quality_categories": "crossings_lacking_kerbs, missing_tags, replaceable_values", "issue_ids": "[0, 2, 3]", "osm_url": "https://www.openstreetmap.org/way/1027672033", "josm_url": "http://127.0.0.1:8111/load_object?new_layer=false&objects=w1027672033", "id_url": "https://www.openstreetmap.org/edit?editor=id&way=1027672033#map=20/34.3958356/132.4796058"}}, {"type": "Feature", "geometry": {"type": "Point", "coordinates": [132.4819658, 34.3935686]}, "properties": {"id": 1027672035, "feat_type": "way", "quality_categories": "crossings_lacking_kerbs, missing_tags, replaceable_values", "issue_ids": "[0, 2, 3]", "osm_url": "https://www.openstreetmap.org/way/1027672035", "josm_url": "http://127.0.0.1:8111/load_object?new_layer=false&objects=w1027672035", "id_url": "https://www.openstreetmap.org/edit?editor=id&way=1027672035#map=20/34.3935686/132.4819658"}}, {"type": "Feature", "geometry": {"type": "Point", "coordinates": [132.4809916, 34.3950968]}, "properties": {"id": 1028122268, "feat_type": "way", "quality_categories": "crossings_lacking_kerbs, missing_tags, replaceable_values", "issue_ids": "[0, 2, 3]", "osm_url": "https://www.openstreetmap.org/way/1028122268", "josm_url": "http://127.0.0.1:8111/load_object?new_layer=false&objects=w1028122268", "id_url": "https://www.openstreetmap.org/edit?editor=id&way=1028122268#map=20/34.3950968/132.4809916"}}, {"type": "Feature", "geometry": {"type": "Point", "coordinates": [132.4805377, 34.3952996]}, "properties": {"id": 1028122270, "feat_type": "way", "quality_categories": "crossings_lacking_kerbs, missing_tags, replaceable_values", "issue_ids": "[0, 2, 3]", "osm_url": "https://www.openstreetmap.org/way/1028122270", "josm_url": "http://127.0.0.1:8111/load_object?new_layer=false&objects=w1028122270", "id_url": "https://www.openstreetmap.org/edit?editor=id&way=1028122270#map=20/34.3952996/132.4805377"}}, {"type": "Feature", "geometry": {"type": "Point", "coordinates": [132.4808264, 34.3952695]}, "properties": {"id": 1028122276, "feat_type": "way", "quality_categories": "crossings_lacking_kerbs, missing_tags, replaceable_values", "issue_ids": "[0, 2, 3]", "osm_url": "https://www.openstreetmap.org/way/1028122276", "josm_url": "http://127.0.0.1:8111/load_object?new_layer=false&objects=w1028122276", "id_url": "https://www.openstreetmap.org/edit?editor=id&way=1028122276#map=20/34.3952695/132.4808264"}}, {"type": "Feature", "geometry": {"type": "Point", "coordinates": [132.478109, 34.3956032]}, "properties": {"id": 1028649378, "feat_type": "way", "quality_categories": "crossings_lacking_kerbs, missing_tags, replaceable_values", "issue_ids": "[0, 2, 3]", "osm_url": "https://www.openstreetmap.org/way/1028649378", "josm_url": "http://127.0.0.1:8111/load_object?new_layer=false&objects=w1028649378", "id_url": "https://www.openstreetmap.org/edit?editor=id&way=1028649378#map=20/34.3956032/132.478109"}}, {"type": "Feature", "geometry": {"type": "Point", "coordinates": [132.4758298, 34.3960604]}, "properties": {"id": 1028649380, "feat_type": "way", "quality_categories": "crossings_lacking_kerbs, missing_tags, replaceable_values", "issue_ids": "[0, 2, 3]", "osm_url": "https://www.openstreetmap.org/way/1028649380", "josm_url": "http://127.0.0.1:8111/load_object?new_layer=false&objects=w1028649380", "id_url": "https://www.openstreetmap.org/edit?editor=id&way=1028649380#map=20/34.3960604/132.4758298"}}, {"type": "Feature", "geometry": {"type": "Point", "coordinates": [132.4763951, 34.3962055]}, "properties": {"id": 1028649382, "feat_type": "way", "quality_categories": "crossings_lacking_kerbs, missing_tags, replaceable_values", "issue_ids": "[0, 2, 3]", "osm_url": "https://www.openstreetmap.org/way/1028649382", "josm_url": "http://127.0.0.1:8111/load_object?new_layer=false&objects=w1028649382", "id_url": "https://www.openstreetmap.org/edit?editor=id&way=1028649382#map=20/34.3962055/132.4763951"}}, {"type": "Feature", "geometry": {"type": "Point", "coordinates": [132.5451458, 34.4509031]}, "properties": {"id": 1104453981, "feat_type": "way", "quality_categories": "crossings_lacking_kerbs, missing_tags, replaceable_values", "issue_ids": "[0, 2, 3]", "osm_url": "https://www.openstreetmap.org/way/1104453981", "josm_url": "http://127.0.0.1:8111/load_object?new_layer=false&objects=w1104453981", "id_url": "https://www.openstreetmap.org/edit?editor=id&way=1104453981#map=20/34.4509031/132.5451458"}}, {"type": "Feature", "geometry": {"type": "Point", "coordinates": [132.5451485, 34.4510065]}, "properties": {"id": 1104453982, "feat_type": "way", "quality_categories": "crossings_lacking_kerbs, missing_tags, replaceable_values", "issue_ids": "[0, 2, 3]", "osm_url": "https://www.openstreetmap.org/way/1104453982", "josm_url": "http://127.0.0.1:8111/load_object?new_layer=false&objects=w1104453982", "id_url": "https://www.openstreetmap.org/edit?editor=id&way=1104453982#map=20/34.4510065/132.5451485"}}, {"type": "Feature", "geometry": {"type": "Point", "coordinates": [132.4954659, 34.5161019]}, "properties": {"id": 1118917548, "feat_type": "way", "quality_categories": "crossings_lacking_kerbs, missing_tags, replaceable_values", "issue_ids": "[0, 2, 3]", "osm_url": "https://www.openstreetmap.org/way/1118917548", "josm_url": "http://127.0.0.1:8111/load_object?new_layer=false&objects=w1118917548", "id_url": "https://www.openstreetmap.org/edit?editor=id&way=1118917548#map=20/34.5161019/132.4954659"}}, {"type": "Feature", "geometry": {"type": "Point", "coordinates": [132.4953484, 34.5166365]}, "properties": {"id": 1118917572, "feat_type": "way", "quality_categories": "crossings_lacking_kerbs, missing_tags, replaceable_values", "issue_ids": "[0, 2, 3]", "osm_url": "https://www.openstreetmap.org/way/1118917572", "josm_url": "http://127.0.0.1:8111/load_object?new_layer=false&objects=w1118917572", "id_url": "https://www.openstreetmap.org/edit?editor=id&way=1118917572#map=20/34.5166365/132.4953484"}}, {"type": "Feature", "geometry": {"type": "Point", "coordinates": [132.4954513, 34.5167903]}, "properties": {"id": 1118921876, "feat_type": "way", "quality_categories": "crossings_lacking_kerbs, missing_tags, replaceable_values", "issue_ids": "[0, 2, 3]", "osm_url": "https://www.openstreetmap.org/way/1118921876", "josm_url": "http://127.0.0.1:8111/load_object?new_layer=false&objects=w1118921876", "id_url": "https://www.openstreetmap.org/edit?editor=id&way=1118921876#map=20/34.5167903/132.4954513"}}, {"type": "Feature", "geometry": {"type": "Point", "coordinates": [132.4954885, 34.5165009]}, "properties": {"id": 1118921877, "feat_type": "way", "quality_categories": "crossings_lacking_kerbs, missing_tags, replaceable_values", "issue_ids": "[0, 2, 3]", "osm_url": "https://www.openstreetmap.org/way/1118921877", "josm_url": "http://127.0.0.1:8111/load_object?new_layer=false&objects=w1118921877", "id_url": "https://www.openstreetmap.org/edit?editor=id&way=1118921877#map=20/34.5165009/132.4954885"}}, {"type": "Feature", "geometry": {"type": "Point", "coordinates": [132.4953306, 34.517379]}, "properties": {"id": 1118921881, "feat_type": "way", "quality_categories": "crossings_lacking_kerbs, missing_tags, replaceable_values", "issue_ids": "[0, 2, 3]", "osm_url": "https://www.openstreetmap.org/way/1118921881", "josm_url": "http://127.0.0.1:8111/load_object?new_layer=false&objects=w1118921881", "id_url": "https://www.openstreetmap.org/edit?editor=id&way=1118921881#map=20/34.517379/132.4953306"}}, {"type": "Feature", "geometry": {"type": "Point", "coordinates": [132.4954914, 34.5174864]}, "properties": {"id": 1118921882, "feat_type": "way", "quality_categories": "crossings_lacking_kerbs, missing_tags, replaceable_values", "issue_ids": "[0, 2, 3]", "osm_url": "https://www.openstreetmap.org/way/1118921882", "josm_url": "http://127.0.0.1:8111/load_object?new_layer=false&objects=w1118921882", "id_url": "https://www.openstreetmap.org/edit?editor=id&way=1118921882#map=20/34.5174864/132.4954914"}}, {"type": "Feature", "geometry": {"type": "Point", "coordinates": [132.4592275, 34.4699607]}, "properties": {"id": 1213364934, "feat_type": "way", "quality_categories": "crossings_lacking_kerbs, missing_tags, replaceable_values", "issue_ids": "[0, 2, 3]", "osm_url": "https://www.openstreetmap.org/way/1213364934", "josm_url": "http://127.0.0.1:8111/load_object?new_layer=false&objects=w1213364934", "id_url": "https://www.openstreetmap.org/edit?editor=id&way=1213364934#map=20/34.4699607/132.4592275"}}, {"type": "Feature", "geometry": {"type": "Point", "coordinates": [132.3838402, 34.3704156]}, "properties": {"id": 1387677720, "feat_type": "way", "quality_categories": "missing_tags, replaceable_values", "issue_ids": "[0, 2]", "osm_url": "https://www.openstreetmap.org/way/1387677720", "josm_url": "http://127.0.0.1:8111/load_object?new_layer=false&objects=w1387677720", "id_url": "https://www.openstreetmap.org/edit?editor=id&way=1387677720#map=20/34.3704156/132.3838402"}}, {"type": "Feature", "geometry": {"type": "Point", "coordinates": [132.4745927, 34.4004133]}, "properties": {"id": 1426405712, "feat_type": "way", "quality_categories": "crossings_lacking_kerbs, replaceable_values", "issue_ids": "[0, 3]", "osm_url": "https://www.openstreetmap.org/way/1426405712", "josm_url": "http://127.0.0.1:8111/load_object?new_layer=false&objects=w1426405712", "id_url": "https://www.openstreetmap.org/edit?editor=id&way=1426405712#map=20/34.4004133/132.4745927"}}]}