osm_id,feat_type,key,value,commentary
111985985,way,not appliable,not appliable,this crossing intersects fewer than 2 kerbs. Generally each crossing should connect to at least 2 kerbs.
122890080,way,not appliable,not appliable,this crossing intersects fewer than 2 kerbs. Generally each crossing should connect to at least 2 kerbs.
123546110,way,not appliable,not appliable,this crossing intersects fewer than 2 kerbs. Generally each crossing should connect to at least 2 kerbs.
124723395,way,not appliable,not appliable,this crossing intersects fewer than 2 kerbs. Generally each crossing should connect to at least 2 kerbs.
124723435,way,not appliable,not appliable,this crossing intersects fewer than 2 kerbs. Generally each crossing should connect to at least 2 kerbs.
124723436,way,not appliable,not appliable,this crossing intersects fewer than 2 kerbs. Generally each crossing should connect to at least 2 kerbs.
124723437,way,not appliable,not appliable,this crossing intersects fewer than 2 kerbs. Generally each crossing should connect to at least 2 kerbs.
124723438,way,not appliable,not appliable,this crossing intersects fewer than 2 kerbs. Generally each crossing should connect to at least 2 kerbs.
124723440,way,not appliable,not appliable,this crossing intersects fewer than 2 kerbs. Generally each crossing should connect to at least 2 kerbs.
124723441,way,not appliable,not appliable,this crossing intersects fewer than 2 kerbs. Generally each crossing should connect to at least 2 kerbs.
124723442,way,not appliable,not appliable,this crossing intersects fewer than 2 kerbs. Generally each crossing should connect to at least 2 kerbs.
124723443,way,not appliable,not appliable,this crossing intersects fewer than 2 kerbs. Generally each crossing should connect to at least 2 kerbs.
124723447,way,not appliable,not appliable,this crossing intersects fewer than 2 kerbs. Generally each crossing should connect to at least 2 kerbs.
124723448,way,not appliable,not appliable,this crossing intersects fewer than 2 kerbs. Generally each crossing should connect to at least 2 kerbs.
124723449,way,not appliable,not appliable,this crossing intersects fewer than 2 kerbs. Generally each crossing should connect to at least 2 kerbs.
124723450,way,not appliable,not appliable,this crossing intersects fewer than 2 kerbs. Generally each crossing should connect to at least 2 kerbs.
124723451,way,not appliable,not appliable,this crossing intersects fewer than 2 kerbs. Generally each crossing should connect to at least 2 kerbs.
124723452,way,not appliable,not appliable,this crossing intersects fewer than 2 kerbs. Generally each crossing should connect to at least 2 kerbs.
124723453,way,not appliable,not appliable,this crossing intersects fewer than 2 kerbs. Generally each crossing should connect to at least 2 kerbs.
124723457,way,not appliable,not appliable,this crossing intersects fewer than 2 kerbs. Generally each crossing should connect to at least 2 kerbs.
124723459,way,not appliable,not appliable,this crossing intersects fewer than 2 kerbs. Generally each crossing should connect to at least 2 kerbs.
124723462,way,not appliable,not appliable,this crossing intersects fewer than 2 kerbs. Generally each crossing should connect to at least 2 kerbs.
124723464,way,not appliable,not appliable,this crossing intersects fewer than 2 kerbs. Generally each crossing should connect to at least 2 kerbs.
124723465,way,not appliable,not appliable,this crossing intersects fewer than 2 kerbs. Generally each crossing should connect to at least 2 kerbs.
124723466,way,not appliable,not appliable,this crossing intersects fewer than 2 kerbs. Generally each crossing should connect to at least 2 kerbs.
124723467,way,not appliable,not appliable,this crossing intersects fewer than 2 kerbs. Generally each crossing should connect to at least 2 kerbs.
124723469,way,not appliable,not appliable,this crossing intersects fewer than 2 kerbs. Generally each crossing should connect to at least 2 kerbs.
124723474,way,not appliable,not appliable,this crossing intersects fewer than 2 kerbs. Generally each crossing should connect to at least 2 kerbs.
124723482,way,not appliable,not appliable,this crossing intersects fewer than 2 kerbs. Generally each crossing should connect to at least 2 kerbs.
124723487,way,not appliable,not appliable,this crossing intersects fewer than 2 kerbs. Generally each crossing should connect to at least 2 kerbs.
124824525,way,not appliable,not appliable,this crossing intersects fewer than 2 kerbs. Generally each crossing should connect to at least 2 kerbs.
124824527,way,not appliable,not appliable,this crossing intersects fewer than 2 kerbs. Generally each crossing should connect to at least 2 kerbs.
124824528,way,not appliable,not appliable,this crossing intersects fewer than 2 kerbs. Generally each crossing should connect to at least 2 kerbs.
124824532,way,not appliable,not appliable,this crossing intersects fewer than 2 kerbs. Generally each crossing should connect to at least 2 kerbs.
124824533,way,not appliable,not appliable,this crossing intersects fewer than 2 kerbs. Generally each crossing should connect to at least 2 kerbs.
124824534,way,not appliable,not appliable,this crossing intersects fewer than 2 kerbs. Generally each crossing should connect to at least 2 kerbs.
124824536,way,not appliable,not appliable,this crossing intersects fewer than 2 kerbs. Generally each crossing should connect to at least 2 kerbs.
124824537,way,not appliable,not appliable,this crossing intersects fewer than 2 kerbs. Generally each crossing should connect to at least 2 kerbs.
124824538,way,not appliable,not appliable,this crossing intersects fewer than 2 kerbs. Generally each crossing should connect to at least 2 kerbs.
124824540,way,not appliable,not appliable,this crossing intersects fewer than 2 kerbs. Generally each crossing should connect to at least 2 kerbs.
124824541,way,not appliable,not appliable,this crossing intersects fewer than 2 kerbs. Generally each crossing should connect to at least 2 kerbs.
124824542,way,not appliable,not appliable,this crossing intersects fewer than 2 kerbs. Generally each crossing should connect to at least 2 kerbs.
124824543,way,not appliable,not appliable,this crossing intersects fewer than 2 kerbs. Generally each crossing should connect to at least 2 kerbs.
124824544,way,not appliable,not appliable,this crossing intersects fewer than 2 kerbs. Generally each crossing should connect to at least 2 kerbs.
124824545,way,not appliable,not appliable,this crossing intersects fewer than 2 kerbs. Generally each crossing should connect to at least 2 kerbs.
124824546,way,not appliable,not appliable,this crossing intersects fewer than 2 kerbs. Generally each crossing should connect to at least 2 kerbs.
124824547,way,not appliable,not appliable,this crossing intersects fewer than 2 kerbs. Generally each crossing should connect to at least 2 kerbs.
124824548,way,not appliable,not appliable,this crossing intersects fewer than 2 kerbs. Generally each crossing should connect to at least 2 kerbs.
124824549,way,not appliable,not appliable,this crossing intersects fewer than 2 kerbs. Generally each crossing should connect to at least 2 kerbs.
124824551,way,not appliable,not appliable,this crossing intersects fewer than 2 kerbs. Generally each crossing should connect to at least 2 kerbs.
124824552,way,not appliable,not appliable,this crossing intersects fewer than 2 kerbs. Generally each crossing should connect to at least 2 kerbs.
124824553,way,not appliable,not appliable,this crossing intersects fewer than 2 kerbs. Generally each crossing should connect to at least 2 kerbs.
124824554,way,not appliable,not appliable,this crossing intersects fewer than 2 kerbs. Generally each crossing should connect to at least 2 kerbs.
124824555,way,not appliable,not appliable,this crossing intersects fewer than 2 kerbs. Generally each crossing should connect to at least 2 kerbs.
124824556,way,not appliable,not appliable,this crossing intersects fewer than 2 kerbs. Generally each crossing should connect to at least 2 kerbs.
124824558,way,not appliable,not appliable,this crossing intersects fewer than 2 kerbs. Generally each crossing should connect to at least 2 kerbs.
124824559,way,not appliable,not appliable,this crossing intersects fewer than 2 kerbs. Generally each crossing should connect to at least 2 kerbs.
124824560,way,not appliable,not appliable,this crossing intersects fewer than 2 kerbs. Generally each crossing should connect to at least 2 kerbs.
124824561,way,not appliable,not appliable,this crossing intersects fewer than 2 kerbs. Generally each crossing should connect to at least 2 kerbs.
124824563,way,not appliable,not appliable,this crossing intersects fewer than 2 kerbs. Generally each crossing should connect to at least 2 kerbs.
124824564,way,not appliable,not appliable,this crossing intersects fewer than 2 kerbs. Generally each crossing should connect to at least 2 kerbs.
124824566,way,not appliable,not appliable,this crossing intersects fewer than 2 kerbs. Generally each crossing should connect to at least 2 kerbs.
124824567,way,not appliable,not appliable,this crossing intersects fewer than 2 kerbs. Generally each crossing should connect to at least 2 kerbs.
124824568,way,not appliable,not appliable,this crossing intersects fewer than 2 kerbs. Generally each crossing should connect to at least 2 kerbs.
124824569,way,not appliable,not appliable,this crossing intersects fewer than 2 kerbs. Generally each crossing should connect to at least 2 kerbs.
124824570,way,not appliable,not appliable,this crossing intersects fewer than 2 kerbs. Generally each crossing should connect to at least 2 kerbs.
124824572,way,not appliable,not appliable,this crossing intersects fewer than 2 kerbs. Generally each crossing should connect to at least 2 kerbs.
124824574,way,not appliable,not appliable,this crossing intersects fewer than 2 kerbs. Generally each crossing should connect to at least 2 kerbs.
124824575,way,not appliable,not appliable,this crossing intersects fewer than 2 kerbs. Generally each crossing should connect to at least 2 kerbs.
124824576,way,not appliable,not appliable,this crossing intersects fewer than 2 kerbs. Generally each crossing should connect to at least 2 kerbs.
124824577,way,not appliable,not appliable,this crossing intersects fewer than 2 kerbs. Generally each crossing should connect to at least 2 kerbs.
124824579,way,not appliable,not appliable,this crossing intersects fewer than 2 kerbs. Generally each crossing should connect to at least 2 kerbs.
124824580,way,not appliable,not appliable,this crossing intersects fewer than 2 kerbs. Generally each crossing should connect to at least 2 kerbs.
124824584,way,not appliable,not appliable,this crossing intersects fewer than 2 kerbs. Generally each crossing should connect to at least 2 kerbs.
124824592,way,not appliable,not appliable,this crossing intersects fewer than 2 kerbs. Generally each crossing should connect to at least 2 kerbs.
124824595,way,not appliable,not appliable,this crossing intersects fewer than 2 kerbs. Generally each crossing should connect to at least 2 kerbs.
124862184,way,not appliable,not appliable,this crossing intersects fewer than 2 kerbs. Generally each crossing should connect to at least 2 kerbs.
124862185,way,not appliable,not appliable,this crossing intersects fewer than 2 kerbs. Generally each crossing should connect to at least 2 kerbs.
124862189,way,not appliable,not appliable,this crossing intersects fewer than 2 kerbs. Generally each crossing should connect to at least 2 kerbs.
124862191,way,not appliable,not appliable,this crossing intersects fewer than 2 kerbs. Generally each crossing should connect to at least 2 kerbs.
124862192,way,not appliable,not appliable,this crossing intersects fewer than 2 kerbs. Generally each crossing should connect to at least 2 kerbs.
124862198,way,not appliable,not appliable,this crossing intersects fewer than 2 kerbs. Generally each crossing should connect to at least 2 kerbs.
124862200,way,not appliable,not appliable,this crossing intersects fewer than 2 kerbs. Generally each crossing should connect to at least 2 kerbs.
124862201,way,not appliable,not appliable,this crossing intersects fewer than 2 kerbs. Generally each crossing should connect to at least 2 kerbs.
124862202,way,not appliable,not appliable,this crossing intersects fewer than 2 kerbs. Generally each crossing should connect to at least 2 kerbs.
124862204,way,not appliable,not appliable,this crossing intersects fewer than 2 kerbs. Generally each crossing should connect to at least 2 kerbs.
124862205,way,not appliable,not appliable,this crossing intersects fewer than 2 kerbs. Generally each crossing should connect to at least 2 kerbs.
124862209,way,not appliable,not appliable,this crossing intersects fewer than 2 kerbs. Generally each crossing should connect to at least 2 kerbs.
124862234,way,not appliable,not appliable,this crossing intersects fewer than 2 kerbs. Generally each crossing should connect to at least 2 kerbs.
124862239,way,not appliable,not appliable,this crossing intersects fewer than 2 kerbs. Generally each crossing should connect to at least 2 kerbs.
124862248,way,not appliable,not appliable,this crossing intersects fewer than 2 kerbs. Generally each crossing should connect to at least 2 kerbs.
124862249,way,not appliable,not appliable,this crossing intersects fewer than 2 kerbs. Generally each crossing should connect to at least 2 kerbs.
124862252,way,not appliable,not appliable,this crossing intersects fewer than 2 kerbs. Generally each crossing should connect to at least 2 kerbs.
124862253,way,not appliable,not appliable,this crossing intersects fewer than 2 kerbs. Generally each crossing should connect to at least 2 kerbs.
124862255,way,not appliable,not appliable,this crossing intersects fewer than 2 kerbs. Generally each crossing should connect to at least 2 kerbs.
124862257,way,not appliable,not appliable,this crossing intersects fewer than 2 kerbs. Generally each crossing should connect to at least 2 kerbs.
124862258,way,not appliable,not appliable,this crossing intersects fewer than 2 kerbs. Generally each crossing should connect to at least 2 kerbs.
124862261,way,not appliable,not appliable,this crossing intersects fewer than 2 kerbs. Generally each crossing should connect to at least 2 kerbs.
124862262,way,not appliable,not appliable,this crossing intersects fewer than 2 kerbs. Generally each crossing should connect to at least 2 kerbs.
124862263,way,not appliable,not appliable,this crossing intersects fewer than 2 kerbs. Generally each crossing should connect to at least 2 kerbs.
124862264,way,not appliable,not appliable,this crossing intersects fewer than 2 kerbs. Generally each crossing should connect to at least 2 kerbs.
124862266,way,not appliable,not appliable,this crossing intersects fewer than 2 kerbs. Generally each crossing should connect to at least 2 kerbs.
124862270,way,not appliable,not appliable,this crossing intersects fewer than 2 kerbs. Generally each crossing should connect to at least 2 kerbs.
124862271,way,not appliable,not appliable,this crossing intersects fewer than 2 kerbs. Generally each crossing should connect to at least 2 kerbs.
124862275,way,not appliable,not appliable,this crossing intersects fewer than 2 kerbs. Generally each crossing should connect to at least 2 kerbs.
124862276,way,not appliable,not appliable,this crossing intersects fewer than 2 kerbs. Generally each crossing should connect to at least 2 kerbs.
124862277,way,not appliable,not appliable,this crossing intersects fewer than 2 kerbs. Generally each crossing should connect to at least 2 kerbs.
124862283,way,not appliable,not appliable,this crossing intersects fewer than 2 kerbs. Generally each crossing should connect to at least 2 kerbs.
124862285,way,not appliable,not appliable,this crossing intersects fewer than 2 kerbs. Generally each crossing should connect to at least 2 kerbs.
124862289,way,not appliable,not appliable,this crossing intersects fewer than 2 kerbs. Generally each crossing should connect to at least 2 kerbs.
124862291,way,not appliable,not appliable,this crossing intersects fewer than 2 kerbs. Generally each crossing should connect to at least 2 kerbs.
124862293,way,not appliable,not appliable,this crossing intersects fewer than 2 kerbs. Generally each crossing should connect to at least 2 kerbs.
124862309,way,not appliable,not appliable,this crossing intersects fewer than 2 kerbs. Generally each crossing should connect to at least 2 kerbs.
124862317,way,not appliable,not appliable,this crossing intersects fewer than 2 kerbs. Generally each crossing should connect to at least 2 kerbs.
124862321,way,not appliable,not appliable,this crossing intersects fewer than 2 kerbs. Generally each crossing should connect to at least 2 kerbs.
124862329,way,not appliable,not appliable,this crossing intersects fewer than 2 kerbs. Generally each crossing should connect to at least 2 kerbs.
124950918,way,not appliable,not appliable,this crossing intersects fewer than 2 kerbs. Generally each crossing should connect to at least 2 kerbs.
124950921,way,not appliable,not appliable,this crossing intersects fewer than 2 kerbs. Generally each crossing should connect to at least 2 kerbs.
124950923,way,not appliable,not appliable,this crossing intersects fewer than 2 kerbs. Generally each crossing should connect to at least 2 kerbs.
124950925,way,not appliable,not appliable,this crossing intersects fewer than 2 kerbs. Generally each crossing should connect to at least 2 kerbs.
124950929,way,not appliable,not appliable,this crossing intersects fewer than 2 kerbs. Generally each crossing should connect to at least 2 kerbs.
124950932,way,not appliable,not appliable,this crossing intersects fewer than 2 kerbs. Generally each crossing should connect to at least 2 kerbs.
124950933,way,not appliable,not appliable,this crossing intersects fewer than 2 kerbs. Generally each crossing should connect to at least 2 kerbs.
124950936,way,not appliable,not appliable,this crossing intersects fewer than 2 kerbs. Generally each crossing should connect to at least 2 kerbs.
124950942,way,not appliable,not appliable,this crossing intersects fewer than 2 kerbs. Generally each crossing should connect to at least 2 kerbs.
124950944,way,not appliable,not appliable,this crossing intersects fewer than 2 kerbs. Generally each crossing should connect to at least 2 kerbs.
124950946,way,not appliable,not appliable,this crossing intersects fewer than 2 kerbs. Generally each crossing should connect to at least 2 kerbs.
124950949,way,not appliable,not appliable,this crossing intersects fewer than 2 kerbs. Generally each crossing should connect to at least 2 kerbs.
124950951,way,not appliable,not appliable,this crossing intersects fewer than 2 kerbs. Generally each crossing should connect to at least 2 kerbs.
124950954,way,not appliable,not appliable,this crossing intersects fewer than 2 kerbs. Generally each crossing should connect to at least 2 kerbs.
124950957,way,not appliable,not appliable,this crossing intersects fewer than 2 kerbs. Generally each crossing should connect to at least 2 kerbs.
124950958,way,not appliable,not appliable,this crossing intersects fewer than 2 kerbs. Generally each crossing should connect to at least 2 kerbs.
124950963,way,not appliable,not appliable,this crossing intersects fewer than 2 kerbs. Generally each crossing should connect to at least 2 kerbs.
124950964,way,not appliable,not appliable,this crossing intersects fewer than 2 kerbs. Generally each crossing should connect to at least 2 kerbs.
124950967,way,not appliable,not appliable,this crossing intersects fewer than 2 kerbs. Generally each crossing should connect to at least 2 kerbs.
124950968,way,not appliable,not appliable,this crossing intersects fewer than 2 kerbs. Generally each crossing should connect to at least 2 kerbs.
124950972,way,not appliable,not appliable,this crossing intersects fewer than 2 kerbs. Generally each crossing should connect to at least 2 kerbs.
124950974,way,not appliable,not appliable,this crossing intersects fewer than 2 kerbs. Generally each crossing should connect to at least 2 kerbs.
124950975,way,not appliable,not appliable,this crossing intersects fewer than 2 kerbs. Generally each crossing should connect to at least 2 kerbs.
124950977,way,not appliable,not appliable,this crossing intersects fewer than 2 kerbs. Generally each crossing should connect to at least 2 kerbs.
124950982,way,not appliable,not appliable,this crossing intersects fewer than 2 kerbs. Generally each crossing should connect to at least 2 kerbs.
124950984,way,not appliable,not appliable,this crossing intersects fewer than 2 kerbs. Generally each crossing should connect to at least 2 kerbs.
124950985,way,not appliable,not appliable,this crossing intersects fewer than 2 kerbs. Generally each crossing should connect to at least 2 kerbs.
124950988,way,not appliable,not appliable,this crossing intersects fewer than 2 kerbs. Generally each crossing should connect to at least 2 kerbs.
124950989,way,not appliable,not appliable,this crossing intersects fewer than 2 kerbs. Generally each crossing should connect to at least 2 kerbs.
124950991,way,not appliable,not appliable,this crossing intersects fewer than 2 kerbs. Generally each crossing should connect to at least 2 kerbs.
124950997,way,not appliable,not appliable,this crossing intersects fewer than 2 kerbs. Generally each crossing should connect to at least 2 kerbs.
124950999,way,not appliable,not appliable,this crossing intersects fewer than 2 kerbs. Generally each crossing should connect to at least 2 kerbs.
124951001,way,not appliable,not appliable,this crossing intersects fewer than 2 kerbs. Generally each crossing should connect to at least 2 kerbs.
124951007,way,not appliable,not appliable,this crossing intersects fewer than 2 kerbs. Generally each crossing should connect to at least 2 kerbs.
124963488,way,not appliable,not appliable,this crossing intersects fewer than 2 kerbs. Generally each crossing should connect to at least 2 kerbs.
124963490,way,not appliable,not appliable,this crossing intersects fewer than 2 kerbs. Generally each crossing should connect to at least 2 kerbs.
124963491,way,not appliable,not appliable,this crossing intersects fewer than 2 kerbs. Generally each crossing should connect to at least 2 kerbs.
124963493,way,not appliable,not appliable,this crossing intersects fewer than 2 kerbs. Generally each crossing should connect to at least 2 kerbs.
124963499,way,not appliable,not appliable,this crossing intersects fewer than 2 kerbs. Generally each crossing should connect to at least 2 kerbs.
124963502,way,not appliable,not appliable,this crossing intersects fewer than 2 kerbs. Generally each crossing should connect to at least 2 kerbs.
124963504,way,not appliable,not appliable,this crossing intersects fewer than 2 kerbs. Generally each crossing should connect to at least 2 kerbs.
124963506,way,not appliable,not appliable,this crossing intersects fewer than 2 kerbs. Generally each crossing should connect to at least 2 kerbs.
124963514,way,not appliable,not appliable,this crossing intersects fewer than 2 kerbs. Generally each crossing should connect to at least 2 kerbs.
124963519,way,not appliable,not appliable,this crossing intersects fewer than 2 kerbs. Generally each crossing should connect to at least 2 kerbs.
124963525,way,not appliable,not appliable,this crossing intersects fewer than 2 kerbs. Generally each crossing should connect to at least 2 kerbs.
124963528,way,not appliable,not appliable,this crossing intersects fewer than 2 kerbs. Generally each crossing should connect to at least 2 kerbs.
124963531,way,not appliable,not appliable,this crossing intersects fewer than 2 kerbs. Generally each crossing should connect to at least 2 kerbs.
124963532,way,not appliable,not appliable,this crossing intersects fewer than 2 kerbs. Generally each crossing should connect to at least 2 kerbs.
124963534,way,not appliable,not appliable,this crossing intersects fewer than 2 kerbs. Generally each crossing should connect to at least 2 kerbs.
124963535,way,not appliable,not appliable,this crossing intersects fewer than 2 kerbs. Generally each crossing should connect to at least 2 kerbs.
124963536,way,not appliable,not appliable,this crossing intersects fewer than 2 kerbs. Generally each crossing should connect to at least 2 kerbs.
125128148,way,not appliable,not appliable,this crossing intersects fewer than 2 kerbs. Generally each crossing should connect to at least 2 kerbs.
125128152,way,not appliable,not appliable,this crossing intersects fewer than 2 kerbs. Generally each crossing should connect to at least 2 kerbs.
125128157,way,not appliable,not appliable,this crossing intersects fewer than 2 kerbs. Generally each crossing should connect to at least 2 kerbs.
125128159,way,not appliable,not appliable,this crossing intersects fewer than 2 kerbs. Generally each crossing should connect to at least 2 kerbs.
125128169,way,not appliable,not appliable,this crossing intersects fewer than 2 kerbs. Generally each crossing should connect to at least 2 kerbs.
125128180,way,not appliable,not appliable,this crossing intersects fewer than 2 kerbs. Generally each crossing should connect to at least 2 kerbs.
125128185,way,not appliable,not appliable,this crossing intersects fewer than 2 kerbs. Generally each crossing should connect to at least 2 kerbs.
125128188,way,not appliable,not appliable,this crossing intersects fewer than 2 kerbs. Generally each crossing should connect to at least 2 kerbs.
125128190,way,not appliable,not appliable,this crossing intersects fewer than 2 kerbs. Generally each crossing should connect to at least 2 kerbs.
125144964,way,not appliable,not appliable,this crossing intersects fewer than 2 kerbs. Generally each crossing should connect to at least 2 kerbs.
125144971,way,not appliable,not appliable,this crossing intersects fewer than 2 kerbs. Generally each crossing should connect to at least 2 kerbs.
125144972,way,not appliable,not appliable,this crossing intersects fewer than 2 kerbs. Generally each crossing should connect to at least 2 kerbs.
125144974,way,not appliable,not appliable,this crossing intersects fewer than 2 kerbs. Generally each crossing should connect to at least 2 kerbs.
125144975,way,not appliable,not appliable,this crossing intersects fewer than 2 kerbs. Generally each crossing should connect to at least 2 kerbs.
125144976,way,not appliable,not appliable,this crossing intersects fewer than 2 kerbs. Generally each crossing should connect to at least 2 kerbs.
125144977,way,not appliable,not appliable,this crossing intersects fewer than 2 kerbs. Generally each crossing should connect to at least 2 kerbs.
125144978,way,not appliable,not appliable,this crossing intersects fewer than 2 kerbs. Generally each crossing should connect to at least 2 kerbs.
125144979,way,not appliable,not appliable,this crossing intersects fewer than 2 kerbs. Generally each crossing should connect to at least 2 kerbs.
125144981,way,not appliable,not appliable,this crossing intersects fewer than 2 kerbs. Generally each crossing should connect to at least 2 kerbs.
125144982,way,not appliable,not appliable,this crossing intersects fewer than 2 kerbs. Generally each crossing should connect to at least 2 kerbs.
125144983,way,not appliable,not appliable,this crossing intersects fewer than 2 kerbs. Generally each crossing should connect to at least 2 kerbs.
125144985,way,not appliable,not appliable,this crossing intersects fewer than 2 kerbs. Generally each crossing should connect to at least 2 kerbs.
125144991,way,not appliable,not appliable,this crossing intersects fewer than 2 kerbs. Generally each crossing should connect to at least 2 kerbs.
125321700,way,not appliable,not appliable,this crossing intersects fewer than 2 kerbs. Generally each crossing should connect to at least 2 kerbs.
125321702,way,not appliable,not appliable,this crossing intersects fewer than 2 kerbs. Generally each crossing should connect to at least 2 kerbs.
125321756,way,not appliable,not appliable,this crossing intersects fewer than 2 kerbs. Generally each crossing should connect to at least 2 kerbs.
125321764,way,not appliable,not appliable,this crossing intersects fewer than 2 kerbs. Generally each crossing should connect to at least 2 kerbs.
125321769,way,not appliable,not appliable,this crossing intersects fewer than 2 kerbs. Generally each crossing should connect to at least 2 kerbs.
125321774,way,not appliable,not appliable,this crossing intersects fewer than 2 kerbs. Generally each crossing should connect to at least 2 kerbs.
125321785,way,not appliable,not appliable,this crossing intersects fewer than 2 kerbs. Generally each crossing should connect to at least 2 kerbs.
125321787,way,not appliable,not appliable,this crossing intersects fewer than 2 kerbs. Generally each crossing should connect to at least 2 kerbs.
125321792,way,not appliable,not appliable,this crossing intersects fewer than 2 kerbs. Generally each crossing should connect to at least 2 kerbs.
125321794,way,not appliable,not appliable,this crossing intersects fewer than 2 kerbs. Generally each crossing should connect to at least 2 kerbs.
125321801,way,not appliable,not appliable,this crossing intersects fewer than 2 kerbs. Generally each crossing should connect to at least 2 kerbs.
125321803,way,not appliable,not appliable,this crossing intersects fewer than 2 kerbs. Generally each crossing should connect to at least 2 kerbs.
125321804,way,not appliable,not appliable,this crossing intersects fewer than 2 kerbs. Generally each crossing should connect to at least 2 kerbs.
125321806,way,not appliable,not appliable,this crossing intersects fewer than 2 kerbs. Generally each crossing should connect to at least 2 kerbs.
125321812,way,not appliable,not appliable,this crossing intersects fewer than 2 kerbs. Generally each crossing should connect to at least 2 kerbs.
125321815,way,not appliable,not appliable,this crossing intersects fewer than 2 kerbs. Generally each crossing should connect to at least 2 kerbs.
125321823,way,not appliable,not appliable,this crossing intersects fewer than 2 kerbs. Generally each crossing should connect to at least 2 kerbs.
125321827,way,not appliable,not appliable,this crossing intersects fewer than 2 kerbs. Generally each crossing should connect to at least 2 kerbs.
125321842,way,not appliable,not appliable,this crossing intersects fewer than 2 kerbs. Generally each crossing should connect to at least 2 kerbs.
125321850,way,not appliable,not appliable,this crossing intersects fewer than 2 kerbs. Generally each crossing should connect to at least 2 kerbs.
125321856,way,not appliable,not appliable,this crossing intersects fewer than 2 kerbs. Generally each crossing should connect to at least 2 kerbs.
125321857,way,not appliable,not appliable,this crossing intersects fewer than 2 kerbs. Generally each crossing should connect to at least 2 kerbs.
125321861,way,not appliable,not appliable,this crossing intersects fewer than 2 kerbs. Generally each crossing should connect to at least 2 kerbs.
125321867,way,not appliable,not appliable,this crossing intersects fewer than 2 kerbs. Generally each crossing should connect to at least 2 kerbs.
125321868,way,not appliable,not appliable,this crossing intersects fewer than 2 kerbs. Generally each crossing should connect to at least 2 kerbs.
125321870,way,not appliable,not appliable,this crossing intersects fewer than 2 kerbs. Generally each crossing should connect to at least 2 kerbs.
125321878,way,not appliable,not appliable,this crossing intersects fewer than 2 kerbs. Generally each crossing should connect to at least 2 kerbs.
125321887,way,not appliable,not appliable,this crossing intersects fewer than 2 kerbs. Generally each crossing should connect to at least 2 kerbs.
125321890,way,not appliable,not appliable,this crossing intersects fewer than 2 kerbs. Generally each crossing should connect to at least 2 kerbs.
125321895,way,not appliable,not appliable,this crossing intersects fewer than 2 kerbs. Generally each crossing should connect to at least 2 kerbs.
125321900,way,not appliable,not appliable,this crossing intersects fewer than 2 kerbs. Generally each crossing should connect to at least 2 kerbs.
125321902,way,not appliable,not appliable,this crossing intersects fewer than 2 kerbs. Generally each crossing should connect to at least 2 kerbs.
125321905,way,not appliable,not appliable,this crossing intersects fewer than 2 kerbs. Generally each crossing should connect to at least 2 kerbs.
125321906,way,not appliable,not appliable,this crossing intersects fewer than 2 kerbs. Generally each crossing should connect to at least 2 kerbs.
125321908,way,not appliable,not appliable,this crossing intersects fewer than 2 kerbs. Generally each crossing should connect to at least 2 kerbs.
125321914,way,not appliable,not appliable,this crossing intersects fewer than 2 kerbs. Generally each crossing should connect to at least 2 kerbs.
125321917,way,not appliable,not appliable,this crossing intersects fewer than 2 kerbs. Generally each crossing should connect to at least 2 kerbs.
125321919,way,not appliable,not appliable,this crossing intersects fewer than 2 kerbs. Generally each crossing should connect to at least 2 kerbs.
125321920,way,not appliable,not appliable,this crossing intersects fewer than 2 kerbs. Generally each crossing should connect to at least 2 kerbs.
125321925,way,not appliable,not appliable,this crossing intersects fewer than 2 kerbs. Generally each crossing should connect to at least 2 kerbs.
125321933,way,not appliable,not appliable,this crossing intersects fewer than 2 kerbs. Generally each crossing should connect to at least 2 kerbs.
125321938,way,not appliable,not appliable,this crossing intersects fewer than 2 kerbs. Generally each crossing should connect to at least 2 kerbs.
125321939,way,not appliable,not appliable,this crossing intersects fewer than 2 kerbs. Generally each crossing should connect to at least 2 kerbs.
125321946,way,not appliable,not appliable,this crossing intersects fewer than 2 kerbs. Generally each crossing should connect to at least 2 kerbs.
125321947,way,not appliable,not appliable,this crossing intersects fewer than 2 kerbs. Generally each crossing should connect to at least 2 kerbs.
125321951,way,not appliable,not appliable,this crossing intersects fewer than 2 kerbs. Generally each crossing should connect to at least 2 kerbs.
125321955,way,not appliable,not appliable,this crossing intersects fewer than 2 kerbs. Generally each crossing should connect to at least 2 kerbs.
125321959,way,not appliable,not appliable,this crossing intersects fewer than 2 kerbs. Generally each crossing should connect to at least 2 kerbs.
125321967,way,not appliable,not appliable,this crossing intersects fewer than 2 kerbs. Generally each crossing should connect to at least 2 kerbs.
125321974,way,not appliable,not appliable,this crossing intersects fewer than 2 kerbs. Generally each crossing should connect to at least 2 kerbs.
125321975,way,not appliable,not appliable,this crossing intersects fewer than 2 kerbs. Generally each crossing should connect to at least 2 kerbs.
125321977,way,not appliable,not appliable,this crossing intersects fewer than 2 kerbs. Generally each crossing should connect to at least 2 kerbs.
125321982,way,not appliable,not appliable,this crossing intersects fewer than 2 kerbs. Generally each crossing should connect to at least 2 kerbs.
125321999,way,not appliable,not appliable,this crossing intersects fewer than 2 kerbs. Generally each crossing should connect to at least 2 kerbs.
125322011,way,not appliable,not appliable,this crossing intersects fewer than 2 kerbs. Generally each crossing should connect to at least 2 kerbs.
125322015,way,not appliable,not appliable,this crossing intersects fewer than 2 kerbs. Generally each crossing should connect to at least 2 kerbs.
125322016,way,not appliable,not appliable,this crossing intersects fewer than 2 kerbs. Generally each crossing should connect to at least 2 kerbs.
125322019,way,not appliable,not appliable,this crossing intersects fewer than 2 kerbs. Generally each crossing should connect to at least 2 kerbs.
125322023,way,not appliable,not appliable,this crossing intersects fewer than 2 kerbs. Generally each crossing should connect to at least 2 kerbs.
125322028,way,not appliable,not appliable,this crossing intersects fewer than 2 kerbs. Generally each crossing should connect to at least 2 kerbs.
125322030,way,not appliable,not appliable,this crossing intersects fewer than 2 kerbs. Generally each crossing should connect to at least 2 kerbs.
125322038,way,not appliable,not appliable,this crossing intersects fewer than 2 kerbs. Generally each crossing should connect to at least 2 kerbs.
125322046,way,not appliable,not appliable,this crossing intersects fewer than 2 kerbs. Generally each crossing should connect to at least 2 kerbs.
125322053,way,not appliable,not appliable,this crossing intersects fewer than 2 kerbs. Generally each crossing should connect to at least 2 kerbs.
125322054,way,not appliable,not appliable,this crossing intersects fewer than 2 kerbs. Generally each crossing should connect to at least 2 kerbs.
125322056,way,not appliable,not appliable,this crossing intersects fewer than 2 kerbs. Generally each crossing should connect to at least 2 kerbs.
125322068,way,not appliable,not appliable,this crossing intersects fewer than 2 kerbs. Generally each crossing should connect to at least 2 kerbs.
125437284,way,not appliable,not appliable,this crossing intersects fewer than 2 kerbs. Generally each crossing should connect to at least 2 kerbs.
125437286,way,not appliable,not appliable,this crossing intersects fewer than 2 kerbs. Generally each crossing should connect to at least 2 kerbs.
125437289,way,not appliable,not appliable,this crossing intersects fewer than 2 kerbs. Generally each crossing should connect to at least 2 kerbs.
125437295,way,not appliable,not appliable,this crossing intersects fewer than 2 kerbs. Generally each crossing should connect to at least 2 kerbs.
125437297,way,not appliable,not appliable,this crossing intersects fewer than 2 kerbs. Generally each crossing should connect to at least 2 kerbs.
125437298,way,not appliable,not appliable,this crossing intersects fewer than 2 kerbs. Generally each crossing should connect to at least 2 kerbs.
125437301,way,not appliable,not appliable,this crossing intersects fewer than 2 kerbs. Generally each crossing should connect to at least 2 kerbs.
125437308,way,not appliable,not appliable,this crossing intersects fewer than 2 kerbs. Generally each crossing should connect to at least 2 kerbs.
125437313,way,not appliable,not appliable,this crossing intersects fewer than 2 kerbs. Generally each crossing should connect to at least 2 kerbs.
125437316,way,not appliable,not appliable,this crossing intersects fewer than 2 kerbs. Generally each crossing should connect to at least 2 kerbs.
125437320,way,not appliable,not appliable,this crossing intersects fewer than 2 kerbs. Generally each crossing should connect to at least 2 kerbs.
125437325,way,not appliable,not appliable,this crossing intersects fewer than 2 kerbs. Generally each crossing should connect to at least 2 kerbs.
125450949,way,not appliable,not appliable,this crossing intersects fewer than 2 kerbs. Generally each crossing should connect to at least 2 kerbs.
125450952,way,not appliable,not appliable,this crossing intersects fewer than 2 kerbs. Generally each crossing should connect to at least 2 kerbs.
125450955,way,not appliable,not appliable,this crossing intersects fewer than 2 kerbs. Generally each crossing should connect to at least 2 kerbs.
125450961,way,not appliable,not appliable,this crossing intersects fewer than 2 kerbs. Generally each crossing should connect to at least 2 kerbs.
125450970,way,not appliable,not appliable,this crossing intersects fewer than 2 kerbs. Generally each crossing should connect to at least 2 kerbs.
125450971,way,not appliable,not appliable,this crossing intersects fewer than 2 kerbs. Generally each crossing should connect to at least 2 kerbs.
125450974,way,not appliable,not appliable,this crossing intersects fewer than 2 kerbs. Generally each crossing should connect to at least 2 kerbs.
125450975,way,not appliable,not appliable,this crossing intersects fewer than 2 kerbs. Generally each crossing should connect to at least 2 kerbs.
125450977,way,not appliable,not appliable,this crossing intersects fewer than 2 kerbs. Generally each crossing should connect to at least 2 kerbs.
125450981,way,not appliable,not appliable,this crossing intersects fewer than 2 kerbs. Generally each crossing should connect to at least 2 kerbs.
125483546,way,not appliable,not appliable,this crossing intersects fewer than 2 kerbs. Generally each crossing should connect to at least 2 kerbs.
125483577,way,not appliable,not appliable,this crossing intersects fewer than 2 kerbs. Generally each crossing should connect to at least 2 kerbs.
125483578,way,not appliable,not appliable,this crossing intersects fewer than 2 kerbs. Generally each crossing should connect to at least 2 kerbs.
125483581,way,not appliable,not appliable,this crossing intersects fewer than 2 kerbs. Generally each crossing should connect to at least 2 kerbs.
125483583,way,not appliable,not appliable,this crossing intersects fewer than 2 kerbs. Generally each crossing should connect to at least 2 kerbs.
125483585,way,not appliable,not appliable,this crossing intersects fewer than 2 kerbs. Generally each crossing should connect to at least 2 kerbs.
125483587,way,not appliable,not appliable,this crossing intersects fewer than 2 kerbs. Generally each crossing should connect to at least 2 kerbs.
125483588,way,not appliable,not appliable,this crossing intersects fewer than 2 kerbs. Generally each crossing should connect to at least 2 kerbs.
125483591,way,not appliable,not appliable,this crossing intersects fewer than 2 kerbs. Generally each crossing should connect to at least 2 kerbs.
125483592,way,not appliable,not appliable,this crossing intersects fewer than 2 kerbs. Generally each crossing should connect to at least 2 kerbs.
125483593,way,not appliable,not appliable,this crossing intersects fewer than 2 kerbs. Generally each crossing should connect to at least 2 kerbs.
125483594,way,not appliable,not appliable,this crossing intersects fewer than 2 kerbs. Generally each crossing should connect to at least 2 kerbs.
125483595,way,not appliable,not appliable,this crossing intersects fewer than 2 kerbs. Generally each crossing should connect to at least 2 kerbs.
125483597,way,not appliable,not appliable,this crossing intersects fewer than 2 kerbs. Generally each crossing should connect to at least 2 kerbs.
125483599,way,not appliable,not appliable,this crossing intersects fewer than 2 kerbs. Generally each crossing should connect to at least 2 kerbs.
125483600,way,not appliable,not appliable,this crossing intersects fewer than 2 kerbs. Generally each crossing should connect to at least 2 kerbs.
125483601,way,not appliable,not appliable,this crossing intersects fewer than 2 kerbs. Generally each crossing should connect to at least 2 kerbs.
125483602,way,not appliable,not appliable,this crossing intersects fewer than 2 kerbs. Generally each crossing should connect to at least 2 kerbs.
125483604,way,not appliable,not appliable,this crossing intersects fewer than 2 kerbs. Generally each crossing should connect to at least 2 kerbs.
125483605,way,not appliable,not appliable,this crossing intersects fewer than 2 kerbs. Generally each crossing should connect to at least 2 kerbs.
125483606,way,not appliable,not appliable,this crossing intersects fewer than 2 kerbs. Generally each crossing should connect to at least 2 kerbs.
125483607,way,not appliable,not appliable,this crossing intersects fewer than 2 kerbs. Generally each crossing should connect to at least 2 kerbs.
125483608,way,not appliable,not appliable,this crossing intersects fewer than 2 kerbs. Generally each crossing should connect to at least 2 kerbs.
125483609,way,not appliable,not appliable,this crossing intersects fewer than 2 kerbs. Generally each crossing should connect to at least 2 kerbs.
125483610,way,not appliable,not appliable,this crossing intersects fewer than 2 kerbs. Generally each crossing should connect to at least 2 kerbs.
125483611,way,not appliable,not appliable,this crossing intersects fewer than 2 kerbs. Generally each crossing should connect to at least 2 kerbs.
125483612,way,not appliable,not appliable,this crossing intersects fewer than 2 kerbs. Generally each crossing should connect to at least 2 kerbs.
125483613,way,not appliable,not appliable,this crossing intersects fewer than 2 kerbs. Generally each crossing should connect to at least 2 kerbs.
125483614,way,not appliable,not appliable,this crossing intersects fewer than 2 kerbs. Generally each crossing should connect to at least 2 kerbs.
125483615,way,not appliable,not appliable,this crossing intersects fewer than 2 kerbs. Generally each crossing should connect to at least 2 kerbs.
125483617,way,not appliable,not appliable,this crossing intersects fewer than 2 kerbs. Generally each crossing should connect to at least 2 kerbs.
125483618,way,not appliable,not appliable,this crossing intersects fewer than 2 kerbs. Generally each crossing should connect to at least 2 kerbs.
125483619,way,not appliable,not appliable,this crossing intersects fewer than 2 kerbs. Generally each crossing should connect to at least 2 kerbs.
125483620,way,not appliable,not appliable,this crossing intersects fewer than 2 kerbs. Generally each crossing should connect to at least 2 kerbs.
125483622,way,not appliable,not appliable,this crossing intersects fewer than 2 kerbs. Generally each crossing should connect to at least 2 kerbs.
125483623,way,not appliable,not appliable,this crossing intersects fewer than 2 kerbs. Generally each crossing should connect to at least 2 kerbs.
125483626,way,not appliable,not appliable,this crossing intersects fewer than 2 kerbs. Generally each crossing should connect to at least 2 kerbs.
125483628,way,not appliable,not appliable,this crossing intersects fewer than 2 kerbs. Generally each crossing should connect to at least 2 kerbs.
125483630,way,not appliable,not appliable,this crossing intersects fewer than 2 kerbs. Generally each crossing should connect to at least 2 kerbs.
125483631,way,not appliable,not appliable,this crossing intersects fewer than 2 kerbs. Generally each crossing should connect to at least 2 kerbs.
125483633,way,not appliable,not appliable,this crossing intersects fewer than 2 kerbs. Generally each crossing should connect to at least 2 kerbs.
125483635,way,not appliable,not appliable,this crossing intersects fewer than 2 kerbs. Generally each crossing should connect to at least 2 kerbs.
125483637,way,not appliable,not appliable,this crossing intersects fewer than 2 kerbs. Generally each crossing should connect to at least 2 kerbs.
125483641,way,not appliable,not appliable,this crossing intersects fewer than 2 kerbs. Generally each crossing should connect to at least 2 kerbs.
125483642,way,not appliable,not appliable,this crossing intersects fewer than 2 kerbs. Generally each crossing should connect to at least 2 kerbs.
125483644,way,not appliable,not appliable,this crossing intersects fewer than 2 kerbs. Generally each crossing should connect to at least 2 kerbs.
125483648,way,not appliable,not appliable,this crossing intersects fewer than 2 kerbs. Generally each crossing should connect to at least 2 kerbs.
125483651,way,not appliable,not appliable,this crossing intersects fewer than 2 kerbs. Generally each crossing should connect to at least 2 kerbs.
125483653,way,not appliable,not appliable,this crossing intersects fewer than 2 kerbs. Generally each crossing should connect to at least 2 kerbs.
125483654,way,not appliable,not appliable,this crossing intersects fewer than 2 kerbs. Generally each crossing should connect to at least 2 kerbs.
125483656,way,not appliable,not appliable,this crossing intersects fewer than 2 kerbs. Generally each crossing should connect to at least 2 kerbs.
125483662,way,not appliable,not appliable,this crossing intersects fewer than 2 kerbs. Generally each crossing should connect to at least 2 kerbs.
125483663,way,not appliable,not appliable,this crossing intersects fewer than 2 kerbs. Generally each crossing should connect to at least 2 kerbs.
125483664,way,not appliable,not appliable,this crossing intersects fewer than 2 kerbs. Generally each crossing should connect to at least 2 kerbs.
125483666,way,not appliable,not appliable,this crossing intersects fewer than 2 kerbs. Generally each crossing should connect to at least 2 kerbs.
125483668,way,not appliable,not appliable,this crossing intersects fewer than 2 kerbs. Generally each crossing should connect to at least 2 kerbs.
125483669,way,not appliable,not appliable,this crossing intersects fewer than 2 kerbs. Generally each crossing should connect to at least 2 kerbs.
125483670,way,not appliable,not appliable,this crossing intersects fewer than 2 kerbs. Generally each crossing should connect to at least 2 kerbs.
125483672,way,not appliable,not appliable,this crossing intersects fewer than 2 kerbs. Generally each crossing should connect to at least 2 kerbs.
125483674,way,not appliable,not appliable,this crossing intersects fewer than 2 kerbs. Generally each crossing should connect to at least 2 kerbs.
125483678,way,not appliable,not appliable,this crossing intersects fewer than 2 kerbs. Generally each crossing should connect to at least 2 kerbs.
125594168,way,not appliable,not appliable,this crossing intersects fewer than 2 kerbs. Generally each crossing should connect to at least 2 kerbs.
125594192,way,not appliable,not appliable,this crossing intersects fewer than 2 kerbs. Generally each crossing should connect to at least 2 kerbs.
125594193,way,not appliable,not appliable,this crossing intersects fewer than 2 kerbs. Generally each crossing should connect to at least 2 kerbs.
125594194,way,not appliable,not appliable,this crossing intersects fewer than 2 kerbs. Generally each crossing should connect to at least 2 kerbs.
125594195,way,not appliable,not appliable,this crossing intersects fewer than 2 kerbs. Generally each crossing should connect to at least 2 kerbs.
125594197,way,not appliable,not appliable,this crossing intersects fewer than 2 kerbs. Generally each crossing should connect to at least 2 kerbs.
125594198,way,not appliable,not appliable,this crossing intersects fewer than 2 kerbs. Generally each crossing should connect to at least 2 kerbs.
125594199,way,not appliable,not appliable,this crossing intersects fewer than 2 kerbs. Generally each crossing should connect to at least 2 kerbs.
125594200,way,not appliable,not appliable,this crossing intersects fewer than 2 kerbs. Generally each crossing should connect to at least 2 kerbs.
125594201,way,not appliable,not appliable,this crossing intersects fewer than 2 kerbs. Generally each crossing should connect to at least 2 kerbs.
125594202,way,not appliable,not appliable,this crossing intersects fewer than 2 kerbs. Generally each crossing should connect to at least 2 kerbs.
125594203,way,not appliable,not appliable,this crossing intersects fewer than 2 kerbs. Generally each crossing should connect to at least 2 kerbs.
125594205,way,not appliable,not appliable,this crossing intersects fewer than 2 kerbs. Generally each crossing should connect to at least 2 kerbs.
125594206,way,not appliable,not appliable,this crossing intersects fewer than 2 kerbs. Generally each crossing should connect to at least 2 kerbs.
125594207,way,not appliable,not appliable,this crossing intersects fewer than 2 kerbs. Generally each crossing should connect to at least 2 kerbs.
125594208,way,not appliable,not appliable,this crossing intersects fewer than 2 kerbs. Generally each crossing should connect to at least 2 kerbs.
125594209,way,not appliable,not appliable,this crossing intersects fewer than 2 kerbs. Generally each crossing should connect to at least 2 kerbs.
125594210,way,not appliable,not appliable,this crossing intersects fewer than 2 kerbs. Generally each crossing should connect to at least 2 kerbs.
125594211,way,not appliable,not appliable,this crossing intersects fewer than 2 kerbs. Generally each crossing should connect to at least 2 kerbs.
125594213,way,not appliable,not appliable,this crossing intersects fewer than 2 kerbs. Generally each crossing should connect to at least 2 kerbs.
125594214,way,not appliable,not appliable,this crossing intersects fewer than 2 kerbs. Generally each crossing should connect to at least 2 kerbs.
125594215,way,not appliable,not appliable,this crossing intersects fewer than 2 kerbs. Generally each crossing should connect to at least 2 kerbs.
125594216,way,not appliable,not appliable,this crossing intersects fewer than 2 kerbs. Generally each crossing should connect to at least 2 kerbs.
125594217,way,not appliable,not appliable,this crossing intersects fewer than 2 kerbs. Generally each crossing should connect to at least 2 kerbs.
125594219,way,not appliable,not appliable,this crossing intersects fewer than 2 kerbs. Generally each crossing should connect to at least 2 kerbs.
125594222,way,not appliable,not appliable,this crossing intersects fewer than 2 kerbs. Generally each crossing should connect to at least 2 kerbs.
125594223,way,not appliable,not appliable,this crossing intersects fewer than 2 kerbs. Generally each crossing should connect to at least 2 kerbs.
125746355,way,not appliable,not appliable,this crossing intersects fewer than 2 kerbs. Generally each crossing should connect to at least 2 kerbs.
125746386,way,not appliable,not appliable,this crossing intersects fewer than 2 kerbs. Generally each crossing should connect to at least 2 kerbs.
125746397,way,not appliable,not appliable,this crossing intersects fewer than 2 kerbs. Generally each crossing should connect to at least 2 kerbs.
125746399,way,not appliable,not appliable,this crossing intersects fewer than 2 kerbs. Generally each crossing should connect to at least 2 kerbs.
125746438,way,not appliable,not appliable,this crossing intersects fewer than 2 kerbs. Generally each crossing should connect to at least 2 kerbs.
125746439,way,not appliable,not appliable,this crossing intersects fewer than 2 kerbs. Generally each crossing should connect to at least 2 kerbs.
125746441,way,not appliable,not appliable,this crossing intersects fewer than 2 kerbs. Generally each crossing should connect to at least 2 kerbs.
125746442,way,not appliable,not appliable,this crossing intersects fewer than 2 kerbs. Generally each crossing should connect to at least 2 kerbs.
125746443,way,not appliable,not appliable,this crossing intersects fewer than 2 kerbs. Generally each crossing should connect to at least 2 kerbs.
125746444,way,not appliable,not appliable,this crossing intersects fewer than 2 kerbs. Generally each crossing should connect to at least 2 kerbs.
125746445,way,not appliable,not appliable,this crossing intersects fewer than 2 kerbs. Generally each crossing should connect to at least 2 kerbs.
125746446,way,not appliable,not appliable,this crossing intersects fewer than 2 kerbs. Generally each crossing should connect to at least 2 kerbs.
125746447,way,not appliable,not appliable,this crossing intersects fewer than 2 kerbs. Generally each crossing should connect to at least 2 kerbs.
125746448,way,not appliable,not appliable,this crossing intersects fewer than 2 kerbs. Generally each crossing should connect to at least 2 kerbs.
125746449,way,not appliable,not appliable,this crossing intersects fewer than 2 kerbs. Generally each crossing should connect to at least 2 kerbs.
125746451,way,not appliable,not appliable,this crossing intersects fewer than 2 kerbs. Generally each crossing should connect to at least 2 kerbs.
125746452,way,not appliable,not appliable,this crossing intersects fewer than 2 kerbs. Generally each crossing should connect to at least 2 kerbs.
125746453,way,not appliable,not appliable,this crossing intersects fewer than 2 kerbs. Generally each crossing should connect to at least 2 kerbs.
125746454,way,not appliable,not appliable,this crossing intersects fewer than 2 kerbs. Generally each crossing should connect to at least 2 kerbs.
125746455,way,not appliable,not appliable,this crossing intersects fewer than 2 kerbs. Generally each crossing should connect to at least 2 kerbs.
125746457,way,not appliable,not appliable,this crossing intersects fewer than 2 kerbs. Generally each crossing should connect to at least 2 kerbs.
125746458,way,not appliable,not appliable,this crossing intersects fewer than 2 kerbs. Generally each crossing should connect to at least 2 kerbs.
125746460,way,not appliable,not appliable,this crossing intersects fewer than 2 kerbs. Generally each crossing should connect to at least 2 kerbs.
125746461,way,not appliable,not appliable,this crossing intersects fewer than 2 kerbs. Generally each crossing should connect to at least 2 kerbs.
125746462,way,not appliable,not appliable,this crossing intersects fewer than 2 kerbs. Generally each crossing should connect to at least 2 kerbs.
125746464,way,not appliable,not appliable,this crossing intersects fewer than 2 kerbs. Generally each crossing should connect to at least 2 kerbs.
125746467,way,not appliable,not appliable,this crossing intersects fewer than 2 kerbs. Generally each crossing should connect to at least 2 kerbs.
125746468,way,not appliable,not appliable,this crossing intersects fewer than 2 kerbs. Generally each crossing should connect to at least 2 kerbs.
125746469,way,not appliable,not appliable,this crossing intersects fewer than 2 kerbs. Generally each crossing should connect to at least 2 kerbs.
125746470,way,not appliable,not appliable,this crossing intersects fewer than 2 kerbs. Generally each crossing should connect to at least 2 kerbs.
125746471,way,not appliable,not appliable,this crossing intersects fewer than 2 kerbs. Generally each crossing should connect to at least 2 kerbs.
125746472,way,not appliable,not appliable,this crossing intersects fewer than 2 kerbs. Generally each crossing should connect to at least 2 kerbs.
125746474,way,not appliable,not appliable,this crossing intersects fewer than 2 kerbs. Generally each crossing should connect to at least 2 kerbs.
125746478,way,not appliable,not appliable,this crossing intersects fewer than 2 kerbs. Generally each crossing should connect to at least 2 kerbs.
125746480,way,not appliable,not appliable,this crossing intersects fewer than 2 kerbs. Generally each crossing should connect to at least 2 kerbs.
125746481,way,not appliable,not appliable,this crossing intersects fewer than 2 kerbs. Generally each crossing should connect to at least 2 kerbs.
125746482,way,not appliable,not appliable,this crossing intersects fewer than 2 kerbs. Generally each crossing should connect to at least 2 kerbs.
125746484,way,not appliable,not appliable,this crossing intersects fewer than 2 kerbs. Generally each crossing should connect to at least 2 kerbs.
125746485,way,not appliable,not appliable,this crossing intersects fewer than 2 kerbs. Generally each crossing should connect to at least 2 kerbs.
125746487,way,not appliable,not appliable,this crossing intersects fewer than 2 kerbs. Generally each crossing should connect to at least 2 kerbs.
125746488,way,not appliable,not appliable,this crossing intersects fewer than 2 kerbs. Generally each crossing should connect to at least 2 kerbs.
125746492,way,not appliable,not appliable,this crossing intersects fewer than 2 kerbs. Generally each crossing should connect to at least 2 kerbs.
125746494,way,not appliable,not appliable,this crossing intersects fewer than 2 kerbs. Generally each crossing should connect to at least 2 kerbs.
125746495,way,not appliable,not appliable,this crossing intersects fewer than 2 kerbs. Generally each crossing should connect to at least 2 kerbs.
125746496,way,not appliable,not appliable,this crossing intersects fewer than 2 kerbs. Generally each crossing should connect to at least 2 kerbs.
125746498,way,not appliable,not appliable,this crossing intersects fewer than 2 kerbs. Generally each crossing should connect to at least 2 kerbs.
125746499,way,not appliable,not appliable,this crossing intersects fewer than 2 kerbs. Generally each crossing should connect to at least 2 kerbs.
125746500,way,not appliable,not appliable,this crossing intersects fewer than 2 kerbs. Generally each crossing should connect to at least 2 kerbs.
125746502,way,not appliable,not appliable,this crossing intersects fewer than 2 kerbs. Generally each crossing should connect to at least 2 kerbs.
125746503,way,not appliable,not appliable,this crossing intersects fewer than 2 kerbs. Generally each crossing should connect to at least 2 kerbs.
125746504,way,not appliable,not appliable,this crossing intersects fewer than 2 kerbs. Generally each crossing should connect to at least 2 kerbs.
125746505,way,not appliable,not appliable,this crossing intersects fewer than 2 kerbs. Generally each crossing should connect to at least 2 kerbs.
125746507,way,not appliable,not appliable,this crossing intersects fewer than 2 kerbs. Generally each crossing should connect to at least 2 kerbs.
125746509,way,not appliable,not appliable,this crossing intersects fewer than 2 kerbs. Generally each crossing should connect to at least 2 kerbs.
125746511,way,not appliable,not appliable,this crossing intersects fewer than 2 kerbs. Generally each crossing should connect to at least 2 kerbs.
125746512,way,not appliable,not appliable,this crossing intersects fewer than 2 kerbs. Generally each crossing should connect to at least 2 kerbs.
125746514,way,not appliable,not appliable,this crossing intersects fewer than 2 kerbs. Generally each crossing should connect to at least 2 kerbs.
125746515,way,not appliable,not appliable,this crossing intersects fewer than 2 kerbs. Generally each crossing should connect to at least 2 kerbs.
125746516,way,not appliable,not appliable,this crossing intersects fewer than 2 kerbs. Generally each crossing should connect to at least 2 kerbs.
125746519,way,not appliable,not appliable,this crossing intersects fewer than 2 kerbs. Generally each crossing should connect to at least 2 kerbs.
125746520,way,not appliable,not appliable,this crossing intersects fewer than 2 kerbs. Generally each crossing should connect to at least 2 kerbs.
125746521,way,not appliable,not appliable,this crossing intersects fewer than 2 kerbs. Generally each crossing should connect to at least 2 kerbs.
125746522,way,not appliable,not appliable,this crossing intersects fewer than 2 kerbs. Generally each crossing should connect to at least 2 kerbs.
125746523,way,not appliable,not appliable,this crossing intersects fewer than 2 kerbs. Generally each crossing should connect to at least 2 kerbs.
125746525,way,not appliable,not appliable,this crossing intersects fewer than 2 kerbs. Generally each crossing should connect to at least 2 kerbs.
125746526,way,not appliable,not appliable,this crossing intersects fewer than 2 kerbs. Generally each crossing should connect to at least 2 kerbs.
125746527,way,not appliable,not appliable,this crossing intersects fewer than 2 kerbs. Generally each crossing should connect to at least 2 kerbs.
125746531,way,not appliable,not appliable,this crossing intersects fewer than 2 kerbs. Generally each crossing should connect to at least 2 kerbs.
125746532,way,not appliable,not appliable,this crossing intersects fewer than 2 kerbs. Generally each crossing should connect to at least 2 kerbs.
125746533,way,not appliable,not appliable,this crossing intersects fewer than 2 kerbs. Generally each crossing should connect to at least 2 kerbs.
125746555,way,not appliable,not appliable,this crossing intersects fewer than 2 kerbs. Generally each crossing should connect to at least 2 kerbs.
125844665,way,not appliable,not appliable,this crossing intersects fewer than 2 kerbs. Generally each crossing should connect to at least 2 kerbs.
125844679,way,not appliable,not appliable,this crossing intersects fewer than 2 kerbs. Generally each crossing should connect to at least 2 kerbs.
125844683,way,not appliable,not appliable,this crossing intersects fewer than 2 kerbs. Generally each crossing should connect to at least 2 kerbs.
125844685,way,not appliable,not appliable,this crossing intersects fewer than 2 kerbs. Generally each crossing should connect to at least 2 kerbs.
125844686,way,not appliable,not appliable,this crossing intersects fewer than 2 kerbs. Generally each crossing should connect to at least 2 kerbs.
125844690,way,not appliable,not appliable,this crossing intersects fewer than 2 kerbs. Generally each crossing should connect to at least 2 kerbs.
125844692,way,not appliable,not appliable,this crossing intersects fewer than 2 kerbs. Generally each crossing should connect to at least 2 kerbs.
125844694,way,not appliable,not appliable,this crossing intersects fewer than 2 kerbs. Generally each crossing should connect to at least 2 kerbs.
125844698,way,not appliable,not appliable,this crossing intersects fewer than 2 kerbs. Generally each crossing should connect to at least 2 kerbs.
125844699,way,not appliable,not appliable,this crossing intersects fewer than 2 kerbs. Generally each crossing should connect to at least 2 kerbs.
125844703,way,not appliable,not appliable,this crossing intersects fewer than 2 kerbs. Generally each crossing should connect to at least 2 kerbs.
125844704,way,not appliable,not appliable,this crossing intersects fewer than 2 kerbs. Generally each crossing should connect to at least 2 kerbs.
125844706,way,not appliable,not appliable,this crossing intersects fewer than 2 kerbs. Generally each crossing should connect to at least 2 kerbs.
125844707,way,not appliable,not appliable,this crossing intersects fewer than 2 kerbs. Generally each crossing should connect to at least 2 kerbs.
125844708,way,not appliable,not appliable,this crossing intersects fewer than 2 kerbs. Generally each crossing should connect to at least 2 kerbs.
125844709,way,not appliable,not appliable,this crossing intersects fewer than 2 kerbs. Generally each crossing should connect to at least 2 kerbs.
125844710,way,not appliable,not appliable,this crossing intersects fewer than 2 kerbs. Generally each crossing should connect to at least 2 kerbs.
125844713,way,not appliable,not appliable,this crossing intersects fewer than 2 kerbs. Generally each crossing should connect to at least 2 kerbs.
125844714,way,not appliable,not appliable,this crossing intersects fewer than 2 kerbs. Generally each crossing should connect to at least 2 kerbs.
125844715,way,not appliable,not appliable,this crossing intersects fewer than 2 kerbs. Generally each crossing should connect to at least 2 kerbs.
125844718,way,not appliable,not appliable,this crossing intersects fewer than 2 kerbs. Generally each crossing should connect to at least 2 kerbs.
125844719,way,not appliable,not appliable,this crossing intersects fewer than 2 kerbs. Generally each crossing should connect to at least 2 kerbs.
125844720,way,not appliable,not appliable,this crossing intersects fewer than 2 kerbs. Generally each crossing should connect to at least 2 kerbs.
125844722,way,not appliable,not appliable,this crossing intersects fewer than 2 kerbs. Generally each crossing should connect to at least 2 kerbs.
125844724,way,not appliable,not appliable,this crossing intersects fewer than 2 kerbs. Generally each crossing should connect to at least 2 kerbs.
125844725,way,not appliable,not appliable,this crossing intersects fewer than 2 kerbs. Generally each crossing should connect to at least 2 kerbs.
125844727,way,not appliable,not appliable,this crossing intersects fewer than 2 kerbs. Generally each crossing should connect to at least 2 kerbs.
125844729,way,not appliable,not appliable,this crossing intersects fewer than 2 kerbs. Generally each crossing should connect to at least 2 kerbs.
125844730,way,not appliable,not appliable,this crossing intersects fewer than 2 kerbs. Generally each crossing should connect to at least 2 kerbs.
125844731,way,not appliable,not appliable,this crossing intersects fewer than 2 kerbs. Generally each crossing should connect to at least 2 kerbs.
125844733,way,not appliable,not appliable,this crossing intersects fewer than 2 kerbs. Generally each crossing should connect to at least 2 kerbs.
125844734,way,not appliable,not appliable,this crossing intersects fewer than 2 kerbs. Generally each crossing should connect to at least 2 kerbs.
125844736,way,not appliable,not appliable,this crossing intersects fewer than 2 kerbs. Generally each crossing should connect to at least 2 kerbs.
125844737,way,not appliable,not appliable,this crossing intersects fewer than 2 kerbs. Generally each crossing should connect to at least 2 kerbs.
125844738,way,not appliable,not appliable,this crossing intersects fewer than 2 kerbs. Generally each crossing should connect to at least 2 kerbs.
125844739,way,not appliable,not appliable,this crossing intersects fewer than 2 kerbs. Generally each crossing should connect to at least 2 kerbs.
125844740,way,not appliable,not appliable,this crossing intersects fewer than 2 kerbs. Generally each crossing should connect to at least 2 kerbs.
125844742,way,not appliable,not appliable,this crossing intersects fewer than 2 kerbs. Generally each crossing should connect to at least 2 kerbs.
125844743,way,not appliable,not appliable,this crossing intersects fewer than 2 kerbs. Generally each crossing should connect to at least 2 kerbs.
125844746,way,not appliable,not appliable,this crossing intersects fewer than 2 kerbs. Generally each crossing should connect to at least 2 kerbs.
125844750,way,not appliable,not appliable,this crossing intersects fewer than 2 kerbs. Generally each crossing should connect to at least 2 kerbs.
125844752,way,not appliable,not appliable,this crossing intersects fewer than 2 kerbs. Generally each crossing should connect to at least 2 kerbs.
125844753,way,not appliable,not appliable,this crossing intersects fewer than 2 kerbs. Generally each crossing should connect to at least 2 kerbs.
125844754,way,not appliable,not appliable,this crossing intersects fewer than 2 kerbs. Generally each crossing should connect to at least 2 kerbs.
125844757,way,not appliable,not appliable,this crossing intersects fewer than 2 kerbs. Generally each crossing should connect to at least 2 kerbs.
125844759,way,not appliable,not appliable,this crossing intersects fewer than 2 kerbs. Generally each crossing should connect to at least 2 kerbs.
125844761,way,not appliable,not appliable,this crossing intersects fewer than 2 kerbs. Generally each crossing should connect to at least 2 kerbs.
125844762,way,not appliable,not appliable,this crossing intersects fewer than 2 kerbs. Generally each crossing should connect to at least 2 kerbs.
125844763,way,not appliable,not appliable,this crossing intersects fewer than 2 kerbs. Generally each crossing should connect to at least 2 kerbs.
125844766,way,not appliable,not appliable,this crossing intersects fewer than 2 kerbs. Generally each crossing should connect to at least 2 kerbs.
125844767,way,not appliable,not appliable,this crossing intersects fewer than 2 kerbs. Generally each crossing should connect to at least 2 kerbs.
125844769,way,not appliable,not appliable,this crossing intersects fewer than 2 kerbs. Generally each crossing should connect to at least 2 kerbs.
125844770,way,not appliable,not appliable,this crossing intersects fewer than 2 kerbs. Generally each crossing should connect to at least 2 kerbs.
125844772,way,not appliable,not appliable,this crossing intersects fewer than 2 kerbs. Generally each crossing should connect to at least 2 kerbs.
125844774,way,not appliable,not appliable,this crossing intersects fewer than 2 kerbs. Generally each crossing should connect to at least 2 kerbs.
125844778,way,not appliable,not appliable,this crossing intersects fewer than 2 kerbs. Generally each crossing should connect to at least 2 kerbs.
125844779,way,not appliable,not appliable,this crossing intersects fewer than 2 kerbs. Generally each crossing should connect to at least 2 kerbs.
125844781,way,not appliable,not appliable,this crossing intersects fewer than 2 kerbs. Generally each crossing should connect to at least 2 kerbs.
125844782,way,not appliable,not appliable,this crossing intersects fewer than 2 kerbs. Generally each crossing should connect to at least 2 kerbs.
125844783,way,not appliable,not appliable,this crossing intersects fewer than 2 kerbs. Generally each crossing should connect to at least 2 kerbs.
125844785,way,not appliable,not appliable,this crossing intersects fewer than 2 kerbs. Generally each crossing should connect to at least 2 kerbs.
125844788,way,not appliable,not appliable,this crossing intersects fewer than 2 kerbs. Generally each crossing should connect to at least 2 kerbs.
125844789,way,not appliable,not appliable,this crossing intersects fewer than 2 kerbs. Generally each crossing should connect to at least 2 kerbs.
125844790,way,not appliable,not appliable,this crossing intersects fewer than 2 kerbs. Generally each crossing should connect to at least 2 kerbs.
125844791,way,not appliable,not appliable,this crossing intersects fewer than 2 kerbs. Generally each crossing should connect to at least 2 kerbs.
125844798,way,not appliable,not appliable,this crossing intersects fewer than 2 kerbs. Generally each crossing should connect to at least 2 kerbs.
125844805,way,not appliable,not appliable,this crossing intersects fewer than 2 kerbs. Generally each crossing should connect to at least 2 kerbs.
125844806,way,not appliable,not appliable,this crossing intersects fewer than 2 kerbs. Generally each crossing should connect to at least 2 kerbs.
125844807,way,not appliable,not appliable,this crossing intersects fewer than 2 kerbs. Generally each crossing should connect to at least 2 kerbs.
125844810,way,not appliable,not appliable,this crossing intersects fewer than 2 kerbs. Generally each crossing should connect to at least 2 kerbs.
125844812,way,not appliable,not appliable,this crossing intersects fewer than 2 kerbs. Generally each crossing should connect to at least 2 kerbs.
125844814,way,not appliable,not appliable,this crossing intersects fewer than 2 kerbs. Generally each crossing should connect to at least 2 kerbs.
125844815,way,not appliable,not appliable,this crossing intersects fewer than 2 kerbs. Generally each crossing should connect to at least 2 kerbs.
125844818,way,not appliable,not appliable,this crossing intersects fewer than 2 kerbs. Generally each crossing should connect to at least 2 kerbs.
125844820,way,not appliable,not appliable,this crossing intersects fewer than 2 kerbs. Generally each crossing should connect to at least 2 kerbs.
125844821,way,not appliable,not appliable,this crossing intersects fewer than 2 kerbs. Generally each crossing should connect to at least 2 kerbs.
125844822,way,not appliable,not appliable,this crossing intersects fewer than 2 kerbs. Generally each crossing should connect to at least 2 kerbs.
125844825,way,not appliable,not appliable,this crossing intersects fewer than 2 kerbs. Generally each crossing should connect to at least 2 kerbs.
125844826,way,not appliable,not appliable,this crossing intersects fewer than 2 kerbs. Generally each crossing should connect to at least 2 kerbs.
125844829,way,not appliable,not appliable,this crossing intersects fewer than 2 kerbs. Generally each crossing should connect to at least 2 kerbs.
126014442,way,not appliable,not appliable,this crossing intersects fewer than 2 kerbs. Generally each crossing should connect to at least 2 kerbs.
126014453,way,not appliable,not appliable,this crossing intersects fewer than 2 kerbs. Generally each crossing should connect to at least 2 kerbs.
126014462,way,not appliable,not appliable,this crossing intersects fewer than 2 kerbs. Generally each crossing should connect to at least 2 kerbs.
126014494,way,not appliable,not appliable,this crossing intersects fewer than 2 kerbs. Generally each crossing should connect to at least 2 kerbs.
126014495,way,not appliable,not appliable,this crossing intersects fewer than 2 kerbs. Generally each crossing should connect to at least 2 kerbs.
126014497,way,not appliable,not appliable,this crossing intersects fewer than 2 kerbs. Generally each crossing should connect to at least 2 kerbs.
126014498,way,not appliable,not appliable,this crossing intersects fewer than 2 kerbs. Generally each crossing should connect to at least 2 kerbs.
126014499,way,not appliable,not appliable,this crossing intersects fewer than 2 kerbs. Generally each crossing should connect to at least 2 kerbs.
126014500,way,not appliable,not appliable,this crossing intersects fewer than 2 kerbs. Generally each crossing should connect to at least 2 kerbs.
126014501,way,not appliable,not appliable,this crossing intersects fewer than 2 kerbs. Generally each crossing should connect to at least 2 kerbs.
126014502,way,not appliable,not appliable,this crossing intersects fewer than 2 kerbs. Generally each crossing should connect to at least 2 kerbs.
126014503,way,not appliable,not appliable,this crossing intersects fewer than 2 kerbs. Generally each crossing should connect to at least 2 kerbs.
126014504,way,not appliable,not appliable,this crossing intersects fewer than 2 kerbs. Generally each crossing should connect to at least 2 kerbs.
126014505,way,not appliable,not appliable,this crossing intersects fewer than 2 kerbs. Generally each crossing should connect to at least 2 kerbs.
126014507,way,not appliable,not appliable,this crossing intersects fewer than 2 kerbs. Generally each crossing should connect to at least 2 kerbs.
126014508,way,not appliable,not appliable,this crossing intersects fewer than 2 kerbs. Generally each crossing should connect to at least 2 kerbs.
126014511,way,not appliable,not appliable,this crossing intersects fewer than 2 kerbs. Generally each crossing should connect to at least 2 kerbs.
126014512,way,not appliable,not appliable,this crossing intersects fewer than 2 kerbs. Generally each crossing should connect to at least 2 kerbs.
126014513,way,not appliable,not appliable,this crossing intersects fewer than 2 kerbs. Generally each crossing should connect to at least 2 kerbs.
126014516,way,not appliable,not appliable,this crossing intersects fewer than 2 kerbs. Generally each crossing should connect to at least 2 kerbs.
126014519,way,not appliable,not appliable,this crossing intersects fewer than 2 kerbs. Generally each crossing should connect to at least 2 kerbs.
126014522,way,not appliable,not appliable,this crossing intersects fewer than 2 kerbs. Generally each crossing should connect to at least 2 kerbs.
126014524,way,not appliable,not appliable,this crossing intersects fewer than 2 kerbs. Generally each crossing should connect to at least 2 kerbs.
126014525,way,not appliable,not appliable,this crossing intersects fewer than 2 kerbs. Generally each crossing should connect to at least 2 kerbs.
126014526,way,not appliable,not appliable,this crossing intersects fewer than 2 kerbs. Generally each crossing should connect to at least 2 kerbs.
126014527,way,not appliable,not appliable,this crossing intersects fewer than 2 kerbs. Generally each crossing should connect to at least 2 kerbs.
126014529,way,not appliable,not appliable,this crossing intersects fewer than 2 kerbs. Generally each crossing should connect to at least 2 kerbs.
126014530,way,not appliable,not appliable,this crossing intersects fewer than 2 kerbs. Generally each crossing should connect to at least 2 kerbs.
126014531,way,not appliable,not appliable,this crossing intersects fewer than 2 kerbs. Generally each crossing should connect to at least 2 kerbs.
126014532,way,not appliable,not appliable,this crossing intersects fewer than 2 kerbs. Generally each crossing should connect to at least 2 kerbs.
126014535,way,not appliable,not appliable,this crossing intersects fewer than 2 kerbs. Generally each crossing should connect to at least 2 kerbs.
126014536,way,not appliable,not appliable,this crossing intersects fewer than 2 kerbs. Generally each crossing should connect to at least 2 kerbs.
126014537,way,not appliable,not appliable,this crossing intersects fewer than 2 kerbs. Generally each crossing should connect to at least 2 kerbs.
126014539,way,not appliable,not appliable,this crossing intersects fewer than 2 kerbs. Generally each crossing should connect to at least 2 kerbs.
126014540,way,not appliable,not appliable,this crossing intersects fewer than 2 kerbs. Generally each crossing should connect to at least 2 kerbs.
126073535,way,not appliable,not appliable,this crossing intersects fewer than 2 kerbs. Generally each crossing should connect to at least 2 kerbs.
126073620,way,not appliable,not appliable,this crossing intersects fewer than 2 kerbs. Generally each crossing should connect to at least 2 kerbs.
126073622,way,not appliable,not appliable,this crossing intersects fewer than 2 kerbs. Generally each crossing should connect to at least 2 kerbs.
126073624,way,not appliable,not appliable,this crossing intersects fewer than 2 kerbs. Generally each crossing should connect to at least 2 kerbs.
126073626,way,not appliable,not appliable,this crossing intersects fewer than 2 kerbs. Generally each crossing should connect to at least 2 kerbs.
126073628,way,not appliable,not appliable,this crossing intersects fewer than 2 kerbs. Generally each crossing should connect to at least 2 kerbs.
126073629,way,not appliable,not appliable,this crossing intersects fewer than 2 kerbs. Generally each crossing should connect to at least 2 kerbs.
126073630,way,not appliable,not appliable,this crossing intersects fewer than 2 kerbs. Generally each crossing should connect to at least 2 kerbs.
126073631,way,not appliable,not appliable,this crossing intersects fewer than 2 kerbs. Generally each crossing should connect to at least 2 kerbs.
126073632,way,not appliable,not appliable,this crossing intersects fewer than 2 kerbs. Generally each crossing should connect to at least 2 kerbs.
126073633,way,not appliable,not appliable,this crossing intersects fewer than 2 kerbs. Generally each crossing should connect to at least 2 kerbs.
126073635,way,not appliable,not appliable,this crossing intersects fewer than 2 kerbs. Generally each crossing should connect to at least 2 kerbs.
126073636,way,not appliable,not appliable,this crossing intersects fewer than 2 kerbs. Generally each crossing should connect to at least 2 kerbs.
126073637,way,not appliable,not appliable,this crossing intersects fewer than 2 kerbs. Generally each crossing should connect to at least 2 kerbs.
126073638,way,not appliable,not appliable,this crossing intersects fewer than 2 kerbs. Generally each crossing should connect to at least 2 kerbs.
126073639,way,not appliable,not appliable,this crossing intersects fewer than 2 kerbs. Generally each crossing should connect to at least 2 kerbs.
126073640,way,not appliable,not appliable,this crossing intersects fewer than 2 kerbs. Generally each crossing should connect to at least 2 kerbs.
126073641,way,not appliable,not appliable,this crossing intersects fewer than 2 kerbs. Generally each crossing should connect to at least 2 kerbs.
126073642,way,not appliable,not appliable,this crossing intersects fewer than 2 kerbs. Generally each crossing should connect to at least 2 kerbs.
126073644,way,not appliable,not appliable,this crossing intersects fewer than 2 kerbs. Generally each crossing should connect to at least 2 kerbs.
126073647,way,not appliable,not appliable,this crossing intersects fewer than 2 kerbs. Generally each crossing should connect to at least 2 kerbs.
126073649,way,not appliable,not appliable,this crossing intersects fewer than 2 kerbs. Generally each crossing should connect to at least 2 kerbs.
126073650,way,not appliable,not appliable,this crossing intersects fewer than 2 kerbs. Generally each crossing should connect to at least 2 kerbs.
126073651,way,not appliable,not appliable,this crossing intersects fewer than 2 kerbs. Generally each crossing should connect to at least 2 kerbs.
126073652,way,not appliable,not appliable,this crossing intersects fewer than 2 kerbs. Generally each crossing should connect to at least 2 kerbs.
126073653,way,not appliable,not appliable,this crossing intersects fewer than 2 kerbs. Generally each crossing should connect to at least 2 kerbs.
126073654,way,not appliable,not appliable,this crossing intersects fewer than 2 kerbs. Generally each crossing should connect to at least 2 kerbs.
126073655,way,not appliable,not appliable,this crossing intersects fewer than 2 kerbs. Generally each crossing should connect to at least 2 kerbs.
126073656,way,not appliable,not appliable,this crossing intersects fewer than 2 kerbs. Generally each crossing should connect to at least 2 kerbs.
126073657,way,not appliable,not appliable,this crossing intersects fewer than 2 kerbs. Generally each crossing should connect to at least 2 kerbs.
126073658,way,not appliable,not appliable,this crossing intersects fewer than 2 kerbs. Generally each crossing should connect to at least 2 kerbs.
126073659,way,not appliable,not appliable,this crossing intersects fewer than 2 kerbs. Generally each crossing should connect to at least 2 kerbs.
126073660,way,not appliable,not appliable,this crossing intersects fewer than 2 kerbs. Generally each crossing should connect to at least 2 kerbs.
126073663,way,not appliable,not appliable,this crossing intersects fewer than 2 kerbs. Generally each crossing should connect to at least 2 kerbs.
126073664,way,not appliable,not appliable,this crossing intersects fewer than 2 kerbs. Generally each crossing should connect to at least 2 kerbs.
126073665,way,not appliable,not appliable,this crossing intersects fewer than 2 kerbs. Generally each crossing should connect to at least 2 kerbs.
126073666,way,not appliable,not appliable,this crossing intersects fewer than 2 kerbs. Generally each crossing should connect to at least 2 kerbs.
126073670,way,not appliable,not appliable,this crossing intersects fewer than 2 kerbs. Generally each crossing should connect to at least 2 kerbs.
126073671,way,not appliable,not appliable,this crossing intersects fewer than 2 kerbs. Generally each crossing should connect to at least 2 kerbs.
126073672,way,not appliable,not appliable,this crossing intersects fewer than 2 kerbs. Generally each crossing should connect to at least 2 kerbs.
126073673,way,not appliable,not appliable,this crossing intersects fewer than 2 kerbs. Generally each crossing should connect to at least 2 kerbs.
126073675,way,not appliable,not appliable,this crossing intersects fewer than 2 kerbs. Generally each crossing should connect to at least 2 kerbs.
126073680,way,not appliable,not appliable,this crossing intersects fewer than 2 kerbs. Generally each crossing should connect to at least 2 kerbs.
126073681,way,not appliable,not appliable,this crossing intersects fewer than 2 kerbs. Generally each crossing should connect to at least 2 kerbs.
126073683,way,not appliable,not appliable,this crossing intersects fewer than 2 kerbs. Generally each crossing should connect to at least 2 kerbs.
126073685,way,not appliable,not appliable,this crossing intersects fewer than 2 kerbs. Generally each crossing should connect to at least 2 kerbs.
126073686,way,not appliable,not appliable,this crossing intersects fewer than 2 kerbs. Generally each crossing should connect to at least 2 kerbs.
126073687,way,not appliable,not appliable,this crossing intersects fewer than 2 kerbs. Generally each crossing should connect to at least 2 kerbs.
126073688,way,not appliable,not appliable,this crossing intersects fewer than 2 kerbs. Generally each crossing should connect to at least 2 kerbs.
126073691,way,not appliable,not appliable,this crossing intersects fewer than 2 kerbs. Generally each crossing should connect to at least 2 kerbs.
126073692,way,not appliable,not appliable,this crossing intersects fewer than 2 kerbs. Generally each crossing should connect to at least 2 kerbs.
126073693,way,not appliable,not appliable,this crossing intersects fewer than 2 kerbs. Generally each crossing should connect to at least 2 kerbs.
126073694,way,not appliable,not appliable,this crossing intersects fewer than 2 kerbs. Generally each crossing should connect to at least 2 kerbs.
126073695,way,not appliable,not appliable,this crossing intersects fewer than 2 kerbs. Generally each crossing should connect to at least 2 kerbs.
126073696,way,not appliable,not appliable,this crossing intersects fewer than 2 kerbs. Generally each crossing should connect to at least 2 kerbs.
126073697,way,not appliable,not appliable,this crossing intersects fewer than 2 kerbs. Generally each crossing should connect to at least 2 kerbs.
126073699,way,not appliable,not appliable,this crossing intersects fewer than 2 kerbs. Generally each crossing should connect to at least 2 kerbs.
126073701,way,not appliable,not appliable,this crossing intersects fewer than 2 kerbs. Generally each crossing should connect to at least 2 kerbs.
126073703,way,not appliable,not appliable,this crossing intersects fewer than 2 kerbs. Generally each crossing should connect to at least 2 kerbs.
126073704,way,not appliable,not appliable,this crossing intersects fewer than 2 kerbs. Generally each crossing should connect to at least 2 kerbs.
126073705,way,not appliable,not appliable,this crossing intersects fewer than 2 kerbs. Generally each crossing should connect to at least 2 kerbs.
126073707,way,not appliable,not appliable,this crossing intersects fewer than 2 kerbs. Generally each crossing should connect to at least 2 kerbs.
126073708,way,not appliable,not appliable,this crossing intersects fewer than 2 kerbs. Generally each crossing should connect to at least 2 kerbs.
126073709,way,not appliable,not appliable,this crossing intersects fewer than 2 kerbs. Generally each crossing should connect to at least 2 kerbs.
126073710,way,not appliable,not appliable,this crossing intersects fewer than 2 kerbs. Generally each crossing should connect to at least 2 kerbs.
126073711,way,not appliable,not appliable,this crossing intersects fewer than 2 kerbs. Generally each crossing should connect to at least 2 kerbs.
126073713,way,not appliable,not appliable,this crossing intersects fewer than 2 kerbs. Generally each crossing should connect to at least 2 kerbs.
126073714,way,not appliable,not appliable,this crossing intersects fewer than 2 kerbs. Generally each crossing should connect to at least 2 kerbs.
126073716,way,not appliable,not appliable,this crossing intersects fewer than 2 kerbs. Generally each crossing should connect to at least 2 kerbs.
126073718,way,not appliable,not appliable,this crossing intersects fewer than 2 kerbs. Generally each crossing should connect to at least 2 kerbs.
126073719,way,not appliable,not appliable,this crossing intersects fewer than 2 kerbs. Generally each crossing should connect to at least 2 kerbs.
126073727,way,not appliable,not appliable,this crossing intersects fewer than 2 kerbs. Generally each crossing should connect to at least 2 kerbs.
126073734,way,not appliable,not appliable,this crossing intersects fewer than 2 kerbs. Generally each crossing should connect to at least 2 kerbs.
126073737,way,not appliable,not appliable,this crossing intersects fewer than 2 kerbs. Generally each crossing should connect to at least 2 kerbs.
126073739,way,not appliable,not appliable,this crossing intersects fewer than 2 kerbs. Generally each crossing should connect to at least 2 kerbs.
126309987,way,not appliable,not appliable,this crossing intersects fewer than 2 kerbs. Generally each crossing should connect to at least 2 kerbs.
126310029,way,not appliable,not appliable,this crossing intersects fewer than 2 kerbs. Generally each crossing should connect to at least 2 kerbs.
126310056,way,not appliable,not appliable,this crossing intersects fewer than 2 kerbs. Generally each crossing should connect to at least 2 kerbs.
126310060,way,not appliable,not appliable,this crossing intersects fewer than 2 kerbs. Generally each crossing should connect to at least 2 kerbs.
126310061,way,not appliable,not appliable,this crossing intersects fewer than 2 kerbs. Generally each crossing should connect to at least 2 kerbs.
126310062,way,not appliable,not appliable,this crossing intersects fewer than 2 kerbs. Generally each crossing should connect to at least 2 kerbs.
126310063,way,not appliable,not appliable,this crossing intersects fewer than 2 kerbs. Generally each crossing should connect to at least 2 kerbs.
126310064,way,not appliable,not appliable,this crossing intersects fewer than 2 kerbs. Generally each crossing should connect to at least 2 kerbs.
126310065,way,not appliable,not appliable,this crossing intersects fewer than 2 kerbs. Generally each crossing should connect to at least 2 kerbs.
126310067,way,not appliable,not appliable,this crossing intersects fewer than 2 kerbs. Generally each crossing should connect to at least 2 kerbs.
126310068,way,not appliable,not appliable,this crossing intersects fewer than 2 kerbs. Generally each crossing should connect to at least 2 kerbs.
126310069,way,not appliable,not appliable,this crossing intersects fewer than 2 kerbs. Generally each crossing should connect to at least 2 kerbs.
126310071,way,not appliable,not appliable,this crossing intersects fewer than 2 kerbs. Generally each crossing should connect to at least 2 kerbs.
126310074,way,not appliable,not appliable,this crossing intersects fewer than 2 kerbs. Generally each crossing should connect to at least 2 kerbs.
126310075,way,not appliable,not appliable,this crossing intersects fewer than 2 kerbs. Generally each crossing should connect to at least 2 kerbs.
126310077,way,not appliable,not appliable,this crossing intersects fewer than 2 kerbs. Generally each crossing should connect to at least 2 kerbs.
126310078,way,not appliable,not appliable,this crossing intersects fewer than 2 kerbs. Generally each crossing should connect to at least 2 kerbs.
126310079,way,not appliable,not appliable,this crossing intersects fewer than 2 kerbs. Generally each crossing should connect to at least 2 kerbs.
126310080,way,not appliable,not appliable,this crossing intersects fewer than 2 kerbs. Generally each crossing should connect to at least 2 kerbs.
126310081,way,not appliable,not appliable,this crossing intersects fewer than 2 kerbs. Generally each crossing should connect to at least 2 kerbs.
126310082,way,not appliable,not appliable,this crossing intersects fewer than 2 kerbs. Generally each crossing should connect to at least 2 kerbs.
126310083,way,not appliable,not appliable,this crossing intersects fewer than 2 kerbs. Generally each crossing should connect to at least 2 kerbs.
126310084,way,not appliable,not appliable,this crossing intersects fewer than 2 kerbs. Generally each crossing should connect to at least 2 kerbs.
126310086,way,not appliable,not appliable,this crossing intersects fewer than 2 kerbs. Generally each crossing should connect to at least 2 kerbs.
126310087,way,not appliable,not appliable,this crossing intersects fewer than 2 kerbs. Generally each crossing should connect to at least 2 kerbs.
126310088,way,not appliable,not appliable,this crossing intersects fewer than 2 kerbs. Generally each crossing should connect to at least 2 kerbs.
126310089,way,not appliable,not appliable,this crossing intersects fewer than 2 kerbs. Generally each crossing should connect to at least 2 kerbs.
126310090,way,not appliable,not appliable,this crossing intersects fewer than 2 kerbs. Generally each crossing should connect to at least 2 kerbs.
126310091,way,not appliable,not appliable,this crossing intersects fewer than 2 kerbs. Generally each crossing should connect to at least 2 kerbs.
126310092,way,not appliable,not appliable,this crossing intersects fewer than 2 kerbs. Generally each crossing should connect to at least 2 kerbs.
126310094,way,not appliable,not appliable,this crossing intersects fewer than 2 kerbs. Generally each crossing should connect to at least 2 kerbs.
126310095,way,not appliable,not appliable,this crossing intersects fewer than 2 kerbs. Generally each crossing should connect to at least 2 kerbs.
126310097,way,not appliable,not appliable,this crossing intersects fewer than 2 kerbs. Generally each crossing should connect to at least 2 kerbs.
126310100,way,not appliable,not appliable,this crossing intersects fewer than 2 kerbs. Generally each crossing should connect to at least 2 kerbs.
126310101,way,not appliable,not appliable,this crossing intersects fewer than 2 kerbs. Generally each crossing should connect to at least 2 kerbs.
126310102,way,not appliable,not appliable,this crossing intersects fewer than 2 kerbs. Generally each crossing should connect to at least 2 kerbs.
126310103,way,not appliable,not appliable,this crossing intersects fewer than 2 kerbs. Generally each crossing should connect to at least 2 kerbs.
126310105,way,not appliable,not appliable,this crossing intersects fewer than 2 kerbs. Generally each crossing should connect to at least 2 kerbs.
126310106,way,not appliable,not appliable,this crossing intersects fewer than 2 kerbs. Generally each crossing should connect to at least 2 kerbs.
126310107,way,not appliable,not appliable,this crossing intersects fewer than 2 kerbs. Generally each crossing should connect to at least 2 kerbs.
126310108,way,not appliable,not appliable,this crossing intersects fewer than 2 kerbs. Generally each crossing should connect to at least 2 kerbs.
126310109,way,not appliable,not appliable,this crossing intersects fewer than 2 kerbs. Generally each crossing should connect to at least 2 kerbs.
126310110,way,not appliable,not appliable,this crossing intersects fewer than 2 kerbs. Generally each crossing should connect to at least 2 kerbs.
126310111,way,not appliable,not appliable,this crossing intersects fewer than 2 kerbs. Generally each crossing should connect to at least 2 kerbs.
126310112,way,not appliable,not appliable,this crossing intersects fewer than 2 kerbs. Generally each crossing should connect to at least 2 kerbs.
126310113,way,not appliable,not appliable,this crossing intersects fewer than 2 kerbs. Generally each crossing should connect to at least 2 kerbs.
126310114,way,not appliable,not appliable,this crossing intersects fewer than 2 kerbs. Generally each crossing should connect to at least 2 kerbs.
126310115,way,not appliable,not appliable,this crossing intersects fewer than 2 kerbs. Generally each crossing should connect to at least 2 kerbs.
126310116,way,not appliable,not appliable,this crossing intersects fewer than 2 kerbs. Generally each crossing should connect to at least 2 kerbs.
126310117,way,not appliable,not appliable,this crossing intersects fewer than 2 kerbs. Generally each crossing should connect to at least 2 kerbs.
126310118,way,not appliable,not appliable,this crossing intersects fewer than 2 kerbs. Generally each crossing should connect to at least 2 kerbs.
126310120,way,not appliable,not appliable,this crossing intersects fewer than 2 kerbs. Generally each crossing should connect to at least 2 kerbs.
126310121,way,not appliable,not appliable,this crossing intersects fewer than 2 kerbs. Generally each crossing should connect to at least 2 kerbs.
126310123,way,not appliable,not appliable,this crossing intersects fewer than 2 kerbs. Generally each crossing should connect to at least 2 kerbs.
126310124,way,not appliable,not appliable,this crossing intersects fewer than 2 kerbs. Generally each crossing should connect to at least 2 kerbs.
126310125,way,not appliable,not appliable,this crossing intersects fewer than 2 kerbs. Generally each crossing should connect to at least 2 kerbs.
126310126,way,not appliable,not appliable,this crossing intersects fewer than 2 kerbs. Generally each crossing should connect to at least 2 kerbs.
126310128,way,not appliable,not appliable,this crossing intersects fewer than 2 kerbs. Generally each crossing should connect to at least 2 kerbs.
126310131,way,not appliable,not appliable,this crossing intersects fewer than 2 kerbs. Generally each crossing should connect to at least 2 kerbs.
126310132,way,not appliable,not appliable,this crossing intersects fewer than 2 kerbs. Generally each crossing should connect to at least 2 kerbs.
126310134,way,not appliable,not appliable,this crossing intersects fewer than 2 kerbs. Generally each crossing should connect to at least 2 kerbs.
126310135,way,not appliable,not appliable,this crossing intersects fewer than 2 kerbs. Generally each crossing should connect to at least 2 kerbs.
126310136,way,not appliable,not appliable,this crossing intersects fewer than 2 kerbs. Generally each crossing should connect to at least 2 kerbs.
126310137,way,not appliable,not appliable,this crossing intersects fewer than 2 kerbs. Generally each crossing should connect to at least 2 kerbs.
126310138,way,not appliable,not appliable,this crossing intersects fewer than 2 kerbs. Generally each crossing should connect to at least 2 kerbs.
126310139,way,not appliable,not appliable,this crossing intersects fewer than 2 kerbs. Generally each crossing should connect to at least 2 kerbs.
126310140,way,not appliable,not appliable,this crossing intersects fewer than 2 kerbs. Generally each crossing should connect to at least 2 kerbs.
126310141,way,not appliable,not appliable,this crossing intersects fewer than 2 kerbs. Generally each crossing should connect to at least 2 kerbs.
126310142,way,not appliable,not appliable,this crossing intersects fewer than 2 kerbs. Generally each crossing should connect to at least 2 kerbs.
126310143,way,not appliable,not appliable,this crossing intersects fewer than 2 kerbs. Generally each crossing should connect to at least 2 kerbs.
126310144,way,not appliable,not appliable,this crossing intersects fewer than 2 kerbs. Generally each crossing should connect to at least 2 kerbs.
126310145,way,not appliable,not appliable,this crossing intersects fewer than 2 kerbs. Generally each crossing should connect to at least 2 kerbs.
126310146,way,not appliable,not appliable,this crossing intersects fewer than 2 kerbs. Generally each crossing should connect to at least 2 kerbs.
126310149,way,not appliable,not appliable,this crossing intersects fewer than 2 kerbs. Generally each crossing should connect to at least 2 kerbs.
126310150,way,not appliable,not appliable,this crossing intersects fewer than 2 kerbs. Generally each crossing should connect to at least 2 kerbs.
126310152,way,not appliable,not appliable,this crossing intersects fewer than 2 kerbs. Generally each crossing should connect to at least 2 kerbs.
126310153,way,not appliable,not appliable,this crossing intersects fewer than 2 kerbs. Generally each crossing should connect to at least 2 kerbs.
126310156,way,not appliable,not appliable,this crossing intersects fewer than 2 kerbs. Generally each crossing should connect to at least 2 kerbs.
126310158,way,not appliable,not appliable,this crossing intersects fewer than 2 kerbs. Generally each crossing should connect to at least 2 kerbs.
126310159,way,not appliable,not appliable,this crossing intersects fewer than 2 kerbs. Generally each crossing should connect to at least 2 kerbs.
126310160,way,not appliable,not appliable,this crossing intersects fewer than 2 kerbs. Generally each crossing should connect to at least 2 kerbs.
126310164,way,not appliable,not appliable,this crossing intersects fewer than 2 kerbs. Generally each crossing should connect to at least 2 kerbs.
126310165,way,not appliable,not appliable,this crossing intersects fewer than 2 kerbs. Generally each crossing should connect to at least 2 kerbs.
126310172,way,not appliable,not appliable,this crossing intersects fewer than 2 kerbs. Generally each crossing should connect to at least 2 kerbs.
126310189,way,not appliable,not appliable,this crossing intersects fewer than 2 kerbs. Generally each crossing should connect to at least 2 kerbs.
126319925,way,not appliable,not appliable,this crossing intersects fewer than 2 kerbs. Generally each crossing should connect to at least 2 kerbs.
126319926,way,not appliable,not appliable,this crossing intersects fewer than 2 kerbs. Generally each crossing should connect to at least 2 kerbs.
126319928,way,not appliable,not appliable,this crossing intersects fewer than 2 kerbs. Generally each crossing should connect to at least 2 kerbs.
126319931,way,not appliable,not appliable,this crossing intersects fewer than 2 kerbs. Generally each crossing should connect to at least 2 kerbs.
126319934,way,not appliable,not appliable,this crossing intersects fewer than 2 kerbs. Generally each crossing should connect to at least 2 kerbs.
126319936,way,not appliable,not appliable,this crossing intersects fewer than 2 kerbs. Generally each crossing should connect to at least 2 kerbs.
126319939,way,not appliable,not appliable,this crossing intersects fewer than 2 kerbs. Generally each crossing should connect to at least 2 kerbs.
126319940,way,not appliable,not appliable,this crossing intersects fewer than 2 kerbs. Generally each crossing should connect to at least 2 kerbs.
126319941,way,not appliable,not appliable,this crossing intersects fewer than 2 kerbs. Generally each crossing should connect to at least 2 kerbs.
126319944,way,not appliable,not appliable,this crossing intersects fewer than 2 kerbs. Generally each crossing should connect to at least 2 kerbs.
126319945,way,not appliable,not appliable,this crossing intersects fewer than 2 kerbs. Generally each crossing should connect to at least 2 kerbs.
126319947,way,not appliable,not appliable,this crossing intersects fewer than 2 kerbs. Generally each crossing should connect to at least 2 kerbs.
126319949,way,not appliable,not appliable,this crossing intersects fewer than 2 kerbs. Generally each crossing should connect to at least 2 kerbs.
126319953,way,not appliable,not appliable,this crossing intersects fewer than 2 kerbs. Generally each crossing should connect to at least 2 kerbs.
126319955,way,not appliable,not appliable,this crossing intersects fewer than 2 kerbs. Generally each crossing should connect to at least 2 kerbs.
126319957,way,not appliable,not appliable,this crossing intersects fewer than 2 kerbs. Generally each crossing should connect to at least 2 kerbs.
126319960,way,not appliable,not appliable,this crossing intersects fewer than 2 kerbs. Generally each crossing should connect to at least 2 kerbs.
126319961,way,not appliable,not appliable,this crossing intersects fewer than 2 kerbs. Generally each crossing should connect to at least 2 kerbs.
126319967,way,not appliable,not appliable,this crossing intersects fewer than 2 kerbs. Generally each crossing should connect to at least 2 kerbs.
126319969,way,not appliable,not appliable,this crossing intersects fewer than 2 kerbs. Generally each crossing should connect to at least 2 kerbs.
126319971,way,not appliable,not appliable,this crossing intersects fewer than 2 kerbs. Generally each crossing should connect to at least 2 kerbs.
126319973,way,not appliable,not appliable,this crossing intersects fewer than 2 kerbs. Generally each crossing should connect to at least 2 kerbs.
126319974,way,not appliable,not appliable,this crossing intersects fewer than 2 kerbs. Generally each crossing should connect to at least 2 kerbs.
126319978,way,not appliable,not appliable,this crossing intersects fewer than 2 kerbs. Generally each crossing should connect to at least 2 kerbs.
126319979,way,not appliable,not appliable,this crossing intersects fewer than 2 kerbs. Generally each crossing should connect to at least 2 kerbs.
126319980,way,not appliable,not appliable,this crossing intersects fewer than 2 kerbs. Generally each crossing should connect to at least 2 kerbs.
126319988,way,not appliable,not appliable,this crossing intersects fewer than 2 kerbs. Generally each crossing should connect to at least 2 kerbs.
126319996,way,not appliable,not appliable,this crossing intersects fewer than 2 kerbs. Generally each crossing should connect to at least 2 kerbs.
126319997,way,not appliable,not appliable,this crossing intersects fewer than 2 kerbs. Generally each crossing should connect to at least 2 kerbs.
126319999,way,not appliable,not appliable,this crossing intersects fewer than 2 kerbs. Generally each crossing should connect to at least 2 kerbs.
126320003,way,not appliable,not appliable,this crossing intersects fewer than 2 kerbs. Generally each crossing should connect to at least 2 kerbs.
126320007,way,not appliable,not appliable,this crossing intersects fewer than 2 kerbs. Generally each crossing should connect to at least 2 kerbs.
126320011,way,not appliable,not appliable,this crossing intersects fewer than 2 kerbs. Generally each crossing should connect to at least 2 kerbs.
126320016,way,not appliable,not appliable,this crossing intersects fewer than 2 kerbs. Generally each crossing should connect to at least 2 kerbs.
126320022,way,not appliable,not appliable,this crossing intersects fewer than 2 kerbs. Generally each crossing should connect to at least 2 kerbs.
126618253,way,not appliable,not appliable,this crossing intersects fewer than 2 kerbs. Generally each crossing should connect to at least 2 kerbs.
126618255,way,not appliable,not appliable,this crossing intersects fewer than 2 kerbs. Generally each crossing should connect to at least 2 kerbs.
126618256,way,not appliable,not appliable,this crossing intersects fewer than 2 kerbs. Generally each crossing should connect to at least 2 kerbs.
126618257,way,not appliable,not appliable,this crossing intersects fewer than 2 kerbs. Generally each crossing should connect to at least 2 kerbs.
126618259,way,not appliable,not appliable,this crossing intersects fewer than 2 kerbs. Generally each crossing should connect to at least 2 kerbs.
126618261,way,not appliable,not appliable,this crossing intersects fewer than 2 kerbs. Generally each crossing should connect to at least 2 kerbs.
126618262,way,not appliable,not appliable,this crossing intersects fewer than 2 kerbs. Generally each crossing should connect to at least 2 kerbs.
126618265,way,not appliable,not appliable,this crossing intersects fewer than 2 kerbs. Generally each crossing should connect to at least 2 kerbs.
126618266,way,not appliable,not appliable,this crossing intersects fewer than 2 kerbs. Generally each crossing should connect to at least 2 kerbs.
126618267,way,not appliable,not appliable,this crossing intersects fewer than 2 kerbs. Generally each crossing should connect to at least 2 kerbs.
126618269,way,not appliable,not appliable,this crossing intersects fewer than 2 kerbs. Generally each crossing should connect to at least 2 kerbs.
126618271,way,not appliable,not appliable,this crossing intersects fewer than 2 kerbs. Generally each crossing should connect to at least 2 kerbs.
126618273,way,not appliable,not appliable,this crossing intersects fewer than 2 kerbs. Generally each crossing should connect to at least 2 kerbs.
126618274,way,not appliable,not appliable,this crossing intersects fewer than 2 kerbs. Generally each crossing should connect to at least 2 kerbs.
126618275,way,not appliable,not appliable,this crossing intersects fewer than 2 kerbs. Generally each crossing should connect to at least 2 kerbs.
126618279,way,not appliable,not appliable,this crossing intersects fewer than 2 kerbs. Generally each crossing should connect to at least 2 kerbs.
126618280,way,not appliable,not appliable,this crossing intersects fewer than 2 kerbs. Generally each crossing should connect to at least 2 kerbs.
126618282,way,not appliable,not appliable,this crossing intersects fewer than 2 kerbs. Generally each crossing should connect to at least 2 kerbs.
126618285,way,not appliable,not appliable,this crossing intersects fewer than 2 kerbs. Generally each crossing should connect to at least 2 kerbs.
126618288,way,not appliable,not appliable,this crossing intersects fewer than 2 kerbs. Generally each crossing should connect to at least 2 kerbs.
126618290,way,not appliable,not appliable,this crossing intersects fewer than 2 kerbs. Generally each crossing should connect to at least 2 kerbs.
126618292,way,not appliable,not appliable,this crossing intersects fewer than 2 kerbs. Generally each crossing should connect to at least 2 kerbs.
126618293,way,not appliable,not appliable,this crossing intersects fewer than 2 kerbs. Generally each crossing should connect to at least 2 kerbs.
126618296,way,not appliable,not appliable,this crossing intersects fewer than 2 kerbs. Generally each crossing should connect to at least 2 kerbs.
126618297,way,not appliable,not appliable,this crossing intersects fewer than 2 kerbs. Generally each crossing should connect to at least 2 kerbs.
126618299,way,not appliable,not appliable,this crossing intersects fewer than 2 kerbs. Generally each crossing should connect to at least 2 kerbs.
126618300,way,not appliable,not appliable,this crossing intersects fewer than 2 kerbs. Generally each crossing should connect to at least 2 kerbs.
126618303,way,not appliable,not appliable,this crossing intersects fewer than 2 kerbs. Generally each crossing should connect to at least 2 kerbs.
126618304,way,not appliable,not appliable,this crossing intersects fewer than 2 kerbs. Generally each crossing should connect to at least 2 kerbs.
126618309,way,not appliable,not appliable,this crossing intersects fewer than 2 kerbs. Generally each crossing should connect to at least 2 kerbs.
126618313,way,not appliable,not appliable,this crossing intersects fewer than 2 kerbs. Generally each crossing should connect to at least 2 kerbs.
126618314,way,not appliable,not appliable,this crossing intersects fewer than 2 kerbs. Generally each crossing should connect to at least 2 kerbs.
126618316,way,not appliable,not appliable,this crossing intersects fewer than 2 kerbs. Generally each crossing should connect to at least 2 kerbs.
126618318,way,not appliable,not appliable,this crossing intersects fewer than 2 kerbs. Generally each crossing should connect to at least 2 kerbs.
126618321,way,not appliable,not appliable,this crossing intersects fewer than 2 kerbs. Generally each crossing should connect to at least 2 kerbs.
126618322,way,not appliable,not appliable,this crossing intersects fewer than 2 kerbs. Generally each crossing should connect to at least 2 kerbs.
126618329,way,not appliable,not appliable,this crossing intersects fewer than 2 kerbs. Generally each crossing should connect to at least 2 kerbs.
126618330,way,not appliable,not appliable,this crossing intersects fewer than 2 kerbs. Generally each crossing should connect to at least 2 kerbs.
126618332,way,not appliable,not appliable,this crossing intersects fewer than 2 kerbs. Generally each crossing should connect to at least 2 kerbs.
126618333,way,not appliable,not appliable,this crossing intersects fewer than 2 kerbs. Generally each crossing should connect to at least 2 kerbs.
126618335,way,not appliable,not appliable,this crossing intersects fewer than 2 kerbs. Generally each crossing should connect to at least 2 kerbs.
126618340,way,not appliable,not appliable,this crossing intersects fewer than 2 kerbs. Generally each crossing should connect to at least 2 kerbs.
126618347,way,not appliable,not appliable,this crossing intersects fewer than 2 kerbs. Generally each crossing should connect to at least 2 kerbs.
126774639,way,not appliable,not appliable,this crossing intersects fewer than 2 kerbs. Generally each crossing should connect to at least 2 kerbs.
126774640,way,not appliable,not appliable,this crossing intersects fewer than 2 kerbs. Generally each crossing should connect to at least 2 kerbs.
126774643,way,not appliable,not appliable,this crossing intersects fewer than 2 kerbs. Generally each crossing should connect to at least 2 kerbs.
126774644,way,not appliable,not appliable,this crossing intersects fewer than 2 kerbs. Generally each crossing should connect to at least 2 kerbs.
126774645,way,not appliable,not appliable,this crossing intersects fewer than 2 kerbs. Generally each crossing should connect to at least 2 kerbs.
126774646,way,not appliable,not appliable,this crossing intersects fewer than 2 kerbs. Generally each crossing should connect to at least 2 kerbs.
126774647,way,not appliable,not appliable,this crossing intersects fewer than 2 kerbs. Generally each crossing should connect to at least 2 kerbs.
126774648,way,not appliable,not appliable,this crossing intersects fewer than 2 kerbs. Generally each crossing should connect to at least 2 kerbs.
126774649,way,not appliable,not appliable,this crossing intersects fewer than 2 kerbs. Generally each crossing should connect to at least 2 kerbs.
126774651,way,not appliable,not appliable,this crossing intersects fewer than 2 kerbs. Generally each crossing should connect to at least 2 kerbs.
126774652,way,not appliable,not appliable,this crossing intersects fewer than 2 kerbs. Generally each crossing should connect to at least 2 kerbs.
126774653,way,not appliable,not appliable,this crossing intersects fewer than 2 kerbs. Generally each crossing should connect to at least 2 kerbs.
126774655,way,not appliable,not appliable,this crossing intersects fewer than 2 kerbs. Generally each crossing should connect to at least 2 kerbs.
126774657,way,not appliable,not appliable,this crossing intersects fewer than 2 kerbs. Generally each crossing should connect to at least 2 kerbs.
126774658,way,not appliable,not appliable,this crossing intersects fewer than 2 kerbs. Generally each crossing should connect to at least 2 kerbs.
126774659,way,not appliable,not appliable,this crossing intersects fewer than 2 kerbs. Generally each crossing should connect to at least 2 kerbs.
126774660,way,not appliable,not appliable,this crossing intersects fewer than 2 kerbs. Generally each crossing should connect to at least 2 kerbs.
126774661,way,not appliable,not appliable,this crossing intersects fewer than 2 kerbs. Generally each crossing should connect to at least 2 kerbs.
126774662,way,not appliable,not appliable,this crossing intersects fewer than 2 kerbs. Generally each crossing should connect to at least 2 kerbs.
126774663,way,not appliable,not appliable,this crossing intersects fewer than 2 kerbs. Generally each crossing should connect to at least 2 kerbs.
126774664,way,not appliable,not appliable,this crossing intersects fewer than 2 kerbs. Generally each crossing should connect to at least 2 kerbs.
126774666,way,not appliable,not appliable,this crossing intersects fewer than 2 kerbs. Generally each crossing should connect to at least 2 kerbs.
126774667,way,not appliable,not appliable,this crossing intersects fewer than 2 kerbs. Generally each crossing should connect to at least 2 kerbs.
126774668,way,not appliable,not appliable,this crossing intersects fewer than 2 kerbs. Generally each crossing should connect to at least 2 kerbs.
126774669,way,not appliable,not appliable,this crossing intersects fewer than 2 kerbs. Generally each crossing should connect to at least 2 kerbs.
126774670,way,not appliable,not appliable,this crossing intersects fewer than 2 kerbs. Generally each crossing should connect to at least 2 kerbs.
126774671,way,not appliable,not appliable,this crossing intersects fewer than 2 kerbs. Generally each crossing should connect to at least 2 kerbs.
126774672,way,not appliable,not appliable,this crossing intersects fewer than 2 kerbs. Generally each crossing should connect to at least 2 kerbs.
126774674,way,not appliable,not appliable,this crossing intersects fewer than 2 kerbs. Generally each crossing should connect to at least 2 kerbs.
126774675,way,not appliable,not appliable,this crossing intersects fewer than 2 kerbs. Generally each crossing should connect to at least 2 kerbs.
126774676,way,not appliable,not appliable,this crossing intersects fewer than 2 kerbs. Generally each crossing should connect to at least 2 kerbs.
126774677,way,not appliable,not appliable,this crossing intersects fewer than 2 kerbs. Generally each crossing should connect to at least 2 kerbs.
126774678,way,not appliable,not appliable,this crossing intersects fewer than 2 kerbs. Generally each crossing should connect to at least 2 kerbs.
126774679,way,not appliable,not appliable,this crossing intersects fewer than 2 kerbs. Generally each crossing should connect to at least 2 kerbs.
126774680,way,not appliable,not appliable,this crossing intersects fewer than 2 kerbs. Generally each crossing should connect to at least 2 kerbs.
126774681,way,not appliable,not appliable,this crossing intersects fewer than 2 kerbs. Generally each crossing should connect to at least 2 kerbs.
126774682,way,not appliable,not appliable,this crossing intersects fewer than 2 kerbs. Generally each crossing should connect to at least 2 kerbs.
126774683,way,not appliable,not appliable,this crossing intersects fewer than 2 kerbs. Generally each crossing should connect to at least 2 kerbs.
126774684,way,not appliable,not appliable,this crossing intersects fewer than 2 kerbs. Generally each crossing should connect to at least 2 kerbs.
126774686,way,not appliable,not appliable,this crossing intersects fewer than 2 kerbs. Generally each crossing should connect to at least 2 kerbs.
126774687,way,not appliable,not appliable,this crossing intersects fewer than 2 kerbs. Generally each crossing should connect to at least 2 kerbs.
126774688,way,not appliable,not appliable,this crossing intersects fewer than 2 kerbs. Generally each crossing should connect to at least 2 kerbs.
126774689,way,not appliable,not appliable,this crossing intersects fewer than 2 kerbs. Generally each crossing should connect to at least 2 kerbs.
126774690,way,not appliable,not appliable,this crossing intersects fewer than 2 kerbs. Generally each crossing should connect to at least 2 kerbs.
126774691,way,not appliable,not appliable,this crossing intersects fewer than 2 kerbs. Generally each crossing should connect to at least 2 kerbs.
126774692,way,not appliable,not appliable,this crossing intersects fewer than 2 kerbs. Generally each crossing should connect to at least 2 kerbs.
126774694,way,not appliable,not appliable,this crossing intersects fewer than 2 kerbs. Generally each crossing should connect to at least 2 kerbs.
126774696,way,not appliable,not appliable,this crossing intersects fewer than 2 kerbs. Generally each crossing should connect to at least 2 kerbs.
126774698,way,not appliable,not appliable,this crossing intersects fewer than 2 kerbs. Generally each crossing should connect to at least 2 kerbs.
126774699,way,not appliable,not appliable,this crossing intersects fewer than 2 kerbs. Generally each crossing should connect to at least 2 kerbs.
126774703,way,not appliable,not appliable,this crossing intersects fewer than 2 kerbs. Generally each crossing should connect to at least 2 kerbs.
126774704,way,not appliable,not appliable,this crossing intersects fewer than 2 kerbs. Generally each crossing should connect to at least 2 kerbs.
126774705,way,not appliable,not appliable,this crossing intersects fewer than 2 kerbs. Generally each crossing should connect to at least 2 kerbs.
126774706,way,not appliable,not appliable,this crossing intersects fewer than 2 kerbs. Generally each crossing should connect to at least 2 kerbs.
126774707,way,not appliable,not appliable,this crossing intersects fewer than 2 kerbs. Generally each crossing should connect to at least 2 kerbs.
126774709,way,not appliable,not appliable,this crossing intersects fewer than 2 kerbs. Generally each crossing should connect to at least 2 kerbs.
126774710,way,not appliable,not appliable,this crossing intersects fewer than 2 kerbs. Generally each crossing should connect to at least 2 kerbs.
126774711,way,not appliable,not appliable,this crossing intersects fewer than 2 kerbs. Generally each crossing should connect to at least 2 kerbs.
126774713,way,not appliable,not appliable,this crossing intersects fewer than 2 kerbs. Generally each crossing should connect to at least 2 kerbs.
126774714,way,not appliable,not appliable,this crossing intersects fewer than 2 kerbs. Generally each crossing should connect to at least 2 kerbs.
126774716,way,not appliable,not appliable,this crossing intersects fewer than 2 kerbs. Generally each crossing should connect to at least 2 kerbs.
126774717,way,not appliable,not appliable,this crossing intersects fewer than 2 kerbs. Generally each crossing should connect to at least 2 kerbs.
126774718,way,not appliable,not appliable,this crossing intersects fewer than 2 kerbs. Generally each crossing should connect to at least 2 kerbs.
126774719,way,not appliable,not appliable,this crossing intersects fewer than 2 kerbs. Generally each crossing should connect to at least 2 kerbs.
126774720,way,not appliable,not appliable,this crossing intersects fewer than 2 kerbs. Generally each crossing should connect to at least 2 kerbs.
126774721,way,not appliable,not appliable,this crossing intersects fewer than 2 kerbs. Generally each crossing should connect to at least 2 kerbs.
126774722,way,not appliable,not appliable,this crossing intersects fewer than 2 kerbs. Generally each crossing should connect to at least 2 kerbs.
126774723,way,not appliable,not appliable,this crossing intersects fewer than 2 kerbs. Generally each crossing should connect to at least 2 kerbs.
126774724,way,not appliable,not appliable,this crossing intersects fewer than 2 kerbs. Generally each crossing should connect to at least 2 kerbs.
126774726,way,not appliable,not appliable,this crossing intersects fewer than 2 kerbs. Generally each crossing should connect to at least 2 kerbs.
126774727,way,not appliable,not appliable,this crossing intersects fewer than 2 kerbs. Generally each crossing should connect to at least 2 kerbs.
126774728,way,not appliable,not appliable,this crossing intersects fewer than 2 kerbs. Generally each crossing should connect to at least 2 kerbs.
126774729,way,not appliable,not appliable,this crossing intersects fewer than 2 kerbs. Generally each crossing should connect to at least 2 kerbs.
126774730,way,not appliable,not appliable,this crossing intersects fewer than 2 kerbs. Generally each crossing should connect to at least 2 kerbs.
126774735,way,not appliable,not appliable,this crossing intersects fewer than 2 kerbs. Generally each crossing should connect to at least 2 kerbs.
126774738,way,not appliable,not appliable,this crossing intersects fewer than 2 kerbs. Generally each crossing should connect to at least 2 kerbs.
126774741,way,not appliable,not appliable,this crossing intersects fewer than 2 kerbs. Generally each crossing should connect to at least 2 kerbs.
126774742,way,not appliable,not appliable,this crossing intersects fewer than 2 kerbs. Generally each crossing should connect to at least 2 kerbs.
126774743,way,not appliable,not appliable,this crossing intersects fewer than 2 kerbs. Generally each crossing should connect to at least 2 kerbs.
126774748,way,not appliable,not appliable,this crossing intersects fewer than 2 kerbs. Generally each crossing should connect to at least 2 kerbs.
126867907,way,not appliable,not appliable,this crossing intersects fewer than 2 kerbs. Generally each crossing should connect to at least 2 kerbs.
126867908,way,not appliable,not appliable,this crossing intersects fewer than 2 kerbs. Generally each crossing should connect to at least 2 kerbs.
126867909,way,not appliable,not appliable,this crossing intersects fewer than 2 kerbs. Generally each crossing should connect to at least 2 kerbs.
126867910,way,not appliable,not appliable,this crossing intersects fewer than 2 kerbs. Generally each crossing should connect to at least 2 kerbs.
126867911,way,not appliable,not appliable,this crossing intersects fewer than 2 kerbs. Generally each crossing should connect to at least 2 kerbs.
126867912,way,not appliable,not appliable,this crossing intersects fewer than 2 kerbs. Generally each crossing should connect to at least 2 kerbs.
126867913,way,not appliable,not appliable,this crossing intersects fewer than 2 kerbs. Generally each crossing should connect to at least 2 kerbs.
126867914,way,not appliable,not appliable,this crossing intersects fewer than 2 kerbs. Generally each crossing should connect to at least 2 kerbs.
126867916,way,not appliable,not appliable,this crossing intersects fewer than 2 kerbs. Generally each crossing should connect to at least 2 kerbs.
126867917,way,not appliable,not appliable,this crossing intersects fewer than 2 kerbs. Generally each crossing should connect to at least 2 kerbs.
126867918,way,not appliable,not appliable,this crossing intersects fewer than 2 kerbs. Generally each crossing should connect to at least 2 kerbs.
126867919,way,not appliable,not appliable,this crossing intersects fewer than 2 kerbs. Generally each crossing should connect to at least 2 kerbs.
126867921,way,not appliable,not appliable,this crossing intersects fewer than 2 kerbs. Generally each crossing should connect to at least 2 kerbs.
126867923,way,not appliable,not appliable,this crossing intersects fewer than 2 kerbs. Generally each crossing should connect to at least 2 kerbs.
126867926,way,not appliable,not appliable,this crossing intersects fewer than 2 kerbs. Generally each crossing should connect to at least 2 kerbs.
126867927,way,not appliable,not appliable,this crossing intersects fewer than 2 kerbs. Generally each crossing should connect to at least 2 kerbs.
126867928,way,not appliable,not appliable,this crossing intersects fewer than 2 kerbs. Generally each crossing should connect to at least 2 kerbs.
126867929,way,not appliable,not appliable,this crossing intersects fewer than 2 kerbs. Generally each crossing should connect to at least 2 kerbs.
126867930,way,not appliable,not appliable,this crossing intersects fewer than 2 kerbs. Generally each crossing should connect to at least 2 kerbs.
126867931,way,not appliable,not appliable,this crossing intersects fewer than 2 kerbs. Generally each crossing should connect to at least 2 kerbs.
126867936,way,not appliable,not appliable,this crossing intersects fewer than 2 kerbs. Generally each crossing should connect to at least 2 kerbs.
126867941,way,not appliable,not appliable,this crossing intersects fewer than 2 kerbs. Generally each crossing should connect to at least 2 kerbs.
127018702,way,not appliable,not appliable,this crossing intersects fewer than 2 kerbs. Generally each crossing should connect to at least 2 kerbs.
127018704,way,not appliable,not appliable,this crossing intersects fewer than 2 kerbs. Generally each crossing should connect to at least 2 kerbs.
127018705,way,not appliable,not appliable,this crossing intersects fewer than 2 kerbs. Generally each crossing should connect to at least 2 kerbs.
127018707,way,not appliable,not appliable,this crossing intersects fewer than 2 kerbs. Generally each crossing should connect to at least 2 kerbs.
127018708,way,not appliable,not appliable,this crossing intersects fewer than 2 kerbs. Generally each crossing should connect to at least 2 kerbs.
127018709,way,not appliable,not appliable,this crossing intersects fewer than 2 kerbs. Generally each crossing should connect to at least 2 kerbs.
127018710,way,not appliable,not appliable,this crossing intersects fewer than 2 kerbs. Generally each crossing should connect to at least 2 kerbs.
127018711,way,not appliable,not appliable,this crossing intersects fewer than 2 kerbs. Generally each crossing should connect to at least 2 kerbs.
127018712,way,not appliable,not appliable,this crossing intersects fewer than 2 kerbs. Generally each crossing should connect to at least 2 kerbs.
127018713,way,not appliable,not appliable,this crossing intersects fewer than 2 kerbs. Generally each crossing should connect to at least 2 kerbs.
127018715,way,not appliable,not appliable,this crossing intersects fewer than 2 kerbs. Generally each crossing should connect to at least 2 kerbs.
127018716,way,not appliable,not appliable,this crossing intersects fewer than 2 kerbs. Generally each crossing should connect to at least 2 kerbs.
127018717,way,not appliable,not appliable,this crossing intersects fewer than 2 kerbs. Generally each crossing should connect to at least 2 kerbs.
127018718,way,not appliable,not appliable,this crossing intersects fewer than 2 kerbs. Generally each crossing should connect to at least 2 kerbs.
127018719,way,not appliable,not appliable,this crossing intersects fewer than 2 kerbs. Generally each crossing should connect to at least 2 kerbs.
127018721,way,not appliable,not appliable,this crossing intersects fewer than 2 kerbs. Generally each crossing should connect to at least 2 kerbs.
127018722,way,not appliable,not appliable,this crossing intersects fewer than 2 kerbs. Generally each crossing should connect to at least 2 kerbs.
127018723,way,not appliable,not appliable,this crossing intersects fewer than 2 kerbs. Generally each crossing should connect to at least 2 kerbs.
127018724,way,not appliable,not appliable,this crossing intersects fewer than 2 kerbs. Generally each crossing should connect to at least 2 kerbs.
127018725,way,not appliable,not appliable,this crossing intersects fewer than 2 kerbs. Generally each crossing should connect to at least 2 kerbs.
127018726,way,not appliable,not appliable,this crossing intersects fewer than 2 kerbs. Generally each crossing should connect to at least 2 kerbs.
127018727,way,not appliable,not appliable,this crossing intersects fewer than 2 kerbs. Generally each crossing should connect to at least 2 kerbs.
127018728,way,not appliable,not appliable,this crossing intersects fewer than 2 kerbs. Generally each crossing should connect to at least 2 kerbs.
127018729,way,not appliable,not appliable,this crossing intersects fewer than 2 kerbs. Generally each crossing should connect to at least 2 kerbs.
127018730,way,not appliable,not appliable,this crossing intersects fewer than 2 kerbs. Generally each crossing should connect to at least 2 kerbs.
127018731,way,not appliable,not appliable,this crossing intersects fewer than 2 kerbs. Generally each crossing should connect to at least 2 kerbs.
127018735,way,not appliable,not appliable,this crossing intersects fewer than 2 kerbs. Generally each crossing should connect to at least 2 kerbs.
127018736,way,not appliable,not appliable,this crossing intersects fewer than 2 kerbs. Generally each crossing should connect to at least 2 kerbs.
127018738,way,not appliable,not appliable,this crossing intersects fewer than 2 kerbs. Generally each crossing should connect to at least 2 kerbs.
127018740,way,not appliable,not appliable,this crossing intersects fewer than 2 kerbs. Generally each crossing should connect to at least 2 kerbs.
127018741,way,not appliable,not appliable,this crossing intersects fewer than 2 kerbs. Generally each crossing should connect to at least 2 kerbs.
127018743,way,not appliable,not appliable,this crossing intersects fewer than 2 kerbs. Generally each crossing should connect to at least 2 kerbs.
127018744,way,not appliable,not appliable,this crossing intersects fewer than 2 kerbs. Generally each crossing should connect to at least 2 kerbs.
127018745,way,not appliable,not appliable,this crossing intersects fewer than 2 kerbs. Generally each crossing should connect to at least 2 kerbs.
127018746,way,not appliable,not appliable,this crossing intersects fewer than 2 kerbs. Generally each crossing should connect to at least 2 kerbs.
127018748,way,not appliable,not appliable,this crossing intersects fewer than 2 kerbs. Generally each crossing should connect to at least 2 kerbs.
127018750,way,not appliable,not appliable,this crossing intersects fewer than 2 kerbs. Generally each crossing should connect to at least 2 kerbs.
127018751,way,not appliable,not appliable,this crossing intersects fewer than 2 kerbs. Generally each crossing should connect to at least 2 kerbs.
127018752,way,not appliable,not appliable,this crossing intersects fewer than 2 kerbs. Generally each crossing should connect to at least 2 kerbs.
127018753,way,not appliable,not appliable,this crossing intersects fewer than 2 kerbs. Generally each crossing should connect to at least 2 kerbs.
127018754,way,not appliable,not appliable,this crossing intersects fewer than 2 kerbs. Generally each crossing should connect to at least 2 kerbs.
127018756,way,not appliable,not appliable,this crossing intersects fewer than 2 kerbs. Generally each crossing should connect to at least 2 kerbs.
127018758,way,not appliable,not appliable,this crossing intersects fewer than 2 kerbs. Generally each crossing should connect to at least 2 kerbs.
127018759,way,not appliable,not appliable,this crossing intersects fewer than 2 kerbs. Generally each crossing should connect to at least 2 kerbs.
127018762,way,not appliable,not appliable,this crossing intersects fewer than 2 kerbs. Generally each crossing should connect to at least 2 kerbs.
127018763,way,not appliable,not appliable,this crossing intersects fewer than 2 kerbs. Generally each crossing should connect to at least 2 kerbs.
127018764,way,not appliable,not appliable,this crossing intersects fewer than 2 kerbs. Generally each crossing should connect to at least 2 kerbs.
127018765,way,not appliable,not appliable,this crossing intersects fewer than 2 kerbs. Generally each crossing should connect to at least 2 kerbs.
127018766,way,not appliable,not appliable,this crossing intersects fewer than 2 kerbs. Generally each crossing should connect to at least 2 kerbs.
127018767,way,not appliable,not appliable,this crossing intersects fewer than 2 kerbs. Generally each crossing should connect to at least 2 kerbs.
127018768,way,not appliable,not appliable,this crossing intersects fewer than 2 kerbs. Generally each crossing should connect to at least 2 kerbs.
127018769,way,not appliable,not appliable,this crossing intersects fewer than 2 kerbs. Generally each crossing should connect to at least 2 kerbs.
127018770,way,not appliable,not appliable,this crossing intersects fewer than 2 kerbs. Generally each crossing should connect to at least 2 kerbs.
127018771,way,not appliable,not appliable,this crossing intersects fewer than 2 kerbs. Generally each crossing should connect to at least 2 kerbs.
127018772,way,not appliable,not appliable,this crossing intersects fewer than 2 kerbs. Generally each crossing should connect to at least 2 kerbs.
127018774,way,not appliable,not appliable,this crossing intersects fewer than 2 kerbs. Generally each crossing should connect to at least 2 kerbs.
127018776,way,not appliable,not appliable,this crossing intersects fewer than 2 kerbs. Generally each crossing should connect to at least 2 kerbs.
127018777,way,not appliable,not appliable,this crossing intersects fewer than 2 kerbs. Generally each crossing should connect to at least 2 kerbs.
127018779,way,not appliable,not appliable,this crossing intersects fewer than 2 kerbs. Generally each crossing should connect to at least 2 kerbs.
127018780,way,not appliable,not appliable,this crossing intersects fewer than 2 kerbs. Generally each crossing should connect to at least 2 kerbs.
127018781,way,not appliable,not appliable,this crossing intersects fewer than 2 kerbs. Generally each crossing should connect to at least 2 kerbs.
127018783,way,not appliable,not appliable,this crossing intersects fewer than 2 kerbs. Generally each crossing should connect to at least 2 kerbs.
127018788,way,not appliable,not appliable,this crossing intersects fewer than 2 kerbs. Generally each crossing should connect to at least 2 kerbs.
127018789,way,not appliable,not appliable,this crossing intersects fewer than 2 kerbs. Generally each crossing should connect to at least 2 kerbs.
127018791,way,not appliable,not appliable,this crossing intersects fewer than 2 kerbs. Generally each crossing should connect to at least 2 kerbs.
127018795,way,not appliable,not appliable,this crossing intersects fewer than 2 kerbs. Generally each crossing should connect to at least 2 kerbs.
127018797,way,not appliable,not appliable,this crossing intersects fewer than 2 kerbs. Generally each crossing should connect to at least 2 kerbs.
127018800,way,not appliable,not appliable,this crossing intersects fewer than 2 kerbs. Generally each crossing should connect to at least 2 kerbs.
127018801,way,not appliable,not appliable,this crossing intersects fewer than 2 kerbs. Generally each crossing should connect to at least 2 kerbs.
127018805,way,not appliable,not appliable,this crossing intersects fewer than 2 kerbs. Generally each crossing should connect to at least 2 kerbs.
127018806,way,not appliable,not appliable,this crossing intersects fewer than 2 kerbs. Generally each crossing should connect to at least 2 kerbs.
127018808,way,not appliable,not appliable,this crossing intersects fewer than 2 kerbs. Generally each crossing should connect to at least 2 kerbs.
127018810,way,not appliable,not appliable,this crossing intersects fewer than 2 kerbs. Generally each crossing should connect to at least 2 kerbs.
127018811,way,not appliable,not appliable,this crossing intersects fewer than 2 kerbs. Generally each crossing should connect to at least 2 kerbs.
127018813,way,not appliable,not appliable,this crossing intersects fewer than 2 kerbs. Generally each crossing should connect to at least 2 kerbs.
127018822,way,not appliable,not appliable,this crossing intersects fewer than 2 kerbs. Generally each crossing should connect to at least 2 kerbs.
127190294,way,not appliable,not appliable,this crossing intersects fewer than 2 kerbs. Generally each crossing should connect to at least 2 kerbs.
127190299,way,not appliable,not appliable,this crossing intersects fewer than 2 kerbs. Generally each crossing should connect to at least 2 kerbs.
127190300,way,not appliable,not appliable,this crossing intersects fewer than 2 kerbs. Generally each crossing should connect to at least 2 kerbs.
127190301,way,not appliable,not appliable,this crossing intersects fewer than 2 kerbs. Generally each crossing should connect to at least 2 kerbs.
127190306,way,not appliable,not appliable,this crossing intersects fewer than 2 kerbs. Generally each crossing should connect to at least 2 kerbs.
127190307,way,not appliable,not appliable,this crossing intersects fewer than 2 kerbs. Generally each crossing should connect to at least 2 kerbs.
127190310,way,not appliable,not appliable,this crossing intersects fewer than 2 kerbs. Generally each crossing should connect to at least 2 kerbs.
127190313,way,not appliable,not appliable,this crossing intersects fewer than 2 kerbs. Generally each crossing should connect to at least 2 kerbs.
127190317,way,not appliable,not appliable,this crossing intersects fewer than 2 kerbs. Generally each crossing should connect to at least 2 kerbs.
127190318,way,not appliable,not appliable,this crossing intersects fewer than 2 kerbs. Generally each crossing should connect to at least 2 kerbs.
127190325,way,not appliable,not appliable,this crossing intersects fewer than 2 kerbs. Generally each crossing should connect to at least 2 kerbs.
127190326,way,not appliable,not appliable,this crossing intersects fewer than 2 kerbs. Generally each crossing should connect to at least 2 kerbs.
127190328,way,not appliable,not appliable,this crossing intersects fewer than 2 kerbs. Generally each crossing should connect to at least 2 kerbs.
127190330,way,not appliable,not appliable,this crossing intersects fewer than 2 kerbs. Generally each crossing should connect to at least 2 kerbs.
127190331,way,not appliable,not appliable,this crossing intersects fewer than 2 kerbs. Generally each crossing should connect to at least 2 kerbs.
127190333,way,not appliable,not appliable,this crossing intersects fewer than 2 kerbs. Generally each crossing should connect to at least 2 kerbs.
127190335,way,not appliable,not appliable,this crossing intersects fewer than 2 kerbs. Generally each crossing should connect to at least 2 kerbs.
127190336,way,not appliable,not appliable,this crossing intersects fewer than 2 kerbs. Generally each crossing should connect to at least 2 kerbs.
127190340,way,not appliable,not appliable,this crossing intersects fewer than 2 kerbs. Generally each crossing should connect to at least 2 kerbs.
127190343,way,not appliable,not appliable,this crossing intersects fewer than 2 kerbs. Generally each crossing should connect to at least 2 kerbs.
127190344,way,not appliable,not appliable,this crossing intersects fewer than 2 kerbs. Generally each crossing should connect to at least 2 kerbs.
127190345,way,not appliable,not appliable,this crossing intersects fewer than 2 kerbs. Generally each crossing should connect to at least 2 kerbs.
127330235,way,not appliable,not appliable,this crossing intersects fewer than 2 kerbs. Generally each crossing should connect to at least 2 kerbs.
127330274,way,not appliable,not appliable,this crossing intersects fewer than 2 kerbs. Generally each crossing should connect to at least 2 kerbs.
127330298,way,not appliable,not appliable,this crossing intersects fewer than 2 kerbs. Generally each crossing should connect to at least 2 kerbs.
127330299,way,not appliable,not appliable,this crossing intersects fewer than 2 kerbs. Generally each crossing should connect to at least 2 kerbs.
127330301,way,not appliable,not appliable,this crossing intersects fewer than 2 kerbs. Generally each crossing should connect to at least 2 kerbs.
127330304,way,not appliable,not appliable,this crossing intersects fewer than 2 kerbs. Generally each crossing should connect to at least 2 kerbs.
127330305,way,not appliable,not appliable,this crossing intersects fewer than 2 kerbs. Generally each crossing should connect to at least 2 kerbs.
127330306,way,not appliable,not appliable,this crossing intersects fewer than 2 kerbs. Generally each crossing should connect to at least 2 kerbs.
127330308,way,not appliable,not appliable,this crossing intersects fewer than 2 kerbs. Generally each crossing should connect to at least 2 kerbs.
127330309,way,not appliable,not appliable,this crossing intersects fewer than 2 kerbs. Generally each crossing should connect to at least 2 kerbs.
127330310,way,not appliable,not appliable,this crossing intersects fewer than 2 kerbs. Generally each crossing should connect to at least 2 kerbs.
127330312,way,not appliable,not appliable,this crossing intersects fewer than 2 kerbs. Generally each crossing should connect to at least 2 kerbs.
127330313,way,not appliable,not appliable,this crossing intersects fewer than 2 kerbs. Generally each crossing should connect to at least 2 kerbs.
127330314,way,not appliable,not appliable,this crossing intersects fewer than 2 kerbs. Generally each crossing should connect to at least 2 kerbs.
127330315,way,not appliable,not appliable,this crossing intersects fewer than 2 kerbs. Generally each crossing should connect to at least 2 kerbs.
127330316,way,not appliable,not appliable,this crossing intersects fewer than 2 kerbs. Generally each crossing should connect to at least 2 kerbs.
127330317,way,not appliable,not appliable,this crossing intersects fewer than 2 kerbs. Generally each crossing should connect to at least 2 kerbs.
127330318,way,not appliable,not appliable,this crossing intersects fewer than 2 kerbs. Generally each crossing should connect to at least 2 kerbs.
127330319,way,not appliable,not appliable,this crossing intersects fewer than 2 kerbs. Generally each crossing should connect to at least 2 kerbs.
127330320,way,not appliable,not appliable,this crossing intersects fewer than 2 kerbs. Generally each crossing should connect to at least 2 kerbs.
127330321,way,not appliable,not appliable,this crossing intersects fewer than 2 kerbs. Generally each crossing should connect to at least 2 kerbs.
127330322,way,not appliable,not appliable,this crossing intersects fewer than 2 kerbs. Generally each crossing should connect to at least 2 kerbs.
127330323,way,not appliable,not appliable,this crossing intersects fewer than 2 kerbs. Generally each crossing should connect to at least 2 kerbs.
127330324,way,not appliable,not appliable,this crossing intersects fewer than 2 kerbs. Generally each crossing should connect to at least 2 kerbs.
127330325,way,not appliable,not appliable,this crossing intersects fewer than 2 kerbs. Generally each crossing should connect to at least 2 kerbs.
127330326,way,not appliable,not appliable,this crossing intersects fewer than 2 kerbs. Generally each crossing should connect to at least 2 kerbs.
127330328,way,not appliable,not appliable,this crossing intersects fewer than 2 kerbs. Generally each crossing should connect to at least 2 kerbs.
127330329,way,not appliable,not appliable,this crossing intersects fewer than 2 kerbs. Generally each crossing should connect to at least 2 kerbs.
127330330,way,not appliable,not appliable,this crossing intersects fewer than 2 kerbs. Generally each crossing should connect to at least 2 kerbs.
127330331,way,not appliable,not appliable,this crossing intersects fewer than 2 kerbs. Generally each crossing should connect to at least 2 kerbs.
127330332,way,not appliable,not appliable,this crossing intersects fewer than 2 kerbs. Generally each crossing should connect to at least 2 kerbs.
127330333,way,not appliable,not appliable,this crossing intersects fewer than 2 kerbs. Generally each crossing should connect to at least 2 kerbs.
127330334,way,not appliable,not appliable,this crossing intersects fewer than 2 kerbs. Generally each crossing should connect to at least 2 kerbs.
127330335,way,not appliable,not appliable,this crossing intersects fewer than 2 kerbs. Generally each crossing should connect to at least 2 kerbs.
127330336,way,not appliable,not appliable,this crossing intersects fewer than 2 kerbs. Generally each crossing should connect to at least 2 kerbs.
127330338,way,not appliable,not appliable,this crossing intersects fewer than 2 kerbs. Generally each crossing should connect to at least 2 kerbs.
127330339,way,not appliable,not appliable,this crossing intersects fewer than 2 kerbs. Generally each crossing should connect to at least 2 kerbs.
127330340,way,not appliable,not appliable,this crossing intersects fewer than 2 kerbs. Generally each crossing should connect to at least 2 kerbs.
127330341,way,not appliable,not appliable,this crossing intersects fewer than 2 kerbs. Generally each crossing should connect to at least 2 kerbs.
127330344,way,not appliable,not appliable,this crossing intersects fewer than 2 kerbs. Generally each crossing should connect to at least 2 kerbs.
127330345,way,not appliable,not appliable,this crossing intersects fewer than 2 kerbs. Generally each crossing should connect to at least 2 kerbs.
127330346,way,not appliable,not appliable,this crossing intersects fewer than 2 kerbs. Generally each crossing should connect to at least 2 kerbs.
127330347,way,not appliable,not appliable,this crossing intersects fewer than 2 kerbs. Generally each crossing should connect to at least 2 kerbs.
127330348,way,not appliable,not appliable,this crossing intersects fewer than 2 kerbs. Generally each crossing should connect to at least 2 kerbs.
127330349,way,not appliable,not appliable,this crossing intersects fewer than 2 kerbs. Generally each crossing should connect to at least 2 kerbs.
127330353,way,not appliable,not appliable,this crossing intersects fewer than 2 kerbs. Generally each crossing should connect to at least 2 kerbs.
127330356,way,not appliable,not appliable,this crossing intersects fewer than 2 kerbs. Generally each crossing should connect to at least 2 kerbs.
127330357,way,not appliable,not appliable,this crossing intersects fewer than 2 kerbs. Generally each crossing should connect to at least 2 kerbs.
127330359,way,not appliable,not appliable,this crossing intersects fewer than 2 kerbs. Generally each crossing should connect to at least 2 kerbs.
127330360,way,not appliable,not appliable,this crossing intersects fewer than 2 kerbs. Generally each crossing should connect to at least 2 kerbs.
127330361,way,not appliable,not appliable,this crossing intersects fewer than 2 kerbs. Generally each crossing should connect to at least 2 kerbs.
127330362,way,not appliable,not appliable,this crossing intersects fewer than 2 kerbs. Generally each crossing should connect to at least 2 kerbs.
127330364,way,not appliable,not appliable,this crossing intersects fewer than 2 kerbs. Generally each crossing should connect to at least 2 kerbs.
127330365,way,not appliable,not appliable,this crossing intersects fewer than 2 kerbs. Generally each crossing should connect to at least 2 kerbs.
127330367,way,not appliable,not appliable,this crossing intersects fewer than 2 kerbs. Generally each crossing should connect to at least 2 kerbs.
128008625,way,not appliable,not appliable,this crossing intersects fewer than 2 kerbs. Generally each crossing should connect to at least 2 kerbs.
128008631,way,not appliable,not appliable,this crossing intersects fewer than 2 kerbs. Generally each crossing should connect to at least 2 kerbs.
128008644,way,not appliable,not appliable,this crossing intersects fewer than 2 kerbs. Generally each crossing should connect to at least 2 kerbs.
128008647,way,not appliable,not appliable,this crossing intersects fewer than 2 kerbs. Generally each crossing should connect to at least 2 kerbs.
128008648,way,not appliable,not appliable,this crossing intersects fewer than 2 kerbs. Generally each crossing should connect to at least 2 kerbs.
128008649,way,not appliable,not appliable,this crossing intersects fewer than 2 kerbs. Generally each crossing should connect to at least 2 kerbs.
128008651,way,not appliable,not appliable,this crossing intersects fewer than 2 kerbs. Generally each crossing should connect to at least 2 kerbs.
128008653,way,not appliable,not appliable,this crossing intersects fewer than 2 kerbs. Generally each crossing should connect to at least 2 kerbs.
128008654,way,not appliable,not appliable,this crossing intersects fewer than 2 kerbs. Generally each crossing should connect to at least 2 kerbs.
128008655,way,not appliable,not appliable,this crossing intersects fewer than 2 kerbs. Generally each crossing should connect to at least 2 kerbs.
128008656,way,not appliable,not appliable,this crossing intersects fewer than 2 kerbs. Generally each crossing should connect to at least 2 kerbs.
128008657,way,not appliable,not appliable,this crossing intersects fewer than 2 kerbs. Generally each crossing should connect to at least 2 kerbs.
128008659,way,not appliable,not appliable,this crossing intersects fewer than 2 kerbs. Generally each crossing should connect to at least 2 kerbs.
128008662,way,not appliable,not appliable,this crossing intersects fewer than 2 kerbs. Generally each crossing should connect to at least 2 kerbs.
128008663,way,not appliable,not appliable,this crossing intersects fewer than 2 kerbs. Generally each crossing should connect to at least 2 kerbs.
128008667,way,not appliable,not appliable,this crossing intersects fewer than 2 kerbs. Generally each crossing should connect to at least 2 kerbs.
128008670,way,not appliable,not appliable,this crossing intersects fewer than 2 kerbs. Generally each crossing should connect to at least 2 kerbs.
128008671,way,not appliable,not appliable,this crossing intersects fewer than 2 kerbs. Generally each crossing should connect to at least 2 kerbs.
128008672,way,not appliable,not appliable,this crossing intersects fewer than 2 kerbs. Generally each crossing should connect to at least 2 kerbs.
128008673,way,not appliable,not appliable,this crossing intersects fewer than 2 kerbs. Generally each crossing should connect to at least 2 kerbs.
128008674,way,not appliable,not appliable,this crossing intersects fewer than 2 kerbs. Generally each crossing should connect to at least 2 kerbs.
128008675,way,not appliable,not appliable,this crossing intersects fewer than 2 kerbs. Generally each crossing should connect to at least 2 kerbs.
128008676,way,not appliable,not appliable,this crossing intersects fewer than 2 kerbs. Generally each crossing should connect to at least 2 kerbs.
128008678,way,not appliable,not appliable,this crossing intersects fewer than 2 kerbs. Generally each crossing should connect to at least 2 kerbs.
128008679,way,not appliable,not appliable,this crossing intersects fewer than 2 kerbs. Generally each crossing should connect to at least 2 kerbs.
128008680,way,not appliable,not appliable,this crossing intersects fewer than 2 kerbs. Generally each crossing should connect to at least 2 kerbs.
128008681,way,not appliable,not appliable,this crossing intersects fewer than 2 kerbs. Generally each crossing should connect to at least 2 kerbs.
128008682,way,not appliable,not appliable,this crossing intersects fewer than 2 kerbs. Generally each crossing should connect to at least 2 kerbs.
128008683,way,not appliable,not appliable,this crossing intersects fewer than 2 kerbs. Generally each crossing should connect to at least 2 kerbs.
128008684,way,not appliable,not appliable,this crossing intersects fewer than 2 kerbs. Generally each crossing should connect to at least 2 kerbs.
128008685,way,not appliable,not appliable,this crossing intersects fewer than 2 kerbs. Generally each crossing should connect to at least 2 kerbs.
128008686,way,not appliable,not appliable,this crossing intersects fewer than 2 kerbs. Generally each crossing should connect to at least 2 kerbs.
128008687,way,not appliable,not appliable,this crossing intersects fewer than 2 kerbs. Generally each crossing should connect to at least 2 kerbs.
128008691,way,not appliable,not appliable,this crossing intersects fewer than 2 kerbs. Generally each crossing should connect to at least 2 kerbs.
128008692,way,not appliable,not appliable,this crossing intersects fewer than 2 kerbs. Generally each crossing should connect to at least 2 kerbs.
128008693,way,not appliable,not appliable,this crossing intersects fewer than 2 kerbs. Generally each crossing should connect to at least 2 kerbs.
128008694,way,not appliable,not appliable,this crossing intersects fewer than 2 kerbs. Generally each crossing should connect to at least 2 kerbs.
128008702,way,not appliable,not appliable,this crossing intersects fewer than 2 kerbs. Generally each crossing should connect to at least 2 kerbs.
128008703,way,not appliable,not appliable,this crossing intersects fewer than 2 kerbs. Generally each crossing should connect to at least 2 kerbs.
128046299,way,not appliable,not appliable,this crossing intersects fewer than 2 kerbs. Generally each crossing should connect to at least 2 kerbs.
128046398,way,not appliable,not appliable,this crossing intersects fewer than 2 kerbs. Generally each crossing should connect to at least 2 kerbs.
128046401,way,not appliable,not appliable,this crossing intersects fewer than 2 kerbs. Generally each crossing should connect to at least 2 kerbs.
128046402,way,not appliable,not appliable,this crossing intersects fewer than 2 kerbs. Generally each crossing should connect to at least 2 kerbs.
128046407,way,not appliable,not appliable,this crossing intersects fewer than 2 kerbs. Generally each crossing should connect to at least 2 kerbs.
128046410,way,not appliable,not appliable,this crossing intersects fewer than 2 kerbs. Generally each crossing should connect to at least 2 kerbs.
128046411,way,not appliable,not appliable,this crossing intersects fewer than 2 kerbs. Generally each crossing should connect to at least 2 kerbs.
128046414,way,not appliable,not appliable,this crossing intersects fewer than 2 kerbs. Generally each crossing should connect to at least 2 kerbs.
128046417,way,not appliable,not appliable,this crossing intersects fewer than 2 kerbs. Generally each crossing should connect to at least 2 kerbs.
128046422,way,not appliable,not appliable,this crossing intersects fewer than 2 kerbs. Generally each crossing should connect to at least 2 kerbs.
128046429,way,not appliable,not appliable,this crossing intersects fewer than 2 kerbs. Generally each crossing should connect to at least 2 kerbs.
128046437,way,not appliable,not appliable,this crossing intersects fewer than 2 kerbs. Generally each crossing should connect to at least 2 kerbs.
128046440,way,not appliable,not appliable,this crossing intersects fewer than 2 kerbs. Generally each crossing should connect to at least 2 kerbs.
128046445,way,not appliable,not appliable,this crossing intersects fewer than 2 kerbs. Generally each crossing should connect to at least 2 kerbs.
128046448,way,not appliable,not appliable,this crossing intersects fewer than 2 kerbs. Generally each crossing should connect to at least 2 kerbs.
128046449,way,not appliable,not appliable,this crossing intersects fewer than 2 kerbs. Generally each crossing should connect to at least 2 kerbs.
128046450,way,not appliable,not appliable,this crossing intersects fewer than 2 kerbs. Generally each crossing should connect to at least 2 kerbs.
128046454,way,not appliable,not appliable,this crossing intersects fewer than 2 kerbs. Generally each crossing should connect to at least 2 kerbs.
128046455,way,not appliable,not appliable,this crossing intersects fewer than 2 kerbs. Generally each crossing should connect to at least 2 kerbs.
128046461,way,not appliable,not appliable,this crossing intersects fewer than 2 kerbs. Generally each crossing should connect to at least 2 kerbs.
128046464,way,not appliable,not appliable,this crossing intersects fewer than 2 kerbs. Generally each crossing should connect to at least 2 kerbs.
128046465,way,not appliable,not appliable,this crossing intersects fewer than 2 kerbs. Generally each crossing should connect to at least 2 kerbs.
128046467,way,not appliable,not appliable,this crossing intersects fewer than 2 kerbs. Generally each crossing should connect to at least 2 kerbs.
128046470,way,not appliable,not appliable,this crossing intersects fewer than 2 kerbs. Generally each crossing should connect to at least 2 kerbs.
128046472,way,not appliable,not appliable,this crossing intersects fewer than 2 kerbs. Generally each crossing should connect to at least 2 kerbs.
128046476,way,not appliable,not appliable,this crossing intersects fewer than 2 kerbs. Generally each crossing should connect to at least 2 kerbs.
128046479,way,not appliable,not appliable,this crossing intersects fewer than 2 kerbs. Generally each crossing should connect to at least 2 kerbs.
128046480,way,not appliable,not appliable,this crossing intersects fewer than 2 kerbs. Generally each crossing should connect to at least 2 kerbs.
128046492,way,not appliable,not appliable,this crossing intersects fewer than 2 kerbs. Generally each crossing should connect to at least 2 kerbs.
128046497,way,not appliable,not appliable,this crossing intersects fewer than 2 kerbs. Generally each crossing should connect to at least 2 kerbs.
128046503,way,not appliable,not appliable,this crossing intersects fewer than 2 kerbs. Generally each crossing should connect to at least 2 kerbs.
128046504,way,not appliable,not appliable,this crossing intersects fewer than 2 kerbs. Generally each crossing should connect to at least 2 kerbs.
128046507,way,not appliable,not appliable,this crossing intersects fewer than 2 kerbs. Generally each crossing should connect to at least 2 kerbs.
128046508,way,not appliable,not appliable,this crossing intersects fewer than 2 kerbs. Generally each crossing should connect to at least 2 kerbs.
128046514,way,not appliable,not appliable,this crossing intersects fewer than 2 kerbs. Generally each crossing should connect to at least 2 kerbs.
128046516,way,not appliable,not appliable,this crossing intersects fewer than 2 kerbs. Generally each crossing should connect to at least 2 kerbs.
128046518,way,not appliable,not appliable,this crossing intersects fewer than 2 kerbs. Generally each crossing should connect to at least 2 kerbs.
128046521,way,not appliable,not appliable,this crossing intersects fewer than 2 kerbs. Generally each crossing should connect to at least 2 kerbs.
128046523,way,not appliable,not appliable,this crossing intersects fewer than 2 kerbs. Generally each crossing should connect to at least 2 kerbs.
128046529,way,not appliable,not appliable,this crossing intersects fewer than 2 kerbs. Generally each crossing should connect to at least 2 kerbs.
128046531,way,not appliable,not appliable,this crossing intersects fewer than 2 kerbs. Generally each crossing should connect to at least 2 kerbs.
128046535,way,not appliable,not appliable,this crossing intersects fewer than 2 kerbs. Generally each crossing should connect to at least 2 kerbs.
128171054,way,not appliable,not appliable,this crossing intersects fewer than 2 kerbs. Generally each crossing should connect to at least 2 kerbs.
128171080,way,not appliable,not appliable,this crossing intersects fewer than 2 kerbs. Generally each crossing should connect to at least 2 kerbs.
128171081,way,not appliable,not appliable,this crossing intersects fewer than 2 kerbs. Generally each crossing should connect to at least 2 kerbs.
128171082,way,not appliable,not appliable,this crossing intersects fewer than 2 kerbs. Generally each crossing should connect to at least 2 kerbs.
128171083,way,not appliable,not appliable,this crossing intersects fewer than 2 kerbs. Generally each crossing should connect to at least 2 kerbs.
128171084,way,not appliable,not appliable,this crossing intersects fewer than 2 kerbs. Generally each crossing should connect to at least 2 kerbs.
128171086,way,not appliable,not appliable,this crossing intersects fewer than 2 kerbs. Generally each crossing should connect to at least 2 kerbs.
128171087,way,not appliable,not appliable,this crossing intersects fewer than 2 kerbs. Generally each crossing should connect to at least 2 kerbs.
128171089,way,not appliable,not appliable,this crossing intersects fewer than 2 kerbs. Generally each crossing should connect to at least 2 kerbs.
128171090,way,not appliable,not appliable,this crossing intersects fewer than 2 kerbs. Generally each crossing should connect to at least 2 kerbs.
128171092,way,not appliable,not appliable,this crossing intersects fewer than 2 kerbs. Generally each crossing should connect to at least 2 kerbs.
128171093,way,not appliable,not appliable,this crossing intersects fewer than 2 kerbs. Generally each crossing should connect to at least 2 kerbs.
128171094,way,not appliable,not appliable,this crossing intersects fewer than 2 kerbs. Generally each crossing should connect to at least 2 kerbs.
128171095,way,not appliable,not appliable,this crossing intersects fewer than 2 kerbs. Generally each crossing should connect to at least 2 kerbs.
128171097,way,not appliable,not appliable,this crossing intersects fewer than 2 kerbs. Generally each crossing should connect to at least 2 kerbs.
128171099,way,not appliable,not appliable,this crossing intersects fewer than 2 kerbs. Generally each crossing should connect to at least 2 kerbs.
128171100,way,not appliable,not appliable,this crossing intersects fewer than 2 kerbs. Generally each crossing should connect to at least 2 kerbs.
128171104,way,not appliable,not appliable,this crossing intersects fewer than 2 kerbs. Generally each crossing should connect to at least 2 kerbs.
128171105,way,not appliable,not appliable,this crossing intersects fewer than 2 kerbs. Generally each crossing should connect to at least 2 kerbs.
128171106,way,not appliable,not appliable,this crossing intersects fewer than 2 kerbs. Generally each crossing should connect to at least 2 kerbs.
128171107,way,not appliable,not appliable,this crossing intersects fewer than 2 kerbs. Generally each crossing should connect to at least 2 kerbs.
128171108,way,not appliable,not appliable,this crossing intersects fewer than 2 kerbs. Generally each crossing should connect to at least 2 kerbs.
128171109,way,not appliable,not appliable,this crossing intersects fewer than 2 kerbs. Generally each crossing should connect to at least 2 kerbs.
128171110,way,not appliable,not appliable,this crossing intersects fewer than 2 kerbs. Generally each crossing should connect to at least 2 kerbs.
128171111,way,not appliable,not appliable,this crossing intersects fewer than 2 kerbs. Generally each crossing should connect to at least 2 kerbs.
128171114,way,not appliable,not appliable,this crossing intersects fewer than 2 kerbs. Generally each crossing should connect to at least 2 kerbs.
128171115,way,not appliable,not appliable,this crossing intersects fewer than 2 kerbs. Generally each crossing should connect to at least 2 kerbs.
128171117,way,not appliable,not appliable,this crossing intersects fewer than 2 kerbs. Generally each crossing should connect to at least 2 kerbs.
128171119,way,not appliable,not appliable,this crossing intersects fewer than 2 kerbs. Generally each crossing should connect to at least 2 kerbs.
128183785,way,not appliable,not appliable,this crossing intersects fewer than 2 kerbs. Generally each crossing should connect to at least 2 kerbs.
128183786,way,not appliable,not appliable,this crossing intersects fewer than 2 kerbs. Generally each crossing should connect to at least 2 kerbs.
128183788,way,not appliable,not appliable,this crossing intersects fewer than 2 kerbs. Generally each crossing should connect to at least 2 kerbs.
128183790,way,not appliable,not appliable,this crossing intersects fewer than 2 kerbs. Generally each crossing should connect to at least 2 kerbs.
128183792,way,not appliable,not appliable,this crossing intersects fewer than 2 kerbs. Generally each crossing should connect to at least 2 kerbs.
128183793,way,not appliable,not appliable,this crossing intersects fewer than 2 kerbs. Generally each crossing should connect to at least 2 kerbs.
128183794,way,not appliable,not appliable,this crossing intersects fewer than 2 kerbs. Generally each crossing should connect to at least 2 kerbs.
128183798,way,not appliable,not appliable,this crossing intersects fewer than 2 kerbs. Generally each crossing should connect to at least 2 kerbs.
128183800,way,not appliable,not appliable,this crossing intersects fewer than 2 kerbs. Generally each crossing should connect to at least 2 kerbs.
128183801,way,not appliable,not appliable,this crossing intersects fewer than 2 kerbs. Generally each crossing should connect to at least 2 kerbs.
128183803,way,not appliable,not appliable,this crossing intersects fewer than 2 kerbs. Generally each crossing should connect to at least 2 kerbs.
128183804,way,not appliable,not appliable,this crossing intersects fewer than 2 kerbs. Generally each crossing should connect to at least 2 kerbs.
128183805,way,not appliable,not appliable,this crossing intersects fewer than 2 kerbs. Generally each crossing should connect to at least 2 kerbs.
128183808,way,not appliable,not appliable,this crossing intersects fewer than 2 kerbs. Generally each crossing should connect to at least 2 kerbs.
128183810,way,not appliable,not appliable,this crossing intersects fewer than 2 kerbs. Generally each crossing should connect to at least 2 kerbs.
128183811,way,not appliable,not appliable,this crossing intersects fewer than 2 kerbs. Generally each crossing should connect to at least 2 kerbs.
128183812,way,not appliable,not appliable,this crossing intersects fewer than 2 kerbs. Generally each crossing should connect to at least 2 kerbs.
128183813,way,not appliable,not appliable,this crossing intersects fewer than 2 kerbs. Generally each crossing should connect to at least 2 kerbs.
128183814,way,not appliable,not appliable,this crossing intersects fewer than 2 kerbs. Generally each crossing should connect to at least 2 kerbs.
128278038,way,not appliable,not appliable,this crossing intersects fewer than 2 kerbs. Generally each crossing should connect to at least 2 kerbs.
128278040,way,not appliable,not appliable,this crossing intersects fewer than 2 kerbs. Generally each crossing should connect to at least 2 kerbs.
128278041,way,not appliable,not appliable,this crossing intersects fewer than 2 kerbs. Generally each crossing should connect to at least 2 kerbs.
128278043,way,not appliable,not appliable,this crossing intersects fewer than 2 kerbs. Generally each crossing should connect to at least 2 kerbs.
128278044,way,not appliable,not appliable,this crossing intersects fewer than 2 kerbs. Generally each crossing should connect to at least 2 kerbs.
128278048,way,not appliable,not appliable,this crossing intersects fewer than 2 kerbs. Generally each crossing should connect to at least 2 kerbs.
128278051,way,not appliable,not appliable,this crossing intersects fewer than 2 kerbs. Generally each crossing should connect to at least 2 kerbs.
128278055,way,not appliable,not appliable,this crossing intersects fewer than 2 kerbs. Generally each crossing should connect to at least 2 kerbs.
128278056,way,not appliable,not appliable,this crossing intersects fewer than 2 kerbs. Generally each crossing should connect to at least 2 kerbs.
128278057,way,not appliable,not appliable,this crossing intersects fewer than 2 kerbs. Generally each crossing should connect to at least 2 kerbs.
128278058,way,not appliable,not appliable,this crossing intersects fewer than 2 kerbs. Generally each crossing should connect to at least 2 kerbs.
128278059,way,not appliable,not appliable,this crossing intersects fewer than 2 kerbs. Generally each crossing should connect to at least 2 kerbs.
128278060,way,not appliable,not appliable,this crossing intersects fewer than 2 kerbs. Generally each crossing should connect to at least 2 kerbs.
128278061,way,not appliable,not appliable,this crossing intersects fewer than 2 kerbs. Generally each crossing should connect to at least 2 kerbs.
128278063,way,not appliable,not appliable,this crossing intersects fewer than 2 kerbs. Generally each crossing should connect to at least 2 kerbs.
128278066,way,not appliable,not appliable,this crossing intersects fewer than 2 kerbs. Generally each crossing should connect to at least 2 kerbs.
128278067,way,not appliable,not appliable,this crossing intersects fewer than 2 kerbs. Generally each crossing should connect to at least 2 kerbs.
128278068,way,not appliable,not appliable,this crossing intersects fewer than 2 kerbs. Generally each crossing should connect to at least 2 kerbs.
128278069,way,not appliable,not appliable,this crossing intersects fewer than 2 kerbs. Generally each crossing should connect to at least 2 kerbs.
128278071,way,not appliable,not appliable,this crossing intersects fewer than 2 kerbs. Generally each crossing should connect to at least 2 kerbs.
128278074,way,not appliable,not appliable,this crossing intersects fewer than 2 kerbs. Generally each crossing should connect to at least 2 kerbs.
128278075,way,not appliable,not appliable,this crossing intersects fewer than 2 kerbs. Generally each crossing should connect to at least 2 kerbs.
128278076,way,not appliable,not appliable,this crossing intersects fewer than 2 kerbs. Generally each crossing should connect to at least 2 kerbs.
128278077,way,not appliable,not appliable,this crossing intersects fewer than 2 kerbs. Generally each crossing should connect to at least 2 kerbs.
128278078,way,not appliable,not appliable,this crossing intersects fewer than 2 kerbs. Generally each crossing should connect to at least 2 kerbs.
128278080,way,not appliable,not appliable,this crossing intersects fewer than 2 kerbs. Generally each crossing should connect to at least 2 kerbs.
128278081,way,not appliable,not appliable,this crossing intersects fewer than 2 kerbs. Generally each crossing should connect to at least 2 kerbs.
128278082,way,not appliable,not appliable,this crossing intersects fewer than 2 kerbs. Generally each crossing should connect to at least 2 kerbs.
128278083,way,not appliable,not appliable,this crossing intersects fewer than 2 kerbs. Generally each crossing should connect to at least 2 kerbs.
128278084,way,not appliable,not appliable,this crossing intersects fewer than 2 kerbs. Generally each crossing should connect to at least 2 kerbs.
128278086,way,not appliable,not appliable,this crossing intersects fewer than 2 kerbs. Generally each crossing should connect to at least 2 kerbs.
128278089,way,not appliable,not appliable,this crossing intersects fewer than 2 kerbs. Generally each crossing should connect to at least 2 kerbs.
128278090,way,not appliable,not appliable,this crossing intersects fewer than 2 kerbs. Generally each crossing should connect to at least 2 kerbs.
128278092,way,not appliable,not appliable,this crossing intersects fewer than 2 kerbs. Generally each crossing should connect to at least 2 kerbs.
128278095,way,not appliable,not appliable,this crossing intersects fewer than 2 kerbs. Generally each crossing should connect to at least 2 kerbs.
128278096,way,not appliable,not appliable,this crossing intersects fewer than 2 kerbs. Generally each crossing should connect to at least 2 kerbs.
128278097,way,not appliable,not appliable,this crossing intersects fewer than 2 kerbs. Generally each crossing should connect to at least 2 kerbs.
128278100,way,not appliable,not appliable,this crossing intersects fewer than 2 kerbs. Generally each crossing should connect to at least 2 kerbs.
128278102,way,not appliable,not appliable,this crossing intersects fewer than 2 kerbs. Generally each crossing should connect to at least 2 kerbs.
128278103,way,not appliable,not appliable,this crossing intersects fewer than 2 kerbs. Generally each crossing should connect to at least 2 kerbs.
128278104,way,not appliable,not appliable,this crossing intersects fewer than 2 kerbs. Generally each crossing should connect to at least 2 kerbs.
128278105,way,not appliable,not appliable,this crossing intersects fewer than 2 kerbs. Generally each crossing should connect to at least 2 kerbs.
128278107,way,not appliable,not appliable,this crossing intersects fewer than 2 kerbs. Generally each crossing should connect to at least 2 kerbs.
128278116,way,not appliable,not appliable,this crossing intersects fewer than 2 kerbs. Generally each crossing should connect to at least 2 kerbs.
128396423,way,not appliable,not appliable,this crossing intersects fewer than 2 kerbs. Generally each crossing should connect to at least 2 kerbs.
128396438,way,not appliable,not appliable,this crossing intersects fewer than 2 kerbs. Generally each crossing should connect to at least 2 kerbs.
128396439,way,not appliable,not appliable,this crossing intersects fewer than 2 kerbs. Generally each crossing should connect to at least 2 kerbs.
128396442,way,not appliable,not appliable,this crossing intersects fewer than 2 kerbs. Generally each crossing should connect to at least 2 kerbs.
128396443,way,not appliable,not appliable,this crossing intersects fewer than 2 kerbs. Generally each crossing should connect to at least 2 kerbs.
128396446,way,not appliable,not appliable,this crossing intersects fewer than 2 kerbs. Generally each crossing should connect to at least 2 kerbs.
128396448,way,not appliable,not appliable,this crossing intersects fewer than 2 kerbs. Generally each crossing should connect to at least 2 kerbs.
128396450,way,not appliable,not appliable,this crossing intersects fewer than 2 kerbs. Generally each crossing should connect to at least 2 kerbs.
128396454,way,not appliable,not appliable,this crossing intersects fewer than 2 kerbs. Generally each crossing should connect to at least 2 kerbs.
128396456,way,not appliable,not appliable,this crossing intersects fewer than 2 kerbs. Generally each crossing should connect to at least 2 kerbs.
128396458,way,not appliable,not appliable,this crossing intersects fewer than 2 kerbs. Generally each crossing should connect to at least 2 kerbs.
128396459,way,not appliable,not appliable,this crossing intersects fewer than 2 kerbs. Generally each crossing should connect to at least 2 kerbs.
128396461,way,not appliable,not appliable,this crossing intersects fewer than 2 kerbs. Generally each crossing should connect to at least 2 kerbs.
128396463,way,not appliable,not appliable,this crossing intersects fewer than 2 kerbs. Generally each crossing should connect to at least 2 kerbs.
128396465,way,not appliable,not appliable,this crossing intersects fewer than 2 kerbs. Generally each crossing should connect to at least 2 kerbs.
128396466,way,not appliable,not appliable,this crossing intersects fewer than 2 kerbs. Generally each crossing should connect to at least 2 kerbs.
128396467,way,not appliable,not appliable,this crossing intersects fewer than 2 kerbs. Generally each crossing should connect to at least 2 kerbs.
128396470,way,not appliable,not appliable,this crossing intersects fewer than 2 kerbs. Generally each crossing should connect to at least 2 kerbs.
128396472,way,not appliable,not appliable,this crossing intersects fewer than 2 kerbs. Generally each crossing should connect to at least 2 kerbs.
128396482,way,not appliable,not appliable,this crossing intersects fewer than 2 kerbs. Generally each crossing should connect to at least 2 kerbs.
128396488,way,not appliable,not appliable,this crossing intersects fewer than 2 kerbs. Generally each crossing should connect to at least 2 kerbs.
128396492,way,not appliable,not appliable,this crossing intersects fewer than 2 kerbs. Generally each crossing should connect to at least 2 kerbs.
128396495,way,not appliable,not appliable,this crossing intersects fewer than 2 kerbs. Generally each crossing should connect to at least 2 kerbs.
128396496,way,not appliable,not appliable,this crossing intersects fewer than 2 kerbs. Generally each crossing should connect to at least 2 kerbs.
128396497,way,not appliable,not appliable,this crossing intersects fewer than 2 kerbs. Generally each crossing should connect to at least 2 kerbs.
128396498,way,not appliable,not appliable,this crossing intersects fewer than 2 kerbs. Generally each crossing should connect to at least 2 kerbs.
128396499,way,not appliable,not appliable,this crossing intersects fewer than 2 kerbs. Generally each crossing should connect to at least 2 kerbs.
128396501,way,not appliable,not appliable,this crossing intersects fewer than 2 kerbs. Generally each crossing should connect to at least 2 kerbs.
128396502,way,not appliable,not appliable,this crossing intersects fewer than 2 kerbs. Generally each crossing should connect to at least 2 kerbs.
128396505,way,not appliable,not appliable,this crossing intersects fewer than 2 kerbs. Generally each crossing should connect to at least 2 kerbs.
128396506,way,not appliable,not appliable,this crossing intersects fewer than 2 kerbs. Generally each crossing should connect to at least 2 kerbs.
128396511,way,not appliable,not appliable,this crossing intersects fewer than 2 kerbs. Generally each crossing should connect to at least 2 kerbs.
128396530,way,not appliable,not appliable,this crossing intersects fewer than 2 kerbs. Generally each crossing should connect to at least 2 kerbs.
128486378,way,not appliable,not appliable,this crossing intersects fewer than 2 kerbs. Generally each crossing should connect to at least 2 kerbs.
128486448,way,not appliable,not appliable,this crossing intersects fewer than 2 kerbs. Generally each crossing should connect to at least 2 kerbs.
128486454,way,not appliable,not appliable,this crossing intersects fewer than 2 kerbs. Generally each crossing should connect to at least 2 kerbs.
128486456,way,not appliable,not appliable,this crossing intersects fewer than 2 kerbs. Generally each crossing should connect to at least 2 kerbs.
128486458,way,not appliable,not appliable,this crossing intersects fewer than 2 kerbs. Generally each crossing should connect to at least 2 kerbs.
128486467,way,not appliable,not appliable,this crossing intersects fewer than 2 kerbs. Generally each crossing should connect to at least 2 kerbs.
128486472,way,not appliable,not appliable,this crossing intersects fewer than 2 kerbs. Generally each crossing should connect to at least 2 kerbs.
128486474,way,not appliable,not appliable,this crossing intersects fewer than 2 kerbs. Generally each crossing should connect to at least 2 kerbs.
128486482,way,not appliable,not appliable,this crossing intersects fewer than 2 kerbs. Generally each crossing should connect to at least 2 kerbs.
128486484,way,not appliable,not appliable,this crossing intersects fewer than 2 kerbs. Generally each crossing should connect to at least 2 kerbs.
128486489,way,not appliable,not appliable,this crossing intersects fewer than 2 kerbs. Generally each crossing should connect to at least 2 kerbs.
128486491,way,not appliable,not appliable,this crossing intersects fewer than 2 kerbs. Generally each crossing should connect to at least 2 kerbs.
128576017,way,not appliable,not appliable,this crossing intersects fewer than 2 kerbs. Generally each crossing should connect to at least 2 kerbs.
128576018,way,not appliable,not appliable,this crossing intersects fewer than 2 kerbs. Generally each crossing should connect to at least 2 kerbs.
128576019,way,not appliable,not appliable,this crossing intersects fewer than 2 kerbs. Generally each crossing should connect to at least 2 kerbs.
128576020,way,not appliable,not appliable,this crossing intersects fewer than 2 kerbs. Generally each crossing should connect to at least 2 kerbs.
128576021,way,not appliable,not appliable,this crossing intersects fewer than 2 kerbs. Generally each crossing should connect to at least 2 kerbs.
128576023,way,not appliable,not appliable,this crossing intersects fewer than 2 kerbs. Generally each crossing should connect to at least 2 kerbs.
128576024,way,not appliable,not appliable,this crossing intersects fewer than 2 kerbs. Generally each crossing should connect to at least 2 kerbs.
128600806,way,not appliable,not appliable,this crossing intersects fewer than 2 kerbs. Generally each crossing should connect to at least 2 kerbs.
128600808,way,not appliable,not appliable,this crossing intersects fewer than 2 kerbs. Generally each crossing should connect to at least 2 kerbs.
128600811,way,not appliable,not appliable,this crossing intersects fewer than 2 kerbs. Generally each crossing should connect to at least 2 kerbs.
128600814,way,not appliable,not appliable,this crossing intersects fewer than 2 kerbs. Generally each crossing should connect to at least 2 kerbs.
128600816,way,not appliable,not appliable,this crossing intersects fewer than 2 kerbs. Generally each crossing should connect to at least 2 kerbs.
128600818,way,not appliable,not appliable,this crossing intersects fewer than 2 kerbs. Generally each crossing should connect to at least 2 kerbs.
128600819,way,not appliable,not appliable,this crossing intersects fewer than 2 kerbs. Generally each crossing should connect to at least 2 kerbs.
128600821,way,not appliable,not appliable,this crossing intersects fewer than 2 kerbs. Generally each crossing should connect to at least 2 kerbs.
128600822,way,not appliable,not appliable,this crossing intersects fewer than 2 kerbs. Generally each crossing should connect to at least 2 kerbs.
128600825,way,not appliable,not appliable,this crossing intersects fewer than 2 kerbs. Generally each crossing should connect to at least 2 kerbs.
128600828,way,not appliable,not appliable,this crossing intersects fewer than 2 kerbs. Generally each crossing should connect to at least 2 kerbs.
128600832,way,not appliable,not appliable,this crossing intersects fewer than 2 kerbs. Generally each crossing should connect to at least 2 kerbs.
128600846,way,not appliable,not appliable,this crossing intersects fewer than 2 kerbs. Generally each crossing should connect to at least 2 kerbs.
128714889,way,not appliable,not appliable,this crossing intersects fewer than 2 kerbs. Generally each crossing should connect to at least 2 kerbs.
128714895,way,not appliable,not appliable,this crossing intersects fewer than 2 kerbs. Generally each crossing should connect to at least 2 kerbs.
128714901,way,not appliable,not appliable,this crossing intersects fewer than 2 kerbs. Generally each crossing should connect to at least 2 kerbs.
128714904,way,not appliable,not appliable,this crossing intersects fewer than 2 kerbs. Generally each crossing should connect to at least 2 kerbs.
128714905,way,not appliable,not appliable,this crossing intersects fewer than 2 kerbs. Generally each crossing should connect to at least 2 kerbs.
128714907,way,not appliable,not appliable,this crossing intersects fewer than 2 kerbs. Generally each crossing should connect to at least 2 kerbs.
128714912,way,not appliable,not appliable,this crossing intersects fewer than 2 kerbs. Generally each crossing should connect to at least 2 kerbs.
128714923,way,not appliable,not appliable,this crossing intersects fewer than 2 kerbs. Generally each crossing should connect to at least 2 kerbs.
128714926,way,not appliable,not appliable,this crossing intersects fewer than 2 kerbs. Generally each crossing should connect to at least 2 kerbs.
128714929,way,not appliable,not appliable,this crossing intersects fewer than 2 kerbs. Generally each crossing should connect to at least 2 kerbs.
128714939,way,not appliable,not appliable,this crossing intersects fewer than 2 kerbs. Generally each crossing should connect to at least 2 kerbs.
128714945,way,not appliable,not appliable,this crossing intersects fewer than 2 kerbs. Generally each crossing should connect to at least 2 kerbs.
128714951,way,not appliable,not appliable,this crossing intersects fewer than 2 kerbs. Generally each crossing should connect to at least 2 kerbs.
128714956,way,not appliable,not appliable,this crossing intersects fewer than 2 kerbs. Generally each crossing should connect to at least 2 kerbs.
129077852,way,not appliable,not appliable,this crossing intersects fewer than 2 kerbs. Generally each crossing should connect to at least 2 kerbs.
129077853,way,not appliable,not appliable,this crossing intersects fewer than 2 kerbs. Generally each crossing should connect to at least 2 kerbs.
129077855,way,not appliable,not appliable,this crossing intersects fewer than 2 kerbs. Generally each crossing should connect to at least 2 kerbs.
129077860,way,not appliable,not appliable,this crossing intersects fewer than 2 kerbs. Generally each crossing should connect to at least 2 kerbs.
129209865,way,not appliable,not appliable,this crossing intersects fewer than 2 kerbs. Generally each crossing should connect to at least 2 kerbs.
129209877,way,not appliable,not appliable,this crossing intersects fewer than 2 kerbs. Generally each crossing should connect to at least 2 kerbs.
129209878,way,not appliable,not appliable,this crossing intersects fewer than 2 kerbs. Generally each crossing should connect to at least 2 kerbs.
129209879,way,not appliable,not appliable,this crossing intersects fewer than 2 kerbs. Generally each crossing should connect to at least 2 kerbs.
129209880,way,not appliable,not appliable,this crossing intersects fewer than 2 kerbs. Generally each crossing should connect to at least 2 kerbs.
129209881,way,not appliable,not appliable,this crossing intersects fewer than 2 kerbs. Generally each crossing should connect to at least 2 kerbs.
129209883,way,not appliable,not appliable,this crossing intersects fewer than 2 kerbs. Generally each crossing should connect to at least 2 kerbs.
129209885,way,not appliable,not appliable,this crossing intersects fewer than 2 kerbs. Generally each crossing should connect to at least 2 kerbs.
129209887,way,not appliable,not appliable,this crossing intersects fewer than 2 kerbs. Generally each crossing should connect to at least 2 kerbs.
129209888,way,not appliable,not appliable,this crossing intersects fewer than 2 kerbs. Generally each crossing should connect to at least 2 kerbs.
129209890,way,not appliable,not appliable,this crossing intersects fewer than 2 kerbs. Generally each crossing should connect to at least 2 kerbs.
129209891,way,not appliable,not appliable,this crossing intersects fewer than 2 kerbs. Generally each crossing should connect to at least 2 kerbs.
129209892,way,not appliable,not appliable,this crossing intersects fewer than 2 kerbs. Generally each crossing should connect to at least 2 kerbs.
129209893,way,not appliable,not appliable,this crossing intersects fewer than 2 kerbs. Generally each crossing should connect to at least 2 kerbs.
129209894,way,not appliable,not appliable,this crossing intersects fewer than 2 kerbs. Generally each crossing should connect to at least 2 kerbs.
129209895,way,not appliable,not appliable,this crossing intersects fewer than 2 kerbs. Generally each crossing should connect to at least 2 kerbs.
129209896,way,not appliable,not appliable,this crossing intersects fewer than 2 kerbs. Generally each crossing should connect to at least 2 kerbs.
129209897,way,not appliable,not appliable,this crossing intersects fewer than 2 kerbs. Generally each crossing should connect to at least 2 kerbs.
129209899,way,not appliable,not appliable,this crossing intersects fewer than 2 kerbs. Generally each crossing should connect to at least 2 kerbs.
129209900,way,not appliable,not appliable,this crossing intersects fewer than 2 kerbs. Generally each crossing should connect to at least 2 kerbs.
129209901,way,not appliable,not appliable,this crossing intersects fewer than 2 kerbs. Generally each crossing should connect to at least 2 kerbs.
129209902,way,not appliable,not appliable,this crossing intersects fewer than 2 kerbs. Generally each crossing should connect to at least 2 kerbs.
129209903,way,not appliable,not appliable,this crossing intersects fewer than 2 kerbs. Generally each crossing should connect to at least 2 kerbs.
129209904,way,not appliable,not appliable,this crossing intersects fewer than 2 kerbs. Generally each crossing should connect to at least 2 kerbs.
129209905,way,not appliable,not appliable,this crossing intersects fewer than 2 kerbs. Generally each crossing should connect to at least 2 kerbs.
129209906,way,not appliable,not appliable,this crossing intersects fewer than 2 kerbs. Generally each crossing should connect to at least 2 kerbs.
129209907,way,not appliable,not appliable,this crossing intersects fewer than 2 kerbs. Generally each crossing should connect to at least 2 kerbs.
129209908,way,not appliable,not appliable,this crossing intersects fewer than 2 kerbs. Generally each crossing should connect to at least 2 kerbs.
129209909,way,not appliable,not appliable,this crossing intersects fewer than 2 kerbs. Generally each crossing should connect to at least 2 kerbs.
129209911,way,not appliable,not appliable,this crossing intersects fewer than 2 kerbs. Generally each crossing should connect to at least 2 kerbs.
129209913,way,not appliable,not appliable,this crossing intersects fewer than 2 kerbs. Generally each crossing should connect to at least 2 kerbs.
129209914,way,not appliable,not appliable,this crossing intersects fewer than 2 kerbs. Generally each crossing should connect to at least 2 kerbs.
129209915,way,not appliable,not appliable,this crossing intersects fewer than 2 kerbs. Generally each crossing should connect to at least 2 kerbs.
129209916,way,not appliable,not appliable,this crossing intersects fewer than 2 kerbs. Generally each crossing should connect to at least 2 kerbs.
129209917,way,not appliable,not appliable,this crossing intersects fewer than 2 kerbs. Generally each crossing should connect to at least 2 kerbs.
129209918,way,not appliable,not appliable,this crossing intersects fewer than 2 kerbs. Generally each crossing should connect to at least 2 kerbs.
129209920,way,not appliable,not appliable,this crossing intersects fewer than 2 kerbs. Generally each crossing should connect to at least 2 kerbs.
129209922,way,not appliable,not appliable,this crossing intersects fewer than 2 kerbs. Generally each crossing should connect to at least 2 kerbs.
129209923,way,not appliable,not appliable,this crossing intersects fewer than 2 kerbs. Generally each crossing should connect to at least 2 kerbs.
129209926,way,not appliable,not appliable,this crossing intersects fewer than 2 kerbs. Generally each crossing should connect to at least 2 kerbs.
129614141,way,not appliable,not appliable,this crossing intersects fewer than 2 kerbs. Generally each crossing should connect to at least 2 kerbs.
129614150,way,not appliable,not appliable,this crossing intersects fewer than 2 kerbs. Generally each crossing should connect to at least 2 kerbs.
129614161,way,not appliable,not appliable,this crossing intersects fewer than 2 kerbs. Generally each crossing should connect to at least 2 kerbs.
129751743,way,not appliable,not appliable,this crossing intersects fewer than 2 kerbs. Generally each crossing should connect to at least 2 kerbs.
129751744,way,not appliable,not appliable,this crossing intersects fewer than 2 kerbs. Generally each crossing should connect to at least 2 kerbs.
129751746,way,not appliable,not appliable,this crossing intersects fewer than 2 kerbs. Generally each crossing should connect to at least 2 kerbs.
129751748,way,not appliable,not appliable,this crossing intersects fewer than 2 kerbs. Generally each crossing should connect to at least 2 kerbs.
129751749,way,not appliable,not appliable,this crossing intersects fewer than 2 kerbs. Generally each crossing should connect to at least 2 kerbs.
129751750,way,not appliable,not appliable,this crossing intersects fewer than 2 kerbs. Generally each crossing should connect to at least 2 kerbs.
129765725,way,not appliable,not appliable,this crossing intersects fewer than 2 kerbs. Generally each crossing should connect to at least 2 kerbs.
129765727,way,not appliable,not appliable,this crossing intersects fewer than 2 kerbs. Generally each crossing should connect to at least 2 kerbs.
129765734,way,not appliable,not appliable,this crossing intersects fewer than 2 kerbs. Generally each crossing should connect to at least 2 kerbs.
129765737,way,not appliable,not appliable,this crossing intersects fewer than 2 kerbs. Generally each crossing should connect to at least 2 kerbs.
129765741,way,not appliable,not appliable,this crossing intersects fewer than 2 kerbs. Generally each crossing should connect to at least 2 kerbs.
129765744,way,not appliable,not appliable,this crossing intersects fewer than 2 kerbs. Generally each crossing should connect to at least 2 kerbs.
129765745,way,not appliable,not appliable,this crossing intersects fewer than 2 kerbs. Generally each crossing should connect to at least 2 kerbs.
129765746,way,not appliable,not appliable,this crossing intersects fewer than 2 kerbs. Generally each crossing should connect to at least 2 kerbs.
129765749,way,not appliable,not appliable,this crossing intersects fewer than 2 kerbs. Generally each crossing should connect to at least 2 kerbs.
129765750,way,not appliable,not appliable,this crossing intersects fewer than 2 kerbs. Generally each crossing should connect to at least 2 kerbs.
129765751,way,not appliable,not appliable,this crossing intersects fewer than 2 kerbs. Generally each crossing should connect to at least 2 kerbs.
129765752,way,not appliable,not appliable,this crossing intersects fewer than 2 kerbs. Generally each crossing should connect to at least 2 kerbs.
129765755,way,not appliable,not appliable,this crossing intersects fewer than 2 kerbs. Generally each crossing should connect to at least 2 kerbs.
129765756,way,not appliable,not appliable,this crossing intersects fewer than 2 kerbs. Generally each crossing should connect to at least 2 kerbs.
129765757,way,not appliable,not appliable,this crossing intersects fewer than 2 kerbs. Generally each crossing should connect to at least 2 kerbs.
129765758,way,not appliable,not appliable,this crossing intersects fewer than 2 kerbs. Generally each crossing should connect to at least 2 kerbs.
129765759,way,not appliable,not appliable,this crossing intersects fewer than 2 kerbs. Generally each crossing should connect to at least 2 kerbs.
129765761,way,not appliable,not appliable,this crossing intersects fewer than 2 kerbs. Generally each crossing should connect to at least 2 kerbs.
129765762,way,not appliable,not appliable,this crossing intersects fewer than 2 kerbs. Generally each crossing should connect to at least 2 kerbs.
129765763,way,not appliable,not appliable,this crossing intersects fewer than 2 kerbs. Generally each crossing should connect to at least 2 kerbs.
129765764,way,not appliable,not appliable,this crossing intersects fewer than 2 kerbs. Generally each crossing should connect to at least 2 kerbs.
129765765,way,not appliable,not appliable,this crossing intersects fewer than 2 kerbs. Generally each crossing should connect to at least 2 kerbs.
129765766,way,not appliable,not appliable,this crossing intersects fewer than 2 kerbs. Generally each crossing should connect to at least 2 kerbs.
129765767,way,not appliable,not appliable,this crossing intersects fewer than 2 kerbs. Generally each crossing should connect to at least 2 kerbs.
129765772,way,not appliable,not appliable,this crossing intersects fewer than 2 kerbs. Generally each crossing should connect to at least 2 kerbs.
129765774,way,not appliable,not appliable,this crossing intersects fewer than 2 kerbs. Generally each crossing should connect to at least 2 kerbs.
129765777,way,not appliable,not appliable,this crossing intersects fewer than 2 kerbs. Generally each crossing should connect to at least 2 kerbs.
129765778,way,not appliable,not appliable,this crossing intersects fewer than 2 kerbs. Generally each crossing should connect to at least 2 kerbs.
129765779,way,not appliable,not appliable,this crossing intersects fewer than 2 kerbs. Generally each crossing should connect to at least 2 kerbs.
129765781,way,not appliable,not appliable,this crossing intersects fewer than 2 kerbs. Generally each crossing should connect to at least 2 kerbs.
129765782,way,not appliable,not appliable,this crossing intersects fewer than 2 kerbs. Generally each crossing should connect to at least 2 kerbs.
129765784,way,not appliable,not appliable,this crossing intersects fewer than 2 kerbs. Generally each crossing should connect to at least 2 kerbs.
129765785,way,not appliable,not appliable,this crossing intersects fewer than 2 kerbs. Generally each crossing should connect to at least 2 kerbs.
129836035,way,not appliable,not appliable,this crossing intersects fewer than 2 kerbs. Generally each crossing should connect to at least 2 kerbs.
129836058,way,not appliable,not appliable,this crossing intersects fewer than 2 kerbs. Generally each crossing should connect to at least 2 kerbs.
129836059,way,not appliable,not appliable,this crossing intersects fewer than 2 kerbs. Generally each crossing should connect to at least 2 kerbs.
129836066,way,not appliable,not appliable,this crossing intersects fewer than 2 kerbs. Generally each crossing should connect to at least 2 kerbs.
129836071,way,not appliable,not appliable,this crossing intersects fewer than 2 kerbs. Generally each crossing should connect to at least 2 kerbs.
129836083,way,not appliable,not appliable,this crossing intersects fewer than 2 kerbs. Generally each crossing should connect to at least 2 kerbs.
129836088,way,not appliable,not appliable,this crossing intersects fewer than 2 kerbs. Generally each crossing should connect to at least 2 kerbs.
129836089,way,not appliable,not appliable,this crossing intersects fewer than 2 kerbs. Generally each crossing should connect to at least 2 kerbs.
129836090,way,not appliable,not appliable,this crossing intersects fewer than 2 kerbs. Generally each crossing should connect to at least 2 kerbs.
129836092,way,not appliable,not appliable,this crossing intersects fewer than 2 kerbs. Generally each crossing should connect to at least 2 kerbs.
129836094,way,not appliable,not appliable,this crossing intersects fewer than 2 kerbs. Generally each crossing should connect to at least 2 kerbs.
129836095,way,not appliable,not appliable,this crossing intersects fewer than 2 kerbs. Generally each crossing should connect to at least 2 kerbs.
129836096,way,not appliable,not appliable,this crossing intersects fewer than 2 kerbs. Generally each crossing should connect to at least 2 kerbs.
129836097,way,not appliable,not appliable,this crossing intersects fewer than 2 kerbs. Generally each crossing should connect to at least 2 kerbs.
129836098,way,not appliable,not appliable,this crossing intersects fewer than 2 kerbs. Generally each crossing should connect to at least 2 kerbs.
129836101,way,not appliable,not appliable,this crossing intersects fewer than 2 kerbs. Generally each crossing should connect to at least 2 kerbs.
129836102,way,not appliable,not appliable,this crossing intersects fewer than 2 kerbs. Generally each crossing should connect to at least 2 kerbs.
129836103,way,not appliable,not appliable,this crossing intersects fewer than 2 kerbs. Generally each crossing should connect to at least 2 kerbs.
129836104,way,not appliable,not appliable,this crossing intersects fewer than 2 kerbs. Generally each crossing should connect to at least 2 kerbs.
129836108,way,not appliable,not appliable,this crossing intersects fewer than 2 kerbs. Generally each crossing should connect to at least 2 kerbs.
129836109,way,not appliable,not appliable,this crossing intersects fewer than 2 kerbs. Generally each crossing should connect to at least 2 kerbs.
129836110,way,not appliable,not appliable,this crossing intersects fewer than 2 kerbs. Generally each crossing should connect to at least 2 kerbs.
129836111,way,not appliable,not appliable,this crossing intersects fewer than 2 kerbs. Generally each crossing should connect to at least 2 kerbs.
129836112,way,not appliable,not appliable,this crossing intersects fewer than 2 kerbs. Generally each crossing should connect to at least 2 kerbs.
129836113,way,not appliable,not appliable,this crossing intersects fewer than 2 kerbs. Generally each crossing should connect to at least 2 kerbs.
129836114,way,not appliable,not appliable,this crossing intersects fewer than 2 kerbs. Generally each crossing should connect to at least 2 kerbs.
129836117,way,not appliable,not appliable,this crossing intersects fewer than 2 kerbs. Generally each crossing should connect to at least 2 kerbs.
129836118,way,not appliable,not appliable,this crossing intersects fewer than 2 kerbs. Generally each crossing should connect to at least 2 kerbs.
129836121,way,not appliable,not appliable,this crossing intersects fewer than 2 kerbs. Generally each crossing should connect to at least 2 kerbs.
129836122,way,not appliable,not appliable,this crossing intersects fewer than 2 kerbs. Generally each crossing should connect to at least 2 kerbs.
129836124,way,not appliable,not appliable,this crossing intersects fewer than 2 kerbs. Generally each crossing should connect to at least 2 kerbs.
129836125,way,not appliable,not appliable,this crossing intersects fewer than 2 kerbs. Generally each crossing should connect to at least 2 kerbs.
129836126,way,not appliable,not appliable,this crossing intersects fewer than 2 kerbs. Generally each crossing should connect to at least 2 kerbs.
129836127,way,not appliable,not appliable,this crossing intersects fewer than 2 kerbs. Generally each crossing should connect to at least 2 kerbs.
129836128,way,not appliable,not appliable,this crossing intersects fewer than 2 kerbs. Generally each crossing should connect to at least 2 kerbs.
129836129,way,not appliable,not appliable,this crossing intersects fewer than 2 kerbs. Generally each crossing should connect to at least 2 kerbs.
129836130,way,not appliable,not appliable,this crossing intersects fewer than 2 kerbs. Generally each crossing should connect to at least 2 kerbs.
129836131,way,not appliable,not appliable,this crossing intersects fewer than 2 kerbs. Generally each crossing should connect to at least 2 kerbs.
130371498,way,not appliable,not appliable,this crossing intersects fewer than 2 kerbs. Generally each crossing should connect to at least 2 kerbs.
130371505,way,not appliable,not appliable,this crossing intersects fewer than 2 kerbs. Generally each crossing should connect to at least 2 kerbs.
130371508,way,not appliable,not appliable,this crossing intersects fewer than 2 kerbs. Generally each crossing should connect to at least 2 kerbs.
130371509,way,not appliable,not appliable,this crossing intersects fewer than 2 kerbs. Generally each crossing should connect to at least 2 kerbs.
130371513,way,not appliable,not appliable,this crossing intersects fewer than 2 kerbs. Generally each crossing should connect to at least 2 kerbs.
130371514,way,not appliable,not appliable,this crossing intersects fewer than 2 kerbs. Generally each crossing should connect to at least 2 kerbs.
130404285,way,not appliable,not appliable,this crossing intersects fewer than 2 kerbs. Generally each crossing should connect to at least 2 kerbs.
130404344,way,not appliable,not appliable,this crossing intersects fewer than 2 kerbs. Generally each crossing should connect to at least 2 kerbs.
130404345,way,not appliable,not appliable,this crossing intersects fewer than 2 kerbs. Generally each crossing should connect to at least 2 kerbs.
130404346,way,not appliable,not appliable,this crossing intersects fewer than 2 kerbs. Generally each crossing should connect to at least 2 kerbs.
130404349,way,not appliable,not appliable,this crossing intersects fewer than 2 kerbs. Generally each crossing should connect to at least 2 kerbs.
130404350,way,not appliable,not appliable,this crossing intersects fewer than 2 kerbs. Generally each crossing should connect to at least 2 kerbs.
130404351,way,not appliable,not appliable,this crossing intersects fewer than 2 kerbs. Generally each crossing should connect to at least 2 kerbs.
130404353,way,not appliable,not appliable,this crossing intersects fewer than 2 kerbs. Generally each crossing should connect to at least 2 kerbs.
130404356,way,not appliable,not appliable,this crossing intersects fewer than 2 kerbs. Generally each crossing should connect to at least 2 kerbs.
130404358,way,not appliable,not appliable,this crossing intersects fewer than 2 kerbs. Generally each crossing should connect to at least 2 kerbs.
130404360,way,not appliable,not appliable,this crossing intersects fewer than 2 kerbs. Generally each crossing should connect to at least 2 kerbs.
130404361,way,not appliable,not appliable,this crossing intersects fewer than 2 kerbs. Generally each crossing should connect to at least 2 kerbs.
130404362,way,not appliable,not appliable,this crossing intersects fewer than 2 kerbs. Generally each crossing should connect to at least 2 kerbs.
130404365,way,not appliable,not appliable,this crossing intersects fewer than 2 kerbs. Generally each crossing should connect to at least 2 kerbs.
130404366,way,not appliable,not appliable,this crossing intersects fewer than 2 kerbs. Generally each crossing should connect to at least 2 kerbs.
130404367,way,not appliable,not appliable,this crossing intersects fewer than 2 kerbs. Generally each crossing should connect to at least 2 kerbs.
130404368,way,not appliable,not appliable,this crossing intersects fewer than 2 kerbs. Generally each crossing should connect to at least 2 kerbs.
130404370,way,not appliable,not appliable,this crossing intersects fewer than 2 kerbs. Generally each crossing should connect to at least 2 kerbs.
130404371,way,not appliable,not appliable,this crossing intersects fewer than 2 kerbs. Generally each crossing should connect to at least 2 kerbs.
130404373,way,not appliable,not appliable,this crossing intersects fewer than 2 kerbs. Generally each crossing should connect to at least 2 kerbs.
130404374,way,not appliable,not appliable,this crossing intersects fewer than 2 kerbs. Generally each crossing should connect to at least 2 kerbs.
130404376,way,not appliable,not appliable,this crossing intersects fewer than 2 kerbs. Generally each crossing should connect to at least 2 kerbs.
130404377,way,not appliable,not appliable,this crossing intersects fewer than 2 kerbs. Generally each crossing should connect to at least 2 kerbs.
130404378,way,not appliable,not appliable,this crossing intersects fewer than 2 kerbs. Generally each crossing should connect to at least 2 kerbs.
130404379,way,not appliable,not appliable,this crossing intersects fewer than 2 kerbs. Generally each crossing should connect to at least 2 kerbs.
130404381,way,not appliable,not appliable,this crossing intersects fewer than 2 kerbs. Generally each crossing should connect to at least 2 kerbs.
130404382,way,not appliable,not appliable,this crossing intersects fewer than 2 kerbs. Generally each crossing should connect to at least 2 kerbs.
130404383,way,not appliable,not appliable,this crossing intersects fewer than 2 kerbs. Generally each crossing should connect to at least 2 kerbs.
130404384,way,not appliable,not appliable,this crossing intersects fewer than 2 kerbs. Generally each crossing should connect to at least 2 kerbs.
130404385,way,not appliable,not appliable,this crossing intersects fewer than 2 kerbs. Generally each crossing should connect to at least 2 kerbs.
130404386,way,not appliable,not appliable,this crossing intersects fewer than 2 kerbs. Generally each crossing should connect to at least 2 kerbs.
130404387,way,not appliable,not appliable,this crossing intersects fewer than 2 kerbs. Generally each crossing should connect to at least 2 kerbs.
130404388,way,not appliable,not appliable,this crossing intersects fewer than 2 kerbs. Generally each crossing should connect to at least 2 kerbs.
130404389,way,not appliable,not appliable,this crossing intersects fewer than 2 kerbs. Generally each crossing should connect to at least 2 kerbs.
130404390,way,not appliable,not appliable,this crossing intersects fewer than 2 kerbs. Generally each crossing should connect to at least 2 kerbs.
130404392,way,not appliable,not appliable,this crossing intersects fewer than 2 kerbs. Generally each crossing should connect to at least 2 kerbs.
130404393,way,not appliable,not appliable,this crossing intersects fewer than 2 kerbs. Generally each crossing should connect to at least 2 kerbs.
130404394,way,not appliable,not appliable,this crossing intersects fewer than 2 kerbs. Generally each crossing should connect to at least 2 kerbs.
130404395,way,not appliable,not appliable,this crossing intersects fewer than 2 kerbs. Generally each crossing should connect to at least 2 kerbs.
130404396,way,not appliable,not appliable,this crossing intersects fewer than 2 kerbs. Generally each crossing should connect to at least 2 kerbs.
130404397,way,not appliable,not appliable,this crossing intersects fewer than 2 kerbs. Generally each crossing should connect to at least 2 kerbs.
130404398,way,not appliable,not appliable,this crossing intersects fewer than 2 kerbs. Generally each crossing should connect to at least 2 kerbs.
130404399,way,not appliable,not appliable,this crossing intersects fewer than 2 kerbs. Generally each crossing should connect to at least 2 kerbs.
130404400,way,not appliable,not appliable,this crossing intersects fewer than 2 kerbs. Generally each crossing should connect to at least 2 kerbs.
130404401,way,not appliable,not appliable,this crossing intersects fewer than 2 kerbs. Generally each crossing should connect to at least 2 kerbs.
130404403,way,not appliable,not appliable,this crossing intersects fewer than 2 kerbs. Generally each crossing should connect to at least 2 kerbs.
130404405,way,not appliable,not appliable,this crossing intersects fewer than 2 kerbs. Generally each crossing should connect to at least 2 kerbs.
130404408,way,not appliable,not appliable,this crossing intersects fewer than 2 kerbs. Generally each crossing should connect to at least 2 kerbs.
130404409,way,not appliable,not appliable,this crossing intersects fewer than 2 kerbs. Generally each crossing should connect to at least 2 kerbs.
130404411,way,not appliable,not appliable,this crossing intersects fewer than 2 kerbs. Generally each crossing should connect to at least 2 kerbs.
130404412,way,not appliable,not appliable,this crossing intersects fewer than 2 kerbs. Generally each crossing should connect to at least 2 kerbs.
130404413,way,not appliable,not appliable,this crossing intersects fewer than 2 kerbs. Generally each crossing should connect to at least 2 kerbs.
130404414,way,not appliable,not appliable,this crossing intersects fewer than 2 kerbs. Generally each crossing should connect to at least 2 kerbs.
130404415,way,not appliable,not appliable,this crossing intersects fewer than 2 kerbs. Generally each crossing should connect to at least 2 kerbs.
130404416,way,not appliable,not appliable,this crossing intersects fewer than 2 kerbs. Generally each crossing should connect to at least 2 kerbs.
130404417,way,not appliable,not appliable,this crossing intersects fewer than 2 kerbs. Generally each crossing should connect to at least 2 kerbs.
130523777,way,not appliable,not appliable,this crossing intersects fewer than 2 kerbs. Generally each crossing should connect to at least 2 kerbs.
130523805,way,not appliable,not appliable,this crossing intersects fewer than 2 kerbs. Generally each crossing should connect to at least 2 kerbs.
130523845,way,not appliable,not appliable,this crossing intersects fewer than 2 kerbs. Generally each crossing should connect to at least 2 kerbs.
130523846,way,not appliable,not appliable,this crossing intersects fewer than 2 kerbs. Generally each crossing should connect to at least 2 kerbs.
130523847,way,not appliable,not appliable,this crossing intersects fewer than 2 kerbs. Generally each crossing should connect to at least 2 kerbs.
130523848,way,not appliable,not appliable,this crossing intersects fewer than 2 kerbs. Generally each crossing should connect to at least 2 kerbs.
130523849,way,not appliable,not appliable,this crossing intersects fewer than 2 kerbs. Generally each crossing should connect to at least 2 kerbs.
130523850,way,not appliable,not appliable,this crossing intersects fewer than 2 kerbs. Generally each crossing should connect to at least 2 kerbs.
130523852,way,not appliable,not appliable,this crossing intersects fewer than 2 kerbs. Generally each crossing should connect to at least 2 kerbs.
130523854,way,not appliable,not appliable,this crossing intersects fewer than 2 kerbs. Generally each crossing should connect to at least 2 kerbs.
130523855,way,not appliable,not appliable,this crossing intersects fewer than 2 kerbs. Generally each crossing should connect to at least 2 kerbs.
130523857,way,not appliable,not appliable,this crossing intersects fewer than 2 kerbs. Generally each crossing should connect to at least 2 kerbs.
130523858,way,not appliable,not appliable,this crossing intersects fewer than 2 kerbs. Generally each crossing should connect to at least 2 kerbs.
130523859,way,not appliable,not appliable,this crossing intersects fewer than 2 kerbs. Generally each crossing should connect to at least 2 kerbs.
130523861,way,not appliable,not appliable,this crossing intersects fewer than 2 kerbs. Generally each crossing should connect to at least 2 kerbs.
130523862,way,not appliable,not appliable,this crossing intersects fewer than 2 kerbs. Generally each crossing should connect to at least 2 kerbs.
130523863,way,not appliable,not appliable,this crossing intersects fewer than 2 kerbs. Generally each crossing should connect to at least 2 kerbs.
130523864,way,not appliable,not appliable,this crossing intersects fewer than 2 kerbs. Generally each crossing should connect to at least 2 kerbs.
130523865,way,not appliable,not appliable,this crossing intersects fewer than 2 kerbs. Generally each crossing should connect to at least 2 kerbs.
130523867,way,not appliable,not appliable,this crossing intersects fewer than 2 kerbs. Generally each crossing should connect to at least 2 kerbs.
130523870,way,not appliable,not appliable,this crossing intersects fewer than 2 kerbs. Generally each crossing should connect to at least 2 kerbs.
130523871,way,not appliable,not appliable,this crossing intersects fewer than 2 kerbs. Generally each crossing should connect to at least 2 kerbs.
130523874,way,not appliable,not appliable,this crossing intersects fewer than 2 kerbs. Generally each crossing should connect to at least 2 kerbs.
130523875,way,not appliable,not appliable,this crossing intersects fewer than 2 kerbs. Generally each crossing should connect to at least 2 kerbs.
130523877,way,not appliable,not appliable,this crossing intersects fewer than 2 kerbs. Generally each crossing should connect to at least 2 kerbs.
130523878,way,not appliable,not appliable,this crossing intersects fewer than 2 kerbs. Generally each crossing should connect to at least 2 kerbs.
130523879,way,not appliable,not appliable,this crossing intersects fewer than 2 kerbs. Generally each crossing should connect to at least 2 kerbs.
130523880,way,not appliable,not appliable,this crossing intersects fewer than 2 kerbs. Generally each crossing should connect to at least 2 kerbs.
130523881,way,not appliable,not appliable,this crossing intersects fewer than 2 kerbs. Generally each crossing should connect to at least 2 kerbs.
130523882,way,not appliable,not appliable,this crossing intersects fewer than 2 kerbs. Generally each crossing should connect to at least 2 kerbs.
130523883,way,not appliable,not appliable,this crossing intersects fewer than 2 kerbs. Generally each crossing should connect to at least 2 kerbs.
130523884,way,not appliable,not appliable,this crossing intersects fewer than 2 kerbs. Generally each crossing should connect to at least 2 kerbs.
130523885,way,not appliable,not appliable,this crossing intersects fewer than 2 kerbs. Generally each crossing should connect to at least 2 kerbs.
130523887,way,not appliable,not appliable,this crossing intersects fewer than 2 kerbs. Generally each crossing should connect to at least 2 kerbs.
130523888,way,not appliable,not appliable,this crossing intersects fewer than 2 kerbs. Generally each crossing should connect to at least 2 kerbs.
130523889,way,not appliable,not appliable,this crossing intersects fewer than 2 kerbs. Generally each crossing should connect to at least 2 kerbs.
130523890,way,not appliable,not appliable,this crossing intersects fewer than 2 kerbs. Generally each crossing should connect to at least 2 kerbs.
130523891,way,not appliable,not appliable,this crossing intersects fewer than 2 kerbs. Generally each crossing should connect to at least 2 kerbs.
130523892,way,not appliable,not appliable,this crossing intersects fewer than 2 kerbs. Generally each crossing should connect to at least 2 kerbs.
130523894,way,not appliable,not appliable,this crossing intersects fewer than 2 kerbs. Generally each crossing should connect to at least 2 kerbs.
130523895,way,not appliable,not appliable,this crossing intersects fewer than 2 kerbs. Generally each crossing should connect to at least 2 kerbs.
130523897,way,not appliable,not appliable,this crossing intersects fewer than 2 kerbs. Generally each crossing should connect to at least 2 kerbs.
130523903,way,not appliable,not appliable,this crossing intersects fewer than 2 kerbs. Generally each crossing should connect to at least 2 kerbs.
130523907,way,not appliable,not appliable,this crossing intersects fewer than 2 kerbs. Generally each crossing should connect to at least 2 kerbs.
130523911,way,not appliable,not appliable,this crossing intersects fewer than 2 kerbs. Generally each crossing should connect to at least 2 kerbs.
130523912,way,not appliable,not appliable,this crossing intersects fewer than 2 kerbs. Generally each crossing should connect to at least 2 kerbs.
130523917,way,not appliable,not appliable,this crossing intersects fewer than 2 kerbs. Generally each crossing should connect to at least 2 kerbs.
130523918,way,not appliable,not appliable,this crossing intersects fewer than 2 kerbs. Generally each crossing should connect to at least 2 kerbs.
130523920,way,not appliable,not appliable,this crossing intersects fewer than 2 kerbs. Generally each crossing should connect to at least 2 kerbs.
130523921,way,not appliable,not appliable,this crossing intersects fewer than 2 kerbs. Generally each crossing should connect to at least 2 kerbs.
130523922,way,not appliable,not appliable,this crossing intersects fewer than 2 kerbs. Generally each crossing should connect to at least 2 kerbs.
130523923,way,not appliable,not appliable,this crossing intersects fewer than 2 kerbs. Generally each crossing should connect to at least 2 kerbs.
130523926,way,not appliable,not appliable,this crossing intersects fewer than 2 kerbs. Generally each crossing should connect to at least 2 kerbs.
130523927,way,not appliable,not appliable,this crossing intersects fewer than 2 kerbs. Generally each crossing should connect to at least 2 kerbs.
130523929,way,not appliable,not appliable,this crossing intersects fewer than 2 kerbs. Generally each crossing should connect to at least 2 kerbs.
130523930,way,not appliable,not appliable,this crossing intersects fewer than 2 kerbs. Generally each crossing should connect to at least 2 kerbs.
130523931,way,not appliable,not appliable,this crossing intersects fewer than 2 kerbs. Generally each crossing should connect to at least 2 kerbs.
130523932,way,not appliable,not appliable,this crossing intersects fewer than 2 kerbs. Generally each crossing should connect to at least 2 kerbs.
130523933,way,not appliable,not appliable,this crossing intersects fewer than 2 kerbs. Generally each crossing should connect to at least 2 kerbs.
130523935,way,not appliable,not appliable,this crossing intersects fewer than 2 kerbs. Generally each crossing should connect to at least 2 kerbs.
130523939,way,not appliable,not appliable,this crossing intersects fewer than 2 kerbs. Generally each crossing should connect to at least 2 kerbs.
130523940,way,not appliable,not appliable,this crossing intersects fewer than 2 kerbs. Generally each crossing should connect to at least 2 kerbs.
130523941,way,not appliable,not appliable,this crossing intersects fewer than 2 kerbs. Generally each crossing should connect to at least 2 kerbs.
130523945,way,not appliable,not appliable,this crossing intersects fewer than 2 kerbs. Generally each crossing should connect to at least 2 kerbs.
130523956,way,not appliable,not appliable,this crossing intersects fewer than 2 kerbs. Generally each crossing should connect to at least 2 kerbs.
130523958,way,not appliable,not appliable,this crossing intersects fewer than 2 kerbs. Generally each crossing should connect to at least 2 kerbs.
130946607,way,not appliable,not appliable,this crossing intersects fewer than 2 kerbs. Generally each crossing should connect to at least 2 kerbs.
130946608,way,not appliable,not appliable,this crossing intersects fewer than 2 kerbs. Generally each crossing should connect to at least 2 kerbs.
130946609,way,not appliable,not appliable,this crossing intersects fewer than 2 kerbs. Generally each crossing should connect to at least 2 kerbs.
130946613,way,not appliable,not appliable,this crossing intersects fewer than 2 kerbs. Generally each crossing should connect to at least 2 kerbs.
130946615,way,not appliable,not appliable,this crossing intersects fewer than 2 kerbs. Generally each crossing should connect to at least 2 kerbs.
130946617,way,not appliable,not appliable,this crossing intersects fewer than 2 kerbs. Generally each crossing should connect to at least 2 kerbs.
130946618,way,not appliable,not appliable,this crossing intersects fewer than 2 kerbs. Generally each crossing should connect to at least 2 kerbs.
130946621,way,not appliable,not appliable,this crossing intersects fewer than 2 kerbs. Generally each crossing should connect to at least 2 kerbs.
130946622,way,not appliable,not appliable,this crossing intersects fewer than 2 kerbs. Generally each crossing should connect to at least 2 kerbs.
130946626,way,not appliable,not appliable,this crossing intersects fewer than 2 kerbs. Generally each crossing should connect to at least 2 kerbs.
130946628,way,not appliable,not appliable,this crossing intersects fewer than 2 kerbs. Generally each crossing should connect to at least 2 kerbs.
130946630,way,not appliable,not appliable,this crossing intersects fewer than 2 kerbs. Generally each crossing should connect to at least 2 kerbs.
130946631,way,not appliable,not appliable,this crossing intersects fewer than 2 kerbs. Generally each crossing should connect to at least 2 kerbs.
130976880,way,not appliable,not appliable,this crossing intersects fewer than 2 kerbs. Generally each crossing should connect to at least 2 kerbs.
130976883,way,not appliable,not appliable,this crossing intersects fewer than 2 kerbs. Generally each crossing should connect to at least 2 kerbs.
130976885,way,not appliable,not appliable,this crossing intersects fewer than 2 kerbs. Generally each crossing should connect to at least 2 kerbs.
130976892,way,not appliable,not appliable,this crossing intersects fewer than 2 kerbs. Generally each crossing should connect to at least 2 kerbs.
130976894,way,not appliable,not appliable,this crossing intersects fewer than 2 kerbs. Generally each crossing should connect to at least 2 kerbs.
130976896,way,not appliable,not appliable,this crossing intersects fewer than 2 kerbs. Generally each crossing should connect to at least 2 kerbs.
130976906,way,not appliable,not appliable,this crossing intersects fewer than 2 kerbs. Generally each crossing should connect to at least 2 kerbs.
131158027,way,not appliable,not appliable,this crossing intersects fewer than 2 kerbs. Generally each crossing should connect to at least 2 kerbs.
131158028,way,not appliable,not appliable,this crossing intersects fewer than 2 kerbs. Generally each crossing should connect to at least 2 kerbs.
131158029,way,not appliable,not appliable,this crossing intersects fewer than 2 kerbs. Generally each crossing should connect to at least 2 kerbs.
131340575,way,not appliable,not appliable,this crossing intersects fewer than 2 kerbs. Generally each crossing should connect to at least 2 kerbs.
131340595,way,not appliable,not appliable,this crossing intersects fewer than 2 kerbs. Generally each crossing should connect to at least 2 kerbs.
131340597,way,not appliable,not appliable,this crossing intersects fewer than 2 kerbs. Generally each crossing should connect to at least 2 kerbs.
131340599,way,not appliable,not appliable,this crossing intersects fewer than 2 kerbs. Generally each crossing should connect to at least 2 kerbs.
131340600,way,not appliable,not appliable,this crossing intersects fewer than 2 kerbs. Generally each crossing should connect to at least 2 kerbs.
131340601,way,not appliable,not appliable,this crossing intersects fewer than 2 kerbs. Generally each crossing should connect to at least 2 kerbs.
131340602,way,not appliable,not appliable,this crossing intersects fewer than 2 kerbs. Generally each crossing should connect to at least 2 kerbs.
131340605,way,not appliable,not appliable,this crossing intersects fewer than 2 kerbs. Generally each crossing should connect to at least 2 kerbs.
131340609,way,not appliable,not appliable,this crossing intersects fewer than 2 kerbs. Generally each crossing should connect to at least 2 kerbs.
131340611,way,not appliable,not appliable,this crossing intersects fewer than 2 kerbs. Generally each crossing should connect to at least 2 kerbs.
131340612,way,not appliable,not appliable,this crossing intersects fewer than 2 kerbs. Generally each crossing should connect to at least 2 kerbs.
131340613,way,not appliable,not appliable,this crossing intersects fewer than 2 kerbs. Generally each crossing should connect to at least 2 kerbs.
131340617,way,not appliable,not appliable,this crossing intersects fewer than 2 kerbs. Generally each crossing should connect to at least 2 kerbs.
131340619,way,not appliable,not appliable,this crossing intersects fewer than 2 kerbs. Generally each crossing should connect to at least 2 kerbs.
131340621,way,not appliable,not appliable,this crossing intersects fewer than 2 kerbs. Generally each crossing should connect to at least 2 kerbs.
131340623,way,not appliable,not appliable,this crossing intersects fewer than 2 kerbs. Generally each crossing should connect to at least 2 kerbs.
131340625,way,not appliable,not appliable,this crossing intersects fewer than 2 kerbs. Generally each crossing should connect to at least 2 kerbs.
131340627,way,not appliable,not appliable,this crossing intersects fewer than 2 kerbs. Generally each crossing should connect to at least 2 kerbs.
131340628,way,not appliable,not appliable,this crossing intersects fewer than 2 kerbs. Generally each crossing should connect to at least 2 kerbs.
131340629,way,not appliable,not appliable,this crossing intersects fewer than 2 kerbs. Generally each crossing should connect to at least 2 kerbs.
131340631,way,not appliable,not appliable,this crossing intersects fewer than 2 kerbs. Generally each crossing should connect to at least 2 kerbs.
131340633,way,not appliable,not appliable,this crossing intersects fewer than 2 kerbs. Generally each crossing should connect to at least 2 kerbs.
131340635,way,not appliable,not appliable,this crossing intersects fewer than 2 kerbs. Generally each crossing should connect to at least 2 kerbs.
131340636,way,not appliable,not appliable,this crossing intersects fewer than 2 kerbs. Generally each crossing should connect to at least 2 kerbs.
131340639,way,not appliable,not appliable,this crossing intersects fewer than 2 kerbs. Generally each crossing should connect to at least 2 kerbs.
131340640,way,not appliable,not appliable,this crossing intersects fewer than 2 kerbs. Generally each crossing should connect to at least 2 kerbs.
131340641,way,not appliable,not appliable,this crossing intersects fewer than 2 kerbs. Generally each crossing should connect to at least 2 kerbs.
131340643,way,not appliable,not appliable,this crossing intersects fewer than 2 kerbs. Generally each crossing should connect to at least 2 kerbs.
131340645,way,not appliable,not appliable,this crossing intersects fewer than 2 kerbs. Generally each crossing should connect to at least 2 kerbs.
131340647,way,not appliable,not appliable,this crossing intersects fewer than 2 kerbs. Generally each crossing should connect to at least 2 kerbs.
131340649,way,not appliable,not appliable,this crossing intersects fewer than 2 kerbs. Generally each crossing should connect to at least 2 kerbs.
131340651,way,not appliable,not appliable,this crossing intersects fewer than 2 kerbs. Generally each crossing should connect to at least 2 kerbs.
131340653,way,not appliable,not appliable,this crossing intersects fewer than 2 kerbs. Generally each crossing should connect to at least 2 kerbs.
131340654,way,not appliable,not appliable,this crossing intersects fewer than 2 kerbs. Generally each crossing should connect to at least 2 kerbs.
131340655,way,not appliable,not appliable,this crossing intersects fewer than 2 kerbs. Generally each crossing should connect to at least 2 kerbs.
131340657,way,not appliable,not appliable,this crossing intersects fewer than 2 kerbs. Generally each crossing should connect to at least 2 kerbs.
131340658,way,not appliable,not appliable,this crossing intersects fewer than 2 kerbs. Generally each crossing should connect to at least 2 kerbs.
131340660,way,not appliable,not appliable,this crossing intersects fewer than 2 kerbs. Generally each crossing should connect to at least 2 kerbs.
131340662,way,not appliable,not appliable,this crossing intersects fewer than 2 kerbs. Generally each crossing should connect to at least 2 kerbs.
131340663,way,not appliable,not appliable,this crossing intersects fewer than 2 kerbs. Generally each crossing should connect to at least 2 kerbs.
131340666,way,not appliable,not appliable,this crossing intersects fewer than 2 kerbs. Generally each crossing should connect to at least 2 kerbs.
131340667,way,not appliable,not appliable,this crossing intersects fewer than 2 kerbs. Generally each crossing should connect to at least 2 kerbs.
131340668,way,not appliable,not appliable,this crossing intersects fewer than 2 kerbs. Generally each crossing should connect to at least 2 kerbs.
131340670,way,not appliable,not appliable,this crossing intersects fewer than 2 kerbs. Generally each crossing should connect to at least 2 kerbs.
131340672,way,not appliable,not appliable,this crossing intersects fewer than 2 kerbs. Generally each crossing should connect to at least 2 kerbs.
131340673,way,not appliable,not appliable,this crossing intersects fewer than 2 kerbs. Generally each crossing should connect to at least 2 kerbs.
131340674,way,not appliable,not appliable,this crossing intersects fewer than 2 kerbs. Generally each crossing should connect to at least 2 kerbs.
131414274,way,not appliable,not appliable,this crossing intersects fewer than 2 kerbs. Generally each crossing should connect to at least 2 kerbs.
131414278,way,not appliable,not appliable,this crossing intersects fewer than 2 kerbs. Generally each crossing should connect to at least 2 kerbs.
131414283,way,not appliable,not appliable,this crossing intersects fewer than 2 kerbs. Generally each crossing should connect to at least 2 kerbs.
131414285,way,not appliable,not appliable,this crossing intersects fewer than 2 kerbs. Generally each crossing should connect to at least 2 kerbs.
131414287,way,not appliable,not appliable,this crossing intersects fewer than 2 kerbs. Generally each crossing should connect to at least 2 kerbs.
131414289,way,not appliable,not appliable,this crossing intersects fewer than 2 kerbs. Generally each crossing should connect to at least 2 kerbs.
131414291,way,not appliable,not appliable,this crossing intersects fewer than 2 kerbs. Generally each crossing should connect to at least 2 kerbs.
131414293,way,not appliable,not appliable,this crossing intersects fewer than 2 kerbs. Generally each crossing should connect to at least 2 kerbs.
131414297,way,not appliable,not appliable,this crossing intersects fewer than 2 kerbs. Generally each crossing should connect to at least 2 kerbs.
131414301,way,not appliable,not appliable,this crossing intersects fewer than 2 kerbs. Generally each crossing should connect to at least 2 kerbs.
131414303,way,not appliable,not appliable,this crossing intersects fewer than 2 kerbs. Generally each crossing should connect to at least 2 kerbs.
131414307,way,not appliable,not appliable,this crossing intersects fewer than 2 kerbs. Generally each crossing should connect to at least 2 kerbs.
131414309,way,not appliable,not appliable,this crossing intersects fewer than 2 kerbs. Generally each crossing should connect to at least 2 kerbs.
131414313,way,not appliable,not appliable,this crossing intersects fewer than 2 kerbs. Generally each crossing should connect to at least 2 kerbs.
131414315,way,not appliable,not appliable,this crossing intersects fewer than 2 kerbs. Generally each crossing should connect to at least 2 kerbs.
131414318,way,not appliable,not appliable,this crossing intersects fewer than 2 kerbs. Generally each crossing should connect to at least 2 kerbs.
131414322,way,not appliable,not appliable,this crossing intersects fewer than 2 kerbs. Generally each crossing should connect to at least 2 kerbs.
131414324,way,not appliable,not appliable,this crossing intersects fewer than 2 kerbs. Generally each crossing should connect to at least 2 kerbs.
131414326,way,not appliable,not appliable,this crossing intersects fewer than 2 kerbs. Generally each crossing should connect to at least 2 kerbs.
131414327,way,not appliable,not appliable,this crossing intersects fewer than 2 kerbs. Generally each crossing should connect to at least 2 kerbs.
131414328,way,not appliable,not appliable,this crossing intersects fewer than 2 kerbs. Generally each crossing should connect to at least 2 kerbs.
131414330,way,not appliable,not appliable,this crossing intersects fewer than 2 kerbs. Generally each crossing should connect to at least 2 kerbs.
131414336,way,not appliable,not appliable,this crossing intersects fewer than 2 kerbs. Generally each crossing should connect to at least 2 kerbs.
131414337,way,not appliable,not appliable,this crossing intersects fewer than 2 kerbs. Generally each crossing should connect to at least 2 kerbs.
131414338,way,not appliable,not appliable,this crossing intersects fewer than 2 kerbs. Generally each crossing should connect to at least 2 kerbs.
131414339,way,not appliable,not appliable,this crossing intersects fewer than 2 kerbs. Generally each crossing should connect to at least 2 kerbs.
131414340,way,not appliable,not appliable,this crossing intersects fewer than 2 kerbs. Generally each crossing should connect to at least 2 kerbs.
131414342,way,not appliable,not appliable,this crossing intersects fewer than 2 kerbs. Generally each crossing should connect to at least 2 kerbs.
131414346,way,not appliable,not appliable,this crossing intersects fewer than 2 kerbs. Generally each crossing should connect to at least 2 kerbs.
131414351,way,not appliable,not appliable,this crossing intersects fewer than 2 kerbs. Generally each crossing should connect to at least 2 kerbs.
131414352,way,not appliable,not appliable,this crossing intersects fewer than 2 kerbs. Generally each crossing should connect to at least 2 kerbs.
131414353,way,not appliable,not appliable,this crossing intersects fewer than 2 kerbs. Generally each crossing should connect to at least 2 kerbs.
131414355,way,not appliable,not appliable,this crossing intersects fewer than 2 kerbs. Generally each crossing should connect to at least 2 kerbs.
131414357,way,not appliable,not appliable,this crossing intersects fewer than 2 kerbs. Generally each crossing should connect to at least 2 kerbs.
131417153,way,not appliable,not appliable,this crossing intersects fewer than 2 kerbs. Generally each crossing should connect to at least 2 kerbs.
131417154,way,not appliable,not appliable,this crossing intersects fewer than 2 kerbs. Generally each crossing should connect to at least 2 kerbs.
131417162,way,not appliable,not appliable,this crossing intersects fewer than 2 kerbs. Generally each crossing should connect to at least 2 kerbs.
131737758,way,not appliable,not appliable,this crossing intersects fewer than 2 kerbs. Generally each crossing should connect to at least 2 kerbs.
131737760,way,not appliable,not appliable,this crossing intersects fewer than 2 kerbs. Generally each crossing should connect to at least 2 kerbs.
131737761,way,not appliable,not appliable,this crossing intersects fewer than 2 kerbs. Generally each crossing should connect to at least 2 kerbs.
131737762,way,not appliable,not appliable,this crossing intersects fewer than 2 kerbs. Generally each crossing should connect to at least 2 kerbs.
131737763,way,not appliable,not appliable,this crossing intersects fewer than 2 kerbs. Generally each crossing should connect to at least 2 kerbs.
131737764,way,not appliable,not appliable,this crossing intersects fewer than 2 kerbs. Generally each crossing should connect to at least 2 kerbs.
131737765,way,not appliable,not appliable,this crossing intersects fewer than 2 kerbs. Generally each crossing should connect to at least 2 kerbs.
131737767,way,not appliable,not appliable,this crossing intersects fewer than 2 kerbs. Generally each crossing should connect to at least 2 kerbs.
131737768,way,not appliable,not appliable,this crossing intersects fewer than 2 kerbs. Generally each crossing should connect to at least 2 kerbs.
131737770,way,not appliable,not appliable,this crossing intersects fewer than 2 kerbs. Generally each crossing should connect to at least 2 kerbs.
131737771,way,not appliable,not appliable,this crossing intersects fewer than 2 kerbs. Generally each crossing should connect to at least 2 kerbs.
131737772,way,not appliable,not appliable,this crossing intersects fewer than 2 kerbs. Generally each crossing should connect to at least 2 kerbs.
131737774,way,not appliable,not appliable,this crossing intersects fewer than 2 kerbs. Generally each crossing should connect to at least 2 kerbs.
131737775,way,not appliable,not appliable,this crossing intersects fewer than 2 kerbs. Generally each crossing should connect to at least 2 kerbs.
131876489,way,not appliable,not appliable,this crossing intersects fewer than 2 kerbs. Generally each crossing should connect to at least 2 kerbs.
131876491,way,not appliable,not appliable,this crossing intersects fewer than 2 kerbs. Generally each crossing should connect to at least 2 kerbs.
131876492,way,not appliable,not appliable,this crossing intersects fewer than 2 kerbs. Generally each crossing should connect to at least 2 kerbs.
131876493,way,not appliable,not appliable,this crossing intersects fewer than 2 kerbs. Generally each crossing should connect to at least 2 kerbs.
131876494,way,not appliable,not appliable,this crossing intersects fewer than 2 kerbs. Generally each crossing should connect to at least 2 kerbs.
131876495,way,not appliable,not appliable,this crossing intersects fewer than 2 kerbs. Generally each crossing should connect to at least 2 kerbs.
131876496,way,not appliable,not appliable,this crossing intersects fewer than 2 kerbs. Generally each crossing should connect to at least 2 kerbs.
131876498,way,not appliable,not appliable,this crossing intersects fewer than 2 kerbs. Generally each crossing should connect to at least 2 kerbs.
131876499,way,not appliable,not appliable,this crossing intersects fewer than 2 kerbs. Generally each crossing should connect to at least 2 kerbs.
131876500,way,not appliable,not appliable,this crossing intersects fewer than 2 kerbs. Generally each crossing should connect to at least 2 kerbs.
131876501,way,not appliable,not appliable,this crossing intersects fewer than 2 kerbs. Generally each crossing should connect to at least 2 kerbs.
131876503,way,not appliable,not appliable,this crossing intersects fewer than 2 kerbs. Generally each crossing should connect to at least 2 kerbs.
131876504,way,not appliable,not appliable,this crossing intersects fewer than 2 kerbs. Generally each crossing should connect to at least 2 kerbs.
131876505,way,not appliable,not appliable,this crossing intersects fewer than 2 kerbs. Generally each crossing should connect to at least 2 kerbs.
131876506,way,not appliable,not appliable,this crossing intersects fewer than 2 kerbs. Generally each crossing should connect to at least 2 kerbs.
131876507,way,not appliable,not appliable,this crossing intersects fewer than 2 kerbs. Generally each crossing should connect to at least 2 kerbs.
131876509,way,not appliable,not appliable,this crossing intersects fewer than 2 kerbs. Generally each crossing should connect to at least 2 kerbs.
131876510,way,not appliable,not appliable,this crossing intersects fewer than 2 kerbs. Generally each crossing should connect to at least 2 kerbs.
131876511,way,not appliable,not appliable,this crossing intersects fewer than 2 kerbs. Generally each crossing should connect to at least 2 kerbs.
131937626,way,not appliable,not appliable,this crossing intersects fewer than 2 kerbs. Generally each crossing should connect to at least 2 kerbs.
131937627,way,not appliable,not appliable,this crossing intersects fewer than 2 kerbs. Generally each crossing should connect to at least 2 kerbs.
131937628,way,not appliable,not appliable,this crossing intersects fewer than 2 kerbs. Generally each crossing should connect to at least 2 kerbs.
131937629,way,not appliable,not appliable,this crossing intersects fewer than 2 kerbs. Generally each crossing should connect to at least 2 kerbs.
131937630,way,not appliable,not appliable,this crossing intersects fewer than 2 kerbs. Generally each crossing should connect to at least 2 kerbs.
131937633,way,not appliable,not appliable,this crossing intersects fewer than 2 kerbs. Generally each crossing should connect to at least 2 kerbs.
131937634,way,not appliable,not appliable,this crossing intersects fewer than 2 kerbs. Generally each crossing should connect to at least 2 kerbs.
131937635,way,not appliable,not appliable,this crossing intersects fewer than 2 kerbs. Generally each crossing should connect to at least 2 kerbs.
131937636,way,not appliable,not appliable,this crossing intersects fewer than 2 kerbs. Generally each crossing should connect to at least 2 kerbs.
131937637,way,not appliable,not appliable,this crossing intersects fewer than 2 kerbs. Generally each crossing should connect to at least 2 kerbs.
131937638,way,not appliable,not appliable,this crossing intersects fewer than 2 kerbs. Generally each crossing should connect to at least 2 kerbs.
132078272,way,not appliable,not appliable,this crossing intersects fewer than 2 kerbs. Generally each crossing should connect to at least 2 kerbs.
132078273,way,not appliable,not appliable,this crossing intersects fewer than 2 kerbs. Generally each crossing should connect to at least 2 kerbs.
132204455,way,not appliable,not appliable,this crossing intersects fewer than 2 kerbs. Generally each crossing should connect to at least 2 kerbs.
132204456,way,not appliable,not appliable,this crossing intersects fewer than 2 kerbs. Generally each crossing should connect to at least 2 kerbs.
132204457,way,not appliable,not appliable,this crossing intersects fewer than 2 kerbs. Generally each crossing should connect to at least 2 kerbs.
132204458,way,not appliable,not appliable,this crossing intersects fewer than 2 kerbs. Generally each crossing should connect to at least 2 kerbs.
132204459,way,not appliable,not appliable,this crossing intersects fewer than 2 kerbs. Generally each crossing should connect to at least 2 kerbs.
132204460,way,not appliable,not appliable,this crossing intersects fewer than 2 kerbs. Generally each crossing should connect to at least 2 kerbs.
132204461,way,not appliable,not appliable,this crossing intersects fewer than 2 kerbs. Generally each crossing should connect to at least 2 kerbs.
132204462,way,not appliable,not appliable,this crossing intersects fewer than 2 kerbs. Generally each crossing should connect to at least 2 kerbs.
132204464,way,not appliable,not appliable,this crossing intersects fewer than 2 kerbs. Generally each crossing should connect to at least 2 kerbs.
132204465,way,not appliable,not appliable,this crossing intersects fewer than 2 kerbs. Generally each crossing should connect to at least 2 kerbs.
132204467,way,not appliable,not appliable,this crossing intersects fewer than 2 kerbs. Generally each crossing should connect to at least 2 kerbs.
132204468,way,not appliable,not appliable,this crossing intersects fewer than 2 kerbs. Generally each crossing should connect to at least 2 kerbs.
132204469,way,not appliable,not appliable,this crossing intersects fewer than 2 kerbs. Generally each crossing should connect to at least 2 kerbs.
132310101,way,not appliable,not appliable,this crossing intersects fewer than 2 kerbs. Generally each crossing should connect to at least 2 kerbs.
132310102,way,not appliable,not appliable,this crossing intersects fewer than 2 kerbs. Generally each crossing should connect to at least 2 kerbs.
132310105,way,not appliable,not appliable,this crossing intersects fewer than 2 kerbs. Generally each crossing should connect to at least 2 kerbs.
132310106,way,not appliable,not appliable,this crossing intersects fewer than 2 kerbs. Generally each crossing should connect to at least 2 kerbs.
132310108,way,not appliable,not appliable,this crossing intersects fewer than 2 kerbs. Generally each crossing should connect to at least 2 kerbs.
132310110,way,not appliable,not appliable,this crossing intersects fewer than 2 kerbs. Generally each crossing should connect to at least 2 kerbs.
132310112,way,not appliable,not appliable,this crossing intersects fewer than 2 kerbs. Generally each crossing should connect to at least 2 kerbs.
132314494,way,not appliable,not appliable,this crossing intersects fewer than 2 kerbs. Generally each crossing should connect to at least 2 kerbs.
132314496,way,not appliable,not appliable,this crossing intersects fewer than 2 kerbs. Generally each crossing should connect to at least 2 kerbs.
132314497,way,not appliable,not appliable,this crossing intersects fewer than 2 kerbs. Generally each crossing should connect to at least 2 kerbs.
132314499,way,not appliable,not appliable,this crossing intersects fewer than 2 kerbs. Generally each crossing should connect to at least 2 kerbs.
132314501,way,not appliable,not appliable,this crossing intersects fewer than 2 kerbs. Generally each crossing should connect to at least 2 kerbs.
132314506,way,not appliable,not appliable,this crossing intersects fewer than 2 kerbs. Generally each crossing should connect to at least 2 kerbs.
132314509,way,not appliable,not appliable,this crossing intersects fewer than 2 kerbs. Generally each crossing should connect to at least 2 kerbs.
132314511,way,not appliable,not appliable,this crossing intersects fewer than 2 kerbs. Generally each crossing should connect to at least 2 kerbs.
132314514,way,not appliable,not appliable,this crossing intersects fewer than 2 kerbs. Generally each crossing should connect to at least 2 kerbs.
132314516,way,not appliable,not appliable,this crossing intersects fewer than 2 kerbs. Generally each crossing should connect to at least 2 kerbs.
132314517,way,not appliable,not appliable,this crossing intersects fewer than 2 kerbs. Generally each crossing should connect to at least 2 kerbs.
132314522,way,not appliable,not appliable,this crossing intersects fewer than 2 kerbs. Generally each crossing should connect to at least 2 kerbs.
132325599,way,not appliable,not appliable,this crossing intersects fewer than 2 kerbs. Generally each crossing should connect to at least 2 kerbs.
132325600,way,not appliable,not appliable,this crossing intersects fewer than 2 kerbs. Generally each crossing should connect to at least 2 kerbs.
132325601,way,not appliable,not appliable,this crossing intersects fewer than 2 kerbs. Generally each crossing should connect to at least 2 kerbs.
132325602,way,not appliable,not appliable,this crossing intersects fewer than 2 kerbs. Generally each crossing should connect to at least 2 kerbs.
132325604,way,not appliable,not appliable,this crossing intersects fewer than 2 kerbs. Generally each crossing should connect to at least 2 kerbs.
132325605,way,not appliable,not appliable,this crossing intersects fewer than 2 kerbs. Generally each crossing should connect to at least 2 kerbs.
132325606,way,not appliable,not appliable,this crossing intersects fewer than 2 kerbs. Generally each crossing should connect to at least 2 kerbs.
132325607,way,not appliable,not appliable,this crossing intersects fewer than 2 kerbs. Generally each crossing should connect to at least 2 kerbs.
132325608,way,not appliable,not appliable,this crossing intersects fewer than 2 kerbs. Generally each crossing should connect to at least 2 kerbs.
132325609,way,not appliable,not appliable,this crossing intersects fewer than 2 kerbs. Generally each crossing should connect to at least 2 kerbs.
132325610,way,not appliable,not appliable,this crossing intersects fewer than 2 kerbs. Generally each crossing should connect to at least 2 kerbs.
132325615,way,not appliable,not appliable,this crossing intersects fewer than 2 kerbs. Generally each crossing should connect to at least 2 kerbs.
132325617,way,not appliable,not appliable,this crossing intersects fewer than 2 kerbs. Generally each crossing should connect to at least 2 kerbs.
132527572,way,not appliable,not appliable,this crossing intersects fewer than 2 kerbs. Generally each crossing should connect to at least 2 kerbs.
132527576,way,not appliable,not appliable,this crossing intersects fewer than 2 kerbs. Generally each crossing should connect to at least 2 kerbs.
132527580,way,not appliable,not appliable,this crossing intersects fewer than 2 kerbs. Generally each crossing should connect to at least 2 kerbs.
132527583,way,not appliable,not appliable,this crossing intersects fewer than 2 kerbs. Generally each crossing should connect to at least 2 kerbs.
132527586,way,not appliable,not appliable,this crossing intersects fewer than 2 kerbs. Generally each crossing should connect to at least 2 kerbs.
132527587,way,not appliable,not appliable,this crossing intersects fewer than 2 kerbs. Generally each crossing should connect to at least 2 kerbs.
132527590,way,not appliable,not appliable,this crossing intersects fewer than 2 kerbs. Generally each crossing should connect to at least 2 kerbs.
132527594,way,not appliable,not appliable,this crossing intersects fewer than 2 kerbs. Generally each crossing should connect to at least 2 kerbs.
132527596,way,not appliable,not appliable,this crossing intersects fewer than 2 kerbs. Generally each crossing should connect to at least 2 kerbs.
132527598,way,not appliable,not appliable,this crossing intersects fewer than 2 kerbs. Generally each crossing should connect to at least 2 kerbs.
132527600,way,not appliable,not appliable,this crossing intersects fewer than 2 kerbs. Generally each crossing should connect to at least 2 kerbs.
132527602,way,not appliable,not appliable,this crossing intersects fewer than 2 kerbs. Generally each crossing should connect to at least 2 kerbs.
132527605,way,not appliable,not appliable,this crossing intersects fewer than 2 kerbs. Generally each crossing should connect to at least 2 kerbs.
132527607,way,not appliable,not appliable,this crossing intersects fewer than 2 kerbs. Generally each crossing should connect to at least 2 kerbs.
132527610,way,not appliable,not appliable,this crossing intersects fewer than 2 kerbs. Generally each crossing should connect to at least 2 kerbs.
132527612,way,not appliable,not appliable,this crossing intersects fewer than 2 kerbs. Generally each crossing should connect to at least 2 kerbs.
132527614,way,not appliable,not appliable,this crossing intersects fewer than 2 kerbs. Generally each crossing should connect to at least 2 kerbs.
132527616,way,not appliable,not appliable,this crossing intersects fewer than 2 kerbs. Generally each crossing should connect to at least 2 kerbs.
132527618,way,not appliable,not appliable,this crossing intersects fewer than 2 kerbs. Generally each crossing should connect to at least 2 kerbs.
132527620,way,not appliable,not appliable,this crossing intersects fewer than 2 kerbs. Generally each crossing should connect to at least 2 kerbs.
132527622,way,not appliable,not appliable,this crossing intersects fewer than 2 kerbs. Generally each crossing should connect to at least 2 kerbs.
132527624,way,not appliable,not appliable,this crossing intersects fewer than 2 kerbs. Generally each crossing should connect to at least 2 kerbs.
132527627,way,not appliable,not appliable,this crossing intersects fewer than 2 kerbs. Generally each crossing should connect to at least 2 kerbs.
132527628,way,not appliable,not appliable,this crossing intersects fewer than 2 kerbs. Generally each crossing should connect to at least 2 kerbs.
132527630,way,not appliable,not appliable,this crossing intersects fewer than 2 kerbs. Generally each crossing should connect to at least 2 kerbs.
132527631,way,not appliable,not appliable,this crossing intersects fewer than 2 kerbs. Generally each crossing should connect to at least 2 kerbs.
132527633,way,not appliable,not appliable,this crossing intersects fewer than 2 kerbs. Generally each crossing should connect to at least 2 kerbs.
132527634,way,not appliable,not appliable,this crossing intersects fewer than 2 kerbs. Generally each crossing should connect to at least 2 kerbs.
132527635,way,not appliable,not appliable,this crossing intersects fewer than 2 kerbs. Generally each crossing should connect to at least 2 kerbs.
132527637,way,not appliable,not appliable,this crossing intersects fewer than 2 kerbs. Generally each crossing should connect to at least 2 kerbs.
132527638,way,not appliable,not appliable,this crossing intersects fewer than 2 kerbs. Generally each crossing should connect to at least 2 kerbs.
132527639,way,not appliable,not appliable,this crossing intersects fewer than 2 kerbs. Generally each crossing should connect to at least 2 kerbs.
132527640,way,not appliable,not appliable,this crossing intersects fewer than 2 kerbs. Generally each crossing should connect to at least 2 kerbs.
132921463,way,not appliable,not appliable,this crossing intersects fewer than 2 kerbs. Generally each crossing should connect to at least 2 kerbs.
132921464,way,not appliable,not appliable,this crossing intersects fewer than 2 kerbs. Generally each crossing should connect to at least 2 kerbs.
132921465,way,not appliable,not appliable,this crossing intersects fewer than 2 kerbs. Generally each crossing should connect to at least 2 kerbs.
132921467,way,not appliable,not appliable,this crossing intersects fewer than 2 kerbs. Generally each crossing should connect to at least 2 kerbs.
132921469,way,not appliable,not appliable,this crossing intersects fewer than 2 kerbs. Generally each crossing should connect to at least 2 kerbs.
132921470,way,not appliable,not appliable,this crossing intersects fewer than 2 kerbs. Generally each crossing should connect to at least 2 kerbs.
132921471,way,not appliable,not appliable,this crossing intersects fewer than 2 kerbs. Generally each crossing should connect to at least 2 kerbs.
132921472,way,not appliable,not appliable,this crossing intersects fewer than 2 kerbs. Generally each crossing should connect to at least 2 kerbs.
133037661,way,not appliable,not appliable,this crossing intersects fewer than 2 kerbs. Generally each crossing should connect to at least 2 kerbs.
133037663,way,not appliable,not appliable,this crossing intersects fewer than 2 kerbs. Generally each crossing should connect to at least 2 kerbs.
133037665,way,not appliable,not appliable,this crossing intersects fewer than 2 kerbs. Generally each crossing should connect to at least 2 kerbs.
133037666,way,not appliable,not appliable,this crossing intersects fewer than 2 kerbs. Generally each crossing should connect to at least 2 kerbs.
133037667,way,not appliable,not appliable,this crossing intersects fewer than 2 kerbs. Generally each crossing should connect to at least 2 kerbs.
133037668,way,not appliable,not appliable,this crossing intersects fewer than 2 kerbs. Generally each crossing should connect to at least 2 kerbs.
133037670,way,not appliable,not appliable,this crossing intersects fewer than 2 kerbs. Generally each crossing should connect to at least 2 kerbs.
133037671,way,not appliable,not appliable,this crossing intersects fewer than 2 kerbs. Generally each crossing should connect to at least 2 kerbs.
133037672,way,not appliable,not appliable,this crossing intersects fewer than 2 kerbs. Generally each crossing should connect to at least 2 kerbs.
133037673,way,not appliable,not appliable,this crossing intersects fewer than 2 kerbs. Generally each crossing should connect to at least 2 kerbs.
133037674,way,not appliable,not appliable,this crossing intersects fewer than 2 kerbs. Generally each crossing should connect to at least 2 kerbs.
133037675,way,not appliable,not appliable,this crossing intersects fewer than 2 kerbs. Generally each crossing should connect to at least 2 kerbs.
133476649,way,not appliable,not appliable,this crossing intersects fewer than 2 kerbs. Generally each crossing should connect to at least 2 kerbs.
133476655,way,not appliable,not appliable,this crossing intersects fewer than 2 kerbs. Generally each crossing should connect to at least 2 kerbs.
133476742,way,not appliable,not appliable,this crossing intersects fewer than 2 kerbs. Generally each crossing should connect to at least 2 kerbs.
133476744,way,not appliable,not appliable,this crossing intersects fewer than 2 kerbs. Generally each crossing should connect to at least 2 kerbs.
133476747,way,not appliable,not appliable,this crossing intersects fewer than 2 kerbs. Generally each crossing should connect to at least 2 kerbs.
133476749,way,not appliable,not appliable,this crossing intersects fewer than 2 kerbs. Generally each crossing should connect to at least 2 kerbs.
133476750,way,not appliable,not appliable,this crossing intersects fewer than 2 kerbs. Generally each crossing should connect to at least 2 kerbs.
133476758,way,not appliable,not appliable,this crossing intersects fewer than 2 kerbs. Generally each crossing should connect to at least 2 kerbs.
133476760,way,not appliable,not appliable,this crossing intersects fewer than 2 kerbs. Generally each crossing should connect to at least 2 kerbs.
133476762,way,not appliable,not appliable,this crossing intersects fewer than 2 kerbs. Generally each crossing should connect to at least 2 kerbs.
133476764,way,not appliable,not appliable,this crossing intersects fewer than 2 kerbs. Generally each crossing should connect to at least 2 kerbs.
133476766,way,not appliable,not appliable,this crossing intersects fewer than 2 kerbs. Generally each crossing should connect to at least 2 kerbs.
133476770,way,not appliable,not appliable,this crossing intersects fewer than 2 kerbs. Generally each crossing should connect to at least 2 kerbs.
133476773,way,not appliable,not appliable,this crossing intersects fewer than 2 kerbs. Generally each crossing should connect to at least 2 kerbs.
133476778,way,not appliable,not appliable,this crossing intersects fewer than 2 kerbs. Generally each crossing should connect to at least 2 kerbs.
133476784,way,not appliable,not appliable,this crossing intersects fewer than 2 kerbs. Generally each crossing should connect to at least 2 kerbs.
133476787,way,not appliable,not appliable,this crossing intersects fewer than 2 kerbs. Generally each crossing should connect to at least 2 kerbs.
133476790,way,not appliable,not appliable,this crossing intersects fewer than 2 kerbs. Generally each crossing should connect to at least 2 kerbs.
133476791,way,not appliable,not appliable,this crossing intersects fewer than 2 kerbs. Generally each crossing should connect to at least 2 kerbs.
133476796,way,not appliable,not appliable,this crossing intersects fewer than 2 kerbs. Generally each crossing should connect to at least 2 kerbs.
133476797,way,not appliable,not appliable,this crossing intersects fewer than 2 kerbs. Generally each crossing should connect to at least 2 kerbs.
133476799,way,not appliable,not appliable,this crossing intersects fewer than 2 kerbs. Generally each crossing should connect to at least 2 kerbs.
133476802,way,not appliable,not appliable,this crossing intersects fewer than 2 kerbs. Generally each crossing should connect to at least 2 kerbs.
133476808,way,not appliable,not appliable,this crossing intersects fewer than 2 kerbs. Generally each crossing should connect to at least 2 kerbs.
133476810,way,not appliable,not appliable,this crossing intersects fewer than 2 kerbs. Generally each crossing should connect to at least 2 kerbs.
133476817,way,not appliable,not appliable,this crossing intersects fewer than 2 kerbs. Generally each crossing should connect to at least 2 kerbs.
133476821,way,not appliable,not appliable,this crossing intersects fewer than 2 kerbs. Generally each crossing should connect to at least 2 kerbs.
133476828,way,not appliable,not appliable,this crossing intersects fewer than 2 kerbs. Generally each crossing should connect to at least 2 kerbs.
133476836,way,not appliable,not appliable,this crossing intersects fewer than 2 kerbs. Generally each crossing should connect to at least 2 kerbs.
133476842,way,not appliable,not appliable,this crossing intersects fewer than 2 kerbs. Generally each crossing should connect to at least 2 kerbs.
133476844,way,not appliable,not appliable,this crossing intersects fewer than 2 kerbs. Generally each crossing should connect to at least 2 kerbs.
133731727,way,not appliable,not appliable,this crossing intersects fewer than 2 kerbs. Generally each crossing should connect to at least 2 kerbs.
133731728,way,not appliable,not appliable,this crossing intersects fewer than 2 kerbs. Generally each crossing should connect to at least 2 kerbs.
133731729,way,not appliable,not appliable,this crossing intersects fewer than 2 kerbs. Generally each crossing should connect to at least 2 kerbs.
133731732,way,not appliable,not appliable,this crossing intersects fewer than 2 kerbs. Generally each crossing should connect to at least 2 kerbs.
133731733,way,not appliable,not appliable,this crossing intersects fewer than 2 kerbs. Generally each crossing should connect to at least 2 kerbs.
133731734,way,not appliable,not appliable,this crossing intersects fewer than 2 kerbs. Generally each crossing should connect to at least 2 kerbs.
133813836,way,not appliable,not appliable,this crossing intersects fewer than 2 kerbs. Generally each crossing should connect to at least 2 kerbs.
133831513,way,not appliable,not appliable,this crossing intersects fewer than 2 kerbs. Generally each crossing should connect to at least 2 kerbs.
133831518,way,not appliable,not appliable,this crossing intersects fewer than 2 kerbs. Generally each crossing should connect to at least 2 kerbs.
133831524,way,not appliable,not appliable,this crossing intersects fewer than 2 kerbs. Generally each crossing should connect to at least 2 kerbs.
134102242,way,not appliable,not appliable,this crossing intersects fewer than 2 kerbs. Generally each crossing should connect to at least 2 kerbs.
134191605,way,not appliable,not appliable,this crossing intersects fewer than 2 kerbs. Generally each crossing should connect to at least 2 kerbs.
134191607,way,not appliable,not appliable,this crossing intersects fewer than 2 kerbs. Generally each crossing should connect to at least 2 kerbs.
134191608,way,not appliable,not appliable,this crossing intersects fewer than 2 kerbs. Generally each crossing should connect to at least 2 kerbs.
134191610,way,not appliable,not appliable,this crossing intersects fewer than 2 kerbs. Generally each crossing should connect to at least 2 kerbs.
134191611,way,not appliable,not appliable,this crossing intersects fewer than 2 kerbs. Generally each crossing should connect to at least 2 kerbs.
134191612,way,not appliable,not appliable,this crossing intersects fewer than 2 kerbs. Generally each crossing should connect to at least 2 kerbs.
134210102,way,not appliable,not appliable,this crossing intersects fewer than 2 kerbs. Generally each crossing should connect to at least 2 kerbs.
134210103,way,not appliable,not appliable,this crossing intersects fewer than 2 kerbs. Generally each crossing should connect to at least 2 kerbs.
134210108,way,not appliable,not appliable,this crossing intersects fewer than 2 kerbs. Generally each crossing should connect to at least 2 kerbs.
134302510,way,not appliable,not appliable,this crossing intersects fewer than 2 kerbs. Generally each crossing should connect to at least 2 kerbs.
135942572,way,not appliable,not appliable,this crossing intersects fewer than 2 kerbs. Generally each crossing should connect to at least 2 kerbs.
135942574,way,not appliable,not appliable,this crossing intersects fewer than 2 kerbs. Generally each crossing should connect to at least 2 kerbs.
135942575,way,not appliable,not appliable,this crossing intersects fewer than 2 kerbs. Generally each crossing should connect to at least 2 kerbs.
135942578,way,not appliable,not appliable,this crossing intersects fewer than 2 kerbs. Generally each crossing should connect to at least 2 kerbs.
135942579,way,not appliable,not appliable,this crossing intersects fewer than 2 kerbs. Generally each crossing should connect to at least 2 kerbs.
135942583,way,not appliable,not appliable,this crossing intersects fewer than 2 kerbs. Generally each crossing should connect to at least 2 kerbs.
135942585,way,not appliable,not appliable,this crossing intersects fewer than 2 kerbs. Generally each crossing should connect to at least 2 kerbs.
135942586,way,not appliable,not appliable,this crossing intersects fewer than 2 kerbs. Generally each crossing should connect to at least 2 kerbs.
135942588,way,not appliable,not appliable,this crossing intersects fewer than 2 kerbs. Generally each crossing should connect to at least 2 kerbs.
135942590,way,not appliable,not appliable,this crossing intersects fewer than 2 kerbs. Generally each crossing should connect to at least 2 kerbs.
135942592,way,not appliable,not appliable,this crossing intersects fewer than 2 kerbs. Generally each crossing should connect to at least 2 kerbs.
135942593,way,not appliable,not appliable,this crossing intersects fewer than 2 kerbs. Generally each crossing should connect to at least 2 kerbs.
135942594,way,not appliable,not appliable,this crossing intersects fewer than 2 kerbs. Generally each crossing should connect to at least 2 kerbs.
135942597,way,not appliable,not appliable,this crossing intersects fewer than 2 kerbs. Generally each crossing should connect to at least 2 kerbs.
135942598,way,not appliable,not appliable,this crossing intersects fewer than 2 kerbs. Generally each crossing should connect to at least 2 kerbs.
135942600,way,not appliable,not appliable,this crossing intersects fewer than 2 kerbs. Generally each crossing should connect to at least 2 kerbs.
135942602,way,not appliable,not appliable,this crossing intersects fewer than 2 kerbs. Generally each crossing should connect to at least 2 kerbs.
135942603,way,not appliable,not appliable,this crossing intersects fewer than 2 kerbs. Generally each crossing should connect to at least 2 kerbs.
135942605,way,not appliable,not appliable,this crossing intersects fewer than 2 kerbs. Generally each crossing should connect to at least 2 kerbs.
136396770,way,not appliable,not appliable,this crossing intersects fewer than 2 kerbs. Generally each crossing should connect to at least 2 kerbs.
136396771,way,not appliable,not appliable,this crossing intersects fewer than 2 kerbs. Generally each crossing should connect to at least 2 kerbs.
136396772,way,not appliable,not appliable,this crossing intersects fewer than 2 kerbs. Generally each crossing should connect to at least 2 kerbs.
136396773,way,not appliable,not appliable,this crossing intersects fewer than 2 kerbs. Generally each crossing should connect to at least 2 kerbs.
136396775,way,not appliable,not appliable,this crossing intersects fewer than 2 kerbs. Generally each crossing should connect to at least 2 kerbs.
136396776,way,not appliable,not appliable,this crossing intersects fewer than 2 kerbs. Generally each crossing should connect to at least 2 kerbs.
136396778,way,not appliable,not appliable,this crossing intersects fewer than 2 kerbs. Generally each crossing should connect to at least 2 kerbs.
136396779,way,not appliable,not appliable,this crossing intersects fewer than 2 kerbs. Generally each crossing should connect to at least 2 kerbs.
136396780,way,not appliable,not appliable,this crossing intersects fewer than 2 kerbs. Generally each crossing should connect to at least 2 kerbs.
136396781,way,not appliable,not appliable,this crossing intersects fewer than 2 kerbs. Generally each crossing should connect to at least 2 kerbs.
136396782,way,not appliable,not appliable,this crossing intersects fewer than 2 kerbs. Generally each crossing should connect to at least 2 kerbs.
136396783,way,not appliable,not appliable,this crossing intersects fewer than 2 kerbs. Generally each crossing should connect to at least 2 kerbs.
136396785,way,not appliable,not appliable,this crossing intersects fewer than 2 kerbs. Generally each crossing should connect to at least 2 kerbs.
136396787,way,not appliable,not appliable,this crossing intersects fewer than 2 kerbs. Generally each crossing should connect to at least 2 kerbs.
136396788,way,not appliable,not appliable,this crossing intersects fewer than 2 kerbs. Generally each crossing should connect to at least 2 kerbs.
136396789,way,not appliable,not appliable,this crossing intersects fewer than 2 kerbs. Generally each crossing should connect to at least 2 kerbs.
136396790,way,not appliable,not appliable,this crossing intersects fewer than 2 kerbs. Generally each crossing should connect to at least 2 kerbs.
136396791,way,not appliable,not appliable,this crossing intersects fewer than 2 kerbs. Generally each crossing should connect to at least 2 kerbs.
136396792,way,not appliable,not appliable,this crossing intersects fewer than 2 kerbs. Generally each crossing should connect to at least 2 kerbs.
136396794,way,not appliable,not appliable,this crossing intersects fewer than 2 kerbs. Generally each crossing should connect to at least 2 kerbs.
136396795,way,not appliable,not appliable,this crossing intersects fewer than 2 kerbs. Generally each crossing should connect to at least 2 kerbs.
136396797,way,not appliable,not appliable,this crossing intersects fewer than 2 kerbs. Generally each crossing should connect to at least 2 kerbs.
136396799,way,not appliable,not appliable,this crossing intersects fewer than 2 kerbs. Generally each crossing should connect to at least 2 kerbs.
136396801,way,not appliable,not appliable,this crossing intersects fewer than 2 kerbs. Generally each crossing should connect to at least 2 kerbs.
136396802,way,not appliable,not appliable,this crossing intersects fewer than 2 kerbs. Generally each crossing should connect to at least 2 kerbs.
136396805,way,not appliable,not appliable,this crossing intersects fewer than 2 kerbs. Generally each crossing should connect to at least 2 kerbs.
136482512,way,not appliable,not appliable,this crossing intersects fewer than 2 kerbs. Generally each crossing should connect to at least 2 kerbs.
136482513,way,not appliable,not appliable,this crossing intersects fewer than 2 kerbs. Generally each crossing should connect to at least 2 kerbs.
136482515,way,not appliable,not appliable,this crossing intersects fewer than 2 kerbs. Generally each crossing should connect to at least 2 kerbs.
136482516,way,not appliable,not appliable,this crossing intersects fewer than 2 kerbs. Generally each crossing should connect to at least 2 kerbs.
136482518,way,not appliable,not appliable,this crossing intersects fewer than 2 kerbs. Generally each crossing should connect to at least 2 kerbs.
136482520,way,not appliable,not appliable,this crossing intersects fewer than 2 kerbs. Generally each crossing should connect to at least 2 kerbs.
136482523,way,not appliable,not appliable,this crossing intersects fewer than 2 kerbs. Generally each crossing should connect to at least 2 kerbs.
136482527,way,not appliable,not appliable,this crossing intersects fewer than 2 kerbs. Generally each crossing should connect to at least 2 kerbs.
136482530,way,not appliable,not appliable,this crossing intersects fewer than 2 kerbs. Generally each crossing should connect to at least 2 kerbs.
136482532,way,not appliable,not appliable,this crossing intersects fewer than 2 kerbs. Generally each crossing should connect to at least 2 kerbs.
136482533,way,not appliable,not appliable,this crossing intersects fewer than 2 kerbs. Generally each crossing should connect to at least 2 kerbs.
136482534,way,not appliable,not appliable,this crossing intersects fewer than 2 kerbs. Generally each crossing should connect to at least 2 kerbs.
136482535,way,not appliable,not appliable,this crossing intersects fewer than 2 kerbs. Generally each crossing should connect to at least 2 kerbs.
136482536,way,not appliable,not appliable,this crossing intersects fewer than 2 kerbs. Generally each crossing should connect to at least 2 kerbs.
136482537,way,not appliable,not appliable,this crossing intersects fewer than 2 kerbs. Generally each crossing should connect to at least 2 kerbs.
136482538,way,not appliable,not appliable,this crossing intersects fewer than 2 kerbs. Generally each crossing should connect to at least 2 kerbs.
136482539,way,not appliable,not appliable,this crossing intersects fewer than 2 kerbs. Generally each crossing should connect to at least 2 kerbs.
136482540,way,not appliable,not appliable,this crossing intersects fewer than 2 kerbs. Generally each crossing should connect to at least 2 kerbs.
136482541,way,not appliable,not appliable,this crossing intersects fewer than 2 kerbs. Generally each crossing should connect to at least 2 kerbs.
136482542,way,not appliable,not appliable,this crossing intersects fewer than 2 kerbs. Generally each crossing should connect to at least 2 kerbs.
136482543,way,not appliable,not appliable,this crossing intersects fewer than 2 kerbs. Generally each crossing should connect to at least 2 kerbs.
136482544,way,not appliable,not appliable,this crossing intersects fewer than 2 kerbs. Generally each crossing should connect to at least 2 kerbs.
136482545,way,not appliable,not appliable,this crossing intersects fewer than 2 kerbs. Generally each crossing should connect to at least 2 kerbs.
136482546,way,not appliable,not appliable,this crossing intersects fewer than 2 kerbs. Generally each crossing should connect to at least 2 kerbs.
136482547,way,not appliable,not appliable,this crossing intersects fewer than 2 kerbs. Generally each crossing should connect to at least 2 kerbs.
136482548,way,not appliable,not appliable,this crossing intersects fewer than 2 kerbs. Generally each crossing should connect to at least 2 kerbs.
136482549,way,not appliable,not appliable,this crossing intersects fewer than 2 kerbs. Generally each crossing should connect to at least 2 kerbs.
136482552,way,not appliable,not appliable,this crossing intersects fewer than 2 kerbs. Generally each crossing should connect to at least 2 kerbs.
136482556,way,not appliable,not appliable,this crossing intersects fewer than 2 kerbs. Generally each crossing should connect to at least 2 kerbs.
136599009,way,not appliable,not appliable,this crossing intersects fewer than 2 kerbs. Generally each crossing should connect to at least 2 kerbs.
136599011,way,not appliable,not appliable,this crossing intersects fewer than 2 kerbs. Generally each crossing should connect to at least 2 kerbs.
136599012,way,not appliable,not appliable,this crossing intersects fewer than 2 kerbs. Generally each crossing should connect to at least 2 kerbs.
136599013,way,not appliable,not appliable,this crossing intersects fewer than 2 kerbs. Generally each crossing should connect to at least 2 kerbs.
136599014,way,not appliable,not appliable,this crossing intersects fewer than 2 kerbs. Generally each crossing should connect to at least 2 kerbs.
136599016,way,not appliable,not appliable,this crossing intersects fewer than 2 kerbs. Generally each crossing should connect to at least 2 kerbs.
136599017,way,not appliable,not appliable,this crossing intersects fewer than 2 kerbs. Generally each crossing should connect to at least 2 kerbs.
136599019,way,not appliable,not appliable,this crossing intersects fewer than 2 kerbs. Generally each crossing should connect to at least 2 kerbs.
136599020,way,not appliable,not appliable,this crossing intersects fewer than 2 kerbs. Generally each crossing should connect to at least 2 kerbs.
136599021,way,not appliable,not appliable,this crossing intersects fewer than 2 kerbs. Generally each crossing should connect to at least 2 kerbs.
136599022,way,not appliable,not appliable,this crossing intersects fewer than 2 kerbs. Generally each crossing should connect to at least 2 kerbs.
136599023,way,not appliable,not appliable,this crossing intersects fewer than 2 kerbs. Generally each crossing should connect to at least 2 kerbs.
136599024,way,not appliable,not appliable,this crossing intersects fewer than 2 kerbs. Generally each crossing should connect to at least 2 kerbs.
136599031,way,not appliable,not appliable,this crossing intersects fewer than 2 kerbs. Generally each crossing should connect to at least 2 kerbs.
136706318,way,not appliable,not appliable,this crossing intersects fewer than 2 kerbs. Generally each crossing should connect to at least 2 kerbs.
136706319,way,not appliable,not appliable,this crossing intersects fewer than 2 kerbs. Generally each crossing should connect to at least 2 kerbs.
136706320,way,not appliable,not appliable,this crossing intersects fewer than 2 kerbs. Generally each crossing should connect to at least 2 kerbs.
136706321,way,not appliable,not appliable,this crossing intersects fewer than 2 kerbs. Generally each crossing should connect to at least 2 kerbs.
136706322,way,not appliable,not appliable,this crossing intersects fewer than 2 kerbs. Generally each crossing should connect to at least 2 kerbs.
136706325,way,not appliable,not appliable,this crossing intersects fewer than 2 kerbs. Generally each crossing should connect to at least 2 kerbs.
136706327,way,not appliable,not appliable,this crossing intersects fewer than 2 kerbs. Generally each crossing should connect to at least 2 kerbs.
136706328,way,not appliable,not appliable,this crossing intersects fewer than 2 kerbs. Generally each crossing should connect to at least 2 kerbs.
136706329,way,not appliable,not appliable,this crossing intersects fewer than 2 kerbs. Generally each crossing should connect to at least 2 kerbs.
136706331,way,not appliable,not appliable,this crossing intersects fewer than 2 kerbs. Generally each crossing should connect to at least 2 kerbs.
136706334,way,not appliable,not appliable,this crossing intersects fewer than 2 kerbs. Generally each crossing should connect to at least 2 kerbs.
136706335,way,not appliable,not appliable,this crossing intersects fewer than 2 kerbs. Generally each crossing should connect to at least 2 kerbs.
136706336,way,not appliable,not appliable,this crossing intersects fewer than 2 kerbs. Generally each crossing should connect to at least 2 kerbs.
136706338,way,not appliable,not appliable,this crossing intersects fewer than 2 kerbs. Generally each crossing should connect to at least 2 kerbs.
136706339,way,not appliable,not appliable,this crossing intersects fewer than 2 kerbs. Generally each crossing should connect to at least 2 kerbs.
136706340,way,not appliable,not appliable,this crossing intersects fewer than 2 kerbs. Generally each crossing should connect to at least 2 kerbs.
136706341,way,not appliable,not appliable,this crossing intersects fewer than 2 kerbs. Generally each crossing should connect to at least 2 kerbs.
136706342,way,not appliable,not appliable,this crossing intersects fewer than 2 kerbs. Generally each crossing should connect to at least 2 kerbs.
136706343,way,not appliable,not appliable,this crossing intersects fewer than 2 kerbs. Generally each crossing should connect to at least 2 kerbs.
136706346,way,not appliable,not appliable,this crossing intersects fewer than 2 kerbs. Generally each crossing should connect to at least 2 kerbs.
136706347,way,not appliable,not appliable,this crossing intersects fewer than 2 kerbs. Generally each crossing should connect to at least 2 kerbs.
136706348,way,not appliable,not appliable,this crossing intersects fewer than 2 kerbs. Generally each crossing should connect to at least 2 kerbs.
136706349,way,not appliable,not appliable,this crossing intersects fewer than 2 kerbs. Generally each crossing should connect to at least 2 kerbs.
136706354,way,not appliable,not appliable,this crossing intersects fewer than 2 kerbs. Generally each crossing should connect to at least 2 kerbs.
136717821,way,not appliable,not appliable,this crossing intersects fewer than 2 kerbs. Generally each crossing should connect to at least 2 kerbs.
136717824,way,not appliable,not appliable,this crossing intersects fewer than 2 kerbs. Generally each crossing should connect to at least 2 kerbs.
136717826,way,not appliable,not appliable,this crossing intersects fewer than 2 kerbs. Generally each crossing should connect to at least 2 kerbs.
136717848,way,not appliable,not appliable,this crossing intersects fewer than 2 kerbs. Generally each crossing should connect to at least 2 kerbs.
136717851,way,not appliable,not appliable,this crossing intersects fewer than 2 kerbs. Generally each crossing should connect to at least 2 kerbs.
136717853,way,not appliable,not appliable,this crossing intersects fewer than 2 kerbs. Generally each crossing should connect to at least 2 kerbs.
136717870,way,not appliable,not appliable,this crossing intersects fewer than 2 kerbs. Generally each crossing should connect to at least 2 kerbs.
136717873,way,not appliable,not appliable,this crossing intersects fewer than 2 kerbs. Generally each crossing should connect to at least 2 kerbs.
136809038,way,not appliable,not appliable,this crossing intersects fewer than 2 kerbs. Generally each crossing should connect to at least 2 kerbs.
136809039,way,not appliable,not appliable,this crossing intersects fewer than 2 kerbs. Generally each crossing should connect to at least 2 kerbs.
136809040,way,not appliable,not appliable,this crossing intersects fewer than 2 kerbs. Generally each crossing should connect to at least 2 kerbs.
136809041,way,not appliable,not appliable,this crossing intersects fewer than 2 kerbs. Generally each crossing should connect to at least 2 kerbs.
136809042,way,not appliable,not appliable,this crossing intersects fewer than 2 kerbs. Generally each crossing should connect to at least 2 kerbs.
136809043,way,not appliable,not appliable,this crossing intersects fewer than 2 kerbs. Generally each crossing should connect to at least 2 kerbs.
136809045,way,not appliable,not appliable,this crossing intersects fewer than 2 kerbs. Generally each crossing should connect to at least 2 kerbs.
136809047,way,not appliable,not appliable,this crossing intersects fewer than 2 kerbs. Generally each crossing should connect to at least 2 kerbs.
136809048,way,not appliable,not appliable,this crossing intersects fewer than 2 kerbs. Generally each crossing should connect to at least 2 kerbs.
136809049,way,not appliable,not appliable,this crossing intersects fewer than 2 kerbs. Generally each crossing should connect to at least 2 kerbs.
136809050,way,not appliable,not appliable,this crossing intersects fewer than 2 kerbs. Generally each crossing should connect to at least 2 kerbs.
136809051,way,not appliable,not appliable,this crossing intersects fewer than 2 kerbs. Generally each crossing should connect to at least 2 kerbs.
136809053,way,not appliable,not appliable,this crossing intersects fewer than 2 kerbs. Generally each crossing should connect to at least 2 kerbs.
136809055,way,not appliable,not appliable,this crossing intersects fewer than 2 kerbs. Generally each crossing should connect to at least 2 kerbs.
136809056,way,not appliable,not appliable,this crossing intersects fewer than 2 kerbs. Generally each crossing should connect to at least 2 kerbs.
136809057,way,not appliable,not appliable,this crossing intersects fewer than 2 kerbs. Generally each crossing should connect to at least 2 kerbs.
136809059,way,not appliable,not appliable,this crossing intersects fewer than 2 kerbs. Generally each crossing should connect to at least 2 kerbs.
136809060,way,not appliable,not appliable,this crossing intersects fewer than 2 kerbs. Generally each crossing should connect to at least 2 kerbs.
136809061,way,not appliable,not appliable,this crossing intersects fewer than 2 kerbs. Generally each crossing should connect to at least 2 kerbs.
136809063,way,not appliable,not appliable,this crossing intersects fewer than 2 kerbs. Generally each crossing should connect to at least 2 kerbs.
136809065,way,not appliable,not appliable,this crossing intersects fewer than 2 kerbs. Generally each crossing should connect to at least 2 kerbs.
136809066,way,not appliable,not appliable,this crossing intersects fewer than 2 kerbs. Generally each crossing should connect to at least 2 kerbs.
136809067,way,not appliable,not appliable,this crossing intersects fewer than 2 kerbs. Generally each crossing should connect to at least 2 kerbs.
136809068,way,not appliable,not appliable,this crossing intersects fewer than 2 kerbs. Generally each crossing should connect to at least 2 kerbs.
136809069,way,not appliable,not appliable,this crossing intersects fewer than 2 kerbs. Generally each crossing should connect to at least 2 kerbs.
136809070,way,not appliable,not appliable,this crossing intersects fewer than 2 kerbs. Generally each crossing should connect to at least 2 kerbs.
136809071,way,not appliable,not appliable,this crossing intersects fewer than 2 kerbs. Generally each crossing should connect to at least 2 kerbs.
136809072,way,not appliable,not appliable,this crossing intersects fewer than 2 kerbs. Generally each crossing should connect to at least 2 kerbs.
136809073,way,not appliable,not appliable,this crossing intersects fewer than 2 kerbs. Generally each crossing should connect to at least 2 kerbs.
136809074,way,not appliable,not appliable,this crossing intersects fewer than 2 kerbs. Generally each crossing should connect to at least 2 kerbs.
136809075,way,not appliable,not appliable,this crossing intersects fewer than 2 kerbs. Generally each crossing should connect to at least 2 kerbs.
136809076,way,not appliable,not appliable,this crossing intersects fewer than 2 kerbs. Generally each crossing should connect to at least 2 kerbs.
136809078,way,not appliable,not appliable,this crossing intersects fewer than 2 kerbs. Generally each crossing should connect to at least 2 kerbs.
136809080,way,not appliable,not appliable,this crossing intersects fewer than 2 kerbs. Generally each crossing should connect to at least 2 kerbs.
136809081,way,not appliable,not appliable,this crossing intersects fewer than 2 kerbs. Generally each crossing should connect to at least 2 kerbs.
136809082,way,not appliable,not appliable,this crossing intersects fewer than 2 kerbs. Generally each crossing should connect to at least 2 kerbs.
136809083,way,not appliable,not appliable,this crossing intersects fewer than 2 kerbs. Generally each crossing should connect to at least 2 kerbs.
136809084,way,not appliable,not appliable,this crossing intersects fewer than 2 kerbs. Generally each crossing should connect to at least 2 kerbs.
136809087,way,not appliable,not appliable,this crossing intersects fewer than 2 kerbs. Generally each crossing should connect to at least 2 kerbs.
136809088,way,not appliable,not appliable,this crossing intersects fewer than 2 kerbs. Generally each crossing should connect to at least 2 kerbs.
136809089,way,not appliable,not appliable,this crossing intersects fewer than 2 kerbs. Generally each crossing should connect to at least 2 kerbs.
136809090,way,not appliable,not appliable,this crossing intersects fewer than 2 kerbs. Generally each crossing should connect to at least 2 kerbs.
136809094,way,not appliable,not appliable,this crossing intersects fewer than 2 kerbs. Generally each crossing should connect to at least 2 kerbs.
136809095,way,not appliable,not appliable,this crossing intersects fewer than 2 kerbs. Generally each crossing should connect to at least 2 kerbs.
136809097,way,not appliable,not appliable,this crossing intersects fewer than 2 kerbs. Generally each crossing should connect to at least 2 kerbs.
136962850,way,not appliable,not appliable,this crossing intersects fewer than 2 kerbs. Generally each crossing should connect to at least 2 kerbs.
136962852,way,not appliable,not appliable,this crossing intersects fewer than 2 kerbs. Generally each crossing should connect to at least 2 kerbs.
136962853,way,not appliable,not appliable,this crossing intersects fewer than 2 kerbs. Generally each crossing should connect to at least 2 kerbs.
136962854,way,not appliable,not appliable,this crossing intersects fewer than 2 kerbs. Generally each crossing should connect to at least 2 kerbs.
136962855,way,not appliable,not appliable,this crossing intersects fewer than 2 kerbs. Generally each crossing should connect to at least 2 kerbs.
136962856,way,not appliable,not appliable,this crossing intersects fewer than 2 kerbs. Generally each crossing should connect to at least 2 kerbs.
136962858,way,not appliable,not appliable,this crossing intersects fewer than 2 kerbs. Generally each crossing should connect to at least 2 kerbs.
136962860,way,not appliable,not appliable,this crossing intersects fewer than 2 kerbs. Generally each crossing should connect to at least 2 kerbs.
136962861,way,not appliable,not appliable,this crossing intersects fewer than 2 kerbs. Generally each crossing should connect to at least 2 kerbs.
136962862,way,not appliable,not appliable,this crossing intersects fewer than 2 kerbs. Generally each crossing should connect to at least 2 kerbs.
136962864,way,not appliable,not appliable,this crossing intersects fewer than 2 kerbs. Generally each crossing should connect to at least 2 kerbs.
136962865,way,not appliable,not appliable,this crossing intersects fewer than 2 kerbs. Generally each crossing should connect to at least 2 kerbs.
136962868,way,not appliable,not appliable,this crossing intersects fewer than 2 kerbs. Generally each crossing should connect to at least 2 kerbs.
136962871,way,not appliable,not appliable,this crossing intersects fewer than 2 kerbs. Generally each crossing should connect to at least 2 kerbs.
136962872,way,not appliable,not appliable,this crossing intersects fewer than 2 kerbs. Generally each crossing should connect to at least 2 kerbs.
136962873,way,not appliable,not appliable,this crossing intersects fewer than 2 kerbs. Generally each crossing should connect to at least 2 kerbs.
136962874,way,not appliable,not appliable,this crossing intersects fewer than 2 kerbs. Generally each crossing should connect to at least 2 kerbs.
136962876,way,not appliable,not appliable,this crossing intersects fewer than 2 kerbs. Generally each crossing should connect to at least 2 kerbs.
136962877,way,not appliable,not appliable,this crossing intersects fewer than 2 kerbs. Generally each crossing should connect to at least 2 kerbs.
136962878,way,not appliable,not appliable,this crossing intersects fewer than 2 kerbs. Generally each crossing should connect to at least 2 kerbs.
136962880,way,not appliable,not appliable,this crossing intersects fewer than 2 kerbs. Generally each crossing should connect to at least 2 kerbs.
136962882,way,not appliable,not appliable,this crossing intersects fewer than 2 kerbs. Generally each crossing should connect to at least 2 kerbs.
136962883,way,not appliable,not appliable,this crossing intersects fewer than 2 kerbs. Generally each crossing should connect to at least 2 kerbs.
136962886,way,not appliable,not appliable,this crossing intersects fewer than 2 kerbs. Generally each crossing should connect to at least 2 kerbs.
136962887,way,not appliable,not appliable,this crossing intersects fewer than 2 kerbs. Generally each crossing should connect to at least 2 kerbs.
136962889,way,not appliable,not appliable,this crossing intersects fewer than 2 kerbs. Generally each crossing should connect to at least 2 kerbs.
136962890,way,not appliable,not appliable,this crossing intersects fewer than 2 kerbs. Generally each crossing should connect to at least 2 kerbs.
136962891,way,not appliable,not appliable,this crossing intersects fewer than 2 kerbs. Generally each crossing should connect to at least 2 kerbs.
136962892,way,not appliable,not appliable,this crossing intersects fewer than 2 kerbs. Generally each crossing should connect to at least 2 kerbs.
136962894,way,not appliable,not appliable,this crossing intersects fewer than 2 kerbs. Generally each crossing should connect to at least 2 kerbs.
136962895,way,not appliable,not appliable,this crossing intersects fewer than 2 kerbs. Generally each crossing should connect to at least 2 kerbs.
136962898,way,not appliable,not appliable,this crossing intersects fewer than 2 kerbs. Generally each crossing should connect to at least 2 kerbs.
136962900,way,not appliable,not appliable,this crossing intersects fewer than 2 kerbs. Generally each crossing should connect to at least 2 kerbs.
136962901,way,not appliable,not appliable,this crossing intersects fewer than 2 kerbs. Generally each crossing should connect to at least 2 kerbs.
136962902,way,not appliable,not appliable,this crossing intersects fewer than 2 kerbs. Generally each crossing should connect to at least 2 kerbs.
136962903,way,not appliable,not appliable,this crossing intersects fewer than 2 kerbs. Generally each crossing should connect to at least 2 kerbs.
136962904,way,not appliable,not appliable,this crossing intersects fewer than 2 kerbs. Generally each crossing should connect to at least 2 kerbs.
136962908,way,not appliable,not appliable,this crossing intersects fewer than 2 kerbs. Generally each crossing should connect to at least 2 kerbs.
136962909,way,not appliable,not appliable,this crossing intersects fewer than 2 kerbs. Generally each crossing should connect to at least 2 kerbs.
136962910,way,not appliable,not appliable,this crossing intersects fewer than 2 kerbs. Generally each crossing should connect to at least 2 kerbs.
136962912,way,not appliable,not appliable,this crossing intersects fewer than 2 kerbs. Generally each crossing should connect to at least 2 kerbs.
136962913,way,not appliable,not appliable,this crossing intersects fewer than 2 kerbs. Generally each crossing should connect to at least 2 kerbs.
136962914,way,not appliable,not appliable,this crossing intersects fewer than 2 kerbs. Generally each crossing should connect to at least 2 kerbs.
136962916,way,not appliable,not appliable,this crossing intersects fewer than 2 kerbs. Generally each crossing should connect to at least 2 kerbs.
136962917,way,not appliable,not appliable,this crossing intersects fewer than 2 kerbs. Generally each crossing should connect to at least 2 kerbs.
136962918,way,not appliable,not appliable,this crossing intersects fewer than 2 kerbs. Generally each crossing should connect to at least 2 kerbs.
136962919,way,not appliable,not appliable,this crossing intersects fewer than 2 kerbs. Generally each crossing should connect to at least 2 kerbs.
136962920,way,not appliable,not appliable,this crossing intersects fewer than 2 kerbs. Generally each crossing should connect to at least 2 kerbs.
136962922,way,not appliable,not appliable,this crossing intersects fewer than 2 kerbs. Generally each crossing should connect to at least 2 kerbs.
136962924,way,not appliable,not appliable,this crossing intersects fewer than 2 kerbs. Generally each crossing should connect to at least 2 kerbs.
136962926,way,not appliable,not appliable,this crossing intersects fewer than 2 kerbs. Generally each crossing should connect to at least 2 kerbs.
136962927,way,not appliable,not appliable,this crossing intersects fewer than 2 kerbs. Generally each crossing should connect to at least 2 kerbs.
136962932,way,not appliable,not appliable,this crossing intersects fewer than 2 kerbs. Generally each crossing should connect to at least 2 kerbs.
136962934,way,not appliable,not appliable,this crossing intersects fewer than 2 kerbs. Generally each crossing should connect to at least 2 kerbs.
136962939,way,not appliable,not appliable,this crossing intersects fewer than 2 kerbs. Generally each crossing should connect to at least 2 kerbs.
136962940,way,not appliable,not appliable,this crossing intersects fewer than 2 kerbs. Generally each crossing should connect to at least 2 kerbs.
136962944,way,not appliable,not appliable,this crossing intersects fewer than 2 kerbs. Generally each crossing should connect to at least 2 kerbs.
136962946,way,not appliable,not appliable,this crossing intersects fewer than 2 kerbs. Generally each crossing should connect to at least 2 kerbs.
136962947,way,not appliable,not appliable,this crossing intersects fewer than 2 kerbs. Generally each crossing should connect to at least 2 kerbs.
136962948,way,not appliable,not appliable,this crossing intersects fewer than 2 kerbs. Generally each crossing should connect to at least 2 kerbs.
136962950,way,not appliable,not appliable,this crossing intersects fewer than 2 kerbs. Generally each crossing should connect to at least 2 kerbs.
136973651,way,not appliable,not appliable,this crossing intersects fewer than 2 kerbs. Generally each crossing should connect to at least 2 kerbs.
136973653,way,not appliable,not appliable,this crossing intersects fewer than 2 kerbs. Generally each crossing should connect to at least 2 kerbs.
136973654,way,not appliable,not appliable,this crossing intersects fewer than 2 kerbs. Generally each crossing should connect to at least 2 kerbs.
136973657,way,not appliable,not appliable,this crossing intersects fewer than 2 kerbs. Generally each crossing should connect to at least 2 kerbs.
136973658,way,not appliable,not appliable,this crossing intersects fewer than 2 kerbs. Generally each crossing should connect to at least 2 kerbs.
136973661,way,not appliable,not appliable,this crossing intersects fewer than 2 kerbs. Generally each crossing should connect to at least 2 kerbs.
136973663,way,not appliable,not appliable,this crossing intersects fewer than 2 kerbs. Generally each crossing should connect to at least 2 kerbs.
136973666,way,not appliable,not appliable,this crossing intersects fewer than 2 kerbs. Generally each crossing should connect to at least 2 kerbs.
136973667,way,not appliable,not appliable,this crossing intersects fewer than 2 kerbs. Generally each crossing should connect to at least 2 kerbs.
136973669,way,not appliable,not appliable,this crossing intersects fewer than 2 kerbs. Generally each crossing should connect to at least 2 kerbs.
136973670,way,not appliable,not appliable,this crossing intersects fewer than 2 kerbs. Generally each crossing should connect to at least 2 kerbs.
137071319,way,not appliable,not appliable,this crossing intersects fewer than 2 kerbs. Generally each crossing should connect to at least 2 kerbs.
137071357,way,not appliable,not appliable,this crossing intersects fewer than 2 kerbs. Generally each crossing should connect to at least 2 kerbs.
137071359,way,not appliable,not appliable,this crossing intersects fewer than 2 kerbs. Generally each crossing should connect to at least 2 kerbs.
137071361,way,not appliable,not appliable,this crossing intersects fewer than 2 kerbs. Generally each crossing should connect to at least 2 kerbs.
137071362,way,not appliable,not appliable,this crossing intersects fewer than 2 kerbs. Generally each crossing should connect to at least 2 kerbs.
137071363,way,not appliable,not appliable,this crossing intersects fewer than 2 kerbs. Generally each crossing should connect to at least 2 kerbs.
137071365,way,not appliable,not appliable,this crossing intersects fewer than 2 kerbs. Generally each crossing should connect to at least 2 kerbs.
137071367,way,not appliable,not appliable,this crossing intersects fewer than 2 kerbs. Generally each crossing should connect to at least 2 kerbs.
137071368,way,not appliable,not appliable,this crossing intersects fewer than 2 kerbs. Generally each crossing should connect to at least 2 kerbs.
137071369,way,not appliable,not appliable,this crossing intersects fewer than 2 kerbs. Generally each crossing should connect to at least 2 kerbs.
137071370,way,not appliable,not appliable,this crossing intersects fewer than 2 kerbs. Generally each crossing should connect to at least 2 kerbs.
137071373,way,not appliable,not appliable,this crossing intersects fewer than 2 kerbs. Generally each crossing should connect to at least 2 kerbs.
137071374,way,not appliable,not appliable,this crossing intersects fewer than 2 kerbs. Generally each crossing should connect to at least 2 kerbs.
137071375,way,not appliable,not appliable,this crossing intersects fewer than 2 kerbs. Generally each crossing should connect to at least 2 kerbs.
137071383,way,not appliable,not appliable,this crossing intersects fewer than 2 kerbs. Generally each crossing should connect to at least 2 kerbs.
137071384,way,not appliable,not appliable,this crossing intersects fewer than 2 kerbs. Generally each crossing should connect to at least 2 kerbs.
139216561,way,not appliable,not appliable,this crossing intersects fewer than 2 kerbs. Generally each crossing should connect to at least 2 kerbs.
139216588,way,not appliable,not appliable,this crossing intersects fewer than 2 kerbs. Generally each crossing should connect to at least 2 kerbs.
139216601,way,not appliable,not appliable,this crossing intersects fewer than 2 kerbs. Generally each crossing should connect to at least 2 kerbs.
139216606,way,not appliable,not appliable,this crossing intersects fewer than 2 kerbs. Generally each crossing should connect to at least 2 kerbs.
139216607,way,not appliable,not appliable,this crossing intersects fewer than 2 kerbs. Generally each crossing should connect to at least 2 kerbs.
139216614,way,not appliable,not appliable,this crossing intersects fewer than 2 kerbs. Generally each crossing should connect to at least 2 kerbs.
139216616,way,not appliable,not appliable,this crossing intersects fewer than 2 kerbs. Generally each crossing should connect to at least 2 kerbs.
139216620,way,not appliable,not appliable,this crossing intersects fewer than 2 kerbs. Generally each crossing should connect to at least 2 kerbs.
139216621,way,not appliable,not appliable,this crossing intersects fewer than 2 kerbs. Generally each crossing should connect to at least 2 kerbs.
139216629,way,not appliable,not appliable,this crossing intersects fewer than 2 kerbs. Generally each crossing should connect to at least 2 kerbs.
139216630,way,not appliable,not appliable,this crossing intersects fewer than 2 kerbs. Generally each crossing should connect to at least 2 kerbs.
139216632,way,not appliable,not appliable,this crossing intersects fewer than 2 kerbs. Generally each crossing should connect to at least 2 kerbs.
139216641,way,not appliable,not appliable,this crossing intersects fewer than 2 kerbs. Generally each crossing should connect to at least 2 kerbs.
139216659,way,not appliable,not appliable,this crossing intersects fewer than 2 kerbs. Generally each crossing should connect to at least 2 kerbs.
139323701,way,not appliable,not appliable,this crossing intersects fewer than 2 kerbs. Generally each crossing should connect to at least 2 kerbs.
139323709,way,not appliable,not appliable,this crossing intersects fewer than 2 kerbs. Generally each crossing should connect to at least 2 kerbs.
139323712,way,not appliable,not appliable,this crossing intersects fewer than 2 kerbs. Generally each crossing should connect to at least 2 kerbs.
139334097,way,not appliable,not appliable,this crossing intersects fewer than 2 kerbs. Generally each crossing should connect to at least 2 kerbs.
139334098,way,not appliable,not appliable,this crossing intersects fewer than 2 kerbs. Generally each crossing should connect to at least 2 kerbs.
139334101,way,not appliable,not appliable,this crossing intersects fewer than 2 kerbs. Generally each crossing should connect to at least 2 kerbs.
139334102,way,not appliable,not appliable,this crossing intersects fewer than 2 kerbs. Generally each crossing should connect to at least 2 kerbs.
139334103,way,not appliable,not appliable,this crossing intersects fewer than 2 kerbs. Generally each crossing should connect to at least 2 kerbs.
139334104,way,not appliable,not appliable,this crossing intersects fewer than 2 kerbs. Generally each crossing should connect to at least 2 kerbs.
139334105,way,not appliable,not appliable,this crossing intersects fewer than 2 kerbs. Generally each crossing should connect to at least 2 kerbs.
139334106,way,not appliable,not appliable,this crossing intersects fewer than 2 kerbs. Generally each crossing should connect to at least 2 kerbs.
139334108,way,not appliable,not appliable,this crossing intersects fewer than 2 kerbs. Generally each crossing should connect to at least 2 kerbs.
139334110,way,not appliable,not appliable,this crossing intersects fewer than 2 kerbs. Generally each crossing should connect to at least 2 kerbs.
139334111,way,not appliable,not appliable,this crossing intersects fewer than 2 kerbs. Generally each crossing should connect to at least 2 kerbs.
139334112,way,not appliable,not appliable,this crossing intersects fewer than 2 kerbs. Generally each crossing should connect to at least 2 kerbs.
139334113,way,not appliable,not appliable,this crossing intersects fewer than 2 kerbs. Generally each crossing should connect to at least 2 kerbs.
139334114,way,not appliable,not appliable,this crossing intersects fewer than 2 kerbs. Generally each crossing should connect to at least 2 kerbs.
139334115,way,not appliable,not appliable,this crossing intersects fewer than 2 kerbs. Generally each crossing should connect to at least 2 kerbs.
139334116,way,not appliable,not appliable,this crossing intersects fewer than 2 kerbs. Generally each crossing should connect to at least 2 kerbs.
139334127,way,not appliable,not appliable,this crossing intersects fewer than 2 kerbs. Generally each crossing should connect to at least 2 kerbs.
139488050,way,not appliable,not appliable,this crossing intersects fewer than 2 kerbs. Generally each crossing should connect to at least 2 kerbs.
139488051,way,not appliable,not appliable,this crossing intersects fewer than 2 kerbs. Generally each crossing should connect to at least 2 kerbs.
139488052,way,not appliable,not appliable,this crossing intersects fewer than 2 kerbs. Generally each crossing should connect to at least 2 kerbs.
139488054,way,not appliable,not appliable,this crossing intersects fewer than 2 kerbs. Generally each crossing should connect to at least 2 kerbs.
139488056,way,not appliable,not appliable,this crossing intersects fewer than 2 kerbs. Generally each crossing should connect to at least 2 kerbs.
139488058,way,not appliable,not appliable,this crossing intersects fewer than 2 kerbs. Generally each crossing should connect to at least 2 kerbs.
139488062,way,not appliable,not appliable,this crossing intersects fewer than 2 kerbs. Generally each crossing should connect to at least 2 kerbs.
139488063,way,not appliable,not appliable,this crossing intersects fewer than 2 kerbs. Generally each crossing should connect to at least 2 kerbs.
139488064,way,not appliable,not appliable,this crossing intersects fewer than 2 kerbs. Generally each crossing should connect to at least 2 kerbs.
139488065,way,not appliable,not appliable,this crossing intersects fewer than 2 kerbs. Generally each crossing should connect to at least 2 kerbs.
139488067,way,not appliable,not appliable,this crossing intersects fewer than 2 kerbs. Generally each crossing should connect to at least 2 kerbs.
139488068,way,not appliable,not appliable,this crossing intersects fewer than 2 kerbs. Generally each crossing should connect to at least 2 kerbs.
139488069,way,not appliable,not appliable,this crossing intersects fewer than 2 kerbs. Generally each crossing should connect to at least 2 kerbs.
139488071,way,not appliable,not appliable,this crossing intersects fewer than 2 kerbs. Generally each crossing should connect to at least 2 kerbs.
139488072,way,not appliable,not appliable,this crossing intersects fewer than 2 kerbs. Generally each crossing should connect to at least 2 kerbs.
139488073,way,not appliable,not appliable,this crossing intersects fewer than 2 kerbs. Generally each crossing should connect to at least 2 kerbs.
139488074,way,not appliable,not appliable,this crossing intersects fewer than 2 kerbs. Generally each crossing should connect to at least 2 kerbs.
139488075,way,not appliable,not appliable,this crossing intersects fewer than 2 kerbs. Generally each crossing should connect to at least 2 kerbs.
139488076,way,not appliable,not appliable,this crossing intersects fewer than 2 kerbs. Generally each crossing should connect to at least 2 kerbs.
139488078,way,not appliable,not appliable,this crossing intersects fewer than 2 kerbs. Generally each crossing should connect to at least 2 kerbs.
139488080,way,not appliable,not appliable,this crossing intersects fewer than 2 kerbs. Generally each crossing should connect to at least 2 kerbs.
139488083,way,not appliable,not appliable,this crossing intersects fewer than 2 kerbs. Generally each crossing should connect to at least 2 kerbs.
139488095,way,not appliable,not appliable,this crossing intersects fewer than 2 kerbs. Generally each crossing should connect to at least 2 kerbs.
139488107,way,not appliable,not appliable,this crossing intersects fewer than 2 kerbs. Generally each crossing should connect to at least 2 kerbs.
139493193,way,not appliable,not appliable,this crossing intersects fewer than 2 kerbs. Generally each crossing should connect to at least 2 kerbs.
139493197,way,not appliable,not appliable,this crossing intersects fewer than 2 kerbs. Generally each crossing should connect to at least 2 kerbs.
139493199,way,not appliable,not appliable,this crossing intersects fewer than 2 kerbs. Generally each crossing should connect to at least 2 kerbs.
139493201,way,not appliable,not appliable,this crossing intersects fewer than 2 kerbs. Generally each crossing should connect to at least 2 kerbs.
139493202,way,not appliable,not appliable,this crossing intersects fewer than 2 kerbs. Generally each crossing should connect to at least 2 kerbs.
139498686,way,not appliable,not appliable,this crossing intersects fewer than 2 kerbs. Generally each crossing should connect to at least 2 kerbs.
139498689,way,not appliable,not appliable,this crossing intersects fewer than 2 kerbs. Generally each crossing should connect to at least 2 kerbs.
139498690,way,not appliable,not appliable,this crossing intersects fewer than 2 kerbs. Generally each crossing should connect to at least 2 kerbs.
139498694,way,not appliable,not appliable,this crossing intersects fewer than 2 kerbs. Generally each crossing should connect to at least 2 kerbs.
139498695,way,not appliable,not appliable,this crossing intersects fewer than 2 kerbs. Generally each crossing should connect to at least 2 kerbs.
139498700,way,not appliable,not appliable,this crossing intersects fewer than 2 kerbs. Generally each crossing should connect to at least 2 kerbs.
139498702,way,not appliable,not appliable,this crossing intersects fewer than 2 kerbs. Generally each crossing should connect to at least 2 kerbs.
139498703,way,not appliable,not appliable,this crossing intersects fewer than 2 kerbs. Generally each crossing should connect to at least 2 kerbs.
139498706,way,not appliable,not appliable,this crossing intersects fewer than 2 kerbs. Generally each crossing should connect to at least 2 kerbs.
139498707,way,not appliable,not appliable,this crossing intersects fewer than 2 kerbs. Generally each crossing should connect to at least 2 kerbs.
139498711,way,not appliable,not appliable,this crossing intersects fewer than 2 kerbs. Generally each crossing should connect to at least 2 kerbs.
139498713,way,not appliable,not appliable,this crossing intersects fewer than 2 kerbs. Generally each crossing should connect to at least 2 kerbs.
139498718,way,not appliable,not appliable,this crossing intersects fewer than 2 kerbs. Generally each crossing should connect to at least 2 kerbs.
139498719,way,not appliable,not appliable,this crossing intersects fewer than 2 kerbs. Generally each crossing should connect to at least 2 kerbs.
139498724,way,not appliable,not appliable,this crossing intersects fewer than 2 kerbs. Generally each crossing should connect to at least 2 kerbs.
139498726,way,not appliable,not appliable,this crossing intersects fewer than 2 kerbs. Generally each crossing should connect to at least 2 kerbs.
139498731,way,not appliable,not appliable,this crossing intersects fewer than 2 kerbs. Generally each crossing should connect to at least 2 kerbs.
139498732,way,not appliable,not appliable,this crossing intersects fewer than 2 kerbs. Generally each crossing should connect to at least 2 kerbs.
139498735,way,not appliable,not appliable,this crossing intersects fewer than 2 kerbs. Generally each crossing should connect to at least 2 kerbs.
139498737,way,not appliable,not appliable,this crossing intersects fewer than 2 kerbs. Generally each crossing should connect to at least 2 kerbs.
139498742,way,not appliable,not appliable,this crossing intersects fewer than 2 kerbs. Generally each crossing should connect to at least 2 kerbs.
139498743,way,not appliable,not appliable,this crossing intersects fewer than 2 kerbs. Generally each crossing should connect to at least 2 kerbs.
139498747,way,not appliable,not appliable,this crossing intersects fewer than 2 kerbs. Generally each crossing should connect to at least 2 kerbs.
139498748,way,not appliable,not appliable,this crossing intersects fewer than 2 kerbs. Generally each crossing should connect to at least 2 kerbs.
139498753,way,not appliable,not appliable,this crossing intersects fewer than 2 kerbs. Generally each crossing should connect to at least 2 kerbs.
139498754,way,not appliable,not appliable,this crossing intersects fewer than 2 kerbs. Generally each crossing should connect to at least 2 kerbs.
139498759,way,not appliable,not appliable,this crossing intersects fewer than 2 kerbs. Generally each crossing should connect to at least 2 kerbs.
139498764,way,not appliable,not appliable,this crossing intersects fewer than 2 kerbs. Generally each crossing should connect to at least 2 kerbs.
139498766,way,not appliable,not appliable,this crossing intersects fewer than 2 kerbs. Generally each crossing should connect to at least 2 kerbs.
139498772,way,not appliable,not appliable,this crossing intersects fewer than 2 kerbs. Generally each crossing should connect to at least 2 kerbs.
139498784,way,not appliable,not appliable,this crossing intersects fewer than 2 kerbs. Generally each crossing should connect to at least 2 kerbs.
139498785,way,not appliable,not appliable,this crossing intersects fewer than 2 kerbs. Generally each crossing should connect to at least 2 kerbs.
140215428,way,not appliable,not appliable,this crossing intersects fewer than 2 kerbs. Generally each crossing should connect to at least 2 kerbs.
140215430,way,not appliable,not appliable,this crossing intersects fewer than 2 kerbs. Generally each crossing should connect to at least 2 kerbs.
140216792,way,not appliable,not appliable,this crossing intersects fewer than 2 kerbs. Generally each crossing should connect to at least 2 kerbs.
140216793,way,not appliable,not appliable,this crossing intersects fewer than 2 kerbs. Generally each crossing should connect to at least 2 kerbs.
140216795,way,not appliable,not appliable,this crossing intersects fewer than 2 kerbs. Generally each crossing should connect to at least 2 kerbs.
140216796,way,not appliable,not appliable,this crossing intersects fewer than 2 kerbs. Generally each crossing should connect to at least 2 kerbs.
140216798,way,not appliable,not appliable,this crossing intersects fewer than 2 kerbs. Generally each crossing should connect to at least 2 kerbs.
140216799,way,not appliable,not appliable,this crossing intersects fewer than 2 kerbs. Generally each crossing should connect to at least 2 kerbs.
140216801,way,not appliable,not appliable,this crossing intersects fewer than 2 kerbs. Generally each crossing should connect to at least 2 kerbs.
140216802,way,not appliable,not appliable,this crossing intersects fewer than 2 kerbs. Generally each crossing should connect to at least 2 kerbs.
140216803,way,not appliable,not appliable,this crossing intersects fewer than 2 kerbs. Generally each crossing should connect to at least 2 kerbs.
140216805,way,not appliable,not appliable,this crossing intersects fewer than 2 kerbs. Generally each crossing should connect to at least 2 kerbs.
140216807,way,not appliable,not appliable,this crossing intersects fewer than 2 kerbs. Generally each crossing should connect to at least 2 kerbs.
140216809,way,not appliable,not appliable,this crossing intersects fewer than 2 kerbs. Generally each crossing should connect to at least 2 kerbs.
140216812,way,not appliable,not appliable,this crossing intersects fewer than 2 kerbs. Generally each crossing should connect to at least 2 kerbs.
140216814,way,not appliable,not appliable,this crossing intersects fewer than 2 kerbs. Generally each crossing should connect to at least 2 kerbs.
140216816,way,not appliable,not appliable,this crossing intersects fewer than 2 kerbs. Generally each crossing should connect to at least 2 kerbs.
140216817,way,not appliable,not appliable,this crossing intersects fewer than 2 kerbs. Generally each crossing should connect to at least 2 kerbs.
140216822,way,not appliable,not appliable,this crossing intersects fewer than 2 kerbs. Generally each crossing should connect to at least 2 kerbs.
140216823,way,not appliable,not appliable,this crossing intersects fewer than 2 kerbs. Generally each crossing should connect to at least 2 kerbs.
140216825,way,not appliable,not appliable,this crossing intersects fewer than 2 kerbs. Generally each crossing should connect to at least 2 kerbs.
140216827,way,not appliable,not appliable,this crossing intersects fewer than 2 kerbs. Generally each crossing should connect to at least 2 kerbs.
140216829,way,not appliable,not appliable,this crossing intersects fewer than 2 kerbs. Generally each crossing should connect to at least 2 kerbs.
140352846,way,not appliable,not appliable,this crossing intersects fewer than 2 kerbs. Generally each crossing should connect to at least 2 kerbs.
140352848,way,not appliable,not appliable,this crossing intersects fewer than 2 kerbs. Generally each crossing should connect to at least 2 kerbs.
140352849,way,not appliable,not appliable,this crossing intersects fewer than 2 kerbs. Generally each crossing should connect to at least 2 kerbs.
140352850,way,not appliable,not appliable,this crossing intersects fewer than 2 kerbs. Generally each crossing should connect to at least 2 kerbs.
140352852,way,not appliable,not appliable,this crossing intersects fewer than 2 kerbs. Generally each crossing should connect to at least 2 kerbs.
140352853,way,not appliable,not appliable,this crossing intersects fewer than 2 kerbs. Generally each crossing should connect to at least 2 kerbs.
140352854,way,not appliable,not appliable,this crossing intersects fewer than 2 kerbs. Generally each crossing should connect to at least 2 kerbs.
140352855,way,not appliable,not appliable,this crossing intersects fewer than 2 kerbs. Generally each crossing should connect to at least 2 kerbs.
140352856,way,not appliable,not appliable,this crossing intersects fewer than 2 kerbs. Generally each crossing should connect to at least 2 kerbs.
140352857,way,not appliable,not appliable,this crossing intersects fewer than 2 kerbs. Generally each crossing should connect to at least 2 kerbs.
140352858,way,not appliable,not appliable,this crossing intersects fewer than 2 kerbs. Generally each crossing should connect to at least 2 kerbs.
140352859,way,not appliable,not appliable,this crossing intersects fewer than 2 kerbs. Generally each crossing should connect to at least 2 kerbs.
140352860,way,not appliable,not appliable,this crossing intersects fewer than 2 kerbs. Generally each crossing should connect to at least 2 kerbs.
140352861,way,not appliable,not appliable,this crossing intersects fewer than 2 kerbs. Generally each crossing should connect to at least 2 kerbs.
140352862,way,not appliable,not appliable,this crossing intersects fewer than 2 kerbs. Generally each crossing should connect to at least 2 kerbs.
140352863,way,not appliable,not appliable,this crossing intersects fewer than 2 kerbs. Generally each crossing should connect to at least 2 kerbs.
140352864,way,not appliable,not appliable,this crossing intersects fewer than 2 kerbs. Generally each crossing should connect to at least 2 kerbs.
140352865,way,not appliable,not appliable,this crossing intersects fewer than 2 kerbs. Generally each crossing should connect to at least 2 kerbs.
140352867,way,not appliable,not appliable,this crossing intersects fewer than 2 kerbs. Generally each crossing should connect to at least 2 kerbs.
140352868,way,not appliable,not appliable,this crossing intersects fewer than 2 kerbs. Generally each crossing should connect to at least 2 kerbs.
140352869,way,not appliable,not appliable,this crossing intersects fewer than 2 kerbs. Generally each crossing should connect to at least 2 kerbs.
140352870,way,not appliable,not appliable,this crossing intersects fewer than 2 kerbs. Generally each crossing should connect to at least 2 kerbs.
140352871,way,not appliable,not appliable,this crossing intersects fewer than 2 kerbs. Generally each crossing should connect to at least 2 kerbs.
140352872,way,not appliable,not appliable,this crossing intersects fewer than 2 kerbs. Generally each crossing should connect to at least 2 kerbs.
140352873,way,not appliable,not appliable,this crossing intersects fewer than 2 kerbs. Generally each crossing should connect to at least 2 kerbs.
140352874,way,not appliable,not appliable,this crossing intersects fewer than 2 kerbs. Generally each crossing should connect to at least 2 kerbs.
140352875,way,not appliable,not appliable,this crossing intersects fewer than 2 kerbs. Generally each crossing should connect to at least 2 kerbs.
140352876,way,not appliable,not appliable,this crossing intersects fewer than 2 kerbs. Generally each crossing should connect to at least 2 kerbs.
140478025,way,not appliable,not appliable,this crossing intersects fewer than 2 kerbs. Generally each crossing should connect to at least 2 kerbs.
140478054,way,not appliable,not appliable,this crossing intersects fewer than 2 kerbs. Generally each crossing should connect to at least 2 kerbs.
140478064,way,not appliable,not appliable,this crossing intersects fewer than 2 kerbs. Generally each crossing should connect to at least 2 kerbs.
140478065,way,not appliable,not appliable,this crossing intersects fewer than 2 kerbs. Generally each crossing should connect to at least 2 kerbs.
140478066,way,not appliable,not appliable,this crossing intersects fewer than 2 kerbs. Generally each crossing should connect to at least 2 kerbs.
140478067,way,not appliable,not appliable,this crossing intersects fewer than 2 kerbs. Generally each crossing should connect to at least 2 kerbs.
140478074,way,not appliable,not appliable,this crossing intersects fewer than 2 kerbs. Generally each crossing should connect to at least 2 kerbs.
140478078,way,not appliable,not appliable,this crossing intersects fewer than 2 kerbs. Generally each crossing should connect to at least 2 kerbs.
140478081,way,not appliable,not appliable,this crossing intersects fewer than 2 kerbs. Generally each crossing should connect to at least 2 kerbs.
140478082,way,not appliable,not appliable,this crossing intersects fewer than 2 kerbs. Generally each crossing should connect to at least 2 kerbs.
140478083,way,not appliable,not appliable,this crossing intersects fewer than 2 kerbs. Generally each crossing should connect to at least 2 kerbs.
140478084,way,not appliable,not appliable,this crossing intersects fewer than 2 kerbs. Generally each crossing should connect to at least 2 kerbs.
140478086,way,not appliable,not appliable,this crossing intersects fewer than 2 kerbs. Generally each crossing should connect to at least 2 kerbs.
140478087,way,not appliable,not appliable,this crossing intersects fewer than 2 kerbs. Generally each crossing should connect to at least 2 kerbs.
140500378,way,not appliable,not appliable,this crossing intersects fewer than 2 kerbs. Generally each crossing should connect to at least 2 kerbs.
140500379,way,not appliable,not appliable,this crossing intersects fewer than 2 kerbs. Generally each crossing should connect to at least 2 kerbs.
140500380,way,not appliable,not appliable,this crossing intersects fewer than 2 kerbs. Generally each crossing should connect to at least 2 kerbs.
140500382,way,not appliable,not appliable,this crossing intersects fewer than 2 kerbs. Generally each crossing should connect to at least 2 kerbs.
140500383,way,not appliable,not appliable,this crossing intersects fewer than 2 kerbs. Generally each crossing should connect to at least 2 kerbs.
140500384,way,not appliable,not appliable,this crossing intersects fewer than 2 kerbs. Generally each crossing should connect to at least 2 kerbs.
140500385,way,not appliable,not appliable,this crossing intersects fewer than 2 kerbs. Generally each crossing should connect to at least 2 kerbs.
140500387,way,not appliable,not appliable,this crossing intersects fewer than 2 kerbs. Generally each crossing should connect to at least 2 kerbs.
140500392,way,not appliable,not appliable,this crossing intersects fewer than 2 kerbs. Generally each crossing should connect to at least 2 kerbs.
140500394,way,not appliable,not appliable,this crossing intersects fewer than 2 kerbs. Generally each crossing should connect to at least 2 kerbs.
140512512,way,not appliable,not appliable,this crossing intersects fewer than 2 kerbs. Generally each crossing should connect to at least 2 kerbs.
140512517,way,not appliable,not appliable,this crossing intersects fewer than 2 kerbs. Generally each crossing should connect to at least 2 kerbs.
140512522,way,not appliable,not appliable,this crossing intersects fewer than 2 kerbs. Generally each crossing should connect to at least 2 kerbs.
140512523,way,not appliable,not appliable,this crossing intersects fewer than 2 kerbs. Generally each crossing should connect to at least 2 kerbs.
140512524,way,not appliable,not appliable,this crossing intersects fewer than 2 kerbs. Generally each crossing should connect to at least 2 kerbs.
140512541,way,not appliable,not appliable,this crossing intersects fewer than 2 kerbs. Generally each crossing should connect to at least 2 kerbs.
140512552,way,not appliable,not appliable,this crossing intersects fewer than 2 kerbs. Generally each crossing should connect to at least 2 kerbs.
140633634,way,not appliable,not appliable,this crossing intersects fewer than 2 kerbs. Generally each crossing should connect to at least 2 kerbs.
141030824,way,not appliable,not appliable,this crossing intersects fewer than 2 kerbs. Generally each crossing should connect to at least 2 kerbs.
141030825,way,not appliable,not appliable,this crossing intersects fewer than 2 kerbs. Generally each crossing should connect to at least 2 kerbs.
141030826,way,not appliable,not appliable,this crossing intersects fewer than 2 kerbs. Generally each crossing should connect to at least 2 kerbs.
141030827,way,not appliable,not appliable,this crossing intersects fewer than 2 kerbs. Generally each crossing should connect to at least 2 kerbs.
141300310,way,not appliable,not appliable,this crossing intersects fewer than 2 kerbs. Generally each crossing should connect to at least 2 kerbs.
141300313,way,not appliable,not appliable,this crossing intersects fewer than 2 kerbs. Generally each crossing should connect to at least 2 kerbs.
141300314,way,not appliable,not appliable,this crossing intersects fewer than 2 kerbs. Generally each crossing should connect to at least 2 kerbs.
141300315,way,not appliable,not appliable,this crossing intersects fewer than 2 kerbs. Generally each crossing should connect to at least 2 kerbs.
141300317,way,not appliable,not appliable,this crossing intersects fewer than 2 kerbs. Generally each crossing should connect to at least 2 kerbs.
141300318,way,not appliable,not appliable,this crossing intersects fewer than 2 kerbs. Generally each crossing should connect to at least 2 kerbs.
141300319,way,not appliable,not appliable,this crossing intersects fewer than 2 kerbs. Generally each crossing should connect to at least 2 kerbs.
141300320,way,not appliable,not appliable,this crossing intersects fewer than 2 kerbs. Generally each crossing should connect to at least 2 kerbs.
141300321,way,not appliable,not appliable,this crossing intersects fewer than 2 kerbs. Generally each crossing should connect to at least 2 kerbs.
141300323,way,not appliable,not appliable,this crossing intersects fewer than 2 kerbs. Generally each crossing should connect to at least 2 kerbs.
141300325,way,not appliable,not appliable,this crossing intersects fewer than 2 kerbs. Generally each crossing should connect to at least 2 kerbs.
142392209,way,not appliable,not appliable,this crossing intersects fewer than 2 kerbs. Generally each crossing should connect to at least 2 kerbs.
142392210,way,not appliable,not appliable,this crossing intersects fewer than 2 kerbs. Generally each crossing should connect to at least 2 kerbs.
142392211,way,not appliable,not appliable,this crossing intersects fewer than 2 kerbs. Generally each crossing should connect to at least 2 kerbs.
142392213,way,not appliable,not appliable,this crossing intersects fewer than 2 kerbs. Generally each crossing should connect to at least 2 kerbs.
142392214,way,not appliable,not appliable,this crossing intersects fewer than 2 kerbs. Generally each crossing should connect to at least 2 kerbs.
142392215,way,not appliable,not appliable,this crossing intersects fewer than 2 kerbs. Generally each crossing should connect to at least 2 kerbs.
144718765,way,not appliable,not appliable,this crossing intersects fewer than 2 kerbs. Generally each crossing should connect to at least 2 kerbs.
144718766,way,not appliable,not appliable,this crossing intersects fewer than 2 kerbs. Generally each crossing should connect to at least 2 kerbs.
144718768,way,not appliable,not appliable,this crossing intersects fewer than 2 kerbs. Generally each crossing should connect to at least 2 kerbs.
144718769,way,not appliable,not appliable,this crossing intersects fewer than 2 kerbs. Generally each crossing should connect to at least 2 kerbs.
144718770,way,not appliable,not appliable,this crossing intersects fewer than 2 kerbs. Generally each crossing should connect to at least 2 kerbs.
144718771,way,not appliable,not appliable,this crossing intersects fewer than 2 kerbs. Generally each crossing should connect to at least 2 kerbs.
144718773,way,not appliable,not appliable,this crossing intersects fewer than 2 kerbs. Generally each crossing should connect to at least 2 kerbs.
144718775,way,not appliable,not appliable,this crossing intersects fewer than 2 kerbs. Generally each crossing should connect to at least 2 kerbs.
144847227,way,not appliable,not appliable,this crossing intersects fewer than 2 kerbs. Generally each crossing should connect to at least 2 kerbs.
144864098,way,not appliable,not appliable,this crossing intersects fewer than 2 kerbs. Generally each crossing should connect to at least 2 kerbs.
144864099,way,not appliable,not appliable,this crossing intersects fewer than 2 kerbs. Generally each crossing should connect to at least 2 kerbs.
144864100,way,not appliable,not appliable,this crossing intersects fewer than 2 kerbs. Generally each crossing should connect to at least 2 kerbs.
144864106,way,not appliable,not appliable,this crossing intersects fewer than 2 kerbs. Generally each crossing should connect to at least 2 kerbs.
144864107,way,not appliable,not appliable,this crossing intersects fewer than 2 kerbs. Generally each crossing should connect to at least 2 kerbs.
144864110,way,not appliable,not appliable,this crossing intersects fewer than 2 kerbs. Generally each crossing should connect to at least 2 kerbs.
144864114,way,not appliable,not appliable,this crossing intersects fewer than 2 kerbs. Generally each crossing should connect to at least 2 kerbs.
144864115,way,not appliable,not appliable,this crossing intersects fewer than 2 kerbs. Generally each crossing should connect to at least 2 kerbs.
144864119,way,not appliable,not appliable,this crossing intersects fewer than 2 kerbs. Generally each crossing should connect to at least 2 kerbs.
147510998,way,not appliable,not appliable,this crossing intersects fewer than 2 kerbs. Generally each crossing should connect to at least 2 kerbs.
147511001,way,not appliable,not appliable,this crossing intersects fewer than 2 kerbs. Generally each crossing should connect to at least 2 kerbs.
147511003,way,not appliable,not appliable,this crossing intersects fewer than 2 kerbs. Generally each crossing should connect to at least 2 kerbs.
147511004,way,not appliable,not appliable,this crossing intersects fewer than 2 kerbs. Generally each crossing should connect to at least 2 kerbs.
147511005,way,not appliable,not appliable,this crossing intersects fewer than 2 kerbs. Generally each crossing should connect to at least 2 kerbs.
147511006,way,not appliable,not appliable,this crossing intersects fewer than 2 kerbs. Generally each crossing should connect to at least 2 kerbs.
147511007,way,not appliable,not appliable,this crossing intersects fewer than 2 kerbs. Generally each crossing should connect to at least 2 kerbs.
147511008,way,not appliable,not appliable,this crossing intersects fewer than 2 kerbs. Generally each crossing should connect to at least 2 kerbs.
147511009,way,not appliable,not appliable,this crossing intersects fewer than 2 kerbs. Generally each crossing should connect to at least 2 kerbs.
147511010,way,not appliable,not appliable,this crossing intersects fewer than 2 kerbs. Generally each crossing should connect to at least 2 kerbs.
147670065,way,not appliable,not appliable,this crossing intersects fewer than 2 kerbs. Generally each crossing should connect to at least 2 kerbs.
147670069,way,not appliable,not appliable,this crossing intersects fewer than 2 kerbs. Generally each crossing should connect to at least 2 kerbs.
147670070,way,not appliable,not appliable,this crossing intersects fewer than 2 kerbs. Generally each crossing should connect to at least 2 kerbs.
147670072,way,not appliable,not appliable,this crossing intersects fewer than 2 kerbs. Generally each crossing should connect to at least 2 kerbs.
148172952,way,not appliable,not appliable,this crossing intersects fewer than 2 kerbs. Generally each crossing should connect to at least 2 kerbs.
148172992,way,not appliable,not appliable,this crossing intersects fewer than 2 kerbs. Generally each crossing should connect to at least 2 kerbs.
148172994,way,not appliable,not appliable,this crossing intersects fewer than 2 kerbs. Generally each crossing should connect to at least 2 kerbs.
148172999,way,not appliable,not appliable,this crossing intersects fewer than 2 kerbs. Generally each crossing should connect to at least 2 kerbs.
148173005,way,not appliable,not appliable,this crossing intersects fewer than 2 kerbs. Generally each crossing should connect to at least 2 kerbs.
148173006,way,not appliable,not appliable,this crossing intersects fewer than 2 kerbs. Generally each crossing should connect to at least 2 kerbs.
148173009,way,not appliable,not appliable,this crossing intersects fewer than 2 kerbs. Generally each crossing should connect to at least 2 kerbs.
148173015,way,not appliable,not appliable,this crossing intersects fewer than 2 kerbs. Generally each crossing should connect to at least 2 kerbs.
148173018,way,not appliable,not appliable,this crossing intersects fewer than 2 kerbs. Generally each crossing should connect to at least 2 kerbs.
148173020,way,not appliable,not appliable,this crossing intersects fewer than 2 kerbs. Generally each crossing should connect to at least 2 kerbs.
148173023,way,not appliable,not appliable,this crossing intersects fewer than 2 kerbs. Generally each crossing should connect to at least 2 kerbs.
148173024,way,not appliable,not appliable,this crossing intersects fewer than 2 kerbs. Generally each crossing should connect to at least 2 kerbs.
148173025,way,not appliable,not appliable,this crossing intersects fewer than 2 kerbs. Generally each crossing should connect to at least 2 kerbs.
148173026,way,not appliable,not appliable,this crossing intersects fewer than 2 kerbs. Generally each crossing should connect to at least 2 kerbs.
148173028,way,not appliable,not appliable,this crossing intersects fewer than 2 kerbs. Generally each crossing should connect to at least 2 kerbs.
148173029,way,not appliable,not appliable,this crossing intersects fewer than 2 kerbs. Generally each crossing should connect to at least 2 kerbs.
148173030,way,not appliable,not appliable,this crossing intersects fewer than 2 kerbs. Generally each crossing should connect to at least 2 kerbs.
148173031,way,not appliable,not appliable,this crossing intersects fewer than 2 kerbs. Generally each crossing should connect to at least 2 kerbs.
148173032,way,not appliable,not appliable,this crossing intersects fewer than 2 kerbs. Generally each crossing should connect to at least 2 kerbs.
148173033,way,not appliable,not appliable,this crossing intersects fewer than 2 kerbs. Generally each crossing should connect to at least 2 kerbs.
148173034,way,not appliable,not appliable,this crossing intersects fewer than 2 kerbs. Generally each crossing should connect to at least 2 kerbs.
148173035,way,not appliable,not appliable,this crossing intersects fewer than 2 kerbs. Generally each crossing should connect to at least 2 kerbs.
148173037,way,not appliable,not appliable,this crossing intersects fewer than 2 kerbs. Generally each crossing should connect to at least 2 kerbs.
148173038,way,not appliable,not appliable,this crossing intersects fewer than 2 kerbs. Generally each crossing should connect to at least 2 kerbs.
148173039,way,not appliable,not appliable,this crossing intersects fewer than 2 kerbs. Generally each crossing should connect to at least 2 kerbs.
148173042,way,not appliable,not appliable,this crossing intersects fewer than 2 kerbs. Generally each crossing should connect to at least 2 kerbs.
148173044,way,not appliable,not appliable,this crossing intersects fewer than 2 kerbs. Generally each crossing should connect to at least 2 kerbs.
148173045,way,not appliable,not appliable,this crossing intersects fewer than 2 kerbs. Generally each crossing should connect to at least 2 kerbs.
148173046,way,not appliable,not appliable,this crossing intersects fewer than 2 kerbs. Generally each crossing should connect to at least 2 kerbs.
148173048,way,not appliable,not appliable,this crossing intersects fewer than 2 kerbs. Generally each crossing should connect to at least 2 kerbs.
148173050,way,not appliable,not appliable,this crossing intersects fewer than 2 kerbs. Generally each crossing should connect to at least 2 kerbs.
148173051,way,not appliable,not appliable,this crossing intersects fewer than 2 kerbs. Generally each crossing should connect to at least 2 kerbs.
148173052,way,not appliable,not appliable,this crossing intersects fewer than 2 kerbs. Generally each crossing should connect to at least 2 kerbs.
148399313,way,not appliable,not appliable,this crossing intersects fewer than 2 kerbs. Generally each crossing should connect to at least 2 kerbs.
148578988,way,not appliable,not appliable,this crossing intersects fewer than 2 kerbs. Generally each crossing should connect to at least 2 kerbs.
148578991,way,not appliable,not appliable,this crossing intersects fewer than 2 kerbs. Generally each crossing should connect to at least 2 kerbs.
148658276,way,not appliable,not appliable,this crossing intersects fewer than 2 kerbs. Generally each crossing should connect to at least 2 kerbs.
148658291,way,not appliable,not appliable,this crossing intersects fewer than 2 kerbs. Generally each crossing should connect to at least 2 kerbs.
148658292,way,not appliable,not appliable,this crossing intersects fewer than 2 kerbs. Generally each crossing should connect to at least 2 kerbs.
148658293,way,not appliable,not appliable,this crossing intersects fewer than 2 kerbs. Generally each crossing should connect to at least 2 kerbs.
148658294,way,not appliable,not appliable,this crossing intersects fewer than 2 kerbs. Generally each crossing should connect to at least 2 kerbs.
148658295,way,not appliable,not appliable,this crossing intersects fewer than 2 kerbs. Generally each crossing should connect to at least 2 kerbs.
148658296,way,not appliable,not appliable,this crossing intersects fewer than 2 kerbs. Generally each crossing should connect to at least 2 kerbs.
148658297,way,not appliable,not appliable,this crossing intersects fewer than 2 kerbs. Generally each crossing should connect to at least 2 kerbs.
148658298,way,not appliable,not appliable,this crossing intersects fewer than 2 kerbs. Generally each crossing should connect to at least 2 kerbs.
148658299,way,not appliable,not appliable,this crossing intersects fewer than 2 kerbs. Generally each crossing should connect to at least 2 kerbs.
148658300,way,not appliable,not appliable,this crossing intersects fewer than 2 kerbs. Generally each crossing should connect to at least 2 kerbs.
148658302,way,not appliable,not appliable,this crossing intersects fewer than 2 kerbs. Generally each crossing should connect to at least 2 kerbs.
148658303,way,not appliable,not appliable,this crossing intersects fewer than 2 kerbs. Generally each crossing should connect to at least 2 kerbs.
148658304,way,not appliable,not appliable,this crossing intersects fewer than 2 kerbs. Generally each crossing should connect to at least 2 kerbs.
148658305,way,not appliable,not appliable,this crossing intersects fewer than 2 kerbs. Generally each crossing should connect to at least 2 kerbs.
148658306,way,not appliable,not appliable,this crossing intersects fewer than 2 kerbs. Generally each crossing should connect to at least 2 kerbs.
148658307,way,not appliable,not appliable,this crossing intersects fewer than 2 kerbs. Generally each crossing should connect to at least 2 kerbs.
148658308,way,not appliable,not appliable,this crossing intersects fewer than 2 kerbs. Generally each crossing should connect to at least 2 kerbs.
148658309,way,not appliable,not appliable,this crossing intersects fewer than 2 kerbs. Generally each crossing should connect to at least 2 kerbs.
148658313,way,not appliable,not appliable,this crossing intersects fewer than 2 kerbs. Generally each crossing should connect to at least 2 kerbs.
148658314,way,not appliable,not appliable,this crossing intersects fewer than 2 kerbs. Generally each crossing should connect to at least 2 kerbs.
148658317,way,not appliable,not appliable,this crossing intersects fewer than 2 kerbs. Generally each crossing should connect to at least 2 kerbs.
148658320,way,not appliable,not appliable,this crossing intersects fewer than 2 kerbs. Generally each crossing should connect to at least 2 kerbs.
148658321,way,not appliable,not appliable,this crossing intersects fewer than 2 kerbs. Generally each crossing should connect to at least 2 kerbs.
148658323,way,not appliable,not appliable,this crossing intersects fewer than 2 kerbs. Generally each crossing should connect to at least 2 kerbs.
148658328,way,not appliable,not appliable,this crossing intersects fewer than 2 kerbs. Generally each crossing should connect to at least 2 kerbs.
149373376,way,not appliable,not appliable,this crossing intersects fewer than 2 kerbs. Generally each crossing should connect to at least 2 kerbs.
149373380,way,not appliable,not appliable,this crossing intersects fewer than 2 kerbs. Generally each crossing should connect to at least 2 kerbs.
149373384,way,not appliable,not appliable,this crossing intersects fewer than 2 kerbs. Generally each crossing should connect to at least 2 kerbs.
149373386,way,not appliable,not appliable,this crossing intersects fewer than 2 kerbs. Generally each crossing should connect to at least 2 kerbs.
149373388,way,not appliable,not appliable,this crossing intersects fewer than 2 kerbs. Generally each crossing should connect to at least 2 kerbs.
149373390,way,not appliable,not appliable,this crossing intersects fewer than 2 kerbs. Generally each crossing should connect to at least 2 kerbs.
149373391,way,not appliable,not appliable,this crossing intersects fewer than 2 kerbs. Generally each crossing should connect to at least 2 kerbs.
149373395,way,not appliable,not appliable,this crossing intersects fewer than 2 kerbs. Generally each crossing should connect to at least 2 kerbs.
149373396,way,not appliable,not appliable,this crossing intersects fewer than 2 kerbs. Generally each crossing should connect to at least 2 kerbs.
149373400,way,not appliable,not appliable,this crossing intersects fewer than 2 kerbs. Generally each crossing should connect to at least 2 kerbs.
149373401,way,not appliable,not appliable,this crossing intersects fewer than 2 kerbs. Generally each crossing should connect to at least 2 kerbs.
149373405,way,not appliable,not appliable,this crossing intersects fewer than 2 kerbs. Generally each crossing should connect to at least 2 kerbs.
149373406,way,not appliable,not appliable,this crossing intersects fewer than 2 kerbs. Generally each crossing should connect to at least 2 kerbs.
149373407,way,not appliable,not appliable,this crossing intersects fewer than 2 kerbs. Generally each crossing should connect to at least 2 kerbs.
149373411,way,not appliable,not appliable,this crossing intersects fewer than 2 kerbs. Generally each crossing should connect to at least 2 kerbs.
149373412,way,not appliable,not appliable,this crossing intersects fewer than 2 kerbs. Generally each crossing should connect to at least 2 kerbs.
149373415,way,not appliable,not appliable,this crossing intersects fewer than 2 kerbs. Generally each crossing should connect to at least 2 kerbs.
149373418,way,not appliable,not appliable,this crossing intersects fewer than 2 kerbs. Generally each crossing should connect to at least 2 kerbs.
149373422,way,not appliable,not appliable,this crossing intersects fewer than 2 kerbs. Generally each crossing should connect to at least 2 kerbs.
149373425,way,not appliable,not appliable,this crossing intersects fewer than 2 kerbs. Generally each crossing should connect to at least 2 kerbs.
149373432,way,not appliable,not appliable,this crossing intersects fewer than 2 kerbs. Generally each crossing should connect to at least 2 kerbs.
149373435,way,not appliable,not appliable,this crossing intersects fewer than 2 kerbs. Generally each crossing should connect to at least 2 kerbs.
149373437,way,not appliable,not appliable,this crossing intersects fewer than 2 kerbs. Generally each crossing should connect to at least 2 kerbs.
149373439,way,not appliable,not appliable,this crossing intersects fewer than 2 kerbs. Generally each crossing should connect to at least 2 kerbs.
149373442,way,not appliable,not appliable,this crossing intersects fewer than 2 kerbs. Generally each crossing should connect to at least 2 kerbs.
149373444,way,not appliable,not appliable,this crossing intersects fewer than 2 kerbs. Generally each crossing should connect to at least 2 kerbs.
149373447,way,not appliable,not appliable,this crossing intersects fewer than 2 kerbs. Generally each crossing should connect to at least 2 kerbs.
149373449,way,not appliable,not appliable,this crossing intersects fewer than 2 kerbs. Generally each crossing should connect to at least 2 kerbs.
149544468,way,not appliable,not appliable,this crossing intersects fewer than 2 kerbs. Generally each crossing should connect to at least 2 kerbs.
149701308,way,not appliable,not appliable,this crossing intersects fewer than 2 kerbs. Generally each crossing should connect to at least 2 kerbs.
150722456,way,not appliable,not appliable,this crossing intersects fewer than 2 kerbs. Generally each crossing should connect to at least 2 kerbs.
150722457,way,not appliable,not appliable,this crossing intersects fewer than 2 kerbs. Generally each crossing should connect to at least 2 kerbs.
150722458,way,not appliable,not appliable,this crossing intersects fewer than 2 kerbs. Generally each crossing should connect to at least 2 kerbs.
150722459,way,not appliable,not appliable,this crossing intersects fewer than 2 kerbs. Generally each crossing should connect to at least 2 kerbs.
150722462,way,not appliable,not appliable,this crossing intersects fewer than 2 kerbs. Generally each crossing should connect to at least 2 kerbs.
150722463,way,not appliable,not appliable,this crossing intersects fewer than 2 kerbs. Generally each crossing should connect to at least 2 kerbs.
150722464,way,not appliable,not appliable,this crossing intersects fewer than 2 kerbs. Generally each crossing should connect to at least 2 kerbs.
150722465,way,not appliable,not appliable,this crossing intersects fewer than 2 kerbs. Generally each crossing should connect to at least 2 kerbs.
150722466,way,not appliable,not appliable,this crossing intersects fewer than 2 kerbs. Generally each crossing should connect to at least 2 kerbs.
150722468,way,not appliable,not appliable,this crossing intersects fewer than 2 kerbs. Generally each crossing should connect to at least 2 kerbs.
150893965,way,not appliable,not appliable,this crossing intersects fewer than 2 kerbs. Generally each crossing should connect to at least 2 kerbs.
150893966,way,not appliable,not appliable,this crossing intersects fewer than 2 kerbs. Generally each crossing should connect to at least 2 kerbs.
150893968,way,not appliable,not appliable,this crossing intersects fewer than 2 kerbs. Generally each crossing should connect to at least 2 kerbs.
152296655,way,not appliable,not appliable,this crossing intersects fewer than 2 kerbs. Generally each crossing should connect to at least 2 kerbs.
152296656,way,not appliable,not appliable,this crossing intersects fewer than 2 kerbs. Generally each crossing should connect to at least 2 kerbs.
152296657,way,not appliable,not appliable,this crossing intersects fewer than 2 kerbs. Generally each crossing should connect to at least 2 kerbs.
152296664,way,not appliable,not appliable,this crossing intersects fewer than 2 kerbs. Generally each crossing should connect to at least 2 kerbs.
152296668,way,not appliable,not appliable,this crossing intersects fewer than 2 kerbs. Generally each crossing should connect to at least 2 kerbs.
152296671,way,not appliable,not appliable,this crossing intersects fewer than 2 kerbs. Generally each crossing should connect to at least 2 kerbs.
152296673,way,not appliable,not appliable,this crossing intersects fewer than 2 kerbs. Generally each crossing should connect to at least 2 kerbs.
152312732,way,not appliable,not appliable,this crossing intersects fewer than 2 kerbs. Generally each crossing should connect to at least 2 kerbs.
152312733,way,not appliable,not appliable,this crossing intersects fewer than 2 kerbs. Generally each crossing should connect to at least 2 kerbs.
152312734,way,not appliable,not appliable,this crossing intersects fewer than 2 kerbs. Generally each crossing should connect to at least 2 kerbs.
152312735,way,not appliable,not appliable,this crossing intersects fewer than 2 kerbs. Generally each crossing should connect to at least 2 kerbs.
153779586,way,not appliable,not appliable,this crossing intersects fewer than 2 kerbs. Generally each crossing should connect to at least 2 kerbs.
153779615,way,not appliable,not appliable,this crossing intersects fewer than 2 kerbs. Generally each crossing should connect to at least 2 kerbs.
153779636,way,not appliable,not appliable,this crossing intersects fewer than 2 kerbs. Generally each crossing should connect to at least 2 kerbs.
153779639,way,not appliable,not appliable,this crossing intersects fewer than 2 kerbs. Generally each crossing should connect to at least 2 kerbs.
153779640,way,not appliable,not appliable,this crossing intersects fewer than 2 kerbs. Generally each crossing should connect to at least 2 kerbs.
153779641,way,not appliable,not appliable,this crossing intersects fewer than 2 kerbs. Generally each crossing should connect to at least 2 kerbs.
153779642,way,not appliable,not appliable,this crossing intersects fewer than 2 kerbs. Generally each crossing should connect to at least 2 kerbs.
153779643,way,not appliable,not appliable,this crossing intersects fewer than 2 kerbs. Generally each crossing should connect to at least 2 kerbs.
153779644,way,not appliable,not appliable,this crossing intersects fewer than 2 kerbs. Generally each crossing should connect to at least 2 kerbs.
153779645,way,not appliable,not appliable,this crossing intersects fewer than 2 kerbs. Generally each crossing should connect to at least 2 kerbs.
153779647,way,not appliable,not appliable,this crossing intersects fewer than 2 kerbs. Generally each crossing should connect to at least 2 kerbs.
153779650,way,not appliable,not appliable,this crossing intersects fewer than 2 kerbs. Generally each crossing should connect to at least 2 kerbs.
153779652,way,not appliable,not appliable,this crossing intersects fewer than 2 kerbs. Generally each crossing should connect to at least 2 kerbs.
153779653,way,not appliable,not appliable,this crossing intersects fewer than 2 kerbs. Generally each crossing should connect to at least 2 kerbs.
153779655,way,not appliable,not appliable,this crossing intersects fewer than 2 kerbs. Generally each crossing should connect to at least 2 kerbs.
153779656,way,not appliable,not appliable,this crossing intersects fewer than 2 kerbs. Generally each crossing should connect to at least 2 kerbs.
153779657,way,not appliable,not appliable,this crossing intersects fewer than 2 kerbs. Generally each crossing should connect to at least 2 kerbs.
153779658,way,not appliable,not appliable,this crossing intersects fewer than 2 kerbs. Generally each crossing should connect to at least 2 kerbs.
153779660,way,not appliable,not appliable,this crossing intersects fewer than 2 kerbs. Generally each crossing should connect to at least 2 kerbs.
153779661,way,not appliable,not appliable,this crossing intersects fewer than 2 kerbs. Generally each crossing should connect to at least 2 kerbs.
153779662,way,not appliable,not appliable,this crossing intersects fewer than 2 kerbs. Generally each crossing should connect to at least 2 kerbs.
153779664,way,not appliable,not appliable,this crossing intersects fewer than 2 kerbs. Generally each crossing should connect to at least 2 kerbs.
153779666,way,not appliable,not appliable,this crossing intersects fewer than 2 kerbs. Generally each crossing should connect to at least 2 kerbs.
153779668,way,not appliable,not appliable,this crossing intersects fewer than 2 kerbs. Generally each crossing should connect to at least 2 kerbs.
153779670,way,not appliable,not appliable,this crossing intersects fewer than 2 kerbs. Generally each crossing should connect to at least 2 kerbs.
153779671,way,not appliable,not appliable,this crossing intersects fewer than 2 kerbs. Generally each crossing should connect to at least 2 kerbs.
154864257,way,not appliable,not appliable,this crossing intersects fewer than 2 kerbs. Generally each crossing should connect to at least 2 kerbs.
154864261,way,not appliable,not appliable,this crossing intersects fewer than 2 kerbs. Generally each crossing should connect to at least 2 kerbs.
154864265,way,not appliable,not appliable,this crossing intersects fewer than 2 kerbs. Generally each crossing should connect to at least 2 kerbs.
154864269,way,not appliable,not appliable,this crossing intersects fewer than 2 kerbs. Generally each crossing should connect to at least 2 kerbs.
154864271,way,not appliable,not appliable,this crossing intersects fewer than 2 kerbs. Generally each crossing should connect to at least 2 kerbs.
154864275,way,not appliable,not appliable,this crossing intersects fewer than 2 kerbs. Generally each crossing should connect to at least 2 kerbs.
154864283,way,not appliable,not appliable,this crossing intersects fewer than 2 kerbs. Generally each crossing should connect to at least 2 kerbs.
154864284,way,not appliable,not appliable,this crossing intersects fewer than 2 kerbs. Generally each crossing should connect to at least 2 kerbs.
154864289,way,not appliable,not appliable,this crossing intersects fewer than 2 kerbs. Generally each crossing should connect to at least 2 kerbs.
154864291,way,not appliable,not appliable,this crossing intersects fewer than 2 kerbs. Generally each crossing should connect to at least 2 kerbs.
154864302,way,not appliable,not appliable,this crossing intersects fewer than 2 kerbs. Generally each crossing should connect to at least 2 kerbs.
154864307,way,not appliable,not appliable,this crossing intersects fewer than 2 kerbs. Generally each crossing should connect to at least 2 kerbs.
154864309,way,not appliable,not appliable,this crossing intersects fewer than 2 kerbs. Generally each crossing should connect to at least 2 kerbs.
154864310,way,not appliable,not appliable,this crossing intersects fewer than 2 kerbs. Generally each crossing should connect to at least 2 kerbs.
154864314,way,not appliable,not appliable,this crossing intersects fewer than 2 kerbs. Generally each crossing should connect to at least 2 kerbs.
154864320,way,not appliable,not appliable,this crossing intersects fewer than 2 kerbs. Generally each crossing should connect to at least 2 kerbs.
154864324,way,not appliable,not appliable,this crossing intersects fewer than 2 kerbs. Generally each crossing should connect to at least 2 kerbs.
155145635,way,not appliable,not appliable,this crossing intersects fewer than 2 kerbs. Generally each crossing should connect to at least 2 kerbs.
155145639,way,not appliable,not appliable,this crossing intersects fewer than 2 kerbs. Generally each crossing should connect to at least 2 kerbs.
155145641,way,not appliable,not appliable,this crossing intersects fewer than 2 kerbs. Generally each crossing should connect to at least 2 kerbs.
155145642,way,not appliable,not appliable,this crossing intersects fewer than 2 kerbs. Generally each crossing should connect to at least 2 kerbs.
155145646,way,not appliable,not appliable,this crossing intersects fewer than 2 kerbs. Generally each crossing should connect to at least 2 kerbs.
155249177,way,not appliable,not appliable,this crossing intersects fewer than 2 kerbs. Generally each crossing should connect to at least 2 kerbs.
155249178,way,not appliable,not appliable,this crossing intersects fewer than 2 kerbs. Generally each crossing should connect to at least 2 kerbs.
155249179,way,not appliable,not appliable,this crossing intersects fewer than 2 kerbs. Generally each crossing should connect to at least 2 kerbs.
155249181,way,not appliable,not appliable,this crossing intersects fewer than 2 kerbs. Generally each crossing should connect to at least 2 kerbs.
155249182,way,not appliable,not appliable,this crossing intersects fewer than 2 kerbs. Generally each crossing should connect to at least 2 kerbs.
155249183,way,not appliable,not appliable,this crossing intersects fewer than 2 kerbs. Generally each crossing should connect to at least 2 kerbs.
155249184,way,not appliable,not appliable,this crossing intersects fewer than 2 kerbs. Generally each crossing should connect to at least 2 kerbs.
155371202,way,not appliable,not appliable,this crossing intersects fewer than 2 kerbs. Generally each crossing should connect to at least 2 kerbs.
155371203,way,not appliable,not appliable,this crossing intersects fewer than 2 kerbs. Generally each crossing should connect to at least 2 kerbs.
155371205,way,not appliable,not appliable,this crossing intersects fewer than 2 kerbs. Generally each crossing should connect to at least 2 kerbs.
155371206,way,not appliable,not appliable,this crossing intersects fewer than 2 kerbs. Generally each crossing should connect to at least 2 kerbs.
155371208,way,not appliable,not appliable,this crossing intersects fewer than 2 kerbs. Generally each crossing should connect to at least 2 kerbs.
157665243,way,not appliable,not appliable,this crossing intersects fewer than 2 kerbs. Generally each crossing should connect to at least 2 kerbs.
157665249,way,not appliable,not appliable,this crossing intersects fewer than 2 kerbs. Generally each crossing should connect to at least 2 kerbs.
157665252,way,not appliable,not appliable,this crossing intersects fewer than 2 kerbs. Generally each crossing should connect to at least 2 kerbs.
157665256,way,not appliable,not appliable,this crossing intersects fewer than 2 kerbs. Generally each crossing should connect to at least 2 kerbs.
157665259,way,not appliable,not appliable,this crossing intersects fewer than 2 kerbs. Generally each crossing should connect to at least 2 kerbs.
158198200,way,not appliable,not appliable,this crossing intersects fewer than 2 kerbs. Generally each crossing should connect to at least 2 kerbs.
158198202,way,not appliable,not appliable,this crossing intersects fewer than 2 kerbs. Generally each crossing should connect to at least 2 kerbs.
158198203,way,not appliable,not appliable,this crossing intersects fewer than 2 kerbs. Generally each crossing should connect to at least 2 kerbs.
158198204,way,not appliable,not appliable,this crossing intersects fewer than 2 kerbs. Generally each crossing should connect to at least 2 kerbs.
158198205,way,not appliable,not appliable,this crossing intersects fewer than 2 kerbs. Generally each crossing should connect to at least 2 kerbs.
158198206,way,not appliable,not appliable,this crossing intersects fewer than 2 kerbs. Generally each crossing should connect to at least 2 kerbs.
158198207,way,not appliable,not appliable,this crossing intersects fewer than 2 kerbs. Generally each crossing should connect to at least 2 kerbs.
158198208,way,not appliable,not appliable,this crossing intersects fewer than 2 kerbs. Generally each crossing should connect to at least 2 kerbs.
158198209,way,not appliable,not appliable,this crossing intersects fewer than 2 kerbs. Generally each crossing should connect to at least 2 kerbs.
158198210,way,not appliable,not appliable,this crossing intersects fewer than 2 kerbs. Generally each crossing should connect to at least 2 kerbs.
158198212,way,not appliable,not appliable,this crossing intersects fewer than 2 kerbs. Generally each crossing should connect to at least 2 kerbs.
158198213,way,not appliable,not appliable,this crossing intersects fewer than 2 kerbs. Generally each crossing should connect to at least 2 kerbs.
158198214,way,not appliable,not appliable,this crossing intersects fewer than 2 kerbs. Generally each crossing should connect to at least 2 kerbs.
158198215,way,not appliable,not appliable,this crossing intersects fewer than 2 kerbs. Generally each crossing should connect to at least 2 kerbs.
158198216,way,not appliable,not appliable,this crossing intersects fewer than 2 kerbs. Generally each crossing should connect to at least 2 kerbs.
158198218,way,not appliable,not appliable,this crossing intersects fewer than 2 kerbs. Generally each crossing should connect to at least 2 kerbs.
158198219,way,not appliable,not appliable,this crossing intersects fewer than 2 kerbs. Generally each crossing should connect to at least 2 kerbs.
158198223,way,not appliable,not appliable,this crossing intersects fewer than 2 kerbs. Generally each crossing should connect to at least 2 kerbs.
158198225,way,not appliable,not appliable,this crossing intersects fewer than 2 kerbs. Generally each crossing should connect to at least 2 kerbs.
158310283,way,not appliable,not appliable,this crossing intersects fewer than 2 kerbs. Generally each crossing should connect to at least 2 kerbs.
158310285,way,not appliable,not appliable,this crossing intersects fewer than 2 kerbs. Generally each crossing should connect to at least 2 kerbs.
158313044,way,not appliable,not appliable,this crossing intersects fewer than 2 kerbs. Generally each crossing should connect to at least 2 kerbs.
158319533,way,not appliable,not appliable,this crossing intersects fewer than 2 kerbs. Generally each crossing should connect to at least 2 kerbs.
158319535,way,not appliable,not appliable,this crossing intersects fewer than 2 kerbs. Generally each crossing should connect to at least 2 kerbs.
158319536,way,not appliable,not appliable,this crossing intersects fewer than 2 kerbs. Generally each crossing should connect to at least 2 kerbs.
158647709,way,not appliable,not appliable,this crossing intersects fewer than 2 kerbs. Generally each crossing should connect to at least 2 kerbs.
158647712,way,not appliable,not appliable,this crossing intersects fewer than 2 kerbs. Generally each crossing should connect to at least 2 kerbs.
158647713,way,not appliable,not appliable,this crossing intersects fewer than 2 kerbs. Generally each crossing should connect to at least 2 kerbs.
158647714,way,not appliable,not appliable,this crossing intersects fewer than 2 kerbs. Generally each crossing should connect to at least 2 kerbs.
158647717,way,not appliable,not appliable,this crossing intersects fewer than 2 kerbs. Generally each crossing should connect to at least 2 kerbs.
158647719,way,not appliable,not appliable,this crossing intersects fewer than 2 kerbs. Generally each crossing should connect to at least 2 kerbs.
158647722,way,not appliable,not appliable,this crossing intersects fewer than 2 kerbs. Generally each crossing should connect to at least 2 kerbs.
158647724,way,not appliable,not appliable,this crossing intersects fewer than 2 kerbs. Generally each crossing should connect to at least 2 kerbs.
158647725,way,not appliable,not appliable,this crossing intersects fewer than 2 kerbs. Generally each crossing should connect to at least 2 kerbs.
158647726,way,not appliable,not appliable,this crossing intersects fewer than 2 kerbs. Generally each crossing should connect to at least 2 kerbs.
158808881,way,not appliable,not appliable,this crossing intersects fewer than 2 kerbs. Generally each crossing should connect to at least 2 kerbs.
158808882,way,not appliable,not appliable,this crossing intersects fewer than 2 kerbs. Generally each crossing should connect to at least 2 kerbs.
158808883,way,not appliable,not appliable,this crossing intersects fewer than 2 kerbs. Generally each crossing should connect to at least 2 kerbs.
158808885,way,not appliable,not appliable,this crossing intersects fewer than 2 kerbs. Generally each crossing should connect to at least 2 kerbs.
158808887,way,not appliable,not appliable,this crossing intersects fewer than 2 kerbs. Generally each crossing should connect to at least 2 kerbs.
158808888,way,not appliable,not appliable,this crossing intersects fewer than 2 kerbs. Generally each crossing should connect to at least 2 kerbs.
158808889,way,not appliable,not appliable,this crossing intersects fewer than 2 kerbs. Generally each crossing should connect to at least 2 kerbs.
158808890,way,not appliable,not appliable,this crossing intersects fewer than 2 kerbs. Generally each crossing should connect to at least 2 kerbs.
158808892,way,not appliable,not appliable,this crossing intersects fewer than 2 kerbs. Generally each crossing should connect to at least 2 kerbs.
158808894,way,not appliable,not appliable,this crossing intersects fewer than 2 kerbs. Generally each crossing should connect to at least 2 kerbs.
158808895,way,not appliable,not appliable,this crossing intersects fewer than 2 kerbs. Generally each crossing should connect to at least 2 kerbs.
158808896,way,not appliable,not appliable,this crossing intersects fewer than 2 kerbs. Generally each crossing should connect to at least 2 kerbs.
158808898,way,not appliable,not appliable,this crossing intersects fewer than 2 kerbs. Generally each crossing should connect to at least 2 kerbs.
158808899,way,not appliable,not appliable,this crossing intersects fewer than 2 kerbs. Generally each crossing should connect to at least 2 kerbs.
158808900,way,not appliable,not appliable,this crossing intersects fewer than 2 kerbs. Generally each crossing should connect to at least 2 kerbs.
158808902,way,not appliable,not appliable,this crossing intersects fewer than 2 kerbs. Generally each crossing should connect to at least 2 kerbs.
158808903,way,not appliable,not appliable,this crossing intersects fewer than 2 kerbs. Generally each crossing should connect to at least 2 kerbs.
158808904,way,not appliable,not appliable,this crossing intersects fewer than 2 kerbs. Generally each crossing should connect to at least 2 kerbs.
158808905,way,not appliable,not appliable,this crossing intersects fewer than 2 kerbs. Generally each crossing should connect to at least 2 kerbs.
158808906,way,not appliable,not appliable,this crossing intersects fewer than 2 kerbs. Generally each crossing should connect to at least 2 kerbs.
158808907,way,not appliable,not appliable,this crossing intersects fewer than 2 kerbs. Generally each crossing should connect to at least 2 kerbs.
158808908,way,not appliable,not appliable,this crossing intersects fewer than 2 kerbs. Generally each crossing should connect to at least 2 kerbs.
158808912,way,not appliable,not appliable,this crossing intersects fewer than 2 kerbs. Generally each crossing should connect to at least 2 kerbs.
158808914,way,not appliable,not appliable,this crossing intersects fewer than 2 kerbs. Generally each crossing should connect to at least 2 kerbs.
158808915,way,not appliable,not appliable,this crossing intersects fewer than 2 kerbs. Generally each crossing should connect to at least 2 kerbs.
158808916,way,not appliable,not appliable,this crossing intersects fewer than 2 kerbs. Generally each crossing should connect to at least 2 kerbs.
158808917,way,not appliable,not appliable,this crossing intersects fewer than 2 kerbs. Generally each crossing should connect to at least 2 kerbs.
158812902,way,not appliable,not appliable,this crossing intersects fewer than 2 kerbs. Generally each crossing should connect to at least 2 kerbs.
158812903,way,not appliable,not appliable,this crossing intersects fewer than 2 kerbs. Generally each crossing should connect to at least 2 kerbs.
158812904,way,not appliable,not appliable,this crossing intersects fewer than 2 kerbs. Generally each crossing should connect to at least 2 kerbs.
158812906,way,not appliable,not appliable,this crossing intersects fewer than 2 kerbs. Generally each crossing should connect to at least 2 kerbs.
158812907,way,not appliable,not appliable,this crossing intersects fewer than 2 kerbs. Generally each crossing should connect to at least 2 kerbs.
158812909,way,not appliable,not appliable,this crossing intersects fewer than 2 kerbs. Generally each crossing should connect to at least 2 kerbs.
158812910,way,not appliable,not appliable,this crossing intersects fewer than 2 kerbs. Generally each crossing should connect to at least 2 kerbs.
158812911,way,not appliable,not appliable,this crossing intersects fewer than 2 kerbs. Generally each crossing should connect to at least 2 kerbs.
158815788,way,not appliable,not appliable,this crossing intersects fewer than 2 kerbs. Generally each crossing should connect to at least 2 kerbs.
158815790,way,not appliable,not appliable,this crossing intersects fewer than 2 kerbs. Generally each crossing should connect to at least 2 kerbs.
158815791,way,not appliable,not appliable,this crossing intersects fewer than 2 kerbs. Generally each crossing should connect to at least 2 kerbs.
158815793,way,not appliable,not appliable,this crossing intersects fewer than 2 kerbs. Generally each crossing should connect to at least 2 kerbs.
158815797,way,not appliable,not appliable,this crossing intersects fewer than 2 kerbs. Generally each crossing should connect to at least 2 kerbs.
158815798,way,not appliable,not appliable,this crossing intersects fewer than 2 kerbs. Generally each crossing should connect to at least 2 kerbs.
158815801,way,not appliable,not appliable,this crossing intersects fewer than 2 kerbs. Generally each crossing should connect to at least 2 kerbs.
158821076,way,not appliable,not appliable,this crossing intersects fewer than 2 kerbs. Generally each crossing should connect to at least 2 kerbs.
158821077,way,not appliable,not appliable,this crossing intersects fewer than 2 kerbs. Generally each crossing should connect to at least 2 kerbs.
158821078,way,not appliable,not appliable,this crossing intersects fewer than 2 kerbs. Generally each crossing should connect to at least 2 kerbs.
158821080,way,not appliable,not appliable,this crossing intersects fewer than 2 kerbs. Generally each crossing should connect to at least 2 kerbs.
158821082,way,not appliable,not appliable,this crossing intersects fewer than 2 kerbs. Generally each crossing should connect to at least 2 kerbs.
158821084,way,not appliable,not appliable,this crossing intersects fewer than 2 kerbs. Generally each crossing should connect to at least 2 kerbs.
158821085,way,not appliable,not appliable,this crossing intersects fewer than 2 kerbs. Generally each crossing should connect to at least 2 kerbs.
158821087,way,not appliable,not appliable,this crossing intersects fewer than 2 kerbs. Generally each crossing should connect to at least 2 kerbs.
158821088,way,not appliable,not appliable,this crossing intersects fewer than 2 kerbs. Generally each crossing should connect to at least 2 kerbs.
158823085,way,not appliable,not appliable,this crossing intersects fewer than 2 kerbs. Generally each crossing should connect to at least 2 kerbs.
158823087,way,not appliable,not appliable,this crossing intersects fewer than 2 kerbs. Generally each crossing should connect to at least 2 kerbs.
158823089,way,not appliable,not appliable,this crossing intersects fewer than 2 kerbs. Generally each crossing should connect to at least 2 kerbs.
158823090,way,not appliable,not appliable,this crossing intersects fewer than 2 kerbs. Generally each crossing should connect to at least 2 kerbs.
158823092,way,not appliable,not appliable,this crossing intersects fewer than 2 kerbs. Generally each crossing should connect to at least 2 kerbs.
158823095,way,not appliable,not appliable,this crossing intersects fewer than 2 kerbs. Generally each crossing should connect to at least 2 kerbs.
158823096,way,not appliable,not appliable,this crossing intersects fewer than 2 kerbs. Generally each crossing should connect to at least 2 kerbs.
158823098,way,not appliable,not appliable,this crossing intersects fewer than 2 kerbs. Generally each crossing should connect to at least 2 kerbs.
158823100,way,not appliable,not appliable,this crossing intersects fewer than 2 kerbs. Generally each crossing should connect to at least 2 kerbs.
158823102,way,not appliable,not appliable,this crossing intersects fewer than 2 kerbs. Generally each crossing should connect to at least 2 kerbs.
158823104,way,not appliable,not appliable,this crossing intersects fewer than 2 kerbs. Generally each crossing should connect to at least 2 kerbs.
158823105,way,not appliable,not appliable,this crossing intersects fewer than 2 kerbs. Generally each crossing should connect to at least 2 kerbs.
158823108,way,not appliable,not appliable,this crossing intersects fewer than 2 kerbs. Generally each crossing should connect to at least 2 kerbs.
158823109,way,not appliable,not appliable,this crossing intersects fewer than 2 kerbs. Generally each crossing should connect to at least 2 kerbs.
158823111,way,not appliable,not appliable,this crossing intersects fewer than 2 kerbs. Generally each crossing should connect to at least 2 kerbs.
158823112,way,not appliable,not appliable,this crossing intersects fewer than 2 kerbs. Generally each crossing should connect to at least 2 kerbs.
158823114,way,not appliable,not appliable,this crossing intersects fewer than 2 kerbs. Generally each crossing should connect to at least 2 kerbs.
158823115,way,not appliable,not appliable,this crossing intersects fewer than 2 kerbs. Generally each crossing should connect to at least 2 kerbs.
158823116,way,not appliable,not appliable,this crossing intersects fewer than 2 kerbs. Generally each crossing should connect to at least 2 kerbs.
158823118,way,not appliable,not appliable,this crossing intersects fewer than 2 kerbs. Generally each crossing should connect to at least 2 kerbs.
158823119,way,not appliable,not appliable,this crossing intersects fewer than 2 kerbs. Generally each crossing should connect to at least 2 kerbs.
158823121,way,not appliable,not appliable,this crossing intersects fewer than 2 kerbs. Generally each crossing should connect to at least 2 kerbs.
158823122,way,not appliable,not appliable,this crossing intersects fewer than 2 kerbs. Generally each crossing should connect to at least 2 kerbs.
158823123,way,not appliable,not appliable,this crossing intersects fewer than 2 kerbs. Generally each crossing should connect to at least 2 kerbs.
158823124,way,not appliable,not appliable,this crossing intersects fewer than 2 kerbs. Generally each crossing should connect to at least 2 kerbs.
158823125,way,not appliable,not appliable,this crossing intersects fewer than 2 kerbs. Generally each crossing should connect to at least 2 kerbs.
158823126,way,not appliable,not appliable,this crossing intersects fewer than 2 kerbs. Generally each crossing should connect to at least 2 kerbs.
158823127,way,not appliable,not appliable,this crossing intersects fewer than 2 kerbs. Generally each crossing should connect to at least 2 kerbs.
158823129,way,not appliable,not appliable,this crossing intersects fewer than 2 kerbs. Generally each crossing should connect to at least 2 kerbs.
158823130,way,not appliable,not appliable,this crossing intersects fewer than 2 kerbs. Generally each crossing should connect to at least 2 kerbs.
158823131,way,not appliable,not appliable,this crossing intersects fewer than 2 kerbs. Generally each crossing should connect to at least 2 kerbs.
158823133,way,not appliable,not appliable,this crossing intersects fewer than 2 kerbs. Generally each crossing should connect to at least 2 kerbs.
158823134,way,not appliable,not appliable,this crossing intersects fewer than 2 kerbs. Generally each crossing should connect to at least 2 kerbs.
158823135,way,not appliable,not appliable,this crossing intersects fewer than 2 kerbs. Generally each crossing should connect to at least 2 kerbs.
158823136,way,not appliable,not appliable,this crossing intersects fewer than 2 kerbs. Generally each crossing should connect to at least 2 kerbs.
158825835,way,not appliable,not appliable,this crossing intersects fewer than 2 kerbs. Generally each crossing should connect to at least 2 kerbs.
158825837,way,not appliable,not appliable,this crossing intersects fewer than 2 kerbs. Generally each crossing should connect to at least 2 kerbs.
158825839,way,not appliable,not appliable,this crossing intersects fewer than 2 kerbs. Generally each crossing should connect to at least 2 kerbs.
158825841,way,not appliable,not appliable,this crossing intersects fewer than 2 kerbs. Generally each crossing should connect to at least 2 kerbs.
158975632,way,not appliable,not appliable,this crossing intersects fewer than 2 kerbs. Generally each crossing should connect to at least 2 kerbs.
158975636,way,not appliable,not appliable,this crossing intersects fewer than 2 kerbs. Generally each crossing should connect to at least 2 kerbs.
158975637,way,not appliable,not appliable,this crossing intersects fewer than 2 kerbs. Generally each crossing should connect to at least 2 kerbs.
158975641,way,not appliable,not appliable,this crossing intersects fewer than 2 kerbs. Generally each crossing should connect to at least 2 kerbs.
158975642,way,not appliable,not appliable,this crossing intersects fewer than 2 kerbs. Generally each crossing should connect to at least 2 kerbs.
158975643,way,not appliable,not appliable,this crossing intersects fewer than 2 kerbs. Generally each crossing should connect to at least 2 kerbs.
158975647,way,not appliable,not appliable,this crossing intersects fewer than 2 kerbs. Generally each crossing should connect to at least 2 kerbs.
158975648,way,not appliable,not appliable,this crossing intersects fewer than 2 kerbs. Generally each crossing should connect to at least 2 kerbs.
158975649,way,not appliable,not appliable,this crossing intersects fewer than 2 kerbs. Generally each crossing should connect to at least 2 kerbs.
158975654,way,not appliable,not appliable,this crossing intersects fewer than 2 kerbs. Generally each crossing should connect to at least 2 kerbs.
158975655,way,not appliable,not appliable,this crossing intersects fewer than 2 kerbs. Generally each crossing should connect to at least 2 kerbs.
158975660,way,not appliable,not appliable,this crossing intersects fewer than 2 kerbs. Generally each crossing should connect to at least 2 kerbs.
158975663,way,not appliable,not appliable,this crossing intersects fewer than 2 kerbs. Generally each crossing should connect to at least 2 kerbs.
158975664,way,not appliable,not appliable,this crossing intersects fewer than 2 kerbs. Generally each crossing should connect to at least 2 kerbs.
158975667,way,not appliable,not appliable,this crossing intersects fewer than 2 kerbs. Generally each crossing should connect to at least 2 kerbs.
158978699,way,not appliable,not appliable,this crossing intersects fewer than 2 kerbs. Generally each crossing should connect to at least 2 kerbs.
158978701,way,not appliable,not appliable,this crossing intersects fewer than 2 kerbs. Generally each crossing should connect to at least 2 kerbs.
158980578,way,not appliable,not appliable,this crossing intersects fewer than 2 kerbs. Generally each crossing should connect to at least 2 kerbs.
158980579,way,not appliable,not appliable,this crossing intersects fewer than 2 kerbs. Generally each crossing should connect to at least 2 kerbs.
158980580,way,not appliable,not appliable,this crossing intersects fewer than 2 kerbs. Generally each crossing should connect to at least 2 kerbs.
158980581,way,not appliable,not appliable,this crossing intersects fewer than 2 kerbs. Generally each crossing should connect to at least 2 kerbs.
158980582,way,not appliable,not appliable,this crossing intersects fewer than 2 kerbs. Generally each crossing should connect to at least 2 kerbs.
158980583,way,not appliable,not appliable,this crossing intersects fewer than 2 kerbs. Generally each crossing should connect to at least 2 kerbs.
158980584,way,not appliable,not appliable,this crossing intersects fewer than 2 kerbs. Generally each crossing should connect to at least 2 kerbs.
158980585,way,not appliable,not appliable,this crossing intersects fewer than 2 kerbs. Generally each crossing should connect to at least 2 kerbs.
158980586,way,not appliable,not appliable,this crossing intersects fewer than 2 kerbs. Generally each crossing should connect to at least 2 kerbs.
158980587,way,not appliable,not appliable,this crossing intersects fewer than 2 kerbs. Generally each crossing should connect to at least 2 kerbs.
158980588,way,not appliable,not appliable,this crossing intersects fewer than 2 kerbs. Generally each crossing should connect to at least 2 kerbs.
158980589,way,not appliable,not appliable,this crossing intersects fewer than 2 kerbs. Generally each crossing should connect to at least 2 kerbs.
158980590,way,not appliable,not appliable,this crossing intersects fewer than 2 kerbs. Generally each crossing should connect to at least 2 kerbs.
158980591,way,not appliable,not appliable,this crossing intersects fewer than 2 kerbs. Generally each crossing should connect to at least 2 kerbs.
158980592,way,not appliable,not appliable,this crossing intersects fewer than 2 kerbs. Generally each crossing should connect to at least 2 kerbs.
158980593,way,not appliable,not appliable,this crossing intersects fewer than 2 kerbs. Generally each crossing should connect to at least 2 kerbs.
158980594,way,not appliable,not appliable,this crossing intersects fewer than 2 kerbs. Generally each crossing should connect to at least 2 kerbs.
158980595,way,not appliable,not appliable,this crossing intersects fewer than 2 kerbs. Generally each crossing should connect to at least 2 kerbs.
159953157,way,not appliable,not appliable,this crossing intersects fewer than 2 kerbs. Generally each crossing should connect to at least 2 kerbs.
159953158,way,not appliable,not appliable,this crossing intersects fewer than 2 kerbs. Generally each crossing should connect to at least 2 kerbs.
159953160,way,not appliable,not appliable,this crossing intersects fewer than 2 kerbs. Generally each crossing should connect to at least 2 kerbs.
159953166,way,not appliable,not appliable,this crossing intersects fewer than 2 kerbs. Generally each crossing should connect to at least 2 kerbs.
159953168,way,not appliable,not appliable,this crossing intersects fewer than 2 kerbs. Generally each crossing should connect to at least 2 kerbs.
159953175,way,not appliable,not appliable,this crossing intersects fewer than 2 kerbs. Generally each crossing should connect to at least 2 kerbs.
159953177,way,not appliable,not appliable,this crossing intersects fewer than 2 kerbs. Generally each crossing should connect to at least 2 kerbs.
159953180,way,not appliable,not appliable,this crossing intersects fewer than 2 kerbs. Generally each crossing should connect to at least 2 kerbs.
159955362,way,not appliable,not appliable,this crossing intersects fewer than 2 kerbs. Generally each crossing should connect to at least 2 kerbs.
159955364,way,not appliable,not appliable,this crossing intersects fewer than 2 kerbs. Generally each crossing should connect to at least 2 kerbs.
159955365,way,not appliable,not appliable,this crossing intersects fewer than 2 kerbs. Generally each crossing should connect to at least 2 kerbs.
159955366,way,not appliable,not appliable,this crossing intersects fewer than 2 kerbs. Generally each crossing should connect to at least 2 kerbs.
159955368,way,not appliable,not appliable,this crossing intersects fewer than 2 kerbs. Generally each crossing should connect to at least 2 kerbs.
159955369,way,not appliable,not appliable,this crossing intersects fewer than 2 kerbs. Generally each crossing should connect to at least 2 kerbs.
159955370,way,not appliable,not appliable,this crossing intersects fewer than 2 kerbs. Generally each crossing should connect to at least 2 kerbs.
159955371,way,not appliable,not appliable,this crossing intersects fewer than 2 kerbs. Generally each crossing should connect to at least 2 kerbs.
159955373,way,not appliable,not appliable,this crossing intersects fewer than 2 kerbs. Generally each crossing should connect to at least 2 kerbs.
159955374,way,not appliable,not appliable,this crossing intersects fewer than 2 kerbs. Generally each crossing should connect to at least 2 kerbs.
159955375,way,not appliable,not appliable,this crossing intersects fewer than 2 kerbs. Generally each crossing should connect to at least 2 kerbs.
159955376,way,not appliable,not appliable,this crossing intersects fewer than 2 kerbs. Generally each crossing should connect to at least 2 kerbs.
159955377,way,not appliable,not appliable,this crossing intersects fewer than 2 kerbs. Generally each crossing should connect to at least 2 kerbs.
159955381,way,not appliable,not appliable,this crossing intersects fewer than 2 kerbs. Generally each crossing should connect to at least 2 kerbs.
159955382,way,not appliable,not appliable,this crossing intersects fewer than 2 kerbs. Generally each crossing should connect to at least 2 kerbs.
159955387,way,not appliable,not appliable,this crossing intersects fewer than 2 kerbs. Generally each crossing should connect to at least 2 kerbs.
160190716,way,not appliable,not appliable,this crossing intersects fewer than 2 kerbs. Generally each crossing should connect to at least 2 kerbs.
160190718,way,not appliable,not appliable,this crossing intersects fewer than 2 kerbs. Generally each crossing should connect to at least 2 kerbs.
160190725,way,not appliable,not appliable,this crossing intersects fewer than 2 kerbs. Generally each crossing should connect to at least 2 kerbs.
160190729,way,not appliable,not appliable,this crossing intersects fewer than 2 kerbs. Generally each crossing should connect to at least 2 kerbs.
160190736,way,not appliable,not appliable,this crossing intersects fewer than 2 kerbs. Generally each crossing should connect to at least 2 kerbs.
160190737,way,not appliable,not appliable,this crossing intersects fewer than 2 kerbs. Generally each crossing should connect to at least 2 kerbs.
160301391,way,not appliable,not appliable,this crossing intersects fewer than 2 kerbs. Generally each crossing should connect to at least 2 kerbs.
160301392,way,not appliable,not appliable,this crossing intersects fewer than 2 kerbs. Generally each crossing should connect to at least 2 kerbs.
160301393,way,not appliable,not appliable,this crossing intersects fewer than 2 kerbs. Generally each crossing should connect to at least 2 kerbs.
160301394,way,not appliable,not appliable,this crossing intersects fewer than 2 kerbs. Generally each crossing should connect to at least 2 kerbs.
160301395,way,not appliable,not appliable,this crossing intersects fewer than 2 kerbs. Generally each crossing should connect to at least 2 kerbs.
160301396,way,not appliable,not appliable,this crossing intersects fewer than 2 kerbs. Generally each crossing should connect to at least 2 kerbs.
160301397,way,not appliable,not appliable,this crossing intersects fewer than 2 kerbs. Generally each crossing should connect to at least 2 kerbs.
160301400,way,not appliable,not appliable,this crossing intersects fewer than 2 kerbs. Generally each crossing should connect to at least 2 kerbs.
160301401,way,not appliable,not appliable,this crossing intersects fewer than 2 kerbs. Generally each crossing should connect to at least 2 kerbs.
160301402,way,not appliable,not appliable,this crossing intersects fewer than 2 kerbs. Generally each crossing should connect to at least 2 kerbs.
160301403,way,not appliable,not appliable,this crossing intersects fewer than 2 kerbs. Generally each crossing should connect to at least 2 kerbs.
160301404,way,not appliable,not appliable,this crossing intersects fewer than 2 kerbs. Generally each crossing should connect to at least 2 kerbs.
160301405,way,not appliable,not appliable,this crossing intersects fewer than 2 kerbs. Generally each crossing should connect to at least 2 kerbs.
160301406,way,not appliable,not appliable,this crossing intersects fewer than 2 kerbs. Generally each crossing should connect to at least 2 kerbs.
160301407,way,not appliable,not appliable,this crossing intersects fewer than 2 kerbs. Generally each crossing should connect to at least 2 kerbs.
160301408,way,not appliable,not appliable,this crossing intersects fewer than 2 kerbs. Generally each crossing should connect to at least 2 kerbs.
160301410,way,not appliable,not appliable,this crossing intersects fewer than 2 kerbs. Generally each crossing should connect to at least 2 kerbs.
160301411,way,not appliable,not appliable,this crossing intersects fewer than 2 kerbs. Generally each crossing should connect to at least 2 kerbs.
160301412,way,not appliable,not appliable,this crossing intersects fewer than 2 kerbs. Generally each crossing should connect to at least 2 kerbs.
160301413,way,not appliable,not appliable,this crossing intersects fewer than 2 kerbs. Generally each crossing should connect to at least 2 kerbs.
160301415,way,not appliable,not appliable,this crossing intersects fewer than 2 kerbs. Generally each crossing should connect to at least 2 kerbs.
160301416,way,not appliable,not appliable,this crossing intersects fewer than 2 kerbs. Generally each crossing should connect to at least 2 kerbs.
160301417,way,not appliable,not appliable,this crossing intersects fewer than 2 kerbs. Generally each crossing should connect to at least 2 kerbs.
160301419,way,not appliable,not appliable,this crossing intersects fewer than 2 kerbs. Generally each crossing should connect to at least 2 kerbs.
160301421,way,not appliable,not appliable,this crossing intersects fewer than 2 kerbs. Generally each crossing should connect to at least 2 kerbs.
160305998,way,not appliable,not appliable,this crossing intersects fewer than 2 kerbs. Generally each crossing should connect to at least 2 kerbs.
161747382,way,not appliable,not appliable,this crossing intersects fewer than 2 kerbs. Generally each crossing should connect to at least 2 kerbs.
161747385,way,not appliable,not appliable,this crossing intersects fewer than 2 kerbs. Generally each crossing should connect to at least 2 kerbs.
161747392,way,not appliable,not appliable,this crossing intersects fewer than 2 kerbs. Generally each crossing should connect to at least 2 kerbs.
161747397,way,not appliable,not appliable,this crossing intersects fewer than 2 kerbs. Generally each crossing should connect to at least 2 kerbs.
161841391,way,not appliable,not appliable,this crossing intersects fewer than 2 kerbs. Generally each crossing should connect to at least 2 kerbs.
161841393,way,not appliable,not appliable,this crossing intersects fewer than 2 kerbs. Generally each crossing should connect to at least 2 kerbs.
161841394,way,not appliable,not appliable,this crossing intersects fewer than 2 kerbs. Generally each crossing should connect to at least 2 kerbs.
161841395,way,not appliable,not appliable,this crossing intersects fewer than 2 kerbs. Generally each crossing should connect to at least 2 kerbs.
161841397,way,not appliable,not appliable,this crossing intersects fewer than 2 kerbs. Generally each crossing should connect to at least 2 kerbs.
161841398,way,not appliable,not appliable,this crossing intersects fewer than 2 kerbs. Generally each crossing should connect to at least 2 kerbs.
161841399,way,not appliable,not appliable,this crossing intersects fewer than 2 kerbs. Generally each crossing should connect to at least 2 kerbs.
161841400,way,not appliable,not appliable,this crossing intersects fewer than 2 kerbs. Generally each crossing should connect to at least 2 kerbs.
161841402,way,not appliable,not appliable,this crossing intersects fewer than 2 kerbs. Generally each crossing should connect to at least 2 kerbs.
161841404,way,not appliable,not appliable,this crossing intersects fewer than 2 kerbs. Generally each crossing should connect to at least 2 kerbs.
161841405,way,not appliable,not appliable,this crossing intersects fewer than 2 kerbs. Generally each crossing should connect to at least 2 kerbs.
161841406,way,not appliable,not appliable,this crossing intersects fewer than 2 kerbs. Generally each crossing should connect to at least 2 kerbs.
161841407,way,not appliable,not appliable,this crossing intersects fewer than 2 kerbs. Generally each crossing should connect to at least 2 kerbs.
161841409,way,not appliable,not appliable,this crossing intersects fewer than 2 kerbs. Generally each crossing should connect to at least 2 kerbs.
161841410,way,not appliable,not appliable,this crossing intersects fewer than 2 kerbs. Generally each crossing should connect to at least 2 kerbs.
161841411,way,not appliable,not appliable,this crossing intersects fewer than 2 kerbs. Generally each crossing should connect to at least 2 kerbs.
161841412,way,not appliable,not appliable,this crossing intersects fewer than 2 kerbs. Generally each crossing should connect to at least 2 kerbs.
161841415,way,not appliable,not appliable,this crossing intersects fewer than 2 kerbs. Generally each crossing should connect to at least 2 kerbs.
161841416,way,not appliable,not appliable,this crossing intersects fewer than 2 kerbs. Generally each crossing should connect to at least 2 kerbs.
161841738,way,not appliable,not appliable,this crossing intersects fewer than 2 kerbs. Generally each crossing should connect to at least 2 kerbs.
161841739,way,not appliable,not appliable,this crossing intersects fewer than 2 kerbs. Generally each crossing should connect to at least 2 kerbs.
161841742,way,not appliable,not appliable,this crossing intersects fewer than 2 kerbs. Generally each crossing should connect to at least 2 kerbs.
161841743,way,not appliable,not appliable,this crossing intersects fewer than 2 kerbs. Generally each crossing should connect to at least 2 kerbs.
161841744,way,not appliable,not appliable,this crossing intersects fewer than 2 kerbs. Generally each crossing should connect to at least 2 kerbs.
161841745,way,not appliable,not appliable,this crossing intersects fewer than 2 kerbs. Generally each crossing should connect to at least 2 kerbs.
161841880,way,not appliable,not appliable,this crossing intersects fewer than 2 kerbs. Generally each crossing should connect to at least 2 kerbs.
161841881,way,not appliable,not appliable,this crossing intersects fewer than 2 kerbs. Generally each crossing should connect to at least 2 kerbs.
164813140,way,not appliable,not appliable,this crossing intersects fewer than 2 kerbs. Generally each crossing should connect to at least 2 kerbs.
164813141,way,not appliable,not appliable,this crossing intersects fewer than 2 kerbs. Generally each crossing should connect to at least 2 kerbs.
164813142,way,not appliable,not appliable,this crossing intersects fewer than 2 kerbs. Generally each crossing should connect to at least 2 kerbs.
164813143,way,not appliable,not appliable,this crossing intersects fewer than 2 kerbs. Generally each crossing should connect to at least 2 kerbs.
164813144,way,not appliable,not appliable,this crossing intersects fewer than 2 kerbs. Generally each crossing should connect to at least 2 kerbs.
164813145,way,not appliable,not appliable,this crossing intersects fewer than 2 kerbs. Generally each crossing should connect to at least 2 kerbs.
164813147,way,not appliable,not appliable,this crossing intersects fewer than 2 kerbs. Generally each crossing should connect to at least 2 kerbs.
164813150,way,not appliable,not appliable,this crossing intersects fewer than 2 kerbs. Generally each crossing should connect to at least 2 kerbs.
164813153,way,not appliable,not appliable,this crossing intersects fewer than 2 kerbs. Generally each crossing should connect to at least 2 kerbs.
164813159,way,not appliable,not appliable,this crossing intersects fewer than 2 kerbs. Generally each crossing should connect to at least 2 kerbs.
164813160,way,not appliable,not appliable,this crossing intersects fewer than 2 kerbs. Generally each crossing should connect to at least 2 kerbs.
164813162,way,not appliable,not appliable,this crossing intersects fewer than 2 kerbs. Generally each crossing should connect to at least 2 kerbs.
164813163,way,not appliable,not appliable,this crossing intersects fewer than 2 kerbs. Generally each crossing should connect to at least 2 kerbs.
164815153,way,not appliable,not appliable,this crossing intersects fewer than 2 kerbs. Generally each crossing should connect to at least 2 kerbs.
165029588,way,not appliable,not appliable,this crossing intersects fewer than 2 kerbs. Generally each crossing should connect to at least 2 kerbs.
165029595,way,not appliable,not appliable,this crossing intersects fewer than 2 kerbs. Generally each crossing should connect to at least 2 kerbs.
165029602,way,not appliable,not appliable,this crossing intersects fewer than 2 kerbs. Generally each crossing should connect to at least 2 kerbs.
165029608,way,not appliable,not appliable,this crossing intersects fewer than 2 kerbs. Generally each crossing should connect to at least 2 kerbs.
165029612,way,not appliable,not appliable,this crossing intersects fewer than 2 kerbs. Generally each crossing should connect to at least 2 kerbs.
165029614,way,not appliable,not appliable,this crossing intersects fewer than 2 kerbs. Generally each crossing should connect to at least 2 kerbs.
165029618,way,not appliable,not appliable,this crossing intersects fewer than 2 kerbs. Generally each crossing should connect to at least 2 kerbs.
165029623,way,not appliable,not appliable,this crossing intersects fewer than 2 kerbs. Generally each crossing should connect to at least 2 kerbs.
165029624,way,not appliable,not appliable,this crossing intersects fewer than 2 kerbs. Generally each crossing should connect to at least 2 kerbs.
165029628,way,not appliable,not appliable,this crossing intersects fewer than 2 kerbs. Generally each crossing should connect to at least 2 kerbs.
165146016,way,not appliable,not appliable,this crossing intersects fewer than 2 kerbs. Generally each crossing should connect to at least 2 kerbs.
165313114,way,not appliable,not appliable,this crossing intersects fewer than 2 kerbs. Generally each crossing should connect to at least 2 kerbs.
165313151,way,not appliable,not appliable,this crossing intersects fewer than 2 kerbs. Generally each crossing should connect to at least 2 kerbs.
165313153,way,not appliable,not appliable,this crossing intersects fewer than 2 kerbs. Generally each crossing should connect to at least 2 kerbs.
165313156,way,not appliable,not appliable,this crossing intersects fewer than 2 kerbs. Generally each crossing should connect to at least 2 kerbs.
165313158,way,not appliable,not appliable,this crossing intersects fewer than 2 kerbs. Generally each crossing should connect to at least 2 kerbs.
165313160,way,not appliable,not appliable,this crossing intersects fewer than 2 kerbs. Generally each crossing should connect to at least 2 kerbs.
165313169,way,not appliable,not appliable,this crossing intersects fewer than 2 kerbs. Generally each crossing should connect to at least 2 kerbs.
165313182,way,not appliable,not appliable,this crossing intersects fewer than 2 kerbs. Generally each crossing should connect to at least 2 kerbs.
165313185,way,not appliable,not appliable,this crossing intersects fewer than 2 kerbs. Generally each crossing should connect to at least 2 kerbs.
166355964,way,not appliable,not appliable,this crossing intersects fewer than 2 kerbs. Generally each crossing should connect to at least 2 kerbs.
166355966,way,not appliable,not appliable,this crossing intersects fewer than 2 kerbs. Generally each crossing should connect to at least 2 kerbs.
166355967,way,not appliable,not appliable,this crossing intersects fewer than 2 kerbs. Generally each crossing should connect to at least 2 kerbs.
166355969,way,not appliable,not appliable,this crossing intersects fewer than 2 kerbs. Generally each crossing should connect to at least 2 kerbs.
166355972,way,not appliable,not appliable,this crossing intersects fewer than 2 kerbs. Generally each crossing should connect to at least 2 kerbs.
166355973,way,not appliable,not appliable,this crossing intersects fewer than 2 kerbs. Generally each crossing should connect to at least 2 kerbs.
166355975,way,not appliable,not appliable,this crossing intersects fewer than 2 kerbs. Generally each crossing should connect to at least 2 kerbs.
166355976,way,not appliable,not appliable,this crossing intersects fewer than 2 kerbs. Generally each crossing should connect to at least 2 kerbs.
166355977,way,not appliable,not appliable,this crossing intersects fewer than 2 kerbs. Generally each crossing should connect to at least 2 kerbs.
166355982,way,not appliable,not appliable,this crossing intersects fewer than 2 kerbs. Generally each crossing should connect to at least 2 kerbs.
166355983,way,not appliable,not appliable,this crossing intersects fewer than 2 kerbs. Generally each crossing should connect to at least 2 kerbs.
166355984,way,not appliable,not appliable,this crossing intersects fewer than 2 kerbs. Generally each crossing should connect to at least 2 kerbs.
166355985,way,not appliable,not appliable,this crossing intersects fewer than 2 kerbs. Generally each crossing should connect to at least 2 kerbs.
166355987,way,not appliable,not appliable,this crossing intersects fewer than 2 kerbs. Generally each crossing should connect to at least 2 kerbs.
166355988,way,not appliable,not appliable,this crossing intersects fewer than 2 kerbs. Generally each crossing should connect to at least 2 kerbs.
166355989,way,not appliable,not appliable,this crossing intersects fewer than 2 kerbs. Generally each crossing should connect to at least 2 kerbs.
166355997,way,not appliable,not appliable,this crossing intersects fewer than 2 kerbs. Generally each crossing should connect to at least 2 kerbs.
166355999,way,not appliable,not appliable,this crossing intersects fewer than 2 kerbs. Generally each crossing should connect to at least 2 kerbs.
166476065,way,not appliable,not appliable,this crossing intersects fewer than 2 kerbs. Generally each crossing should connect to at least 2 kerbs.
166476067,way,not appliable,not appliable,this crossing intersects fewer than 2 kerbs. Generally each crossing should connect to at least 2 kerbs.
166476071,way,not appliable,not appliable,this crossing intersects fewer than 2 kerbs. Generally each crossing should connect to at least 2 kerbs.
166476073,way,not appliable,not appliable,this crossing intersects fewer than 2 kerbs. Generally each crossing should connect to at least 2 kerbs.
166476076,way,not appliable,not appliable,this crossing intersects fewer than 2 kerbs. Generally each crossing should connect to at least 2 kerbs.
166476079,way,not appliable,not appliable,this crossing intersects fewer than 2 kerbs. Generally each crossing should connect to at least 2 kerbs.
166476080,way,not appliable,not appliable,this crossing intersects fewer than 2 kerbs. Generally each crossing should connect to at least 2 kerbs.
166476081,way,not appliable,not appliable,this crossing intersects fewer than 2 kerbs. Generally each crossing should connect to at least 2 kerbs.
166476082,way,not appliable,not appliable,this crossing intersects fewer than 2 kerbs. Generally each crossing should connect to at least 2 kerbs.
166476085,way,not appliable,not appliable,this crossing intersects fewer than 2 kerbs. Generally each crossing should connect to at least 2 kerbs.
166476086,way,not appliable,not appliable,this crossing intersects fewer than 2 kerbs. Generally each crossing should connect to at least 2 kerbs.
166477636,way,not appliable,not appliable,this crossing intersects fewer than 2 kerbs. Generally each crossing should connect to at least 2 kerbs.
166477638,way,not appliable,not appliable,this crossing intersects fewer than 2 kerbs. Generally each crossing should connect to at least 2 kerbs.
166477639,way,not appliable,not appliable,this crossing intersects fewer than 2 kerbs. Generally each crossing should connect to at least 2 kerbs.
166477641,way,not appliable,not appliable,this crossing intersects fewer than 2 kerbs. Generally each crossing should connect to at least 2 kerbs.
166477642,way,not appliable,not appliable,this crossing intersects fewer than 2 kerbs. Generally each crossing should connect to at least 2 kerbs.
166477643,way,not appliable,not appliable,this crossing intersects fewer than 2 kerbs. Generally each crossing should connect to at least 2 kerbs.
166477645,way,not appliable,not appliable,this crossing intersects fewer than 2 kerbs. Generally each crossing should connect to at least 2 kerbs.
166675528,way,not appliable,not appliable,this crossing intersects fewer than 2 kerbs. Generally each crossing should connect to at least 2 kerbs.
166675529,way,not appliable,not appliable,this crossing intersects fewer than 2 kerbs. Generally each crossing should connect to at least 2 kerbs.
166675530,way,not appliable,not appliable,this crossing intersects fewer than 2 kerbs. Generally each crossing should connect to at least 2 kerbs.
166675533,way,not appliable,not appliable,this crossing intersects fewer than 2 kerbs. Generally each crossing should connect to at least 2 kerbs.
166675534,way,not appliable,not appliable,this crossing intersects fewer than 2 kerbs. Generally each crossing should connect to at least 2 kerbs.
166675538,way,not appliable,not appliable,this crossing intersects fewer than 2 kerbs. Generally each crossing should connect to at least 2 kerbs.
166675541,way,not appliable,not appliable,this crossing intersects fewer than 2 kerbs. Generally each crossing should connect to at least 2 kerbs.
166675542,way,not appliable,not appliable,this crossing intersects fewer than 2 kerbs. Generally each crossing should connect to at least 2 kerbs.
166675544,way,not appliable,not appliable,this crossing intersects fewer than 2 kerbs. Generally each crossing should connect to at least 2 kerbs.
166675545,way,not appliable,not appliable,this crossing intersects fewer than 2 kerbs. Generally each crossing should connect to at least 2 kerbs.
166675551,way,not appliable,not appliable,this crossing intersects fewer than 2 kerbs. Generally each crossing should connect to at least 2 kerbs.
166681765,way,not appliable,not appliable,this crossing intersects fewer than 2 kerbs. Generally each crossing should connect to at least 2 kerbs.
166681766,way,not appliable,not appliable,this crossing intersects fewer than 2 kerbs. Generally each crossing should connect to at least 2 kerbs.
166794699,way,not appliable,not appliable,this crossing intersects fewer than 2 kerbs. Generally each crossing should connect to at least 2 kerbs.
166811585,way,not appliable,not appliable,this crossing intersects fewer than 2 kerbs. Generally each crossing should connect to at least 2 kerbs.
167448863,way,not appliable,not appliable,this crossing intersects fewer than 2 kerbs. Generally each crossing should connect to at least 2 kerbs.
167863186,way,not appliable,not appliable,this crossing intersects fewer than 2 kerbs. Generally each crossing should connect to at least 2 kerbs.
167863190,way,not appliable,not appliable,this crossing intersects fewer than 2 kerbs. Generally each crossing should connect to at least 2 kerbs.
167863192,way,not appliable,not appliable,this crossing intersects fewer than 2 kerbs. Generally each crossing should connect to at least 2 kerbs.
167863193,way,not appliable,not appliable,this crossing intersects fewer than 2 kerbs. Generally each crossing should connect to at least 2 kerbs.
167863196,way,not appliable,not appliable,this crossing intersects fewer than 2 kerbs. Generally each crossing should connect to at least 2 kerbs.
167863197,way,not appliable,not appliable,this crossing intersects fewer than 2 kerbs. Generally each crossing should connect to at least 2 kerbs.
167863198,way,not appliable,not appliable,this crossing intersects fewer than 2 kerbs. Generally each crossing should connect to at least 2 kerbs.
167863207,way,not appliable,not appliable,this crossing intersects fewer than 2 kerbs. Generally each crossing should connect to at least 2 kerbs.
168437446,way,not appliable,not appliable,this crossing intersects fewer than 2 kerbs. Generally each crossing should connect to at least 2 kerbs.
168704296,way,not appliable,not appliable,this crossing intersects fewer than 2 kerbs. Generally each crossing should connect to at least 2 kerbs.
168852830,way,not appliable,not appliable,this crossing intersects fewer than 2 kerbs. Generally each crossing should connect to at least 2 kerbs.
169445885,way,not appliable,not appliable,this crossing intersects fewer than 2 kerbs. Generally each crossing should connect to at least 2 kerbs.
169445886,way,not appliable,not appliable,this crossing intersects fewer than 2 kerbs. Generally each crossing should connect to at least 2 kerbs.
169445890,way,not appliable,not appliable,this crossing intersects fewer than 2 kerbs. Generally each crossing should connect to at least 2 kerbs.
169445891,way,not appliable,not appliable,this crossing intersects fewer than 2 kerbs. Generally each crossing should connect to at least 2 kerbs.
169518368,way,not appliable,not appliable,this crossing intersects fewer than 2 kerbs. Generally each crossing should connect to at least 2 kerbs.
169518417,way,not appliable,not appliable,this crossing intersects fewer than 2 kerbs. Generally each crossing should connect to at least 2 kerbs.
169518418,way,not appliable,not appliable,this crossing intersects fewer than 2 kerbs. Generally each crossing should connect to at least 2 kerbs.
169518419,way,not appliable,not appliable,this crossing intersects fewer than 2 kerbs. Generally each crossing should connect to at least 2 kerbs.
169518422,way,not appliable,not appliable,this crossing intersects fewer than 2 kerbs. Generally each crossing should connect to at least 2 kerbs.
169518423,way,not appliable,not appliable,this crossing intersects fewer than 2 kerbs. Generally each crossing should connect to at least 2 kerbs.
169518426,way,not appliable,not appliable,this crossing intersects fewer than 2 kerbs. Generally each crossing should connect to at least 2 kerbs.
169518427,way,not appliable,not appliable,this crossing intersects fewer than 2 kerbs. Generally each crossing should connect to at least 2 kerbs.
169518428,way,not appliable,not appliable,this crossing intersects fewer than 2 kerbs. Generally each crossing should connect to at least 2 kerbs.
169518432,way,not appliable,not appliable,this crossing intersects fewer than 2 kerbs. Generally each crossing should connect to at least 2 kerbs.
169518434,way,not appliable,not appliable,this crossing intersects fewer than 2 kerbs. Generally each crossing should connect to at least 2 kerbs.
169518435,way,not appliable,not appliable,this crossing intersects fewer than 2 kerbs. Generally each crossing should connect to at least 2 kerbs.
169518436,way,not appliable,not appliable,this crossing intersects fewer than 2 kerbs. Generally each crossing should connect to at least 2 kerbs.
169518437,way,not appliable,not appliable,this crossing intersects fewer than 2 kerbs. Generally each crossing should connect to at least 2 kerbs.
169518447,way,not appliable,not appliable,this crossing intersects fewer than 2 kerbs. Generally each crossing should connect to at least 2 kerbs.
169518449,way,not appliable,not appliable,this crossing intersects fewer than 2 kerbs. Generally each crossing should connect to at least 2 kerbs.
169518451,way,not appliable,not appliable,this crossing intersects fewer than 2 kerbs. Generally each crossing should connect to at least 2 kerbs.
169518454,way,not appliable,not appliable,this crossing intersects fewer than 2 kerbs. Generally each crossing should connect to at least 2 kerbs.
169518465,way,not appliable,not appliable,this crossing intersects fewer than 2 kerbs. Generally each crossing should connect to at least 2 kerbs.
169518466,way,not appliable,not appliable,this crossing intersects fewer than 2 kerbs. Generally each crossing should connect to at least 2 kerbs.
169518467,way,not appliable,not appliable,this crossing intersects fewer than 2 kerbs. Generally each crossing should connect to at least 2 kerbs.
169518469,way,not appliable,not appliable,this crossing intersects fewer than 2 kerbs. Generally each crossing should connect to at least 2 kerbs.
169518470,way,not appliable,not appliable,this crossing intersects fewer than 2 kerbs. Generally each crossing should connect to at least 2 kerbs.
169520327,way,not appliable,not appliable,this crossing intersects fewer than 2 kerbs. Generally each crossing should connect to at least 2 kerbs.
169672600,way,not appliable,not appliable,this crossing intersects fewer than 2 kerbs. Generally each crossing should connect to at least 2 kerbs.
169672601,way,not appliable,not appliable,this crossing intersects fewer than 2 kerbs. Generally each crossing should connect to at least 2 kerbs.
169672602,way,not appliable,not appliable,this crossing intersects fewer than 2 kerbs. Generally each crossing should connect to at least 2 kerbs.
169672603,way,not appliable,not appliable,this crossing intersects fewer than 2 kerbs. Generally each crossing should connect to at least 2 kerbs.
169672604,way,not appliable,not appliable,this crossing intersects fewer than 2 kerbs. Generally each crossing should connect to at least 2 kerbs.
169672605,way,not appliable,not appliable,this crossing intersects fewer than 2 kerbs. Generally each crossing should connect to at least 2 kerbs.
169672608,way,not appliable,not appliable,this crossing intersects fewer than 2 kerbs. Generally each crossing should connect to at least 2 kerbs.
169672610,way,not appliable,not appliable,this crossing intersects fewer than 2 kerbs. Generally each crossing should connect to at least 2 kerbs.
169672611,way,not appliable,not appliable,this crossing intersects fewer than 2 kerbs. Generally each crossing should connect to at least 2 kerbs.
169672612,way,not appliable,not appliable,this crossing intersects fewer than 2 kerbs. Generally each crossing should connect to at least 2 kerbs.
169672614,way,not appliable,not appliable,this crossing intersects fewer than 2 kerbs. Generally each crossing should connect to at least 2 kerbs.
169673017,way,not appliable,not appliable,this crossing intersects fewer than 2 kerbs. Generally each crossing should connect to at least 2 kerbs.
169673019,way,not appliable,not appliable,this crossing intersects fewer than 2 kerbs. Generally each crossing should connect to at least 2 kerbs.
169673023,way,not appliable,not appliable,this crossing intersects fewer than 2 kerbs. Generally each crossing should connect to at least 2 kerbs.
170088403,way,not appliable,not appliable,this crossing intersects fewer than 2 kerbs. Generally each crossing should connect to at least 2 kerbs.
170088405,way,not appliable,not appliable,this crossing intersects fewer than 2 kerbs. Generally each crossing should connect to at least 2 kerbs.
170088427,way,not appliable,not appliable,this crossing intersects fewer than 2 kerbs. Generally each crossing should connect to at least 2 kerbs.
170088436,way,not appliable,not appliable,this crossing intersects fewer than 2 kerbs. Generally each crossing should connect to at least 2 kerbs.
170192215,way,not appliable,not appliable,this crossing intersects fewer than 2 kerbs. Generally each crossing should connect to at least 2 kerbs.
170192216,way,not appliable,not appliable,this crossing intersects fewer than 2 kerbs. Generally each crossing should connect to at least 2 kerbs.
170192218,way,not appliable,not appliable,this crossing intersects fewer than 2 kerbs. Generally each crossing should connect to at least 2 kerbs.
170192222,way,not appliable,not appliable,this crossing intersects fewer than 2 kerbs. Generally each crossing should connect to at least 2 kerbs.
170192224,way,not appliable,not appliable,this crossing intersects fewer than 2 kerbs. Generally each crossing should connect to at least 2 kerbs.
170192225,way,not appliable,not appliable,this crossing intersects fewer than 2 kerbs. Generally each crossing should connect to at least 2 kerbs.
170192226,way,not appliable,not appliable,this crossing intersects fewer than 2 kerbs. Generally each crossing should connect to at least 2 kerbs.
170192228,way,not appliable,not appliable,this crossing intersects fewer than 2 kerbs. Generally each crossing should connect to at least 2 kerbs.
170192229,way,not appliable,not appliable,this crossing intersects fewer than 2 kerbs. Generally each crossing should connect to at least 2 kerbs.
170192230,way,not appliable,not appliable,this crossing intersects fewer than 2 kerbs. Generally each crossing should connect to at least 2 kerbs.
170192231,way,not appliable,not appliable,this crossing intersects fewer than 2 kerbs. Generally each crossing should connect to at least 2 kerbs.
170192233,way,not appliable,not appliable,this crossing intersects fewer than 2 kerbs. Generally each crossing should connect to at least 2 kerbs.
170192241,way,not appliable,not appliable,this crossing intersects fewer than 2 kerbs. Generally each crossing should connect to at least 2 kerbs.
170724827,way,not appliable,not appliable,this crossing intersects fewer than 2 kerbs. Generally each crossing should connect to at least 2 kerbs.
170724832,way,not appliable,not appliable,this crossing intersects fewer than 2 kerbs. Generally each crossing should connect to at least 2 kerbs.
170724834,way,not appliable,not appliable,this crossing intersects fewer than 2 kerbs. Generally each crossing should connect to at least 2 kerbs.
170724837,way,not appliable,not appliable,this crossing intersects fewer than 2 kerbs. Generally each crossing should connect to at least 2 kerbs.
170724839,way,not appliable,not appliable,this crossing intersects fewer than 2 kerbs. Generally each crossing should connect to at least 2 kerbs.
170724844,way,not appliable,not appliable,this crossing intersects fewer than 2 kerbs. Generally each crossing should connect to at least 2 kerbs.
171848658,way,not appliable,not appliable,this crossing intersects fewer than 2 kerbs. Generally each crossing should connect to at least 2 kerbs.
171848674,way,not appliable,not appliable,this crossing intersects fewer than 2 kerbs. Generally each crossing should connect to at least 2 kerbs.
171848684,way,not appliable,not appliable,this crossing intersects fewer than 2 kerbs. Generally each crossing should connect to at least 2 kerbs.
171848685,way,not appliable,not appliable,this crossing intersects fewer than 2 kerbs. Generally each crossing should connect to at least 2 kerbs.
171848690,way,not appliable,not appliable,this crossing intersects fewer than 2 kerbs. Generally each crossing should connect to at least 2 kerbs.
171848691,way,not appliable,not appliable,this crossing intersects fewer than 2 kerbs. Generally each crossing should connect to at least 2 kerbs.
171848692,way,not appliable,not appliable,this crossing intersects fewer than 2 kerbs. Generally each crossing should connect to at least 2 kerbs.
171848696,way,not appliable,not appliable,this crossing intersects fewer than 2 kerbs. Generally each crossing should connect to at least 2 kerbs.
171848697,way,not appliable,not appliable,this crossing intersects fewer than 2 kerbs. Generally each crossing should connect to at least 2 kerbs.
171848708,way,not appliable,not appliable,this crossing intersects fewer than 2 kerbs. Generally each crossing should connect to at least 2 kerbs.
172739987,way,not appliable,not appliable,this crossing intersects fewer than 2 kerbs. Generally each crossing should connect to at least 2 kerbs.
172904329,way,not appliable,not appliable,this crossing intersects fewer than 2 kerbs. Generally each crossing should connect to at least 2 kerbs.
172904330,way,not appliable,not appliable,this crossing intersects fewer than 2 kerbs. Generally each crossing should connect to at least 2 kerbs.
172904334,way,not appliable,not appliable,this crossing intersects fewer than 2 kerbs. Generally each crossing should connect to at least 2 kerbs.
172906513,way,not appliable,not appliable,this crossing intersects fewer than 2 kerbs. Generally each crossing should connect to at least 2 kerbs.
172906521,way,not appliable,not appliable,this crossing intersects fewer than 2 kerbs. Generally each crossing should connect to at least 2 kerbs.
173145212,way,not appliable,not appliable,this crossing intersects fewer than 2 kerbs. Generally each crossing should connect to at least 2 kerbs.
173564674,way,not appliable,not appliable,this crossing intersects fewer than 2 kerbs. Generally each crossing should connect to at least 2 kerbs.
173564676,way,not appliable,not appliable,this crossing intersects fewer than 2 kerbs. Generally each crossing should connect to at least 2 kerbs.
173757058,way,not appliable,not appliable,this crossing intersects fewer than 2 kerbs. Generally each crossing should connect to at least 2 kerbs.
173757059,way,not appliable,not appliable,this crossing intersects fewer than 2 kerbs. Generally each crossing should connect to at least 2 kerbs.
173757061,way,not appliable,not appliable,this crossing intersects fewer than 2 kerbs. Generally each crossing should connect to at least 2 kerbs.
173757062,way,not appliable,not appliable,this crossing intersects fewer than 2 kerbs. Generally each crossing should connect to at least 2 kerbs.
173757063,way,not appliable,not appliable,this crossing intersects fewer than 2 kerbs. Generally each crossing should connect to at least 2 kerbs.
173757065,way,not appliable,not appliable,this crossing intersects fewer than 2 kerbs. Generally each crossing should connect to at least 2 kerbs.
173757067,way,not appliable,not appliable,this crossing intersects fewer than 2 kerbs. Generally each crossing should connect to at least 2 kerbs.
173757069,way,not appliable,not appliable,this crossing intersects fewer than 2 kerbs. Generally each crossing should connect to at least 2 kerbs.
173757070,way,not appliable,not appliable,this crossing intersects fewer than 2 kerbs. Generally each crossing should connect to at least 2 kerbs.
173757071,way,not appliable,not appliable,this crossing intersects fewer than 2 kerbs. Generally each crossing should connect to at least 2 kerbs.
173760258,way,not appliable,not appliable,this crossing intersects fewer than 2 kerbs. Generally each crossing should connect to at least 2 kerbs.
173760261,way,not appliable,not appliable,this crossing intersects fewer than 2 kerbs. Generally each crossing should connect to at least 2 kerbs.
173760263,way,not appliable,not appliable,this crossing intersects fewer than 2 kerbs. Generally each crossing should connect to at least 2 kerbs.
173760265,way,not appliable,not appliable,this crossing intersects fewer than 2 kerbs. Generally each crossing should connect to at least 2 kerbs.
173760268,way,not appliable,not appliable,this crossing intersects fewer than 2 kerbs. Generally each crossing should connect to at least 2 kerbs.
173760276,way,not appliable,not appliable,this crossing intersects fewer than 2 kerbs. Generally each crossing should connect to at least 2 kerbs.
173760280,way,not appliable,not appliable,this crossing intersects fewer than 2 kerbs. Generally each crossing should connect to at least 2 kerbs.
173760284,way,not appliable,not appliable,this crossing intersects fewer than 2 kerbs. Generally each crossing should connect to at least 2 kerbs.
173760286,way,not appliable,not appliable,this crossing intersects fewer than 2 kerbs. Generally each crossing should connect to at least 2 kerbs.
173760292,way,not appliable,not appliable,this crossing intersects fewer than 2 kerbs. Generally each crossing should connect to at least 2 kerbs.
173760295,way,not appliable,not appliable,this crossing intersects fewer than 2 kerbs. Generally each crossing should connect to at least 2 kerbs.
173760304,way,not appliable,not appliable,this crossing intersects fewer than 2 kerbs. Generally each crossing should connect to at least 2 kerbs.
173760309,way,not appliable,not appliable,this crossing intersects fewer than 2 kerbs. Generally each crossing should connect to at least 2 kerbs.
173760311,way,not appliable,not appliable,this crossing intersects fewer than 2 kerbs. Generally each crossing should connect to at least 2 kerbs.
173760316,way,not appliable,not appliable,this crossing intersects fewer than 2 kerbs. Generally each crossing should connect to at least 2 kerbs.
173760318,way,not appliable,not appliable,this crossing intersects fewer than 2 kerbs. Generally each crossing should connect to at least 2 kerbs.
173760320,way,not appliable,not appliable,this crossing intersects fewer than 2 kerbs. Generally each crossing should connect to at least 2 kerbs.
173760329,way,not appliable,not appliable,this crossing intersects fewer than 2 kerbs. Generally each crossing should connect to at least 2 kerbs.
173760334,way,not appliable,not appliable,this crossing intersects fewer than 2 kerbs. Generally each crossing should connect to at least 2 kerbs.
173760340,way,not appliable,not appliable,this crossing intersects fewer than 2 kerbs. Generally each crossing should connect to at least 2 kerbs.
174420257,way,not appliable,not appliable,this crossing intersects fewer than 2 kerbs. Generally each crossing should connect to at least 2 kerbs.
174420259,way,not appliable,not appliable,this crossing intersects fewer than 2 kerbs. Generally each crossing should connect to at least 2 kerbs.
174420260,way,not appliable,not appliable,this crossing intersects fewer than 2 kerbs. Generally each crossing should connect to at least 2 kerbs.
174420261,way,not appliable,not appliable,this crossing intersects fewer than 2 kerbs. Generally each crossing should connect to at least 2 kerbs.
174420262,way,not appliable,not appliable,this crossing intersects fewer than 2 kerbs. Generally each crossing should connect to at least 2 kerbs.
174420264,way,not appliable,not appliable,this crossing intersects fewer than 2 kerbs. Generally each crossing should connect to at least 2 kerbs.
174420265,way,not appliable,not appliable,this crossing intersects fewer than 2 kerbs. Generally each crossing should connect to at least 2 kerbs.
174420266,way,not appliable,not appliable,this crossing intersects fewer than 2 kerbs. Generally each crossing should connect to at least 2 kerbs.
174420267,way,not appliable,not appliable,this crossing intersects fewer than 2 kerbs. Generally each crossing should connect to at least 2 kerbs.
174420268,way,not appliable,not appliable,this crossing intersects fewer than 2 kerbs. Generally each crossing should connect to at least 2 kerbs.
176114409,way,not appliable,not appliable,this crossing intersects fewer than 2 kerbs. Generally each crossing should connect to at least 2 kerbs.
176114410,way,not appliable,not appliable,this crossing intersects fewer than 2 kerbs. Generally each crossing should connect to at least 2 kerbs.
176114411,way,not appliable,not appliable,this crossing intersects fewer than 2 kerbs. Generally each crossing should connect to at least 2 kerbs.
176114412,way,not appliable,not appliable,this crossing intersects fewer than 2 kerbs. Generally each crossing should connect to at least 2 kerbs.
176115231,way,not appliable,not appliable,this crossing intersects fewer than 2 kerbs. Generally each crossing should connect to at least 2 kerbs.
176115232,way,not appliable,not appliable,this crossing intersects fewer than 2 kerbs. Generally each crossing should connect to at least 2 kerbs.
176115233,way,not appliable,not appliable,this crossing intersects fewer than 2 kerbs. Generally each crossing should connect to at least 2 kerbs.
176115234,way,not appliable,not appliable,this crossing intersects fewer than 2 kerbs. Generally each crossing should connect to at least 2 kerbs.
176115235,way,not appliable,not appliable,this crossing intersects fewer than 2 kerbs. Generally each crossing should connect to at least 2 kerbs.
176115236,way,not appliable,not appliable,this crossing intersects fewer than 2 kerbs. Generally each crossing should connect to at least 2 kerbs.
176115237,way,not appliable,not appliable,this crossing intersects fewer than 2 kerbs. Generally each crossing should connect to at least 2 kerbs.
176115238,way,not appliable,not appliable,this crossing intersects fewer than 2 kerbs. Generally each crossing should connect to at least 2 kerbs.
176115239,way,not appliable,not appliable,this crossing intersects fewer than 2 kerbs. Generally each crossing should connect to at least 2 kerbs.
176115240,way,not appliable,not appliable,this crossing intersects fewer than 2 kerbs. Generally each crossing should connect to at least 2 kerbs.
176115242,way,not appliable,not appliable,this crossing intersects fewer than 2 kerbs. Generally each crossing should connect to at least 2 kerbs.
176115243,way,not appliable,not appliable,this crossing intersects fewer than 2 kerbs. Generally each crossing should connect to at least 2 kerbs.
176115244,way,not appliable,not appliable,this crossing intersects fewer than 2 kerbs. Generally each crossing should connect to at least 2 kerbs.
176115245,way,not appliable,not appliable,this crossing intersects fewer than 2 kerbs. Generally each crossing should connect to at least 2 kerbs.
176115246,way,not appliable,not appliable,this crossing intersects fewer than 2 kerbs. Generally each crossing should connect to at least 2 kerbs.
176115247,way,not appliable,not appliable,this crossing intersects fewer than 2 kerbs. Generally each crossing should connect to at least 2 kerbs.
176115248,way,not appliable,not appliable,this crossing intersects fewer than 2 kerbs. Generally each crossing should connect to at least 2 kerbs.
176115249,way,not appliable,not appliable,this crossing intersects fewer than 2 kerbs. Generally each crossing should connect to at least 2 kerbs.
176115250,way,not appliable,not appliable,this crossing intersects fewer than 2 kerbs. Generally each crossing should connect to at least 2 kerbs.
176115252,way,not appliable,not appliable,this crossing intersects fewer than 2 kerbs. Generally each crossing should connect to at least 2 kerbs.
176115253,way,not appliable,not appliable,this crossing intersects fewer than 2 kerbs. Generally each crossing should connect to at least 2 kerbs.
176115254,way,not appliable,not appliable,this crossing intersects fewer than 2 kerbs. Generally each crossing should connect to at least 2 kerbs.
176118990,way,not appliable,not appliable,this crossing intersects fewer than 2 kerbs. Generally each crossing should connect to at least 2 kerbs.
176118996,way,not appliable,not appliable,this crossing intersects fewer than 2 kerbs. Generally each crossing should connect to at least 2 kerbs.
176118997,way,not appliable,not appliable,this crossing intersects fewer than 2 kerbs. Generally each crossing should connect to at least 2 kerbs.
176118999,way,not appliable,not appliable,this crossing intersects fewer than 2 kerbs. Generally each crossing should connect to at least 2 kerbs.
176119004,way,not appliable,not appliable,this crossing intersects fewer than 2 kerbs. Generally each crossing should connect to at least 2 kerbs.
176119005,way,not appliable,not appliable,this crossing intersects fewer than 2 kerbs. Generally each crossing should connect to at least 2 kerbs.
176119008,way,not appliable,not appliable,this crossing intersects fewer than 2 kerbs. Generally each crossing should connect to at least 2 kerbs.
176123449,way,not appliable,not appliable,this crossing intersects fewer than 2 kerbs. Generally each crossing should connect to at least 2 kerbs.
176123450,way,not appliable,not appliable,this crossing intersects fewer than 2 kerbs. Generally each crossing should connect to at least 2 kerbs.
176123451,way,not appliable,not appliable,this crossing intersects fewer than 2 kerbs. Generally each crossing should connect to at least 2 kerbs.
176123456,way,not appliable,not appliable,this crossing intersects fewer than 2 kerbs. Generally each crossing should connect to at least 2 kerbs.
176123457,way,not appliable,not appliable,this crossing intersects fewer than 2 kerbs. Generally each crossing should connect to at least 2 kerbs.
176123458,way,not appliable,not appliable,this crossing intersects fewer than 2 kerbs. Generally each crossing should connect to at least 2 kerbs.
176125104,way,not appliable,not appliable,this crossing intersects fewer than 2 kerbs. Generally each crossing should connect to at least 2 kerbs.
176125106,way,not appliable,not appliable,this crossing intersects fewer than 2 kerbs. Generally each crossing should connect to at least 2 kerbs.
176125107,way,not appliable,not appliable,this crossing intersects fewer than 2 kerbs. Generally each crossing should connect to at least 2 kerbs.
176125108,way,not appliable,not appliable,this crossing intersects fewer than 2 kerbs. Generally each crossing should connect to at least 2 kerbs.
176125114,way,not appliable,not appliable,this crossing intersects fewer than 2 kerbs. Generally each crossing should connect to at least 2 kerbs.
176125117,way,not appliable,not appliable,this crossing intersects fewer than 2 kerbs. Generally each crossing should connect to at least 2 kerbs.
176125119,way,not appliable,not appliable,this crossing intersects fewer than 2 kerbs. Generally each crossing should connect to at least 2 kerbs.
176125120,way,not appliable,not appliable,this crossing intersects fewer than 2 kerbs. Generally each crossing should connect to at least 2 kerbs.
176125121,way,not appliable,not appliable,this crossing intersects fewer than 2 kerbs. Generally each crossing should connect to at least 2 kerbs.
176125125,way,not appliable,not appliable,this crossing intersects fewer than 2 kerbs. Generally each crossing should connect to at least 2 kerbs.
176125128,way,not appliable,not appliable,this crossing intersects fewer than 2 kerbs. Generally each crossing should connect to at least 2 kerbs.
176125130,way,not appliable,not appliable,this crossing intersects fewer than 2 kerbs. Generally each crossing should connect to at least 2 kerbs.
176125132,way,not appliable,not appliable,this crossing intersects fewer than 2 kerbs. Generally each crossing should connect to at least 2 kerbs.
176125133,way,not appliable,not appliable,this crossing intersects fewer than 2 kerbs. Generally each crossing should connect to at least 2 kerbs.
176125134,way,not appliable,not appliable,this crossing intersects fewer than 2 kerbs. Generally each crossing should connect to at least 2 kerbs.
176125138,way,not appliable,not appliable,this crossing intersects fewer than 2 kerbs. Generally each crossing should connect to at least 2 kerbs.
176125141,way,not appliable,not appliable,this crossing intersects fewer than 2 kerbs. Generally each crossing should connect to at least 2 kerbs.
176179935,way,not appliable,not appliable,this crossing intersects fewer than 2 kerbs. Generally each crossing should connect to at least 2 kerbs.
176179936,way,not appliable,not appliable,this crossing intersects fewer than 2 kerbs. Generally each crossing should connect to at least 2 kerbs.
176179938,way,not appliable,not appliable,this crossing intersects fewer than 2 kerbs. Generally each crossing should connect to at least 2 kerbs.
176179941,way,not appliable,not appliable,this crossing intersects fewer than 2 kerbs. Generally each crossing should connect to at least 2 kerbs.
176179943,way,not appliable,not appliable,this crossing intersects fewer than 2 kerbs. Generally each crossing should connect to at least 2 kerbs.
176179945,way,not appliable,not appliable,this crossing intersects fewer than 2 kerbs. Generally each crossing should connect to at least 2 kerbs.
176319934,way,not appliable,not appliable,this crossing intersects fewer than 2 kerbs. Generally each crossing should connect to at least 2 kerbs.
176319943,way,not appliable,not appliable,this crossing intersects fewer than 2 kerbs. Generally each crossing should connect to at least 2 kerbs.
176322532,way,not appliable,not appliable,this crossing intersects fewer than 2 kerbs. Generally each crossing should connect to at least 2 kerbs.
176322533,way,not appliable,not appliable,this crossing intersects fewer than 2 kerbs. Generally each crossing should connect to at least 2 kerbs.
176322534,way,not appliable,not appliable,this crossing intersects fewer than 2 kerbs. Generally each crossing should connect to at least 2 kerbs.
176322535,way,not appliable,not appliable,this crossing intersects fewer than 2 kerbs. Generally each crossing should connect to at least 2 kerbs.
176646080,way,not appliable,not appliable,this crossing intersects fewer than 2 kerbs. Generally each crossing should connect to at least 2 kerbs.
176650551,way,not appliable,not appliable,this crossing intersects fewer than 2 kerbs. Generally each crossing should connect to at least 2 kerbs.
176650552,way,not appliable,not appliable,this crossing intersects fewer than 2 kerbs. Generally each crossing should connect to at least 2 kerbs.
176650554,way,not appliable,not appliable,this crossing intersects fewer than 2 kerbs. Generally each crossing should connect to at least 2 kerbs.
176650555,way,not appliable,not appliable,this crossing intersects fewer than 2 kerbs. Generally each crossing should connect to at least 2 kerbs.
176650556,way,not appliable,not appliable,this crossing intersects fewer than 2 kerbs. Generally each crossing should connect to at least 2 kerbs.
176652895,way,not appliable,not appliable,this crossing intersects fewer than 2 kerbs. Generally each crossing should connect to at least 2 kerbs.
176652896,way,not appliable,not appliable,this crossing intersects fewer than 2 kerbs. Generally each crossing should connect to at least 2 kerbs.
176652897,way,not appliable,not appliable,this crossing intersects fewer than 2 kerbs. Generally each crossing should connect to at least 2 kerbs.
176652900,way,not appliable,not appliable,this crossing intersects fewer than 2 kerbs. Generally each crossing should connect to at least 2 kerbs.
176652902,way,not appliable,not appliable,this crossing intersects fewer than 2 kerbs. Generally each crossing should connect to at least 2 kerbs.
177792658,way,not appliable,not appliable,this crossing intersects fewer than 2 kerbs. Generally each crossing should connect to at least 2 kerbs.
177792659,way,not appliable,not appliable,this crossing intersects fewer than 2 kerbs. Generally each crossing should connect to at least 2 kerbs.
177792660,way,not appliable,not appliable,this crossing intersects fewer than 2 kerbs. Generally each crossing should connect to at least 2 kerbs.
177792661,way,not appliable,not appliable,this crossing intersects fewer than 2 kerbs. Generally each crossing should connect to at least 2 kerbs.
177792667,way,not appliable,not appliable,this crossing intersects fewer than 2 kerbs. Generally each crossing should connect to at least 2 kerbs.
177792668,way,not appliable,not appliable,this crossing intersects fewer than 2 kerbs. Generally each crossing should connect to at least 2 kerbs.
177792669,way,not appliable,not appliable,this crossing intersects fewer than 2 kerbs. Generally each crossing should connect to at least 2 kerbs.
177792671,way,not appliable,not appliable,this crossing intersects fewer than 2 kerbs. Generally each crossing should connect to at least 2 kerbs.
177792672,way,not appliable,not appliable,this crossing intersects fewer than 2 kerbs. Generally each crossing should connect to at least 2 kerbs.
177792673,way,not appliable,not appliable,this crossing intersects fewer than 2 kerbs. Generally each crossing should connect to at least 2 kerbs.
177792674,way,not appliable,not appliable,this crossing intersects fewer than 2 kerbs. Generally each crossing should connect to at least 2 kerbs.
178252339,way,not appliable,not appliable,this crossing intersects fewer than 2 kerbs. Generally each crossing should connect to at least 2 kerbs.
178252340,way,not appliable,not appliable,this crossing intersects fewer than 2 kerbs. Generally each crossing should connect to at least 2 kerbs.
178252341,way,not appliable,not appliable,this crossing intersects fewer than 2 kerbs. Generally each crossing should connect to at least 2 kerbs.
178252342,way,not appliable,not appliable,this crossing intersects fewer than 2 kerbs. Generally each crossing should connect to at least 2 kerbs.
178252343,way,not appliable,not appliable,this crossing intersects fewer than 2 kerbs. Generally each crossing should connect to at least 2 kerbs.
178252344,way,not appliable,not appliable,this crossing intersects fewer than 2 kerbs. Generally each crossing should connect to at least 2 kerbs.
178252345,way,not appliable,not appliable,this crossing intersects fewer than 2 kerbs. Generally each crossing should connect to at least 2 kerbs.
178252794,way,not appliable,not appliable,this crossing intersects fewer than 2 kerbs. Generally each crossing should connect to at least 2 kerbs.
178252795,way,not appliable,not appliable,this crossing intersects fewer than 2 kerbs. Generally each crossing should connect to at least 2 kerbs.
178252796,way,not appliable,not appliable,this crossing intersects fewer than 2 kerbs. Generally each crossing should connect to at least 2 kerbs.
178253122,way,not appliable,not appliable,this crossing intersects fewer than 2 kerbs. Generally each crossing should connect to at least 2 kerbs.
178253125,way,not appliable,not appliable,this crossing intersects fewer than 2 kerbs. Generally each crossing should connect to at least 2 kerbs.
178253126,way,not appliable,not appliable,this crossing intersects fewer than 2 kerbs. Generally each crossing should connect to at least 2 kerbs.
178253129,way,not appliable,not appliable,this crossing intersects fewer than 2 kerbs. Generally each crossing should connect to at least 2 kerbs.
178253130,way,not appliable,not appliable,this crossing intersects fewer than 2 kerbs. Generally each crossing should connect to at least 2 kerbs.
178253131,way,not appliable,not appliable,this crossing intersects fewer than 2 kerbs. Generally each crossing should connect to at least 2 kerbs.
178253132,way,not appliable,not appliable,this crossing intersects fewer than 2 kerbs. Generally each crossing should connect to at least 2 kerbs.
178253136,way,not appliable,not appliable,this crossing intersects fewer than 2 kerbs. Generally each crossing should connect to at least 2 kerbs.
178253137,way,not appliable,not appliable,this crossing intersects fewer than 2 kerbs. Generally each crossing should connect to at least 2 kerbs.
178253888,way,not appliable,not appliable,this crossing intersects fewer than 2 kerbs. Generally each crossing should connect to at least 2 kerbs.
178253889,way,not appliable,not appliable,this crossing intersects fewer than 2 kerbs. Generally each crossing should connect to at least 2 kerbs.
178253890,way,not appliable,not appliable,this crossing intersects fewer than 2 kerbs. Generally each crossing should connect to at least 2 kerbs.
178253891,way,not appliable,not appliable,this crossing intersects fewer than 2 kerbs. Generally each crossing should connect to at least 2 kerbs.
178254161,way,not appliable,not appliable,this crossing intersects fewer than 2 kerbs. Generally each crossing should connect to at least 2 kerbs.
178254162,way,not appliable,not appliable,this crossing intersects fewer than 2 kerbs. Generally each crossing should connect to at least 2 kerbs.
178254163,way,not appliable,not appliable,this crossing intersects fewer than 2 kerbs. Generally each crossing should connect to at least 2 kerbs.
178254164,way,not appliable,not appliable,this crossing intersects fewer than 2 kerbs. Generally each crossing should connect to at least 2 kerbs.
178254165,way,not appliable,not appliable,this crossing intersects fewer than 2 kerbs. Generally each crossing should connect to at least 2 kerbs.
178254167,way,not appliable,not appliable,this crossing intersects fewer than 2 kerbs. Generally each crossing should connect to at least 2 kerbs.
178254168,way,not appliable,not appliable,this crossing intersects fewer than 2 kerbs. Generally each crossing should connect to at least 2 kerbs.
178254175,way,not appliable,not appliable,this crossing intersects fewer than 2 kerbs. Generally each crossing should connect to at least 2 kerbs.
178254176,way,not appliable,not appliable,this crossing intersects fewer than 2 kerbs. Generally each crossing should connect to at least 2 kerbs.
178254178,way,not appliable,not appliable,this crossing intersects fewer than 2 kerbs. Generally each crossing should connect to at least 2 kerbs.
178508388,way,not appliable,not appliable,this crossing intersects fewer than 2 kerbs. Generally each crossing should connect to at least 2 kerbs.
178508390,way,not appliable,not appliable,this crossing intersects fewer than 2 kerbs. Generally each crossing should connect to at least 2 kerbs.
178508392,way,not appliable,not appliable,this crossing intersects fewer than 2 kerbs. Generally each crossing should connect to at least 2 kerbs.
178508396,way,not appliable,not appliable,this crossing intersects fewer than 2 kerbs. Generally each crossing should connect to at least 2 kerbs.
178508398,way,not appliable,not appliable,this crossing intersects fewer than 2 kerbs. Generally each crossing should connect to at least 2 kerbs.
178984400,way,not appliable,not appliable,this crossing intersects fewer than 2 kerbs. Generally each crossing should connect to at least 2 kerbs.
178984403,way,not appliable,not appliable,this crossing intersects fewer than 2 kerbs. Generally each crossing should connect to at least 2 kerbs.
178988800,way,not appliable,not appliable,this crossing intersects fewer than 2 kerbs. Generally each crossing should connect to at least 2 kerbs.
178988801,way,not appliable,not appliable,this crossing intersects fewer than 2 kerbs. Generally each crossing should connect to at least 2 kerbs.
178988802,way,not appliable,not appliable,this crossing intersects fewer than 2 kerbs. Generally each crossing should connect to at least 2 kerbs.
178988803,way,not appliable,not appliable,this crossing intersects fewer than 2 kerbs. Generally each crossing should connect to at least 2 kerbs.
178988804,way,not appliable,not appliable,this crossing intersects fewer than 2 kerbs. Generally each crossing should connect to at least 2 kerbs.
178988805,way,not appliable,not appliable,this crossing intersects fewer than 2 kerbs. Generally each crossing should connect to at least 2 kerbs.
178988806,way,not appliable,not appliable,this crossing intersects fewer than 2 kerbs. Generally each crossing should connect to at least 2 kerbs.
178988807,way,not appliable,not appliable,this crossing intersects fewer than 2 kerbs. Generally each crossing should connect to at least 2 kerbs.
178988808,way,not appliable,not appliable,this crossing intersects fewer than 2 kerbs. Generally each crossing should connect to at least 2 kerbs.
178988809,way,not appliable,not appliable,this crossing intersects fewer than 2 kerbs. Generally each crossing should connect to at least 2 kerbs.
178992026,way,not appliable,not appliable,this crossing intersects fewer than 2 kerbs. Generally each crossing should connect to at least 2 kerbs.
178992027,way,not appliable,not appliable,this crossing intersects fewer than 2 kerbs. Generally each crossing should connect to at least 2 kerbs.
178992028,way,not appliable,not appliable,this crossing intersects fewer than 2 kerbs. Generally each crossing should connect to at least 2 kerbs.
178992534,way,not appliable,not appliable,this crossing intersects fewer than 2 kerbs. Generally each crossing should connect to at least 2 kerbs.
178992535,way,not appliable,not appliable,this crossing intersects fewer than 2 kerbs. Generally each crossing should connect to at least 2 kerbs.
179249071,way,not appliable,not appliable,this crossing intersects fewer than 2 kerbs. Generally each crossing should connect to at least 2 kerbs.
179249073,way,not appliable,not appliable,this crossing intersects fewer than 2 kerbs. Generally each crossing should connect to at least 2 kerbs.
179249074,way,not appliable,not appliable,this crossing intersects fewer than 2 kerbs. Generally each crossing should connect to at least 2 kerbs.
179249075,way,not appliable,not appliable,this crossing intersects fewer than 2 kerbs. Generally each crossing should connect to at least 2 kerbs.
179249076,way,not appliable,not appliable,this crossing intersects fewer than 2 kerbs. Generally each crossing should connect to at least 2 kerbs.
179249077,way,not appliable,not appliable,this crossing intersects fewer than 2 kerbs. Generally each crossing should connect to at least 2 kerbs.
179249078,way,not appliable,not appliable,this crossing intersects fewer than 2 kerbs. Generally each crossing should connect to at least 2 kerbs.
179249079,way,not appliable,not appliable,this crossing intersects fewer than 2 kerbs. Generally each crossing should connect to at least 2 kerbs.
179249081,way,not appliable,not appliable,this crossing intersects fewer than 2 kerbs. Generally each crossing should connect to at least 2 kerbs.
179249082,way,not appliable,not appliable,this crossing intersects fewer than 2 kerbs. Generally each crossing should connect to at least 2 kerbs.
179252280,way,not appliable,not appliable,this crossing intersects fewer than 2 kerbs. Generally each crossing should connect to at least 2 kerbs.
179257030,way,not appliable,not appliable,this crossing intersects fewer than 2 kerbs. Generally each crossing should connect to at least 2 kerbs.
179257033,way,not appliable,not appliable,this crossing intersects fewer than 2 kerbs. Generally each crossing should connect to at least 2 kerbs.
179257035,way,not appliable,not appliable,this crossing intersects fewer than 2 kerbs. Generally each crossing should connect to at least 2 kerbs.
179257037,way,not appliable,not appliable,this crossing intersects fewer than 2 kerbs. Generally each crossing should connect to at least 2 kerbs.
179257044,way,not appliable,not appliable,this crossing intersects fewer than 2 kerbs. Generally each crossing should connect to at least 2 kerbs.
179257047,way,not appliable,not appliable,this crossing intersects fewer than 2 kerbs. Generally each crossing should connect to at least 2 kerbs.
179257049,way,not appliable,not appliable,this crossing intersects fewer than 2 kerbs. Generally each crossing should connect to at least 2 kerbs.
179924427,way,not appliable,not appliable,this crossing intersects fewer than 2 kerbs. Generally each crossing should connect to at least 2 kerbs.
179924432,way,not appliable,not appliable,this crossing intersects fewer than 2 kerbs. Generally each crossing should connect to at least 2 kerbs.
179924455,way,not appliable,not appliable,this crossing intersects fewer than 2 kerbs. Generally each crossing should connect to at least 2 kerbs.
179924458,way,not appliable,not appliable,this crossing intersects fewer than 2 kerbs. Generally each crossing should connect to at least 2 kerbs.
179924461,way,not appliable,not appliable,this crossing intersects fewer than 2 kerbs. Generally each crossing should connect to at least 2 kerbs.
179924464,way,not appliable,not appliable,this crossing intersects fewer than 2 kerbs. Generally each crossing should connect to at least 2 kerbs.
179924468,way,not appliable,not appliable,this crossing intersects fewer than 2 kerbs. Generally each crossing should connect to at least 2 kerbs.
179924470,way,not appliable,not appliable,this crossing intersects fewer than 2 kerbs. Generally each crossing should connect to at least 2 kerbs.
179924472,way,not appliable,not appliable,this crossing intersects fewer than 2 kerbs. Generally each crossing should connect to at least 2 kerbs.
179924479,way,not appliable,not appliable,this crossing intersects fewer than 2 kerbs. Generally each crossing should connect to at least 2 kerbs.
179924481,way,not appliable,not appliable,this crossing intersects fewer than 2 kerbs. Generally each crossing should connect to at least 2 kerbs.
179924482,way,not appliable,not appliable,this crossing intersects fewer than 2 kerbs. Generally each crossing should connect to at least 2 kerbs.
179924483,way,not appliable,not appliable,this crossing intersects fewer than 2 kerbs. Generally each crossing should connect to at least 2 kerbs.
179924485,way,not appliable,not appliable,this crossing intersects fewer than 2 kerbs. Generally each crossing should connect to at least 2 kerbs.
179924493,way,not appliable,not appliable,this crossing intersects fewer than 2 kerbs. Generally each crossing should connect to at least 2 kerbs.
179933531,way,not appliable,not appliable,this crossing intersects fewer than 2 kerbs. Generally each crossing should connect to at least 2 kerbs.
179933532,way,not appliable,not appliable,this crossing intersects fewer than 2 kerbs. Generally each crossing should connect to at least 2 kerbs.
179933533,way,not appliable,not appliable,this crossing intersects fewer than 2 kerbs. Generally each crossing should connect to at least 2 kerbs.
179933534,way,not appliable,not appliable,this crossing intersects fewer than 2 kerbs. Generally each crossing should connect to at least 2 kerbs.
179933535,way,not appliable,not appliable,this crossing intersects fewer than 2 kerbs. Generally each crossing should connect to at least 2 kerbs.
179933536,way,not appliable,not appliable,this crossing intersects fewer than 2 kerbs. Generally each crossing should connect to at least 2 kerbs.
179933538,way,not appliable,not appliable,this crossing intersects fewer than 2 kerbs. Generally each crossing should connect to at least 2 kerbs.
179933539,way,not appliable,not appliable,this crossing intersects fewer than 2 kerbs. Generally each crossing should connect to at least 2 kerbs.
179934382,way,not appliable,not appliable,this crossing intersects fewer than 2 kerbs. Generally each crossing should connect to at least 2 kerbs.
181069346,way,not appliable,not appliable,this crossing intersects fewer than 2 kerbs. Generally each crossing should connect to at least 2 kerbs.
181069347,way,not appliable,not appliable,this crossing intersects fewer than 2 kerbs. Generally each crossing should connect to at least 2 kerbs.
181069348,way,not appliable,not appliable,this crossing intersects fewer than 2 kerbs. Generally each crossing should connect to at least 2 kerbs.
181069349,way,not appliable,not appliable,this crossing intersects fewer than 2 kerbs. Generally each crossing should connect to at least 2 kerbs.
181069350,way,not appliable,not appliable,this crossing intersects fewer than 2 kerbs. Generally each crossing should connect to at least 2 kerbs.
181069351,way,not appliable,not appliable,this crossing intersects fewer than 2 kerbs. Generally each crossing should connect to at least 2 kerbs.
181069352,way,not appliable,not appliable,this crossing intersects fewer than 2 kerbs. Generally each crossing should connect to at least 2 kerbs.
181069353,way,not appliable,not appliable,this crossing intersects fewer than 2 kerbs. Generally each crossing should connect to at least 2 kerbs.
181069355,way,not appliable,not appliable,this crossing intersects fewer than 2 kerbs. Generally each crossing should connect to at least 2 kerbs.
181069356,way,not appliable,not appliable,this crossing intersects fewer than 2 kerbs. Generally each crossing should connect to at least 2 kerbs.
181069357,way,not appliable,not appliable,this crossing intersects fewer than 2 kerbs. Generally each crossing should connect to at least 2 kerbs.
181069358,way,not appliable,not appliable,this crossing intersects fewer than 2 kerbs. Generally each crossing should connect to at least 2 kerbs.
181069359,way,not appliable,not appliable,this crossing intersects fewer than 2 kerbs. Generally each crossing should connect to at least 2 kerbs.
181069360,way,not appliable,not appliable,this crossing intersects fewer than 2 kerbs. Generally each crossing should connect to at least 2 kerbs.
181069361,way,not appliable,not appliable,this crossing intersects fewer than 2 kerbs. Generally each crossing should connect to at least 2 kerbs.
181972760,way,not appliable,not appliable,this crossing intersects fewer than 2 kerbs. Generally each crossing should connect to at least 2 kerbs.
181972764,way,not appliable,not appliable,this crossing intersects fewer than 2 kerbs. Generally each crossing should connect to at least 2 kerbs.
181973058,way,not appliable,not appliable,this crossing intersects fewer than 2 kerbs. Generally each crossing should connect to at least 2 kerbs.
181973060,way,not appliable,not appliable,this crossing intersects fewer than 2 kerbs. Generally each crossing should connect to at least 2 kerbs.
181973063,way,not appliable,not appliable,this crossing intersects fewer than 2 kerbs. Generally each crossing should connect to at least 2 kerbs.
181973064,way,not appliable,not appliable,this crossing intersects fewer than 2 kerbs. Generally each crossing should connect to at least 2 kerbs.
181974964,way,not appliable,not appliable,this crossing intersects fewer than 2 kerbs. Generally each crossing should connect to at least 2 kerbs.
181974965,way,not appliable,not appliable,this crossing intersects fewer than 2 kerbs. Generally each crossing should connect to at least 2 kerbs.
181974966,way,not appliable,not appliable,this crossing intersects fewer than 2 kerbs. Generally each crossing should connect to at least 2 kerbs.
181974967,way,not appliable,not appliable,this crossing intersects fewer than 2 kerbs. Generally each crossing should connect to at least 2 kerbs.
182300164,way,not appliable,not appliable,this crossing intersects fewer than 2 kerbs. Generally each crossing should connect to at least 2 kerbs.
182300165,way,not appliable,not appliable,this crossing intersects fewer than 2 kerbs. Generally each crossing should connect to at least 2 kerbs.
182301321,way,not appliable,not appliable,this crossing intersects fewer than 2 kerbs. Generally each crossing should connect to at least 2 kerbs.
182301323,way,not appliable,not appliable,this crossing intersects fewer than 2 kerbs. Generally each crossing should connect to at least 2 kerbs.
182301324,way,not appliable,not appliable,this crossing intersects fewer than 2 kerbs. Generally each crossing should connect to at least 2 kerbs.
182301325,way,not appliable,not appliable,this crossing intersects fewer than 2 kerbs. Generally each crossing should connect to at least 2 kerbs.
182301328,way,not appliable,not appliable,this crossing intersects fewer than 2 kerbs. Generally each crossing should connect to at least 2 kerbs.
182301329,way,not appliable,not appliable,this crossing intersects fewer than 2 kerbs. Generally each crossing should connect to at least 2 kerbs.
182301330,way,not appliable,not appliable,this crossing intersects fewer than 2 kerbs. Generally each crossing should connect to at least 2 kerbs.
182301331,way,not appliable,not appliable,this crossing intersects fewer than 2 kerbs. Generally each crossing should connect to at least 2 kerbs.
182654124,way,not appliable,not appliable,this crossing intersects fewer than 2 kerbs. Generally each crossing should connect to at least 2 kerbs.
182654126,way,not appliable,not appliable,this crossing intersects fewer than 2 kerbs. Generally each crossing should connect to at least 2 kerbs.
182654128,way,not appliable,not appliable,this crossing intersects fewer than 2 kerbs. Generally each crossing should connect to at least 2 kerbs.
182654130,way,not appliable,not appliable,this crossing intersects fewer than 2 kerbs. Generally each crossing should connect to at least 2 kerbs.
182654131,way,not appliable,not appliable,this crossing intersects fewer than 2 kerbs. Generally each crossing should connect to at least 2 kerbs.
182654132,way,not appliable,not appliable,this crossing intersects fewer than 2 kerbs. Generally each crossing should connect to at least 2 kerbs.
182654137,way,not appliable,not appliable,this crossing intersects fewer than 2 kerbs. Generally each crossing should connect to at least 2 kerbs.
182654139,way,not appliable,not appliable,this crossing intersects fewer than 2 kerbs. Generally each crossing should connect to at least 2 kerbs.
182654140,way,not appliable,not appliable,this crossing intersects fewer than 2 kerbs. Generally each crossing should connect to at least 2 kerbs.
182654141,way,not appliable,not appliable,this crossing intersects fewer than 2 kerbs. Generally each crossing should connect to at least 2 kerbs.
182654143,way,not appliable,not appliable,this crossing intersects fewer than 2 kerbs. Generally each crossing should connect to at least 2 kerbs.
182656673,way,not appliable,not appliable,this crossing intersects fewer than 2 kerbs. Generally each crossing should connect to at least 2 kerbs.
182830727,way,not appliable,not appliable,this crossing intersects fewer than 2 kerbs. Generally each crossing should connect to at least 2 kerbs.
182830728,way,not appliable,not appliable,this crossing intersects fewer than 2 kerbs. Generally each crossing should connect to at least 2 kerbs.
182830729,way,not appliable,not appliable,this crossing intersects fewer than 2 kerbs. Generally each crossing should connect to at least 2 kerbs.
182830730,way,not appliable,not appliable,this crossing intersects fewer than 2 kerbs. Generally each crossing should connect to at least 2 kerbs.
182830731,way,not appliable,not appliable,this crossing intersects fewer than 2 kerbs. Generally each crossing should connect to at least 2 kerbs.
182830732,way,not appliable,not appliable,this crossing intersects fewer than 2 kerbs. Generally each crossing should connect to at least 2 kerbs.
182830733,way,not appliable,not appliable,this crossing intersects fewer than 2 kerbs. Generally each crossing should connect to at least 2 kerbs.
182830734,way,not appliable,not appliable,this crossing intersects fewer than 2 kerbs. Generally each crossing should connect to at least 2 kerbs.
182830735,way,not appliable,not appliable,this crossing intersects fewer than 2 kerbs. Generally each crossing should connect to at least 2 kerbs.
182830737,way,not appliable,not appliable,this crossing intersects fewer than 2 kerbs. Generally each crossing should connect to at least 2 kerbs.
182830739,way,not appliable,not appliable,this crossing intersects fewer than 2 kerbs. Generally each crossing should connect to at least 2 kerbs.
182830744,way,not appliable,not appliable,this crossing intersects fewer than 2 kerbs. Generally each crossing should connect to at least 2 kerbs.
182830745,way,not appliable,not appliable,this crossing intersects fewer than 2 kerbs. Generally each crossing should connect to at least 2 kerbs.
182830747,way,not appliable,not appliable,this crossing intersects fewer than 2 kerbs. Generally each crossing should connect to at least 2 kerbs.
182830750,way,not appliable,not appliable,this crossing intersects fewer than 2 kerbs. Generally each crossing should connect to at least 2 kerbs.
182830751,way,not appliable,not appliable,this crossing intersects fewer than 2 kerbs. Generally each crossing should connect to at least 2 kerbs.
182830752,way,not appliable,not appliable,this crossing intersects fewer than 2 kerbs. Generally each crossing should connect to at least 2 kerbs.
182830753,way,not appliable,not appliable,this crossing intersects fewer than 2 kerbs. Generally each crossing should connect to at least 2 kerbs.
182830758,way,not appliable,not appliable,this crossing intersects fewer than 2 kerbs. Generally each crossing should connect to at least 2 kerbs.
182830760,way,not appliable,not appliable,this crossing intersects fewer than 2 kerbs. Generally each crossing should connect to at least 2 kerbs.
182830761,way,not appliable,not appliable,this crossing intersects fewer than 2 kerbs. Generally each crossing should connect to at least 2 kerbs.
182830762,way,not appliable,not appliable,this crossing intersects fewer than 2 kerbs. Generally each crossing should connect to at least 2 kerbs.
182830764,way,not appliable,not appliable,this crossing intersects fewer than 2 kerbs. Generally each crossing should connect to at least 2 kerbs.
182830765,way,not appliable,not appliable,this crossing intersects fewer than 2 kerbs. Generally each crossing should connect to at least 2 kerbs.
182830766,way,not appliable,not appliable,this crossing intersects fewer than 2 kerbs. Generally each crossing should connect to at least 2 kerbs.
182830768,way,not appliable,not appliable,this crossing intersects fewer than 2 kerbs. Generally each crossing should connect to at least 2 kerbs.
182830770,way,not appliable,not appliable,this crossing intersects fewer than 2 kerbs. Generally each crossing should connect to at least 2 kerbs.
182830771,way,not appliable,not appliable,this crossing intersects fewer than 2 kerbs. Generally each crossing should connect to at least 2 kerbs.
182830772,way,not appliable,not appliable,this crossing intersects fewer than 2 kerbs. Generally each crossing should connect to at least 2 kerbs.
182830775,way,not appliable,not appliable,this crossing intersects fewer than 2 kerbs. Generally each crossing should connect to at least 2 kerbs.
182830776,way,not appliable,not appliable,this crossing intersects fewer than 2 kerbs. Generally each crossing should connect to at least 2 kerbs.
182830784,way,not appliable,not appliable,this crossing intersects fewer than 2 kerbs. Generally each crossing should connect to at least 2 kerbs.
182830785,way,not appliable,not appliable,this crossing intersects fewer than 2 kerbs. Generally each crossing should connect to at least 2 kerbs.
182830786,way,not appliable,not appliable,this crossing intersects fewer than 2 kerbs. Generally each crossing should connect to at least 2 kerbs.
182830787,way,not appliable,not appliable,this crossing intersects fewer than 2 kerbs. Generally each crossing should connect to at least 2 kerbs.
182830790,way,not appliable,not appliable,this crossing intersects fewer than 2 kerbs. Generally each crossing should connect to at least 2 kerbs.
182830791,way,not appliable,not appliable,this crossing intersects fewer than 2 kerbs. Generally each crossing should connect to at least 2 kerbs.
182830792,way,not appliable,not appliable,this crossing intersects fewer than 2 kerbs. Generally each crossing should connect to at least 2 kerbs.
182830793,way,not appliable,not appliable,this crossing intersects fewer than 2 kerbs. Generally each crossing should connect to at least 2 kerbs.
182830797,way,not appliable,not appliable,this crossing intersects fewer than 2 kerbs. Generally each crossing should connect to at least 2 kerbs.
182830798,way,not appliable,not appliable,this crossing intersects fewer than 2 kerbs. Generally each crossing should connect to at least 2 kerbs.
182830800,way,not appliable,not appliable,this crossing intersects fewer than 2 kerbs. Generally each crossing should connect to at least 2 kerbs.
182830822,way,not appliable,not appliable,this crossing intersects fewer than 2 kerbs. Generally each crossing should connect to at least 2 kerbs.
182840582,way,not appliable,not appliable,this crossing intersects fewer than 2 kerbs. Generally each crossing should connect to at least 2 kerbs.
182840590,way,not appliable,not appliable,this crossing intersects fewer than 2 kerbs. Generally each crossing should connect to at least 2 kerbs.
182840603,way,not appliable,not appliable,this crossing intersects fewer than 2 kerbs. Generally each crossing should connect to at least 2 kerbs.
182840609,way,not appliable,not appliable,this crossing intersects fewer than 2 kerbs. Generally each crossing should connect to at least 2 kerbs.
182849605,way,not appliable,not appliable,this crossing intersects fewer than 2 kerbs. Generally each crossing should connect to at least 2 kerbs.
183251427,way,not appliable,not appliable,this crossing intersects fewer than 2 kerbs. Generally each crossing should connect to at least 2 kerbs.
183251428,way,not appliable,not appliable,this crossing intersects fewer than 2 kerbs. Generally each crossing should connect to at least 2 kerbs.
183251429,way,not appliable,not appliable,this crossing intersects fewer than 2 kerbs. Generally each crossing should connect to at least 2 kerbs.
183251430,way,not appliable,not appliable,this crossing intersects fewer than 2 kerbs. Generally each crossing should connect to at least 2 kerbs.
183251431,way,not appliable,not appliable,this crossing intersects fewer than 2 kerbs. Generally each crossing should connect to at least 2 kerbs.
183251432,way,not appliable,not appliable,this crossing intersects fewer than 2 kerbs. Generally each crossing should connect to at least 2 kerbs.
183251433,way,not appliable,not appliable,this crossing intersects fewer than 2 kerbs. Generally each crossing should connect to at least 2 kerbs.
183251434,way,not appliable,not appliable,this crossing intersects fewer than 2 kerbs. Generally each crossing should connect to at least 2 kerbs.
183251435,way,not appliable,not appliable,this crossing intersects fewer than 2 kerbs. Generally each crossing should connect to at least 2 kerbs.
183251437,way,not appliable,not appliable,this crossing intersects fewer than 2 kerbs. Generally each crossing should connect to at least 2 kerbs.
183251438,way,not appliable,not appliable,this crossing intersects fewer than 2 kerbs. Generally each crossing should connect to at least 2 kerbs.
183251441,way,not appliable,not appliable,this crossing intersects fewer than 2 kerbs. Generally each crossing should connect to at least 2 kerbs.
183251443,way,not appliable,not appliable,this crossing intersects fewer than 2 kerbs. Generally each crossing should connect to at least 2 kerbs.
183251444,way,not appliable,not appliable,this crossing intersects fewer than 2 kerbs. Generally each crossing should connect to at least 2 kerbs.
183251445,way,not appliable,not appliable,this crossing intersects fewer than 2 kerbs. Generally each crossing should connect to at least 2 kerbs.
183251446,way,not appliable,not appliable,this crossing intersects fewer than 2 kerbs. Generally each crossing should connect to at least 2 kerbs.
183251447,way,not appliable,not appliable,this crossing intersects fewer than 2 kerbs. Generally each crossing should connect to at least 2 kerbs.
183251448,way,not appliable,not appliable,this crossing intersects fewer than 2 kerbs. Generally each crossing should connect to at least 2 kerbs.
183251453,way,not appliable,not appliable,this crossing intersects fewer than 2 kerbs. Generally each crossing should connect to at least 2 kerbs.
183251454,way,not appliable,not appliable,this crossing intersects fewer than 2 kerbs. Generally each crossing should connect to at least 2 kerbs.
183251455,way,not appliable,not appliable,this crossing intersects fewer than 2 kerbs. Generally each crossing should connect to at least 2 kerbs.
183252222,way,not appliable,not appliable,this crossing intersects fewer than 2 kerbs. Generally each crossing should connect to at least 2 kerbs.
183253184,way,not appliable,not appliable,this crossing intersects fewer than 2 kerbs. Generally each crossing should connect to at least 2 kerbs.
183253186,way,not appliable,not appliable,this crossing intersects fewer than 2 kerbs. Generally each crossing should connect to at least 2 kerbs.
183253187,way,not appliable,not appliable,this crossing intersects fewer than 2 kerbs. Generally each crossing should connect to at least 2 kerbs.
183253188,way,not appliable,not appliable,this crossing intersects fewer than 2 kerbs. Generally each crossing should connect to at least 2 kerbs.
183253189,way,not appliable,not appliable,this crossing intersects fewer than 2 kerbs. Generally each crossing should connect to at least 2 kerbs.
183253190,way,not appliable,not appliable,this crossing intersects fewer than 2 kerbs. Generally each crossing should connect to at least 2 kerbs.
183253191,way,not appliable,not appliable,this crossing intersects fewer than 2 kerbs. Generally each crossing should connect to at least 2 kerbs.
183254099,way,not appliable,not appliable,this crossing intersects fewer than 2 kerbs. Generally each crossing should connect to at least 2 kerbs.
183390044,way,not appliable,not appliable,this crossing intersects fewer than 2 kerbs. Generally each crossing should connect to at least 2 kerbs.
183390045,way,not appliable,not appliable,this crossing intersects fewer than 2 kerbs. Generally each crossing should connect to at least 2 kerbs.
183390047,way,not appliable,not appliable,this crossing intersects fewer than 2 kerbs. Generally each crossing should connect to at least 2 kerbs.
183390054,way,not appliable,not appliable,this crossing intersects fewer than 2 kerbs. Generally each crossing should connect to at least 2 kerbs.
183390056,way,not appliable,not appliable,this crossing intersects fewer than 2 kerbs. Generally each crossing should connect to at least 2 kerbs.
184103447,way,not appliable,not appliable,this crossing intersects fewer than 2 kerbs. Generally each crossing should connect to at least 2 kerbs.
184103450,way,not appliable,not appliable,this crossing intersects fewer than 2 kerbs. Generally each crossing should connect to at least 2 kerbs.
184103454,way,not appliable,not appliable,this crossing intersects fewer than 2 kerbs. Generally each crossing should connect to at least 2 kerbs.
184103455,way,not appliable,not appliable,this crossing intersects fewer than 2 kerbs. Generally each crossing should connect to at least 2 kerbs.
184103456,way,not appliable,not appliable,this crossing intersects fewer than 2 kerbs. Generally each crossing should connect to at least 2 kerbs.
184103458,way,not appliable,not appliable,this crossing intersects fewer than 2 kerbs. Generally each crossing should connect to at least 2 kerbs.
184103459,way,not appliable,not appliable,this crossing intersects fewer than 2 kerbs. Generally each crossing should connect to at least 2 kerbs.
184103460,way,not appliable,not appliable,this crossing intersects fewer than 2 kerbs. Generally each crossing should connect to at least 2 kerbs.
184103467,way,not appliable,not appliable,this crossing intersects fewer than 2 kerbs. Generally each crossing should connect to at least 2 kerbs.
184106243,way,not appliable,not appliable,this crossing intersects fewer than 2 kerbs. Generally each crossing should connect to at least 2 kerbs.
184106244,way,not appliable,not appliable,this crossing intersects fewer than 2 kerbs. Generally each crossing should connect to at least 2 kerbs.
184106245,way,not appliable,not appliable,this crossing intersects fewer than 2 kerbs. Generally each crossing should connect to at least 2 kerbs.
184107336,way,not appliable,not appliable,this crossing intersects fewer than 2 kerbs. Generally each crossing should connect to at least 2 kerbs.
184107338,way,not appliable,not appliable,this crossing intersects fewer than 2 kerbs. Generally each crossing should connect to at least 2 kerbs.
184148240,way,not appliable,not appliable,this crossing intersects fewer than 2 kerbs. Generally each crossing should connect to at least 2 kerbs.
184148241,way,not appliable,not appliable,this crossing intersects fewer than 2 kerbs. Generally each crossing should connect to at least 2 kerbs.
184148242,way,not appliable,not appliable,this crossing intersects fewer than 2 kerbs. Generally each crossing should connect to at least 2 kerbs.
184148243,way,not appliable,not appliable,this crossing intersects fewer than 2 kerbs. Generally each crossing should connect to at least 2 kerbs.
184148244,way,not appliable,not appliable,this crossing intersects fewer than 2 kerbs. Generally each crossing should connect to at least 2 kerbs.
184148245,way,not appliable,not appliable,this crossing intersects fewer than 2 kerbs. Generally each crossing should connect to at least 2 kerbs.
184148246,way,not appliable,not appliable,this crossing intersects fewer than 2 kerbs. Generally each crossing should connect to at least 2 kerbs.
184148247,way,not appliable,not appliable,this crossing intersects fewer than 2 kerbs. Generally each crossing should connect to at least 2 kerbs.
184148248,way,not appliable,not appliable,this crossing intersects fewer than 2 kerbs. Generally each crossing should connect to at least 2 kerbs.
184148249,way,not appliable,not appliable,this crossing intersects fewer than 2 kerbs. Generally each crossing should connect to at least 2 kerbs.
184148250,way,not appliable,not appliable,this crossing intersects fewer than 2 kerbs. Generally each crossing should connect to at least 2 kerbs.
184148251,way,not appliable,not appliable,this crossing intersects fewer than 2 kerbs. Generally each crossing should connect to at least 2 kerbs.
184148253,way,not appliable,not appliable,this crossing intersects fewer than 2 kerbs. Generally each crossing should connect to at least 2 kerbs.
184148255,way,not appliable,not appliable,this crossing intersects fewer than 2 kerbs. Generally each crossing should connect to at least 2 kerbs.
184148256,way,not appliable,not appliable,this crossing intersects fewer than 2 kerbs. Generally each crossing should connect to at least 2 kerbs.
184148257,way,not appliable,not appliable,this crossing intersects fewer than 2 kerbs. Generally each crossing should connect to at least 2 kerbs.
184148258,way,not appliable,not appliable,this crossing intersects fewer than 2 kerbs. Generally each crossing should connect to at least 2 kerbs.
184148260,way,not appliable,not appliable,this crossing intersects fewer than 2 kerbs. Generally each crossing should connect to at least 2 kerbs.
184148261,way,not appliable,not appliable,this crossing intersects fewer than 2 kerbs. Generally each crossing should connect to at least 2 kerbs.
184148262,way,not appliable,not appliable,this crossing intersects fewer than 2 kerbs. Generally each crossing should connect to at least 2 kerbs.
184148263,way,not appliable,not appliable,this crossing intersects fewer than 2 kerbs. Generally each crossing should connect to at least 2 kerbs.
184148264,way,not appliable,not appliable,this crossing intersects fewer than 2 kerbs. Generally each crossing should connect to at least 2 kerbs.
184148269,way,not appliable,not appliable,this crossing intersects fewer than 2 kerbs. Generally each crossing should connect to at least 2 kerbs.
184148270,way,not appliable,not appliable,this crossing intersects fewer than 2 kerbs. Generally each crossing should connect to at least 2 kerbs.
184148271,way,not appliable,not appliable,this crossing intersects fewer than 2 kerbs. Generally each crossing should connect to at least 2 kerbs.
184148272,way,not appliable,not appliable,this crossing intersects fewer than 2 kerbs. Generally each crossing should connect to at least 2 kerbs.
184148273,way,not appliable,not appliable,this crossing intersects fewer than 2 kerbs. Generally each crossing should connect to at least 2 kerbs.
184148274,way,not appliable,not appliable,this crossing intersects fewer than 2 kerbs. Generally each crossing should connect to at least 2 kerbs.
184148275,way,not appliable,not appliable,this crossing intersects fewer than 2 kerbs. Generally each crossing should connect to at least 2 kerbs.
184148276,way,not appliable,not appliable,this crossing intersects fewer than 2 kerbs. Generally each crossing should connect to at least 2 kerbs.
184148277,way,not appliable,not appliable,this crossing intersects fewer than 2 kerbs. Generally each crossing should connect to at least 2 kerbs.
184148278,way,not appliable,not appliable,this crossing intersects fewer than 2 kerbs. Generally each crossing should connect to at least 2 kerbs.
184148279,way,not appliable,not appliable,this crossing intersects fewer than 2 kerbs. Generally each crossing should connect to at least 2 kerbs.
184148280,way,not appliable,not appliable,this crossing intersects fewer than 2 kerbs. Generally each crossing should connect to at least 2 kerbs.
184148281,way,not appliable,not appliable,this crossing intersects fewer than 2 kerbs. Generally each crossing should connect to at least 2 kerbs.
185742584,way,not appliable,not appliable,this crossing intersects fewer than 2 kerbs. Generally each crossing should connect to at least 2 kerbs.
185742585,way,not appliable,not appliable,this crossing intersects fewer than 2 kerbs. Generally each crossing should connect to at least 2 kerbs.
185742586,way,not appliable,not appliable,this crossing intersects fewer than 2 kerbs. Generally each crossing should connect to at least 2 kerbs.
185742587,way,not appliable,not appliable,this crossing intersects fewer than 2 kerbs. Generally each crossing should connect to at least 2 kerbs.
185986396,way,not appliable,not appliable,this crossing intersects fewer than 2 kerbs. Generally each crossing should connect to at least 2 kerbs.
185986398,way,not appliable,not appliable,this crossing intersects fewer than 2 kerbs. Generally each crossing should connect to at least 2 kerbs.
185986399,way,not appliable,not appliable,this crossing intersects fewer than 2 kerbs. Generally each crossing should connect to at least 2 kerbs.
185986401,way,not appliable,not appliable,this crossing intersects fewer than 2 kerbs. Generally each crossing should connect to at least 2 kerbs.
185986403,way,not appliable,not appliable,this crossing intersects fewer than 2 kerbs. Generally each crossing should connect to at least 2 kerbs.
185986406,way,not appliable,not appliable,this crossing intersects fewer than 2 kerbs. Generally each crossing should connect to at least 2 kerbs.
185986408,way,not appliable,not appliable,this crossing intersects fewer than 2 kerbs. Generally each crossing should connect to at least 2 kerbs.
185986410,way,not appliable,not appliable,this crossing intersects fewer than 2 kerbs. Generally each crossing should connect to at least 2 kerbs.
186087148,way,not appliable,not appliable,this crossing intersects fewer than 2 kerbs. Generally each crossing should connect to at least 2 kerbs.
186087149,way,not appliable,not appliable,this crossing intersects fewer than 2 kerbs. Generally each crossing should connect to at least 2 kerbs.
188458701,way,not appliable,not appliable,this crossing intersects fewer than 2 kerbs. Generally each crossing should connect to at least 2 kerbs.
188458703,way,not appliable,not appliable,this crossing intersects fewer than 2 kerbs. Generally each crossing should connect to at least 2 kerbs.
188464553,way,not appliable,not appliable,this crossing intersects fewer than 2 kerbs. Generally each crossing should connect to at least 2 kerbs.
189166637,way,not appliable,not appliable,this crossing intersects fewer than 2 kerbs. Generally each crossing should connect to at least 2 kerbs.
189166640,way,not appliable,not appliable,this crossing intersects fewer than 2 kerbs. Generally each crossing should connect to at least 2 kerbs.
189166641,way,not appliable,not appliable,this crossing intersects fewer than 2 kerbs. Generally each crossing should connect to at least 2 kerbs.
189166643,way,not appliable,not appliable,this crossing intersects fewer than 2 kerbs. Generally each crossing should connect to at least 2 kerbs.
189166645,way,not appliable,not appliable,this crossing intersects fewer than 2 kerbs. Generally each crossing should connect to at least 2 kerbs.
189166646,way,not appliable,not appliable,this crossing intersects fewer than 2 kerbs. Generally each crossing should connect to at least 2 kerbs.
189166649,way,not appliable,not appliable,this crossing intersects fewer than 2 kerbs. Generally each crossing should connect to at least 2 kerbs.
189166653,way,not appliable,not appliable,this crossing intersects fewer than 2 kerbs. Generally each crossing should connect to at least 2 kerbs.
189166654,way,not appliable,not appliable,this crossing intersects fewer than 2 kerbs. Generally each crossing should connect to at least 2 kerbs.
189166657,way,not appliable,not appliable,this crossing intersects fewer than 2 kerbs. Generally each crossing should connect to at least 2 kerbs.
189166658,way,not appliable,not appliable,this crossing intersects fewer than 2 kerbs. Generally each crossing should connect to at least 2 kerbs.
189166663,way,not appliable,not appliable,this crossing intersects fewer than 2 kerbs. Generally each crossing should connect to at least 2 kerbs.
189166665,way,not appliable,not appliable,this crossing intersects fewer than 2 kerbs. Generally each crossing should connect to at least 2 kerbs.
189166667,way,not appliable,not appliable,this crossing intersects fewer than 2 kerbs. Generally each crossing should connect to at least 2 kerbs.
189166671,way,not appliable,not appliable,this crossing intersects fewer than 2 kerbs. Generally each crossing should connect to at least 2 kerbs.
189166672,way,not appliable,not appliable,this crossing intersects fewer than 2 kerbs. Generally each crossing should connect to at least 2 kerbs.
189166673,way,not appliable,not appliable,this crossing intersects fewer than 2 kerbs. Generally each crossing should connect to at least 2 kerbs.
189166674,way,not appliable,not appliable,this crossing intersects fewer than 2 kerbs. Generally each crossing should connect to at least 2 kerbs.
189166678,way,not appliable,not appliable,this crossing intersects fewer than 2 kerbs. Generally each crossing should connect to at least 2 kerbs.
189166687,way,not appliable,not appliable,this crossing intersects fewer than 2 kerbs. Generally each crossing should connect to at least 2 kerbs.
189476257,way,not appliable,not appliable,this crossing intersects fewer than 2 kerbs. Generally each crossing should connect to at least 2 kerbs.
189476268,way,not appliable,not appliable,this crossing intersects fewer than 2 kerbs. Generally each crossing should connect to at least 2 kerbs.
189476269,way,not appliable,not appliable,this crossing intersects fewer than 2 kerbs. Generally each crossing should connect to at least 2 kerbs.
189476270,way,not appliable,not appliable,this crossing intersects fewer than 2 kerbs. Generally each crossing should connect to at least 2 kerbs.
189476272,way,not appliable,not appliable,this crossing intersects fewer than 2 kerbs. Generally each crossing should connect to at least 2 kerbs.
189477977,way,not appliable,not appliable,this crossing intersects fewer than 2 kerbs. Generally each crossing should connect to at least 2 kerbs.
189477983,way,not appliable,not appliable,this crossing intersects fewer than 2 kerbs. Generally each crossing should connect to at least 2 kerbs.
189477984,way,not appliable,not appliable,this crossing intersects fewer than 2 kerbs. Generally each crossing should connect to at least 2 kerbs.
189477985,way,not appliable,not appliable,this crossing intersects fewer than 2 kerbs. Generally each crossing should connect to at least 2 kerbs.
189477986,way,not appliable,not appliable,this crossing intersects fewer than 2 kerbs. Generally each crossing should connect to at least 2 kerbs.
189477987,way,not appliable,not appliable,this crossing intersects fewer than 2 kerbs. Generally each crossing should connect to at least 2 kerbs.
189477988,way,not appliable,not appliable,this crossing intersects fewer than 2 kerbs. Generally each crossing should connect to at least 2 kerbs.
189477989,way,not appliable,not appliable,this crossing intersects fewer than 2 kerbs. Generally each crossing should connect to at least 2 kerbs.
189477990,way,not appliable,not appliable,this crossing intersects fewer than 2 kerbs. Generally each crossing should connect to at least 2 kerbs.
189477991,way,not appliable,not appliable,this crossing intersects fewer than 2 kerbs. Generally each crossing should connect to at least 2 kerbs.
189477993,way,not appliable,not appliable,this crossing intersects fewer than 2 kerbs. Generally each crossing should connect to at least 2 kerbs.
189477994,way,not appliable,not appliable,this crossing intersects fewer than 2 kerbs. Generally each crossing should connect to at least 2 kerbs.
189477995,way,not appliable,not appliable,this crossing intersects fewer than 2 kerbs. Generally each crossing should connect to at least 2 kerbs.
189477996,way,not appliable,not appliable,this crossing intersects fewer than 2 kerbs. Generally each crossing should connect to at least 2 kerbs.
189477997,way,not appliable,not appliable,this crossing intersects fewer than 2 kerbs. Generally each crossing should connect to at least 2 kerbs.
189478000,way,not appliable,not appliable,this crossing intersects fewer than 2 kerbs. Generally each crossing should connect to at least 2 kerbs.
189478004,way,not appliable,not appliable,this crossing intersects fewer than 2 kerbs. Generally each crossing should connect to at least 2 kerbs.
189479197,way,not appliable,not appliable,this crossing intersects fewer than 2 kerbs. Generally each crossing should connect to at least 2 kerbs.
190155792,way,not appliable,not appliable,this crossing intersects fewer than 2 kerbs. Generally each crossing should connect to at least 2 kerbs.
190155794,way,not appliable,not appliable,this crossing intersects fewer than 2 kerbs. Generally each crossing should connect to at least 2 kerbs.
190155795,way,not appliable,not appliable,this crossing intersects fewer than 2 kerbs. Generally each crossing should connect to at least 2 kerbs.
190155797,way,not appliable,not appliable,this crossing intersects fewer than 2 kerbs. Generally each crossing should connect to at least 2 kerbs.
190155798,way,not appliable,not appliable,this crossing intersects fewer than 2 kerbs. Generally each crossing should connect to at least 2 kerbs.
190155799,way,not appliable,not appliable,this crossing intersects fewer than 2 kerbs. Generally each crossing should connect to at least 2 kerbs.
190155800,way,not appliable,not appliable,this crossing intersects fewer than 2 kerbs. Generally each crossing should connect to at least 2 kerbs.
190155801,way,not appliable,not appliable,this crossing intersects fewer than 2 kerbs. Generally each crossing should connect to at least 2 kerbs.
190155803,way,not appliable,not appliable,this crossing intersects fewer than 2 kerbs. Generally each crossing should connect to at least 2 kerbs.
190155806,way,not appliable,not appliable,this crossing intersects fewer than 2 kerbs. Generally each crossing should connect to at least 2 kerbs.
191667273,way,not appliable,not appliable,this crossing intersects fewer than 2 kerbs. Generally each crossing should connect to at least 2 kerbs.
191667274,way,not appliable,not appliable,this crossing intersects fewer than 2 kerbs. Generally each crossing should connect to at least 2 kerbs.
191667275,way,not appliable,not appliable,this crossing intersects fewer than 2 kerbs. Generally each crossing should connect to at least 2 kerbs.
191667276,way,not appliable,not appliable,this crossing intersects fewer than 2 kerbs. Generally each crossing should connect to at least 2 kerbs.
191667277,way,not appliable,not appliable,this crossing intersects fewer than 2 kerbs. Generally each crossing should connect to at least 2 kerbs.
191667278,way,not appliable,not appliable,this crossing intersects fewer than 2 kerbs. Generally each crossing should connect to at least 2 kerbs.
191667279,way,not appliable,not appliable,this crossing intersects fewer than 2 kerbs. Generally each crossing should connect to at least 2 kerbs.
191672772,way,not appliable,not appliable,this crossing intersects fewer than 2 kerbs. Generally each crossing should connect to at least 2 kerbs.
191672773,way,not appliable,not appliable,this crossing intersects fewer than 2 kerbs. Generally each crossing should connect to at least 2 kerbs.
191672774,way,not appliable,not appliable,this crossing intersects fewer than 2 kerbs. Generally each crossing should connect to at least 2 kerbs.
191672775,way,not appliable,not appliable,this crossing intersects fewer than 2 kerbs. Generally each crossing should connect to at least 2 kerbs.
191861028,way,not appliable,not appliable,this crossing intersects fewer than 2 kerbs. Generally each crossing should connect to at least 2 kerbs.
191861031,way,not appliable,not appliable,this crossing intersects fewer than 2 kerbs. Generally each crossing should connect to at least 2 kerbs.
191861033,way,not appliable,not appliable,this crossing intersects fewer than 2 kerbs. Generally each crossing should connect to at least 2 kerbs.
191861035,way,not appliable,not appliable,this crossing intersects fewer than 2 kerbs. Generally each crossing should connect to at least 2 kerbs.
192031204,way,not appliable,not appliable,this crossing intersects fewer than 2 kerbs. Generally each crossing should connect to at least 2 kerbs.
192031205,way,not appliable,not appliable,this crossing intersects fewer than 2 kerbs. Generally each crossing should connect to at least 2 kerbs.
192031206,way,not appliable,not appliable,this crossing intersects fewer than 2 kerbs. Generally each crossing should connect to at least 2 kerbs.
192031208,way,not appliable,not appliable,this crossing intersects fewer than 2 kerbs. Generally each crossing should connect to at least 2 kerbs.
192031209,way,not appliable,not appliable,this crossing intersects fewer than 2 kerbs. Generally each crossing should connect to at least 2 kerbs.
192031210,way,not appliable,not appliable,this crossing intersects fewer than 2 kerbs. Generally each crossing should connect to at least 2 kerbs.
192031211,way,not appliable,not appliable,this crossing intersects fewer than 2 kerbs. Generally each crossing should connect to at least 2 kerbs.
192031212,way,not appliable,not appliable,this crossing intersects fewer than 2 kerbs. Generally each crossing should connect to at least 2 kerbs.
192031213,way,not appliable,not appliable,this crossing intersects fewer than 2 kerbs. Generally each crossing should connect to at least 2 kerbs.
192031215,way,not appliable,not appliable,this crossing intersects fewer than 2 kerbs. Generally each crossing should connect to at least 2 kerbs.
192031216,way,not appliable,not appliable,this crossing intersects fewer than 2 kerbs. Generally each crossing should connect to at least 2 kerbs.
192031218,way,not appliable,not appliable,this crossing intersects fewer than 2 kerbs. Generally each crossing should connect to at least 2 kerbs.
192031219,way,not appliable,not appliable,this crossing intersects fewer than 2 kerbs. Generally each crossing should connect to at least 2 kerbs.
192031220,way,not appliable,not appliable,this crossing intersects fewer than 2 kerbs. Generally each crossing should connect to at least 2 kerbs.
192031221,way,not appliable,not appliable,this crossing intersects fewer than 2 kerbs. Generally each crossing should connect to at least 2 kerbs.
192031222,way,not appliable,not appliable,this crossing intersects fewer than 2 kerbs. Generally each crossing should connect to at least 2 kerbs.
192031224,way,not appliable,not appliable,this crossing intersects fewer than 2 kerbs. Generally each crossing should connect to at least 2 kerbs.
192031225,way,not appliable,not appliable,this crossing intersects fewer than 2 kerbs. Generally each crossing should connect to at least 2 kerbs.
192031226,way,not appliable,not appliable,this crossing intersects fewer than 2 kerbs. Generally each crossing should connect to at least 2 kerbs.
192031227,way,not appliable,not appliable,this crossing intersects fewer than 2 kerbs. Generally each crossing should connect to at least 2 kerbs.
192031228,way,not appliable,not appliable,this crossing intersects fewer than 2 kerbs. Generally each crossing should connect to at least 2 kerbs.
192031229,way,not appliable,not appliable,this crossing intersects fewer than 2 kerbs. Generally each crossing should connect to at least 2 kerbs.
192031230,way,not appliable,not appliable,this crossing intersects fewer than 2 kerbs. Generally each crossing should connect to at least 2 kerbs.
192031231,way,not appliable,not appliable,this crossing intersects fewer than 2 kerbs. Generally each crossing should connect to at least 2 kerbs.
192226610,way,not appliable,not appliable,this crossing intersects fewer than 2 kerbs. Generally each crossing should connect to at least 2 kerbs.
192226611,way,not appliable,not appliable,this crossing intersects fewer than 2 kerbs. Generally each crossing should connect to at least 2 kerbs.
192226612,way,not appliable,not appliable,this crossing intersects fewer than 2 kerbs. Generally each crossing should connect to at least 2 kerbs.
192226613,way,not appliable,not appliable,this crossing intersects fewer than 2 kerbs. Generally each crossing should connect to at least 2 kerbs.
192226614,way,not appliable,not appliable,this crossing intersects fewer than 2 kerbs. Generally each crossing should connect to at least 2 kerbs.
192226615,way,not appliable,not appliable,this crossing intersects fewer than 2 kerbs. Generally each crossing should connect to at least 2 kerbs.
192226616,way,not appliable,not appliable,this crossing intersects fewer than 2 kerbs. Generally each crossing should connect to at least 2 kerbs.
192226617,way,not appliable,not appliable,this crossing intersects fewer than 2 kerbs. Generally each crossing should connect to at least 2 kerbs.
192227435,way,not appliable,not appliable,this crossing intersects fewer than 2 kerbs. Generally each crossing should connect to at least 2 kerbs.
192227436,way,not appliable,not appliable,this crossing intersects fewer than 2 kerbs. Generally each crossing should connect to at least 2 kerbs.
192227437,way,not appliable,not appliable,this crossing intersects fewer than 2 kerbs. Generally each crossing should connect to at least 2 kerbs.
192579889,way,not appliable,not appliable,this crossing intersects fewer than 2 kerbs. Generally each crossing should connect to at least 2 kerbs.
192579902,way,not appliable,not appliable,this crossing intersects fewer than 2 kerbs. Generally each crossing should connect to at least 2 kerbs.
192579909,way,not appliable,not appliable,this crossing intersects fewer than 2 kerbs. Generally each crossing should connect to at least 2 kerbs.
192579910,way,not appliable,not appliable,this crossing intersects fewer than 2 kerbs. Generally each crossing should connect to at least 2 kerbs.
192579912,way,not appliable,not appliable,this crossing intersects fewer than 2 kerbs. Generally each crossing should connect to at least 2 kerbs.
192579913,way,not appliable,not appliable,this crossing intersects fewer than 2 kerbs. Generally each crossing should connect to at least 2 kerbs.
192579914,way,not appliable,not appliable,this crossing intersects fewer than 2 kerbs. Generally each crossing should connect to at least 2 kerbs.
192579915,way,not appliable,not appliable,this crossing intersects fewer than 2 kerbs. Generally each crossing should connect to at least 2 kerbs.
192579916,way,not appliable,not appliable,this crossing intersects fewer than 2 kerbs. Generally each crossing should connect to at least 2 kerbs.
192579917,way,not appliable,not appliable,this crossing intersects fewer than 2 kerbs. Generally each crossing should connect to at least 2 kerbs.
192579918,way,not appliable,not appliable,this crossing intersects fewer than 2 kerbs. Generally each crossing should connect to at least 2 kerbs.
192579921,way,not appliable,not appliable,this crossing intersects fewer than 2 kerbs. Generally each crossing should connect to at least 2 kerbs.
192579922,way,not appliable,not appliable,this crossing intersects fewer than 2 kerbs. Generally each crossing should connect to at least 2 kerbs.
192579923,way,not appliable,not appliable,this crossing intersects fewer than 2 kerbs. Generally each crossing should connect to at least 2 kerbs.
192579924,way,not appliable,not appliable,this crossing intersects fewer than 2 kerbs. Generally each crossing should connect to at least 2 kerbs.
192579925,way,not appliable,not appliable,this crossing intersects fewer than 2 kerbs. Generally each crossing should connect to at least 2 kerbs.
192579926,way,not appliable,not appliable,this crossing intersects fewer than 2 kerbs. Generally each crossing should connect to at least 2 kerbs.
192579927,way,not appliable,not appliable,this crossing intersects fewer than 2 kerbs. Generally each crossing should connect to at least 2 kerbs.
192579928,way,not appliable,not appliable,this crossing intersects fewer than 2 kerbs. Generally each crossing should connect to at least 2 kerbs.
192579929,way,not appliable,not appliable,this crossing intersects fewer than 2 kerbs. Generally each crossing should connect to at least 2 kerbs.
192579930,way,not appliable,not appliable,this crossing intersects fewer than 2 kerbs. Generally each crossing should connect to at least 2 kerbs.
192579931,way,not appliable,not appliable,this crossing intersects fewer than 2 kerbs. Generally each crossing should connect to at least 2 kerbs.
192579932,way,not appliable,not appliable,this crossing intersects fewer than 2 kerbs. Generally each crossing should connect to at least 2 kerbs.
192579933,way,not appliable,not appliable,this crossing intersects fewer than 2 kerbs. Generally each crossing should connect to at least 2 kerbs.
192579934,way,not appliable,not appliable,this crossing intersects fewer than 2 kerbs. Generally each crossing should connect to at least 2 kerbs.
192579935,way,not appliable,not appliable,this crossing intersects fewer than 2 kerbs. Generally each crossing should connect to at least 2 kerbs.
192579936,way,not appliable,not appliable,this crossing intersects fewer than 2 kerbs. Generally each crossing should connect to at least 2 kerbs.
192579937,way,not appliable,not appliable,this crossing intersects fewer than 2 kerbs. Generally each crossing should connect to at least 2 kerbs.
192579940,way,not appliable,not appliable,this crossing intersects fewer than 2 kerbs. Generally each crossing should connect to at least 2 kerbs.
192579944,way,not appliable,not appliable,this crossing intersects fewer than 2 kerbs. Generally each crossing should connect to at least 2 kerbs.
192581334,way,not appliable,not appliable,this crossing intersects fewer than 2 kerbs. Generally each crossing should connect to at least 2 kerbs.
192581335,way,not appliable,not appliable,this crossing intersects fewer than 2 kerbs. Generally each crossing should connect to at least 2 kerbs.
192581336,way,not appliable,not appliable,this crossing intersects fewer than 2 kerbs. Generally each crossing should connect to at least 2 kerbs.
192581337,way,not appliable,not appliable,this crossing intersects fewer than 2 kerbs. Generally each crossing should connect to at least 2 kerbs.
195089129,way,not appliable,not appliable,this crossing intersects fewer than 2 kerbs. Generally each crossing should connect to at least 2 kerbs.
195089132,way,not appliable,not appliable,this crossing intersects fewer than 2 kerbs. Generally each crossing should connect to at least 2 kerbs.
195089133,way,not appliable,not appliable,this crossing intersects fewer than 2 kerbs. Generally each crossing should connect to at least 2 kerbs.
195089134,way,not appliable,not appliable,this crossing intersects fewer than 2 kerbs. Generally each crossing should connect to at least 2 kerbs.
196291841,way,not appliable,not appliable,this crossing intersects fewer than 2 kerbs. Generally each crossing should connect to at least 2 kerbs.
197773490,way,not appliable,not appliable,this crossing intersects fewer than 2 kerbs. Generally each crossing should connect to at least 2 kerbs.
197773492,way,not appliable,not appliable,this crossing intersects fewer than 2 kerbs. Generally each crossing should connect to at least 2 kerbs.
197773495,way,not appliable,not appliable,this crossing intersects fewer than 2 kerbs. Generally each crossing should connect to at least 2 kerbs.
197773503,way,not appliable,not appliable,this crossing intersects fewer than 2 kerbs. Generally each crossing should connect to at least 2 kerbs.
197773505,way,not appliable,not appliable,this crossing intersects fewer than 2 kerbs. Generally each crossing should connect to at least 2 kerbs.
197773519,way,not appliable,not appliable,this crossing intersects fewer than 2 kerbs. Generally each crossing should connect to at least 2 kerbs.
197773524,way,not appliable,not appliable,this crossing intersects fewer than 2 kerbs. Generally each crossing should connect to at least 2 kerbs.
197773527,way,not appliable,not appliable,this crossing intersects fewer than 2 kerbs. Generally each crossing should connect to at least 2 kerbs.
197773536,way,not appliable,not appliable,this crossing intersects fewer than 2 kerbs. Generally each crossing should connect to at least 2 kerbs.
197775730,way,not appliable,not appliable,this crossing intersects fewer than 2 kerbs. Generally each crossing should connect to at least 2 kerbs.
198997736,way,not appliable,not appliable,this crossing intersects fewer than 2 kerbs. Generally each crossing should connect to at least 2 kerbs.
199074935,way,not appliable,not appliable,this crossing intersects fewer than 2 kerbs. Generally each crossing should connect to at least 2 kerbs.
199074937,way,not appliable,not appliable,this crossing intersects fewer than 2 kerbs. Generally each crossing should connect to at least 2 kerbs.
199074938,way,not appliable,not appliable,this crossing intersects fewer than 2 kerbs. Generally each crossing should connect to at least 2 kerbs.
199074939,way,not appliable,not appliable,this crossing intersects fewer than 2 kerbs. Generally each crossing should connect to at least 2 kerbs.
199074940,way,not appliable,not appliable,this crossing intersects fewer than 2 kerbs. Generally each crossing should connect to at least 2 kerbs.
199074941,way,not appliable,not appliable,this crossing intersects fewer than 2 kerbs. Generally each crossing should connect to at least 2 kerbs.
199074942,way,not appliable,not appliable,this crossing intersects fewer than 2 kerbs. Generally each crossing should connect to at least 2 kerbs.
199074943,way,not appliable,not appliable,this crossing intersects fewer than 2 kerbs. Generally each crossing should connect to at least 2 kerbs.
199074944,way,not appliable,not appliable,this crossing intersects fewer than 2 kerbs. Generally each crossing should connect to at least 2 kerbs.
199074947,way,not appliable,not appliable,this crossing intersects fewer than 2 kerbs. Generally each crossing should connect to at least 2 kerbs.
199074949,way,not appliable,not appliable,this crossing intersects fewer than 2 kerbs. Generally each crossing should connect to at least 2 kerbs.
199074950,way,not appliable,not appliable,this crossing intersects fewer than 2 kerbs. Generally each crossing should connect to at least 2 kerbs.
199074951,way,not appliable,not appliable,this crossing intersects fewer than 2 kerbs. Generally each crossing should connect to at least 2 kerbs.
199074952,way,not appliable,not appliable,this crossing intersects fewer than 2 kerbs. Generally each crossing should connect to at least 2 kerbs.
199074954,way,not appliable,not appliable,this crossing intersects fewer than 2 kerbs. Generally each crossing should connect to at least 2 kerbs.
199074956,way,not appliable,not appliable,this crossing intersects fewer than 2 kerbs. Generally each crossing should connect to at least 2 kerbs.
199074957,way,not appliable,not appliable,this crossing intersects fewer than 2 kerbs. Generally each crossing should connect to at least 2 kerbs.
199074958,way,not appliable,not appliable,this crossing intersects fewer than 2 kerbs. Generally each crossing should connect to at least 2 kerbs.
199074960,way,not appliable,not appliable,this crossing intersects fewer than 2 kerbs. Generally each crossing should connect to at least 2 kerbs.
199074961,way,not appliable,not appliable,this crossing intersects fewer than 2 kerbs. Generally each crossing should connect to at least 2 kerbs.
199074962,way,not appliable,not appliable,this crossing intersects fewer than 2 kerbs. Generally each crossing should connect to at least 2 kerbs.
199074963,way,not appliable,not appliable,this crossing intersects fewer than 2 kerbs. Generally each crossing should connect to at least 2 kerbs.
199074964,way,not appliable,not appliable,this crossing intersects fewer than 2 kerbs. Generally each crossing should connect to at least 2 kerbs.
199080223,way,not appliable,not appliable,this crossing intersects fewer than 2 kerbs. Generally each crossing should connect to at least 2 kerbs.
199080224,way,not appliable,not appliable,this crossing intersects fewer than 2 kerbs. Generally each crossing should connect to at least 2 kerbs.
199080225,way,not appliable,not appliable,this crossing intersects fewer than 2 kerbs. Generally each crossing should connect to at least 2 kerbs.
199080226,way,not appliable,not appliable,this crossing intersects fewer than 2 kerbs. Generally each crossing should connect to at least 2 kerbs.
199080227,way,not appliable,not appliable,this crossing intersects fewer than 2 kerbs. Generally each crossing should connect to at least 2 kerbs.
199080230,way,not appliable,not appliable,this crossing intersects fewer than 2 kerbs. Generally each crossing should connect to at least 2 kerbs.
199080231,way,not appliable,not appliable,this crossing intersects fewer than 2 kerbs. Generally each crossing should connect to at least 2 kerbs.
199137820,way,not appliable,not appliable,this crossing intersects fewer than 2 kerbs. Generally each crossing should connect to at least 2 kerbs.
199137821,way,not appliable,not appliable,this crossing intersects fewer than 2 kerbs. Generally each crossing should connect to at least 2 kerbs.
199137824,way,not appliable,not appliable,this crossing intersects fewer than 2 kerbs. Generally each crossing should connect to at least 2 kerbs.
199137825,way,not appliable,not appliable,this crossing intersects fewer than 2 kerbs. Generally each crossing should connect to at least 2 kerbs.
199137827,way,not appliable,not appliable,this crossing intersects fewer than 2 kerbs. Generally each crossing should connect to at least 2 kerbs.
199137829,way,not appliable,not appliable,this crossing intersects fewer than 2 kerbs. Generally each crossing should connect to at least 2 kerbs.
199138496,way,not appliable,not appliable,this crossing intersects fewer than 2 kerbs. Generally each crossing should connect to at least 2 kerbs.
200539111,way,not appliable,not appliable,this crossing intersects fewer than 2 kerbs. Generally each crossing should connect to at least 2 kerbs.
200539113,way,not appliable,not appliable,this crossing intersects fewer than 2 kerbs. Generally each crossing should connect to at least 2 kerbs.
200539114,way,not appliable,not appliable,this crossing intersects fewer than 2 kerbs. Generally each crossing should connect to at least 2 kerbs.
200539115,way,not appliable,not appliable,this crossing intersects fewer than 2 kerbs. Generally each crossing should connect to at least 2 kerbs.
200539117,way,not appliable,not appliable,this crossing intersects fewer than 2 kerbs. Generally each crossing should connect to at least 2 kerbs.
200539118,way,not appliable,not appliable,this crossing intersects fewer than 2 kerbs. Generally each crossing should connect to at least 2 kerbs.
200539119,way,not appliable,not appliable,this crossing intersects fewer than 2 kerbs. Generally each crossing should connect to at least 2 kerbs.
200539120,way,not appliable,not appliable,this crossing intersects fewer than 2 kerbs. Generally each crossing should connect to at least 2 kerbs.
200539121,way,not appliable,not appliable,this crossing intersects fewer than 2 kerbs. Generally each crossing should connect to at least 2 kerbs.
200539128,way,not appliable,not appliable,this crossing intersects fewer than 2 kerbs. Generally each crossing should connect to at least 2 kerbs.
200540812,way,not appliable,not appliable,this crossing intersects fewer than 2 kerbs. Generally each crossing should connect to at least 2 kerbs.
200551557,way,not appliable,not appliable,this crossing intersects fewer than 2 kerbs. Generally each crossing should connect to at least 2 kerbs.
200551558,way,not appliable,not appliable,this crossing intersects fewer than 2 kerbs. Generally each crossing should connect to at least 2 kerbs.
200551560,way,not appliable,not appliable,this crossing intersects fewer than 2 kerbs. Generally each crossing should connect to at least 2 kerbs.
200551562,way,not appliable,not appliable,this crossing intersects fewer than 2 kerbs. Generally each crossing should connect to at least 2 kerbs.
200551563,way,not appliable,not appliable,this crossing intersects fewer than 2 kerbs. Generally each crossing should connect to at least 2 kerbs.
200875396,way,not appliable,not appliable,this crossing intersects fewer than 2 kerbs. Generally each crossing should connect to at least 2 kerbs.
200875397,way,not appliable,not appliable,this crossing intersects fewer than 2 kerbs. Generally each crossing should connect to at least 2 kerbs.
200875401,way,not appliable,not appliable,this crossing intersects fewer than 2 kerbs. Generally each crossing should connect to at least 2 kerbs.
200875402,way,not appliable,not appliable,this crossing intersects fewer than 2 kerbs. Generally each crossing should connect to at least 2 kerbs.
200875403,way,not appliable,not appliable,this crossing intersects fewer than 2 kerbs. Generally each crossing should connect to at least 2 kerbs.
200875404,way,not appliable,not appliable,this crossing intersects fewer than 2 kerbs. Generally each crossing should connect to at least 2 kerbs.
203052707,way,not appliable,not appliable,this crossing intersects fewer than 2 kerbs. Generally each crossing should connect to at least 2 kerbs.
203052708,way,not appliable,not appliable,this crossing intersects fewer than 2 kerbs. Generally each crossing should connect to at least 2 kerbs.
203052709,way,not appliable,not appliable,this crossing intersects fewer than 2 kerbs. Generally each crossing should connect to at least 2 kerbs.
204802219,way,not appliable,not appliable,this crossing intersects fewer than 2 kerbs. Generally each crossing should connect to at least 2 kerbs.
204802238,way,not appliable,not appliable,this crossing intersects fewer than 2 kerbs. Generally each crossing should connect to at least 2 kerbs.
204802248,way,not appliable,not appliable,this crossing intersects fewer than 2 kerbs. Generally each crossing should connect to at least 2 kerbs.
204802250,way,not appliable,not appliable,this crossing intersects fewer than 2 kerbs. Generally each crossing should connect to at least 2 kerbs.
204802251,way,not appliable,not appliable,this crossing intersects fewer than 2 kerbs. Generally each crossing should connect to at least 2 kerbs.
204802252,way,not appliable,not appliable,this crossing intersects fewer than 2 kerbs. Generally each crossing should connect to at least 2 kerbs.
204802254,way,not appliable,not appliable,this crossing intersects fewer than 2 kerbs. Generally each crossing should connect to at least 2 kerbs.
204802255,way,not appliable,not appliable,this crossing intersects fewer than 2 kerbs. Generally each crossing should connect to at least 2 kerbs.
204802256,way,not appliable,not appliable,this crossing intersects fewer than 2 kerbs. Generally each crossing should connect to at least 2 kerbs.
204802257,way,not appliable,not appliable,this crossing intersects fewer than 2 kerbs. Generally each crossing should connect to at least 2 kerbs.
204802258,way,not appliable,not appliable,this crossing intersects fewer than 2 kerbs. Generally each crossing should connect to at least 2 kerbs.
204802259,way,not appliable,not appliable,this crossing intersects fewer than 2 kerbs. Generally each crossing should connect to at least 2 kerbs.
204802260,way,not appliable,not appliable,this crossing intersects fewer than 2 kerbs. Generally each crossing should connect to at least 2 kerbs.
204802262,way,not appliable,not appliable,this crossing intersects fewer than 2 kerbs. Generally each crossing should connect to at least 2 kerbs.
204802263,way,not appliable,not appliable,this crossing intersects fewer than 2 kerbs. Generally each crossing should connect to at least 2 kerbs.
204802264,way,not appliable,not appliable,this crossing intersects fewer than 2 kerbs. Generally each crossing should connect to at least 2 kerbs.
204802265,way,not appliable,not appliable,this crossing intersects fewer than 2 kerbs. Generally each crossing should connect to at least 2 kerbs.
204802266,way,not appliable,not appliable,this crossing intersects fewer than 2 kerbs. Generally each crossing should connect to at least 2 kerbs.
204802267,way,not appliable,not appliable,this crossing intersects fewer than 2 kerbs. Generally each crossing should connect to at least 2 kerbs.
204802268,way,not appliable,not appliable,this crossing intersects fewer than 2 kerbs. Generally each crossing should connect to at least 2 kerbs.
204802269,way,not appliable,not appliable,this crossing intersects fewer than 2 kerbs. Generally each crossing should connect to at least 2 kerbs.
204802271,way,not appliable,not appliable,this crossing intersects fewer than 2 kerbs. Generally each crossing should connect to at least 2 kerbs.
204802272,way,not appliable,not appliable,this crossing intersects fewer than 2 kerbs. Generally each crossing should connect to at least 2 kerbs.
204802275,way,not appliable,not appliable,this crossing intersects fewer than 2 kerbs. Generally each crossing should connect to at least 2 kerbs.
204802277,way,not appliable,not appliable,this crossing intersects fewer than 2 kerbs. Generally each crossing should connect to at least 2 kerbs.
204802279,way,not appliable,not appliable,this crossing intersects fewer than 2 kerbs. Generally each crossing should connect to at least 2 kerbs.
204802280,way,not appliable,not appliable,this crossing intersects fewer than 2 kerbs. Generally each crossing should connect to at least 2 kerbs.
204802281,way,not appliable,not appliable,this crossing intersects fewer than 2 kerbs. Generally each crossing should connect to at least 2 kerbs.
204802283,way,not appliable,not appliable,this crossing intersects fewer than 2 kerbs. Generally each crossing should connect to at least 2 kerbs.
204802284,way,not appliable,not appliable,this crossing intersects fewer than 2 kerbs. Generally each crossing should connect to at least 2 kerbs.
204802285,way,not appliable,not appliable,this crossing intersects fewer than 2 kerbs. Generally each crossing should connect to at least 2 kerbs.
204802288,way,not appliable,not appliable,this crossing intersects fewer than 2 kerbs. Generally each crossing should connect to at least 2 kerbs.
204802290,way,not appliable,not appliable,this crossing intersects fewer than 2 kerbs. Generally each crossing should connect to at least 2 kerbs.
204802294,way,not appliable,not appliable,this crossing intersects fewer than 2 kerbs. Generally each crossing should connect to at least 2 kerbs.
205724615,way,not appliable,not appliable,this crossing intersects fewer than 2 kerbs. Generally each crossing should connect to at least 2 kerbs.
206831445,way,not appliable,not appliable,this crossing intersects fewer than 2 kerbs. Generally each crossing should connect to at least 2 kerbs.
206831447,way,not appliable,not appliable,this crossing intersects fewer than 2 kerbs. Generally each crossing should connect to at least 2 kerbs.
206831449,way,not appliable,not appliable,this crossing intersects fewer than 2 kerbs. Generally each crossing should connect to at least 2 kerbs.
206831450,way,not appliable,not appliable,this crossing intersects fewer than 2 kerbs. Generally each crossing should connect to at least 2 kerbs.
206831451,way,not appliable,not appliable,this crossing intersects fewer than 2 kerbs. Generally each crossing should connect to at least 2 kerbs.
206831452,way,not appliable,not appliable,this crossing intersects fewer than 2 kerbs. Generally each crossing should connect to at least 2 kerbs.
206831455,way,not appliable,not appliable,this crossing intersects fewer than 2 kerbs. Generally each crossing should connect to at least 2 kerbs.
206834444,way,not appliable,not appliable,this crossing intersects fewer than 2 kerbs. Generally each crossing should connect to at least 2 kerbs.
206834445,way,not appliable,not appliable,this crossing intersects fewer than 2 kerbs. Generally each crossing should connect to at least 2 kerbs.
206834446,way,not appliable,not appliable,this crossing intersects fewer than 2 kerbs. Generally each crossing should connect to at least 2 kerbs.
206834447,way,not appliable,not appliable,this crossing intersects fewer than 2 kerbs. Generally each crossing should connect to at least 2 kerbs.
206834448,way,not appliable,not appliable,this crossing intersects fewer than 2 kerbs. Generally each crossing should connect to at least 2 kerbs.
206834449,way,not appliable,not appliable,this crossing intersects fewer than 2 kerbs. Generally each crossing should connect to at least 2 kerbs.
206834450,way,not appliable,not appliable,this crossing intersects fewer than 2 kerbs. Generally each crossing should connect to at least 2 kerbs.
206834451,way,not appliable,not appliable,this crossing intersects fewer than 2 kerbs. Generally each crossing should connect to at least 2 kerbs.
206834452,way,not appliable,not appliable,this crossing intersects fewer than 2 kerbs. Generally each crossing should connect to at least 2 kerbs.
206834453,way,not appliable,not appliable,this crossing intersects fewer than 2 kerbs. Generally each crossing should connect to at least 2 kerbs.
206834454,way,not appliable,not appliable,this crossing intersects fewer than 2 kerbs. Generally each crossing should connect to at least 2 kerbs.
206834455,way,not appliable,not appliable,this crossing intersects fewer than 2 kerbs. Generally each crossing should connect to at least 2 kerbs.
206834456,way,not appliable,not appliable,this crossing intersects fewer than 2 kerbs. Generally each crossing should connect to at least 2 kerbs.
206834458,way,not appliable,not appliable,this crossing intersects fewer than 2 kerbs. Generally each crossing should connect to at least 2 kerbs.
206836482,way,not appliable,not appliable,this crossing intersects fewer than 2 kerbs. Generally each crossing should connect to at least 2 kerbs.
206839845,way,not appliable,not appliable,this crossing intersects fewer than 2 kerbs. Generally each crossing should connect to at least 2 kerbs.
206839846,way,not appliable,not appliable,this crossing intersects fewer than 2 kerbs. Generally each crossing should connect to at least 2 kerbs.
206839847,way,not appliable,not appliable,this crossing intersects fewer than 2 kerbs. Generally each crossing should connect to at least 2 kerbs.
206839848,way,not appliable,not appliable,this crossing intersects fewer than 2 kerbs. Generally each crossing should connect to at least 2 kerbs.
206839849,way,not appliable,not appliable,this crossing intersects fewer than 2 kerbs. Generally each crossing should connect to at least 2 kerbs.
206839850,way,not appliable,not appliable,this crossing intersects fewer than 2 kerbs. Generally each crossing should connect to at least 2 kerbs.
206839851,way,not appliable,not appliable,this crossing intersects fewer than 2 kerbs. Generally each crossing should connect to at least 2 kerbs.
206839852,way,not appliable,not appliable,this crossing intersects fewer than 2 kerbs. Generally each crossing should connect to at least 2 kerbs.
207899811,way,not appliable,not appliable,this crossing intersects fewer than 2 kerbs. Generally each crossing should connect to at least 2 kerbs.
207899812,way,not appliable,not appliable,this crossing intersects fewer than 2 kerbs. Generally each crossing should connect to at least 2 kerbs.
207899813,way,not appliable,not appliable,this crossing intersects fewer than 2 kerbs. Generally each crossing should connect to at least 2 kerbs.
207899815,way,not appliable,not appliable,this crossing intersects fewer than 2 kerbs. Generally each crossing should connect to at least 2 kerbs.
207899816,way,not appliable,not appliable,this crossing intersects fewer than 2 kerbs. Generally each crossing should connect to at least 2 kerbs.
207899817,way,not appliable,not appliable,this crossing intersects fewer than 2 kerbs. Generally each crossing should connect to at least 2 kerbs.
207899819,way,not appliable,not appliable,this crossing intersects fewer than 2 kerbs. Generally each crossing should connect to at least 2 kerbs.
207899821,way,not appliable,not appliable,this crossing intersects fewer than 2 kerbs. Generally each crossing should connect to at least 2 kerbs.
207899824,way,not appliable,not appliable,this crossing intersects fewer than 2 kerbs. Generally each crossing should connect to at least 2 kerbs.
207899827,way,not appliable,not appliable,this crossing intersects fewer than 2 kerbs. Generally each crossing should connect to at least 2 kerbs.
207899828,way,not appliable,not appliable,this crossing intersects fewer than 2 kerbs. Generally each crossing should connect to at least 2 kerbs.
207899829,way,not appliable,not appliable,this crossing intersects fewer than 2 kerbs. Generally each crossing should connect to at least 2 kerbs.
207899830,way,not appliable,not appliable,this crossing intersects fewer than 2 kerbs. Generally each crossing should connect to at least 2 kerbs.
207899831,way,not appliable,not appliable,this crossing intersects fewer than 2 kerbs. Generally each crossing should connect to at least 2 kerbs.
207899832,way,not appliable,not appliable,this crossing intersects fewer than 2 kerbs. Generally each crossing should connect to at least 2 kerbs.
207899833,way,not appliable,not appliable,this crossing intersects fewer than 2 kerbs. Generally each crossing should connect to at least 2 kerbs.
207899834,way,not appliable,not appliable,this crossing intersects fewer than 2 kerbs. Generally each crossing should connect to at least 2 kerbs.
207899835,way,not appliable,not appliable,this crossing intersects fewer than 2 kerbs. Generally each crossing should connect to at least 2 kerbs.
207899836,way,not appliable,not appliable,this crossing intersects fewer than 2 kerbs. Generally each crossing should connect to at least 2 kerbs.
207899840,way,not appliable,not appliable,this crossing intersects fewer than 2 kerbs. Generally each crossing should connect to at least 2 kerbs.
207899842,way,not appliable,not appliable,this crossing intersects fewer than 2 kerbs. Generally each crossing should connect to at least 2 kerbs.
207899843,way,not appliable,not appliable,this crossing intersects fewer than 2 kerbs. Generally each crossing should connect to at least 2 kerbs.
207899844,way,not appliable,not appliable,this crossing intersects fewer than 2 kerbs. Generally each crossing should connect to at least 2 kerbs.
207899845,way,not appliable,not appliable,this crossing intersects fewer than 2 kerbs. Generally each crossing should connect to at least 2 kerbs.
207899846,way,not appliable,not appliable,this crossing intersects fewer than 2 kerbs. Generally each crossing should connect to at least 2 kerbs.
207899847,way,not appliable,not appliable,this crossing intersects fewer than 2 kerbs. Generally each crossing should connect to at least 2 kerbs.
207899848,way,not appliable,not appliable,this crossing intersects fewer than 2 kerbs. Generally each crossing should connect to at least 2 kerbs.
207899850,way,not appliable,not appliable,this crossing intersects fewer than 2 kerbs. Generally each crossing should connect to at least 2 kerbs.
207899851,way,not appliable,not appliable,this crossing intersects fewer than 2 kerbs. Generally each crossing should connect to at least 2 kerbs.
207899852,way,not appliable,not appliable,this crossing intersects fewer than 2 kerbs. Generally each crossing should connect to at least 2 kerbs.
207899854,way,not appliable,not appliable,this crossing intersects fewer than 2 kerbs. Generally each crossing should connect to at least 2 kerbs.
207899855,way,not appliable,not appliable,this crossing intersects fewer than 2 kerbs. Generally each crossing should connect to at least 2 kerbs.
207899856,way,not appliable,not appliable,this crossing intersects fewer than 2 kerbs. Generally each crossing should connect to at least 2 kerbs.
207899857,way,not appliable,not appliable,this crossing intersects fewer than 2 kerbs. Generally each crossing should connect to at least 2 kerbs.
207899858,way,not appliable,not appliable,this crossing intersects fewer than 2 kerbs. Generally each crossing should connect to at least 2 kerbs.
207899859,way,not appliable,not appliable,this crossing intersects fewer than 2 kerbs. Generally each crossing should connect to at least 2 kerbs.
207899861,way,not appliable,not appliable,this crossing intersects fewer than 2 kerbs. Generally each crossing should connect to at least 2 kerbs.
207899862,way,not appliable,not appliable,this crossing intersects fewer than 2 kerbs. Generally each crossing should connect to at least 2 kerbs.
207899864,way,not appliable,not appliable,this crossing intersects fewer than 2 kerbs. Generally each crossing should connect to at least 2 kerbs.
207899866,way,not appliable,not appliable,this crossing intersects fewer than 2 kerbs. Generally each crossing should connect to at least 2 kerbs.
207899868,way,not appliable,not appliable,this crossing intersects fewer than 2 kerbs. Generally each crossing should connect to at least 2 kerbs.
207899870,way,not appliable,not appliable,this crossing intersects fewer than 2 kerbs. Generally each crossing should connect to at least 2 kerbs.
207899872,way,not appliable,not appliable,this crossing intersects fewer than 2 kerbs. Generally each crossing should connect to at least 2 kerbs.
207899876,way,not appliable,not appliable,this crossing intersects fewer than 2 kerbs. Generally each crossing should connect to at least 2 kerbs.
210228776,way,not appliable,not appliable,this crossing intersects fewer than 2 kerbs. Generally each crossing should connect to at least 2 kerbs.
210228777,way,not appliable,not appliable,this crossing intersects fewer than 2 kerbs. Generally each crossing should connect to at least 2 kerbs.
210228778,way,not appliable,not appliable,this crossing intersects fewer than 2 kerbs. Generally each crossing should connect to at least 2 kerbs.
210228779,way,not appliable,not appliable,this crossing intersects fewer than 2 kerbs. Generally each crossing should connect to at least 2 kerbs.
210228780,way,not appliable,not appliable,this crossing intersects fewer than 2 kerbs. Generally each crossing should connect to at least 2 kerbs.
210228781,way,not appliable,not appliable,this crossing intersects fewer than 2 kerbs. Generally each crossing should connect to at least 2 kerbs.
210228782,way,not appliable,not appliable,this crossing intersects fewer than 2 kerbs. Generally each crossing should connect to at least 2 kerbs.
210544428,way,not appliable,not appliable,this crossing intersects fewer than 2 kerbs. Generally each crossing should connect to at least 2 kerbs.
210544429,way,not appliable,not appliable,this crossing intersects fewer than 2 kerbs. Generally each crossing should connect to at least 2 kerbs.
210544430,way,not appliable,not appliable,this crossing intersects fewer than 2 kerbs. Generally each crossing should connect to at least 2 kerbs.
210544431,way,not appliable,not appliable,this crossing intersects fewer than 2 kerbs. Generally each crossing should connect to at least 2 kerbs.
210544432,way,not appliable,not appliable,this crossing intersects fewer than 2 kerbs. Generally each crossing should connect to at least 2 kerbs.
210544433,way,not appliable,not appliable,this crossing intersects fewer than 2 kerbs. Generally each crossing should connect to at least 2 kerbs.
210544434,way,not appliable,not appliable,this crossing intersects fewer than 2 kerbs. Generally each crossing should connect to at least 2 kerbs.
210544438,way,not appliable,not appliable,this crossing intersects fewer than 2 kerbs. Generally each crossing should connect to at least 2 kerbs.
210544866,way,not appliable,not appliable,this crossing intersects fewer than 2 kerbs. Generally each crossing should connect to at least 2 kerbs.
210544867,way,not appliable,not appliable,this crossing intersects fewer than 2 kerbs. Generally each crossing should connect to at least 2 kerbs.
210544868,way,not appliable,not appliable,this crossing intersects fewer than 2 kerbs. Generally each crossing should connect to at least 2 kerbs.
210544869,way,not appliable,not appliable,this crossing intersects fewer than 2 kerbs. Generally each crossing should connect to at least 2 kerbs.
210544870,way,not appliable,not appliable,this crossing intersects fewer than 2 kerbs. Generally each crossing should connect to at least 2 kerbs.
210544871,way,not appliable,not appliable,this crossing intersects fewer than 2 kerbs. Generally each crossing should connect to at least 2 kerbs.
210544872,way,not appliable,not appliable,this crossing intersects fewer than 2 kerbs. Generally each crossing should connect to at least 2 kerbs.
210544873,way,not appliable,not appliable,this crossing intersects fewer than 2 kerbs. Generally each crossing should connect to at least 2 kerbs.
210544874,way,not appliable,not appliable,this crossing intersects fewer than 2 kerbs. Generally each crossing should connect to at least 2 kerbs.
210544875,way,not appliable,not appliable,this crossing intersects fewer than 2 kerbs. Generally each crossing should connect to at least 2 kerbs.
210544876,way,not appliable,not appliable,this crossing intersects fewer than 2 kerbs. Generally each crossing should connect to at least 2 kerbs.
210544877,way,not appliable,not appliable,this crossing intersects fewer than 2 kerbs. Generally each crossing should connect to at least 2 kerbs.
210544878,way,not appliable,not appliable,this crossing intersects fewer than 2 kerbs. Generally each crossing should connect to at least 2 kerbs.
210544879,way,not appliable,not appliable,this crossing intersects fewer than 2 kerbs. Generally each crossing should connect to at least 2 kerbs.
210544880,way,not appliable,not appliable,this crossing intersects fewer than 2 kerbs. Generally each crossing should connect to at least 2 kerbs.
210544881,way,not appliable,not appliable,this crossing intersects fewer than 2 kerbs. Generally each crossing should connect to at least 2 kerbs.
210544882,way,not appliable,not appliable,this crossing intersects fewer than 2 kerbs. Generally each crossing should connect to at least 2 kerbs.
210544883,way,not appliable,not appliable,this crossing intersects fewer than 2 kerbs. Generally each crossing should connect to at least 2 kerbs.
210544884,way,not appliable,not appliable,this crossing intersects fewer than 2 kerbs. Generally each crossing should connect to at least 2 kerbs.
210544885,way,not appliable,not appliable,this crossing intersects fewer than 2 kerbs. Generally each crossing should connect to at least 2 kerbs.
210544888,way,not appliable,not appliable,this crossing intersects fewer than 2 kerbs. Generally each crossing should connect to at least 2 kerbs.
210544889,way,not appliable,not appliable,this crossing intersects fewer than 2 kerbs. Generally each crossing should connect to at least 2 kerbs.
210544890,way,not appliable,not appliable,this crossing intersects fewer than 2 kerbs. Generally each crossing should connect to at least 2 kerbs.
210544891,way,not appliable,not appliable,this crossing intersects fewer than 2 kerbs. Generally each crossing should connect to at least 2 kerbs.
210544892,way,not appliable,not appliable,this crossing intersects fewer than 2 kerbs. Generally each crossing should connect to at least 2 kerbs.
210544893,way,not appliable,not appliable,this crossing intersects fewer than 2 kerbs. Generally each crossing should connect to at least 2 kerbs.
210544894,way,not appliable,not appliable,this crossing intersects fewer than 2 kerbs. Generally each crossing should connect to at least 2 kerbs.
211840266,way,not appliable,not appliable,this crossing intersects fewer than 2 kerbs. Generally each crossing should connect to at least 2 kerbs.
211840267,way,not appliable,not appliable,this crossing intersects fewer than 2 kerbs. Generally each crossing should connect to at least 2 kerbs.
211840268,way,not appliable,not appliable,this crossing intersects fewer than 2 kerbs. Generally each crossing should connect to at least 2 kerbs.
211840271,way,not appliable,not appliable,this crossing intersects fewer than 2 kerbs. Generally each crossing should connect to at least 2 kerbs.
211840274,way,not appliable,not appliable,this crossing intersects fewer than 2 kerbs. Generally each crossing should connect to at least 2 kerbs.
211840278,way,not appliable,not appliable,this crossing intersects fewer than 2 kerbs. Generally each crossing should connect to at least 2 kerbs.
211840279,way,not appliable,not appliable,this crossing intersects fewer than 2 kerbs. Generally each crossing should connect to at least 2 kerbs.
211840280,way,not appliable,not appliable,this crossing intersects fewer than 2 kerbs. Generally each crossing should connect to at least 2 kerbs.
211840281,way,not appliable,not appliable,this crossing intersects fewer than 2 kerbs. Generally each crossing should connect to at least 2 kerbs.
211840282,way,not appliable,not appliable,this crossing intersects fewer than 2 kerbs. Generally each crossing should connect to at least 2 kerbs.
211840283,way,not appliable,not appliable,this crossing intersects fewer than 2 kerbs. Generally each crossing should connect to at least 2 kerbs.
211840287,way,not appliable,not appliable,this crossing intersects fewer than 2 kerbs. Generally each crossing should connect to at least 2 kerbs.
211840290,way,not appliable,not appliable,this crossing intersects fewer than 2 kerbs. Generally each crossing should connect to at least 2 kerbs.
211840293,way,not appliable,not appliable,this crossing intersects fewer than 2 kerbs. Generally each crossing should connect to at least 2 kerbs.
211840294,way,not appliable,not appliable,this crossing intersects fewer than 2 kerbs. Generally each crossing should connect to at least 2 kerbs.
211840295,way,not appliable,not appliable,this crossing intersects fewer than 2 kerbs. Generally each crossing should connect to at least 2 kerbs.
211840297,way,not appliable,not appliable,this crossing intersects fewer than 2 kerbs. Generally each crossing should connect to at least 2 kerbs.
211840301,way,not appliable,not appliable,this crossing intersects fewer than 2 kerbs. Generally each crossing should connect to at least 2 kerbs.
211840302,way,not appliable,not appliable,this crossing intersects fewer than 2 kerbs. Generally each crossing should connect to at least 2 kerbs.
211849392,way,not appliable,not appliable,this crossing intersects fewer than 2 kerbs. Generally each crossing should connect to at least 2 kerbs.
211849393,way,not appliable,not appliable,this crossing intersects fewer than 2 kerbs. Generally each crossing should connect to at least 2 kerbs.
211849394,way,not appliable,not appliable,this crossing intersects fewer than 2 kerbs. Generally each crossing should connect to at least 2 kerbs.
211849395,way,not appliable,not appliable,this crossing intersects fewer than 2 kerbs. Generally each crossing should connect to at least 2 kerbs.
211849396,way,not appliable,not appliable,this crossing intersects fewer than 2 kerbs. Generally each crossing should connect to at least 2 kerbs.
211849397,way,not appliable,not appliable,this crossing intersects fewer than 2 kerbs. Generally each crossing should connect to at least 2 kerbs.
214600569,way,not appliable,not appliable,this crossing intersects fewer than 2 kerbs. Generally each crossing should connect to at least 2 kerbs.
214600571,way,not appliable,not appliable,this crossing intersects fewer than 2 kerbs. Generally each crossing should connect to at least 2 kerbs.
214600572,way,not appliable,not appliable,this crossing intersects fewer than 2 kerbs. Generally each crossing should connect to at least 2 kerbs.
214600574,way,not appliable,not appliable,this crossing intersects fewer than 2 kerbs. Generally each crossing should connect to at least 2 kerbs.
214600575,way,not appliable,not appliable,this crossing intersects fewer than 2 kerbs. Generally each crossing should connect to at least 2 kerbs.
214600576,way,not appliable,not appliable,this crossing intersects fewer than 2 kerbs. Generally each crossing should connect to at least 2 kerbs.
214600581,way,not appliable,not appliable,this crossing intersects fewer than 2 kerbs. Generally each crossing should connect to at least 2 kerbs.
216033106,way,not appliable,not appliable,this crossing intersects fewer than 2 kerbs. Generally each crossing should connect to at least 2 kerbs.
216033108,way,not appliable,not appliable,this crossing intersects fewer than 2 kerbs. Generally each crossing should connect to at least 2 kerbs.
216033110,way,not appliable,not appliable,this crossing intersects fewer than 2 kerbs. Generally each crossing should connect to at least 2 kerbs.
216033112,way,not appliable,not appliable,this crossing intersects fewer than 2 kerbs. Generally each crossing should connect to at least 2 kerbs.
216033114,way,not appliable,not appliable,this crossing intersects fewer than 2 kerbs. Generally each crossing should connect to at least 2 kerbs.
216033116,way,not appliable,not appliable,this crossing intersects fewer than 2 kerbs. Generally each crossing should connect to at least 2 kerbs.
216033118,way,not appliable,not appliable,this crossing intersects fewer than 2 kerbs. Generally each crossing should connect to at least 2 kerbs.
216033119,way,not appliable,not appliable,this crossing intersects fewer than 2 kerbs. Generally each crossing should connect to at least 2 kerbs.
216033121,way,not appliable,not appliable,this crossing intersects fewer than 2 kerbs. Generally each crossing should connect to at least 2 kerbs.
216033122,way,not appliable,not appliable,this crossing intersects fewer than 2 kerbs. Generally each crossing should connect to at least 2 kerbs.
216033124,way,not appliable,not appliable,this crossing intersects fewer than 2 kerbs. Generally each crossing should connect to at least 2 kerbs.
216033127,way,not appliable,not appliable,this crossing intersects fewer than 2 kerbs. Generally each crossing should connect to at least 2 kerbs.
216033129,way,not appliable,not appliable,this crossing intersects fewer than 2 kerbs. Generally each crossing should connect to at least 2 kerbs.
216033131,way,not appliable,not appliable,this crossing intersects fewer than 2 kerbs. Generally each crossing should connect to at least 2 kerbs.
216033134,way,not appliable,not appliable,this crossing intersects fewer than 2 kerbs. Generally each crossing should connect to at least 2 kerbs.
216033136,way,not appliable,not appliable,this crossing intersects fewer than 2 kerbs. Generally each crossing should connect to at least 2 kerbs.
216033138,way,not appliable,not appliable,this crossing intersects fewer than 2 kerbs. Generally each crossing should connect to at least 2 kerbs.
216033139,way,not appliable,not appliable,this crossing intersects fewer than 2 kerbs. Generally each crossing should connect to at least 2 kerbs.
216033141,way,not appliable,not appliable,this crossing intersects fewer than 2 kerbs. Generally each crossing should connect to at least 2 kerbs.
216033149,way,not appliable,not appliable,this crossing intersects fewer than 2 kerbs. Generally each crossing should connect to at least 2 kerbs.
216033151,way,not appliable,not appliable,this crossing intersects fewer than 2 kerbs. Generally each crossing should connect to at least 2 kerbs.
216033152,way,not appliable,not appliable,this crossing intersects fewer than 2 kerbs. Generally each crossing should connect to at least 2 kerbs.
216033155,way,not appliable,not appliable,this crossing intersects fewer than 2 kerbs. Generally each crossing should connect to at least 2 kerbs.
216033162,way,not appliable,not appliable,this crossing intersects fewer than 2 kerbs. Generally each crossing should connect to at least 2 kerbs.
216033165,way,not appliable,not appliable,this crossing intersects fewer than 2 kerbs. Generally each crossing should connect to at least 2 kerbs.
216033171,way,not appliable,not appliable,this crossing intersects fewer than 2 kerbs. Generally each crossing should connect to at least 2 kerbs.
216033173,way,not appliable,not appliable,this crossing intersects fewer than 2 kerbs. Generally each crossing should connect to at least 2 kerbs.
217322445,way,not appliable,not appliable,this crossing intersects fewer than 2 kerbs. Generally each crossing should connect to at least 2 kerbs.
217322446,way,not appliable,not appliable,this crossing intersects fewer than 2 kerbs. Generally each crossing should connect to at least 2 kerbs.
217322448,way,not appliable,not appliable,this crossing intersects fewer than 2 kerbs. Generally each crossing should connect to at least 2 kerbs.
217322449,way,not appliable,not appliable,this crossing intersects fewer than 2 kerbs. Generally each crossing should connect to at least 2 kerbs.
217322450,way,not appliable,not appliable,this crossing intersects fewer than 2 kerbs. Generally each crossing should connect to at least 2 kerbs.
217322452,way,not appliable,not appliable,this crossing intersects fewer than 2 kerbs. Generally each crossing should connect to at least 2 kerbs.
217322454,way,not appliable,not appliable,this crossing intersects fewer than 2 kerbs. Generally each crossing should connect to at least 2 kerbs.
217322455,way,not appliable,not appliable,this crossing intersects fewer than 2 kerbs. Generally each crossing should connect to at least 2 kerbs.
217322456,way,not appliable,not appliable,this crossing intersects fewer than 2 kerbs. Generally each crossing should connect to at least 2 kerbs.
217389176,way,not appliable,not appliable,this crossing intersects fewer than 2 kerbs. Generally each crossing should connect to at least 2 kerbs.
217389177,way,not appliable,not appliable,this crossing intersects fewer than 2 kerbs. Generally each crossing should connect to at least 2 kerbs.
219171791,way,not appliable,not appliable,this crossing intersects fewer than 2 kerbs. Generally each crossing should connect to at least 2 kerbs.
219171793,way,not appliable,not appliable,this crossing intersects fewer than 2 kerbs. Generally each crossing should connect to at least 2 kerbs.
219171798,way,not appliable,not appliable,this crossing intersects fewer than 2 kerbs. Generally each crossing should connect to at least 2 kerbs.
219171800,way,not appliable,not appliable,this crossing intersects fewer than 2 kerbs. Generally each crossing should connect to at least 2 kerbs.
219171803,way,not appliable,not appliable,this crossing intersects fewer than 2 kerbs. Generally each crossing should connect to at least 2 kerbs.
219171804,way,not appliable,not appliable,this crossing intersects fewer than 2 kerbs. Generally each crossing should connect to at least 2 kerbs.
219478983,way,not appliable,not appliable,this crossing intersects fewer than 2 kerbs. Generally each crossing should connect to at least 2 kerbs.
219478989,way,not appliable,not appliable,this crossing intersects fewer than 2 kerbs. Generally each crossing should connect to at least 2 kerbs.
219484041,way,not appliable,not appliable,this crossing intersects fewer than 2 kerbs. Generally each crossing should connect to at least 2 kerbs.
220088233,way,not appliable,not appliable,this crossing intersects fewer than 2 kerbs. Generally each crossing should connect to at least 2 kerbs.
220723194,way,not appliable,not appliable,this crossing intersects fewer than 2 kerbs. Generally each crossing should connect to at least 2 kerbs.
220723195,way,not appliable,not appliable,this crossing intersects fewer than 2 kerbs. Generally each crossing should connect to at least 2 kerbs.
220723196,way,not appliable,not appliable,this crossing intersects fewer than 2 kerbs. Generally each crossing should connect to at least 2 kerbs.
220990942,way,not appliable,not appliable,this crossing intersects fewer than 2 kerbs. Generally each crossing should connect to at least 2 kerbs.
220990943,way,not appliable,not appliable,this crossing intersects fewer than 2 kerbs. Generally each crossing should connect to at least 2 kerbs.
220990944,way,not appliable,not appliable,this crossing intersects fewer than 2 kerbs. Generally each crossing should connect to at least 2 kerbs.
220990945,way,not appliable,not appliable,this crossing intersects fewer than 2 kerbs. Generally each crossing should connect to at least 2 kerbs.
220990946,way,not appliable,not appliable,this crossing intersects fewer than 2 kerbs. Generally each crossing should connect to at least 2 kerbs.
220990948,way,not appliable,not appliable,this crossing intersects fewer than 2 kerbs. Generally each crossing should connect to at least 2 kerbs.
220990949,way,not appliable,not appliable,this crossing intersects fewer than 2 kerbs. Generally each crossing should connect to at least 2 kerbs.
223118880,way,not appliable,not appliable,this crossing intersects fewer than 2 kerbs. Generally each crossing should connect to at least 2 kerbs.
223118881,way,not appliable,not appliable,this crossing intersects fewer than 2 kerbs. Generally each crossing should connect to at least 2 kerbs.
224060423,way,not appliable,not appliable,this crossing intersects fewer than 2 kerbs. Generally each crossing should connect to at least 2 kerbs.
224060424,way,not appliable,not appliable,this crossing intersects fewer than 2 kerbs. Generally each crossing should connect to at least 2 kerbs.
224060425,way,not appliable,not appliable,this crossing intersects fewer than 2 kerbs. Generally each crossing should connect to at least 2 kerbs.
224061647,way,not appliable,not appliable,this crossing intersects fewer than 2 kerbs. Generally each crossing should connect to at least 2 kerbs.
224061653,way,not appliable,not appliable,this crossing intersects fewer than 2 kerbs. Generally each crossing should connect to at least 2 kerbs.
224061654,way,not appliable,not appliable,this crossing intersects fewer than 2 kerbs. Generally each crossing should connect to at least 2 kerbs.
224061656,way,not appliable,not appliable,this crossing intersects fewer than 2 kerbs. Generally each crossing should connect to at least 2 kerbs.
224061657,way,not appliable,not appliable,this crossing intersects fewer than 2 kerbs. Generally each crossing should connect to at least 2 kerbs.
224061658,way,not appliable,not appliable,this crossing intersects fewer than 2 kerbs. Generally each crossing should connect to at least 2 kerbs.
224061659,way,not appliable,not appliable,this crossing intersects fewer than 2 kerbs. Generally each crossing should connect to at least 2 kerbs.
224061660,way,not appliable,not appliable,this crossing intersects fewer than 2 kerbs. Generally each crossing should connect to at least 2 kerbs.
224061662,way,not appliable,not appliable,this crossing intersects fewer than 2 kerbs. Generally each crossing should connect to at least 2 kerbs.
224061663,way,not appliable,not appliable,this crossing intersects fewer than 2 kerbs. Generally each crossing should connect to at least 2 kerbs.
224061664,way,not appliable,not appliable,this crossing intersects fewer than 2 kerbs. Generally each crossing should connect to at least 2 kerbs.
224061665,way,not appliable,not appliable,this crossing intersects fewer than 2 kerbs. Generally each crossing should connect to at least 2 kerbs.
224061666,way,not appliable,not appliable,this crossing intersects fewer than 2 kerbs. Generally each crossing should connect to at least 2 kerbs.
224061667,way,not appliable,not appliable,this crossing intersects fewer than 2 kerbs. Generally each crossing should connect to at least 2 kerbs.
224061673,way,not appliable,not appliable,this crossing intersects fewer than 2 kerbs. Generally each crossing should connect to at least 2 kerbs.
224827717,way,not appliable,not appliable,this crossing intersects fewer than 2 kerbs. Generally each crossing should connect to at least 2 kerbs.
224827718,way,not appliable,not appliable,this crossing intersects fewer than 2 kerbs. Generally each crossing should connect to at least 2 kerbs.
224945717,way,not appliable,not appliable,this crossing intersects fewer than 2 kerbs. Generally each crossing should connect to at least 2 kerbs.
224945732,way,not appliable,not appliable,this crossing intersects fewer than 2 kerbs. Generally each crossing should connect to at least 2 kerbs.
224945733,way,not appliable,not appliable,this crossing intersects fewer than 2 kerbs. Generally each crossing should connect to at least 2 kerbs.
224945734,way,not appliable,not appliable,this crossing intersects fewer than 2 kerbs. Generally each crossing should connect to at least 2 kerbs.
224945735,way,not appliable,not appliable,this crossing intersects fewer than 2 kerbs. Generally each crossing should connect to at least 2 kerbs.
224945736,way,not appliable,not appliable,this crossing intersects fewer than 2 kerbs. Generally each crossing should connect to at least 2 kerbs.
224945737,way,not appliable,not appliable,this crossing intersects fewer than 2 kerbs. Generally each crossing should connect to at least 2 kerbs.
224945738,way,not appliable,not appliable,this crossing intersects fewer than 2 kerbs. Generally each crossing should connect to at least 2 kerbs.
224945739,way,not appliable,not appliable,this crossing intersects fewer than 2 kerbs. Generally each crossing should connect to at least 2 kerbs.
224945740,way,not appliable,not appliable,this crossing intersects fewer than 2 kerbs. Generally each crossing should connect to at least 2 kerbs.
224945741,way,not appliable,not appliable,this crossing intersects fewer than 2 kerbs. Generally each crossing should connect to at least 2 kerbs.
224945742,way,not appliable,not appliable,this crossing intersects fewer than 2 kerbs. Generally each crossing should connect to at least 2 kerbs.
224945744,way,not appliable,not appliable,this crossing intersects fewer than 2 kerbs. Generally each crossing should connect to at least 2 kerbs.
224945745,way,not appliable,not appliable,this crossing intersects fewer than 2 kerbs. Generally each crossing should connect to at least 2 kerbs.
224945746,way,not appliable,not appliable,this crossing intersects fewer than 2 kerbs. Generally each crossing should connect to at least 2 kerbs.
224945748,way,not appliable,not appliable,this crossing intersects fewer than 2 kerbs. Generally each crossing should connect to at least 2 kerbs.
224945749,way,not appliable,not appliable,this crossing intersects fewer than 2 kerbs. Generally each crossing should connect to at least 2 kerbs.
224945750,way,not appliable,not appliable,this crossing intersects fewer than 2 kerbs. Generally each crossing should connect to at least 2 kerbs.
224945751,way,not appliable,not appliable,this crossing intersects fewer than 2 kerbs. Generally each crossing should connect to at least 2 kerbs.
224945752,way,not appliable,not appliable,this crossing intersects fewer than 2 kerbs. Generally each crossing should connect to at least 2 kerbs.
224945753,way,not appliable,not appliable,this crossing intersects fewer than 2 kerbs. Generally each crossing should connect to at least 2 kerbs.
224945755,way,not appliable,not appliable,this crossing intersects fewer than 2 kerbs. Generally each crossing should connect to at least 2 kerbs.
224945757,way,not appliable,not appliable,this crossing intersects fewer than 2 kerbs. Generally each crossing should connect to at least 2 kerbs.
224945758,way,not appliable,not appliable,this crossing intersects fewer than 2 kerbs. Generally each crossing should connect to at least 2 kerbs.
224945759,way,not appliable,not appliable,this crossing intersects fewer than 2 kerbs. Generally each crossing should connect to at least 2 kerbs.
224945760,way,not appliable,not appliable,this crossing intersects fewer than 2 kerbs. Generally each crossing should connect to at least 2 kerbs.
224945761,way,not appliable,not appliable,this crossing intersects fewer than 2 kerbs. Generally each crossing should connect to at least 2 kerbs.
224945762,way,not appliable,not appliable,this crossing intersects fewer than 2 kerbs. Generally each crossing should connect to at least 2 kerbs.
224945768,way,not appliable,not appliable,this crossing intersects fewer than 2 kerbs. Generally each crossing should connect to at least 2 kerbs.
228512984,way,not appliable,not appliable,this crossing intersects fewer than 2 kerbs. Generally each crossing should connect to at least 2 kerbs.
228512985,way,not appliable,not appliable,this crossing intersects fewer than 2 kerbs. Generally each crossing should connect to at least 2 kerbs.
228512986,way,not appliable,not appliable,this crossing intersects fewer than 2 kerbs. Generally each crossing should connect to at least 2 kerbs.
228512987,way,not appliable,not appliable,this crossing intersects fewer than 2 kerbs. Generally each crossing should connect to at least 2 kerbs.
228512988,way,not appliable,not appliable,this crossing intersects fewer than 2 kerbs. Generally each crossing should connect to at least 2 kerbs.
228512991,way,not appliable,not appliable,this crossing intersects fewer than 2 kerbs. Generally each crossing should connect to at least 2 kerbs.
228512992,way,not appliable,not appliable,this crossing intersects fewer than 2 kerbs. Generally each crossing should connect to at least 2 kerbs.
228512993,way,not appliable,not appliable,this crossing intersects fewer than 2 kerbs. Generally each crossing should connect to at least 2 kerbs.
228512995,way,not appliable,not appliable,this crossing intersects fewer than 2 kerbs. Generally each crossing should connect to at least 2 kerbs.
228512996,way,not appliable,not appliable,this crossing intersects fewer than 2 kerbs. Generally each crossing should connect to at least 2 kerbs.
228512997,way,not appliable,not appliable,this crossing intersects fewer than 2 kerbs. Generally each crossing should connect to at least 2 kerbs.
228513000,way,not appliable,not appliable,this crossing intersects fewer than 2 kerbs. Generally each crossing should connect to at least 2 kerbs.
228513001,way,not appliable,not appliable,this crossing intersects fewer than 2 kerbs. Generally each crossing should connect to at least 2 kerbs.
228513003,way,not appliable,not appliable,this crossing intersects fewer than 2 kerbs. Generally each crossing should connect to at least 2 kerbs.
228513005,way,not appliable,not appliable,this crossing intersects fewer than 2 kerbs. Generally each crossing should connect to at least 2 kerbs.
228513007,way,not appliable,not appliable,this crossing intersects fewer than 2 kerbs. Generally each crossing should connect to at least 2 kerbs.
228513010,way,not appliable,not appliable,this crossing intersects fewer than 2 kerbs. Generally each crossing should connect to at least 2 kerbs.
228513012,way,not appliable,not appliable,this crossing intersects fewer than 2 kerbs. Generally each crossing should connect to at least 2 kerbs.
228513019,way,not appliable,not appliable,this crossing intersects fewer than 2 kerbs. Generally each crossing should connect to at least 2 kerbs.
228513021,way,not appliable,not appliable,this crossing intersects fewer than 2 kerbs. Generally each crossing should connect to at least 2 kerbs.
228513025,way,not appliable,not appliable,this crossing intersects fewer than 2 kerbs. Generally each crossing should connect to at least 2 kerbs.
228513027,way,not appliable,not appliable,this crossing intersects fewer than 2 kerbs. Generally each crossing should connect to at least 2 kerbs.
228513029,way,not appliable,not appliable,this crossing intersects fewer than 2 kerbs. Generally each crossing should connect to at least 2 kerbs.
228513030,way,not appliable,not appliable,this crossing intersects fewer than 2 kerbs. Generally each crossing should connect to at least 2 kerbs.
228513032,way,not appliable,not appliable,this crossing intersects fewer than 2 kerbs. Generally each crossing should connect to at least 2 kerbs.
228513034,way,not appliable,not appliable,this crossing intersects fewer than 2 kerbs. Generally each crossing should connect to at least 2 kerbs.
228513036,way,not appliable,not appliable,this crossing intersects fewer than 2 kerbs. Generally each crossing should connect to at least 2 kerbs.
228513038,way,not appliable,not appliable,this crossing intersects fewer than 2 kerbs. Generally each crossing should connect to at least 2 kerbs.
228513039,way,not appliable,not appliable,this crossing intersects fewer than 2 kerbs. Generally each crossing should connect to at least 2 kerbs.
228513041,way,not appliable,not appliable,this crossing intersects fewer than 2 kerbs. Generally each crossing should connect to at least 2 kerbs.
228513043,way,not appliable,not appliable,this crossing intersects fewer than 2 kerbs. Generally each crossing should connect to at least 2 kerbs.
228513049,way,not appliable,not appliable,this crossing intersects fewer than 2 kerbs. Generally each crossing should connect to at least 2 kerbs.
228513052,way,not appliable,not appliable,this crossing intersects fewer than 2 kerbs. Generally each crossing should connect to at least 2 kerbs.
228513056,way,not appliable,not appliable,this crossing intersects fewer than 2 kerbs. Generally each crossing should connect to at least 2 kerbs.
228513058,way,not appliable,not appliable,this crossing intersects fewer than 2 kerbs. Generally each crossing should connect to at least 2 kerbs.
228513063,way,not appliable,not appliable,this crossing intersects fewer than 2 kerbs. Generally each crossing should connect to at least 2 kerbs.
228513070,way,not appliable,not appliable,this crossing intersects fewer than 2 kerbs. Generally each crossing should connect to at least 2 kerbs.
228513072,way,not appliable,not appliable,this crossing intersects fewer than 2 kerbs. Generally each crossing should connect to at least 2 kerbs.
228513074,way,not appliable,not appliable,this crossing intersects fewer than 2 kerbs. Generally each crossing should connect to at least 2 kerbs.
230622578,way,not appliable,not appliable,this crossing intersects fewer than 2 kerbs. Generally each crossing should connect to at least 2 kerbs.
230622580,way,not appliable,not appliable,this crossing intersects fewer than 2 kerbs. Generally each crossing should connect to at least 2 kerbs.
233209090,way,not appliable,not appliable,this crossing intersects fewer than 2 kerbs. Generally each crossing should connect to at least 2 kerbs.
233209091,way,not appliable,not appliable,this crossing intersects fewer than 2 kerbs. Generally each crossing should connect to at least 2 kerbs.
233209092,way,not appliable,not appliable,this crossing intersects fewer than 2 kerbs. Generally each crossing should connect to at least 2 kerbs.
233209093,way,not appliable,not appliable,this crossing intersects fewer than 2 kerbs. Generally each crossing should connect to at least 2 kerbs.
233209094,way,not appliable,not appliable,this crossing intersects fewer than 2 kerbs. Generally each crossing should connect to at least 2 kerbs.
233209095,way,not appliable,not appliable,this crossing intersects fewer than 2 kerbs. Generally each crossing should connect to at least 2 kerbs.
233209096,way,not appliable,not appliable,this crossing intersects fewer than 2 kerbs. Generally each crossing should connect to at least 2 kerbs.
233209097,way,not appliable,not appliable,this crossing intersects fewer than 2 kerbs. Generally each crossing should connect to at least 2 kerbs.
233209098,way,not appliable,not appliable,this crossing intersects fewer than 2 kerbs. Generally each crossing should connect to at least 2 kerbs.
233209099,way,not appliable,not appliable,this crossing intersects fewer than 2 kerbs. Generally each crossing should connect to at least 2 kerbs.
233209100,way,not appliable,not appliable,this crossing intersects fewer than 2 kerbs. Generally each crossing should connect to at least 2 kerbs.
233209101,way,not appliable,not appliable,this crossing intersects fewer than 2 kerbs. Generally each crossing should connect to at least 2 kerbs.
233339334,way,not appliable,not appliable,this crossing intersects fewer than 2 kerbs. Generally each crossing should connect to at least 2 kerbs.
233339337,way,not appliable,not appliable,this crossing intersects fewer than 2 kerbs. Generally each crossing should connect to at least 2 kerbs.
233473823,way,not appliable,not appliable,this crossing intersects fewer than 2 kerbs. Generally each crossing should connect to at least 2 kerbs.
238454492,way,not appliable,not appliable,this crossing intersects fewer than 2 kerbs. Generally each crossing should connect to at least 2 kerbs.
238454494,way,not appliable,not appliable,this crossing intersects fewer than 2 kerbs. Generally each crossing should connect to at least 2 kerbs.
238454495,way,not appliable,not appliable,this crossing intersects fewer than 2 kerbs. Generally each crossing should connect to at least 2 kerbs.
238454496,way,not appliable,not appliable,this crossing intersects fewer than 2 kerbs. Generally each crossing should connect to at least 2 kerbs.
238454497,way,not appliable,not appliable,this crossing intersects fewer than 2 kerbs. Generally each crossing should connect to at least 2 kerbs.
238454498,way,not appliable,not appliable,this crossing intersects fewer than 2 kerbs. Generally each crossing should connect to at least 2 kerbs.
238454499,way,not appliable,not appliable,this crossing intersects fewer than 2 kerbs. Generally each crossing should connect to at least 2 kerbs.
238454501,way,not appliable,not appliable,this crossing intersects fewer than 2 kerbs. Generally each crossing should connect to at least 2 kerbs.
238454502,way,not appliable,not appliable,this crossing intersects fewer than 2 kerbs. Generally each crossing should connect to at least 2 kerbs.
238454506,way,not appliable,not appliable,this crossing intersects fewer than 2 kerbs. Generally each crossing should connect to at least 2 kerbs.
238962831,way,not appliable,not appliable,this crossing intersects fewer than 2 kerbs. Generally each crossing should connect to at least 2 kerbs.
238962832,way,not appliable,not appliable,this crossing intersects fewer than 2 kerbs. Generally each crossing should connect to at least 2 kerbs.
238962834,way,not appliable,not appliable,this crossing intersects fewer than 2 kerbs. Generally each crossing should connect to at least 2 kerbs.
238962835,way,not appliable,not appliable,this crossing intersects fewer than 2 kerbs. Generally each crossing should connect to at least 2 kerbs.
238962836,way,not appliable,not appliable,this crossing intersects fewer than 2 kerbs. Generally each crossing should connect to at least 2 kerbs.
238962837,way,not appliable,not appliable,this crossing intersects fewer than 2 kerbs. Generally each crossing should connect to at least 2 kerbs.
238962838,way,not appliable,not appliable,this crossing intersects fewer than 2 kerbs. Generally each crossing should connect to at least 2 kerbs.
238962839,way,not appliable,not appliable,this crossing intersects fewer than 2 kerbs. Generally each crossing should connect to at least 2 kerbs.
238962840,way,not appliable,not appliable,this crossing intersects fewer than 2 kerbs. Generally each crossing should connect to at least 2 kerbs.
238962841,way,not appliable,not appliable,this crossing intersects fewer than 2 kerbs. Generally each crossing should connect to at least 2 kerbs.
238962842,way,not appliable,not appliable,this crossing intersects fewer than 2 kerbs. Generally each crossing should connect to at least 2 kerbs.
238962843,way,not appliable,not appliable,this crossing intersects fewer than 2 kerbs. Generally each crossing should connect to at least 2 kerbs.
238962844,way,not appliable,not appliable,this crossing intersects fewer than 2 kerbs. Generally each crossing should connect to at least 2 kerbs.
238962845,way,not appliable,not appliable,this crossing intersects fewer than 2 kerbs. Generally each crossing should connect to at least 2 kerbs.
238962847,way,not appliable,not appliable,this crossing intersects fewer than 2 kerbs. Generally each crossing should connect to at least 2 kerbs.
238962849,way,not appliable,not appliable,this crossing intersects fewer than 2 kerbs. Generally each crossing should connect to at least 2 kerbs.
238962851,way,not appliable,not appliable,this crossing intersects fewer than 2 kerbs. Generally each crossing should connect to at least 2 kerbs.
238962852,way,not appliable,not appliable,this crossing intersects fewer than 2 kerbs. Generally each crossing should connect to at least 2 kerbs.
238962855,way,not appliable,not appliable,this crossing intersects fewer than 2 kerbs. Generally each crossing should connect to at least 2 kerbs.
238962857,way,not appliable,not appliable,this crossing intersects fewer than 2 kerbs. Generally each crossing should connect to at least 2 kerbs.
239832044,way,not appliable,not appliable,this crossing intersects fewer than 2 kerbs. Generally each crossing should connect to at least 2 kerbs.
239832045,way,not appliable,not appliable,this crossing intersects fewer than 2 kerbs. Generally each crossing should connect to at least 2 kerbs.
239832046,way,not appliable,not appliable,this crossing intersects fewer than 2 kerbs. Generally each crossing should connect to at least 2 kerbs.
239832047,way,not appliable,not appliable,this crossing intersects fewer than 2 kerbs. Generally each crossing should connect to at least 2 kerbs.
239832048,way,not appliable,not appliable,this crossing intersects fewer than 2 kerbs. Generally each crossing should connect to at least 2 kerbs.
241887354,way,not appliable,not appliable,this crossing intersects fewer than 2 kerbs. Generally each crossing should connect to at least 2 kerbs.
241887369,way,not appliable,not appliable,this crossing intersects fewer than 2 kerbs. Generally each crossing should connect to at least 2 kerbs.
241887370,way,not appliable,not appliable,this crossing intersects fewer than 2 kerbs. Generally each crossing should connect to at least 2 kerbs.
241887371,way,not appliable,not appliable,this crossing intersects fewer than 2 kerbs. Generally each crossing should connect to at least 2 kerbs.
241887372,way,not appliable,not appliable,this crossing intersects fewer than 2 kerbs. Generally each crossing should connect to at least 2 kerbs.
241887373,way,not appliable,not appliable,this crossing intersects fewer than 2 kerbs. Generally each crossing should connect to at least 2 kerbs.
241887375,way,not appliable,not appliable,this crossing intersects fewer than 2 kerbs. Generally each crossing should connect to at least 2 kerbs.
241887376,way,not appliable,not appliable,this crossing intersects fewer than 2 kerbs. Generally each crossing should connect to at least 2 kerbs.
241887377,way,not appliable,not appliable,this crossing intersects fewer than 2 kerbs. Generally each crossing should connect to at least 2 kerbs.
241887379,way,not appliable,not appliable,this crossing intersects fewer than 2 kerbs. Generally each crossing should connect to at least 2 kerbs.
241887381,way,not appliable,not appliable,this crossing intersects fewer than 2 kerbs. Generally each crossing should connect to at least 2 kerbs.
241887385,way,not appliable,not appliable,this crossing intersects fewer than 2 kerbs. Generally each crossing should connect to at least 2 kerbs.
241887390,way,not appliable,not appliable,this crossing intersects fewer than 2 kerbs. Generally each crossing should connect to at least 2 kerbs.
242216870,way,not appliable,not appliable,this crossing intersects fewer than 2 kerbs. Generally each crossing should connect to at least 2 kerbs.
242216872,way,not appliable,not appliable,this crossing intersects fewer than 2 kerbs. Generally each crossing should connect to at least 2 kerbs.
242216874,way,not appliable,not appliable,this crossing intersects fewer than 2 kerbs. Generally each crossing should connect to at least 2 kerbs.
247207904,way,not appliable,not appliable,this crossing intersects fewer than 2 kerbs. Generally each crossing should connect to at least 2 kerbs.
247207906,way,not appliable,not appliable,this crossing intersects fewer than 2 kerbs. Generally each crossing should connect to at least 2 kerbs.
247207912,way,not appliable,not appliable,this crossing intersects fewer than 2 kerbs. Generally each crossing should connect to at least 2 kerbs.
249344715,way,not appliable,not appliable,this crossing intersects fewer than 2 kerbs. Generally each crossing should connect to at least 2 kerbs.
249344716,way,not appliable,not appliable,this crossing intersects fewer than 2 kerbs. Generally each crossing should connect to at least 2 kerbs.
249344718,way,not appliable,not appliable,this crossing intersects fewer than 2 kerbs. Generally each crossing should connect to at least 2 kerbs.
249344719,way,not appliable,not appliable,this crossing intersects fewer than 2 kerbs. Generally each crossing should connect to at least 2 kerbs.
249344720,way,not appliable,not appliable,this crossing intersects fewer than 2 kerbs. Generally each crossing should connect to at least 2 kerbs.
250734021,way,not appliable,not appliable,this crossing intersects fewer than 2 kerbs. Generally each crossing should connect to at least 2 kerbs.
254604200,way,not appliable,not appliable,this crossing intersects fewer than 2 kerbs. Generally each crossing should connect to at least 2 kerbs.
254604202,way,not appliable,not appliable,this crossing intersects fewer than 2 kerbs. Generally each crossing should connect to at least 2 kerbs.
254604203,way,not appliable,not appliable,this crossing intersects fewer than 2 kerbs. Generally each crossing should connect to at least 2 kerbs.
254604204,way,not appliable,not appliable,this crossing intersects fewer than 2 kerbs. Generally each crossing should connect to at least 2 kerbs.
255360386,way,not appliable,not appliable,this crossing intersects fewer than 2 kerbs. Generally each crossing should connect to at least 2 kerbs.
255360387,way,not appliable,not appliable,this crossing intersects fewer than 2 kerbs. Generally each crossing should connect to at least 2 kerbs.
255360389,way,not appliable,not appliable,this crossing intersects fewer than 2 kerbs. Generally each crossing should connect to at least 2 kerbs.
255360390,way,not appliable,not appliable,this crossing intersects fewer than 2 kerbs. Generally each crossing should connect to at least 2 kerbs.
255360392,way,not appliable,not appliable,this crossing intersects fewer than 2 kerbs. Generally each crossing should connect to at least 2 kerbs.
258277987,way,not appliable,not appliable,this crossing intersects fewer than 2 kerbs. Generally each crossing should connect to at least 2 kerbs.
258277989,way,not appliable,not appliable,this crossing intersects fewer than 2 kerbs. Generally each crossing should connect to at least 2 kerbs.
258277992,way,not appliable,not appliable,this crossing intersects fewer than 2 kerbs. Generally each crossing should connect to at least 2 kerbs.
258277995,way,not appliable,not appliable,this crossing intersects fewer than 2 kerbs. Generally each crossing should connect to at least 2 kerbs.
258277998,way,not appliable,not appliable,this crossing intersects fewer than 2 kerbs. Generally each crossing should connect to at least 2 kerbs.
258278001,way,not appliable,not appliable,this crossing intersects fewer than 2 kerbs. Generally each crossing should connect to at least 2 kerbs.
258278004,way,not appliable,not appliable,this crossing intersects fewer than 2 kerbs. Generally each crossing should connect to at least 2 kerbs.
258278010,way,not appliable,not appliable,this crossing intersects fewer than 2 kerbs. Generally each crossing should connect to at least 2 kerbs.
258278015,way,not appliable,not appliable,this crossing intersects fewer than 2 kerbs. Generally each crossing should connect to at least 2 kerbs.
258278019,way,not appliable,not appliable,this crossing intersects fewer than 2 kerbs. Generally each crossing should connect to at least 2 kerbs.
258278022,way,not appliable,not appliable,this crossing intersects fewer than 2 kerbs. Generally each crossing should connect to at least 2 kerbs.
258450242,way,not appliable,not appliable,this crossing intersects fewer than 2 kerbs. Generally each crossing should connect to at least 2 kerbs.
258450243,way,not appliable,not appliable,this crossing intersects fewer than 2 kerbs. Generally each crossing should connect to at least 2 kerbs.
258450245,way,not appliable,not appliable,this crossing intersects fewer than 2 kerbs. Generally each crossing should connect to at least 2 kerbs.
258452764,way,not appliable,not appliable,this crossing intersects fewer than 2 kerbs. Generally each crossing should connect to at least 2 kerbs.
258452765,way,not appliable,not appliable,this crossing intersects fewer than 2 kerbs. Generally each crossing should connect to at least 2 kerbs.
258452767,way,not appliable,not appliable,this crossing intersects fewer than 2 kerbs. Generally each crossing should connect to at least 2 kerbs.
258452768,way,not appliable,not appliable,this crossing intersects fewer than 2 kerbs. Generally each crossing should connect to at least 2 kerbs.
258452769,way,not appliable,not appliable,this crossing intersects fewer than 2 kerbs. Generally each crossing should connect to at least 2 kerbs.
258452770,way,not appliable,not appliable,this crossing intersects fewer than 2 kerbs. Generally each crossing should connect to at least 2 kerbs.
258452771,way,not appliable,not appliable,this crossing intersects fewer than 2 kerbs. Generally each crossing should connect to at least 2 kerbs.
258452773,way,not appliable,not appliable,this crossing intersects fewer than 2 kerbs. Generally each crossing should connect to at least 2 kerbs.
258452774,way,not appliable,not appliable,this crossing intersects fewer than 2 kerbs. Generally each crossing should connect to at least 2 kerbs.
258452775,way,not appliable,not appliable,this crossing intersects fewer than 2 kerbs. Generally each crossing should connect to at least 2 kerbs.
258452777,way,not appliable,not appliable,this crossing intersects fewer than 2 kerbs. Generally each crossing should connect to at least 2 kerbs.
258452778,way,not appliable,not appliable,this crossing intersects fewer than 2 kerbs. Generally each crossing should connect to at least 2 kerbs.
258452780,way,not appliable,not appliable,this crossing intersects fewer than 2 kerbs. Generally each crossing should connect to at least 2 kerbs.
258452781,way,not appliable,not appliable,this crossing intersects fewer than 2 kerbs. Generally each crossing should connect to at least 2 kerbs.
258452782,way,not appliable,not appliable,this crossing intersects fewer than 2 kerbs. Generally each crossing should connect to at least 2 kerbs.
258452783,way,not appliable,not appliable,this crossing intersects fewer than 2 kerbs. Generally each crossing should connect to at least 2 kerbs.
258452784,way,not appliable,not appliable,this crossing intersects fewer than 2 kerbs. Generally each crossing should connect to at least 2 kerbs.
258452785,way,not appliable,not appliable,this crossing intersects fewer than 2 kerbs. Generally each crossing should connect to at least 2 kerbs.
258452787,way,not appliable,not appliable,this crossing intersects fewer than 2 kerbs. Generally each crossing should connect to at least 2 kerbs.
258452788,way,not appliable,not appliable,this crossing intersects fewer than 2 kerbs. Generally each crossing should connect to at least 2 kerbs.
259494228,way,not appliable,not appliable,this crossing intersects fewer than 2 kerbs. Generally each crossing should connect to at least 2 kerbs.
259494229,way,not appliable,not appliable,this crossing intersects fewer than 2 kerbs. Generally each crossing should connect to at least 2 kerbs.
259494230,way,not appliable,not appliable,this crossing intersects fewer than 2 kerbs. Generally each crossing should connect to at least 2 kerbs.
259494231,way,not appliable,not appliable,this crossing intersects fewer than 2 kerbs. Generally each crossing should connect to at least 2 kerbs.
259494232,way,not appliable,not appliable,this crossing intersects fewer than 2 kerbs. Generally each crossing should connect to at least 2 kerbs.
259494234,way,not appliable,not appliable,this crossing intersects fewer than 2 kerbs. Generally each crossing should connect to at least 2 kerbs.
259494235,way,not appliable,not appliable,this crossing intersects fewer than 2 kerbs. Generally each crossing should connect to at least 2 kerbs.
259494236,way,not appliable,not appliable,this crossing intersects fewer than 2 kerbs. Generally each crossing should connect to at least 2 kerbs.
261712795,way,not appliable,not appliable,this crossing intersects fewer than 2 kerbs. Generally each crossing should connect to at least 2 kerbs.
261712796,way,not appliable,not appliable,this crossing intersects fewer than 2 kerbs. Generally each crossing should connect to at least 2 kerbs.
261712797,way,not appliable,not appliable,this crossing intersects fewer than 2 kerbs. Generally each crossing should connect to at least 2 kerbs.
261712798,way,not appliable,not appliable,this crossing intersects fewer than 2 kerbs. Generally each crossing should connect to at least 2 kerbs.
261712799,way,not appliable,not appliable,this crossing intersects fewer than 2 kerbs. Generally each crossing should connect to at least 2 kerbs.
261806198,way,not appliable,not appliable,this crossing intersects fewer than 2 kerbs. Generally each crossing should connect to at least 2 kerbs.
261812520,way,not appliable,not appliable,this crossing intersects fewer than 2 kerbs. Generally each crossing should connect to at least 2 kerbs.
261812521,way,not appliable,not appliable,this crossing intersects fewer than 2 kerbs. Generally each crossing should connect to at least 2 kerbs.
261812522,way,not appliable,not appliable,this crossing intersects fewer than 2 kerbs. Generally each crossing should connect to at least 2 kerbs.
261812523,way,not appliable,not appliable,this crossing intersects fewer than 2 kerbs. Generally each crossing should connect to at least 2 kerbs.
261812524,way,not appliable,not appliable,this crossing intersects fewer than 2 kerbs. Generally each crossing should connect to at least 2 kerbs.
261812527,way,not appliable,not appliable,this crossing intersects fewer than 2 kerbs. Generally each crossing should connect to at least 2 kerbs.
261812529,way,not appliable,not appliable,this crossing intersects fewer than 2 kerbs. Generally each crossing should connect to at least 2 kerbs.
261812530,way,not appliable,not appliable,this crossing intersects fewer than 2 kerbs. Generally each crossing should connect to at least 2 kerbs.
261812531,way,not appliable,not appliable,this crossing intersects fewer than 2 kerbs. Generally each crossing should connect to at least 2 kerbs.
261812532,way,not appliable,not appliable,this crossing intersects fewer than 2 kerbs. Generally each crossing should connect to at least 2 kerbs.
261812533,way,not appliable,not appliable,this crossing intersects fewer than 2 kerbs. Generally each crossing should connect to at least 2 kerbs.
261812535,way,not appliable,not appliable,this crossing intersects fewer than 2 kerbs. Generally each crossing should connect to at least 2 kerbs.
261812537,way,not appliable,not appliable,this crossing intersects fewer than 2 kerbs. Generally each crossing should connect to at least 2 kerbs.
261812538,way,not appliable,not appliable,this crossing intersects fewer than 2 kerbs. Generally each crossing should connect to at least 2 kerbs.
261812540,way,not appliable,not appliable,this crossing intersects fewer than 2 kerbs. Generally each crossing should connect to at least 2 kerbs.
261812541,way,not appliable,not appliable,this crossing intersects fewer than 2 kerbs. Generally each crossing should connect to at least 2 kerbs.
261812542,way,not appliable,not appliable,this crossing intersects fewer than 2 kerbs. Generally each crossing should connect to at least 2 kerbs.
261812544,way,not appliable,not appliable,this crossing intersects fewer than 2 kerbs. Generally each crossing should connect to at least 2 kerbs.
261812545,way,not appliable,not appliable,this crossing intersects fewer than 2 kerbs. Generally each crossing should connect to at least 2 kerbs.
261812546,way,not appliable,not appliable,this crossing intersects fewer than 2 kerbs. Generally each crossing should connect to at least 2 kerbs.
261812550,way,not appliable,not appliable,this crossing intersects fewer than 2 kerbs. Generally each crossing should connect to at least 2 kerbs.
262835343,way,not appliable,not appliable,this crossing intersects fewer than 2 kerbs. Generally each crossing should connect to at least 2 kerbs.
262835345,way,not appliable,not appliable,this crossing intersects fewer than 2 kerbs. Generally each crossing should connect to at least 2 kerbs.
262835346,way,not appliable,not appliable,this crossing intersects fewer than 2 kerbs. Generally each crossing should connect to at least 2 kerbs.
262835352,way,not appliable,not appliable,this crossing intersects fewer than 2 kerbs. Generally each crossing should connect to at least 2 kerbs.
262835354,way,not appliable,not appliable,this crossing intersects fewer than 2 kerbs. Generally each crossing should connect to at least 2 kerbs.
262835356,way,not appliable,not appliable,this crossing intersects fewer than 2 kerbs. Generally each crossing should connect to at least 2 kerbs.
262835365,way,not appliable,not appliable,this crossing intersects fewer than 2 kerbs. Generally each crossing should connect to at least 2 kerbs.
262835367,way,not appliable,not appliable,this crossing intersects fewer than 2 kerbs. Generally each crossing should connect to at least 2 kerbs.
262835369,way,not appliable,not appliable,this crossing intersects fewer than 2 kerbs. Generally each crossing should connect to at least 2 kerbs.
262835375,way,not appliable,not appliable,this crossing intersects fewer than 2 kerbs. Generally each crossing should connect to at least 2 kerbs.
262835376,way,not appliable,not appliable,this crossing intersects fewer than 2 kerbs. Generally each crossing should connect to at least 2 kerbs.
262835378,way,not appliable,not appliable,this crossing intersects fewer than 2 kerbs. Generally each crossing should connect to at least 2 kerbs.
262835382,way,not appliable,not appliable,this crossing intersects fewer than 2 kerbs. Generally each crossing should connect to at least 2 kerbs.
262835384,way,not appliable,not appliable,this crossing intersects fewer than 2 kerbs. Generally each crossing should connect to at least 2 kerbs.
262835389,way,not appliable,not appliable,this crossing intersects fewer than 2 kerbs. Generally each crossing should connect to at least 2 kerbs.
262835392,way,not appliable,not appliable,this crossing intersects fewer than 2 kerbs. Generally each crossing should connect to at least 2 kerbs.
262836683,way,not appliable,not appliable,this crossing intersects fewer than 2 kerbs. Generally each crossing should connect to at least 2 kerbs.
262836684,way,not appliable,not appliable,this crossing intersects fewer than 2 kerbs. Generally each crossing should connect to at least 2 kerbs.
262836685,way,not appliable,not appliable,this crossing intersects fewer than 2 kerbs. Generally each crossing should connect to at least 2 kerbs.
262977525,way,not appliable,not appliable,this crossing intersects fewer than 2 kerbs. Generally each crossing should connect to at least 2 kerbs.
262977526,way,not appliable,not appliable,this crossing intersects fewer than 2 kerbs. Generally each crossing should connect to at least 2 kerbs.
262977527,way,not appliable,not appliable,this crossing intersects fewer than 2 kerbs. Generally each crossing should connect to at least 2 kerbs.
262977528,way,not appliable,not appliable,this crossing intersects fewer than 2 kerbs. Generally each crossing should connect to at least 2 kerbs.
262977529,way,not appliable,not appliable,this crossing intersects fewer than 2 kerbs. Generally each crossing should connect to at least 2 kerbs.
264052558,way,not appliable,not appliable,this crossing intersects fewer than 2 kerbs. Generally each crossing should connect to at least 2 kerbs.
264052562,way,not appliable,not appliable,this crossing intersects fewer than 2 kerbs. Generally each crossing should connect to at least 2 kerbs.
264052563,way,not appliable,not appliable,this crossing intersects fewer than 2 kerbs. Generally each crossing should connect to at least 2 kerbs.
264052565,way,not appliable,not appliable,this crossing intersects fewer than 2 kerbs. Generally each crossing should connect to at least 2 kerbs.
296878470,way,not appliable,not appliable,this crossing intersects fewer than 2 kerbs. Generally each crossing should connect to at least 2 kerbs.
296878471,way,not appliable,not appliable,this crossing intersects fewer than 2 kerbs. Generally each crossing should connect to at least 2 kerbs.
299255356,way,not appliable,not appliable,this crossing intersects fewer than 2 kerbs. Generally each crossing should connect to at least 2 kerbs.
299255358,way,not appliable,not appliable,this crossing intersects fewer than 2 kerbs. Generally each crossing should connect to at least 2 kerbs.
299255361,way,not appliable,not appliable,this crossing intersects fewer than 2 kerbs. Generally each crossing should connect to at least 2 kerbs.
299255366,way,not appliable,not appliable,this crossing intersects fewer than 2 kerbs. Generally each crossing should connect to at least 2 kerbs.
330645507,way,not appliable,not appliable,this crossing intersects fewer than 2 kerbs. Generally each crossing should connect to at least 2 kerbs.
330645508,way,not appliable,not appliable,this crossing intersects fewer than 2 kerbs. Generally each crossing should connect to at least 2 kerbs.
330645509,way,not appliable,not appliable,this crossing intersects fewer than 2 kerbs. Generally each crossing should connect to at least 2 kerbs.
330669819,way,not appliable,not appliable,this crossing intersects fewer than 2 kerbs. Generally each crossing should connect to at least 2 kerbs.
330669820,way,not appliable,not appliable,this crossing intersects fewer than 2 kerbs. Generally each crossing should connect to at least 2 kerbs.
330669826,way,not appliable,not appliable,this crossing intersects fewer than 2 kerbs. Generally each crossing should connect to at least 2 kerbs.
332391827,way,not appliable,not appliable,this crossing intersects fewer than 2 kerbs. Generally each crossing should connect to at least 2 kerbs.
332391828,way,not appliable,not appliable,this crossing intersects fewer than 2 kerbs. Generally each crossing should connect to at least 2 kerbs.
332391829,way,not appliable,not appliable,this crossing intersects fewer than 2 kerbs. Generally each crossing should connect to at least 2 kerbs.
353383427,way,not appliable,not appliable,this crossing intersects fewer than 2 kerbs. Generally each crossing should connect to at least 2 kerbs.
353383428,way,not appliable,not appliable,this crossing intersects fewer than 2 kerbs. Generally each crossing should connect to at least 2 kerbs.
353383429,way,not appliable,not appliable,this crossing intersects fewer than 2 kerbs. Generally each crossing should connect to at least 2 kerbs.
353383430,way,not appliable,not appliable,this crossing intersects fewer than 2 kerbs. Generally each crossing should connect to at least 2 kerbs.
353383431,way,not appliable,not appliable,this crossing intersects fewer than 2 kerbs. Generally each crossing should connect to at least 2 kerbs.
356749962,way,not appliable,not appliable,this crossing intersects fewer than 2 kerbs. Generally each crossing should connect to at least 2 kerbs.
356749963,way,not appliable,not appliable,this crossing intersects fewer than 2 kerbs. Generally each crossing should connect to at least 2 kerbs.
356749964,way,not appliable,not appliable,this crossing intersects fewer than 2 kerbs. Generally each crossing should connect to at least 2 kerbs.
356749965,way,not appliable,not appliable,this crossing intersects fewer than 2 kerbs. Generally each crossing should connect to at least 2 kerbs.
356749966,way,not appliable,not appliable,this crossing intersects fewer than 2 kerbs. Generally each crossing should connect to at least 2 kerbs.
356876492,way,not appliable,not appliable,this crossing intersects fewer than 2 kerbs. Generally each crossing should connect to at least 2 kerbs.
356876493,way,not appliable,not appliable,this crossing intersects fewer than 2 kerbs. Generally each crossing should connect to at least 2 kerbs.
356876495,way,not appliable,not appliable,this crossing intersects fewer than 2 kerbs. Generally each crossing should connect to at least 2 kerbs.
356876496,way,not appliable,not appliable,this crossing intersects fewer than 2 kerbs. Generally each crossing should connect to at least 2 kerbs.
356876498,way,not appliable,not appliable,this crossing intersects fewer than 2 kerbs. Generally each crossing should connect to at least 2 kerbs.
356894511,way,not appliable,not appliable,this crossing intersects fewer than 2 kerbs. Generally each crossing should connect to at least 2 kerbs.
356894512,way,not appliable,not appliable,this crossing intersects fewer than 2 kerbs. Generally each crossing should connect to at least 2 kerbs.
356894513,way,not appliable,not appliable,this crossing intersects fewer than 2 kerbs. Generally each crossing should connect to at least 2 kerbs.
356894514,way,not appliable,not appliable,this crossing intersects fewer than 2 kerbs. Generally each crossing should connect to at least 2 kerbs.
356894515,way,not appliable,not appliable,this crossing intersects fewer than 2 kerbs. Generally each crossing should connect to at least 2 kerbs.
389188984,way,not appliable,not appliable,this crossing intersects fewer than 2 kerbs. Generally each crossing should connect to at least 2 kerbs.
389188985,way,not appliable,not appliable,this crossing intersects fewer than 2 kerbs. Generally each crossing should connect to at least 2 kerbs.
389188986,way,not appliable,not appliable,this crossing intersects fewer than 2 kerbs. Generally each crossing should connect to at least 2 kerbs.
389188987,way,not appliable,not appliable,this crossing intersects fewer than 2 kerbs. Generally each crossing should connect to at least 2 kerbs.
389188988,way,not appliable,not appliable,this crossing intersects fewer than 2 kerbs. Generally each crossing should connect to at least 2 kerbs.
389188989,way,not appliable,not appliable,this crossing intersects fewer than 2 kerbs. Generally each crossing should connect to at least 2 kerbs.
389188990,way,not appliable,not appliable,this crossing intersects fewer than 2 kerbs. Generally each crossing should connect to at least 2 kerbs.
389188991,way,not appliable,not appliable,this crossing intersects fewer than 2 kerbs. Generally each crossing should connect to at least 2 kerbs.
389188992,way,not appliable,not appliable,this crossing intersects fewer than 2 kerbs. Generally each crossing should connect to at least 2 kerbs.
389188997,way,not appliable,not appliable,this crossing intersects fewer than 2 kerbs. Generally each crossing should connect to at least 2 kerbs.
389188998,way,not appliable,not appliable,this crossing intersects fewer than 2 kerbs. Generally each crossing should connect to at least 2 kerbs.
389650311,way,not appliable,not appliable,this crossing intersects fewer than 2 kerbs. Generally each crossing should connect to at least 2 kerbs.
389650312,way,not appliable,not appliable,this crossing intersects fewer than 2 kerbs. Generally each crossing should connect to at least 2 kerbs.
389650313,way,not appliable,not appliable,this crossing intersects fewer than 2 kerbs. Generally each crossing should connect to at least 2 kerbs.
389650314,way,not appliable,not appliable,this crossing intersects fewer than 2 kerbs. Generally each crossing should connect to at least 2 kerbs.
389650315,way,not appliable,not appliable,this crossing intersects fewer than 2 kerbs. Generally each crossing should connect to at least 2 kerbs.
389650316,way,not appliable,not appliable,this crossing intersects fewer than 2 kerbs. Generally each crossing should connect to at least 2 kerbs.
390230931,way,not appliable,not appliable,this crossing intersects fewer than 2 kerbs. Generally each crossing should connect to at least 2 kerbs.
390230933,way,not appliable,not appliable,this crossing intersects fewer than 2 kerbs. Generally each crossing should connect to at least 2 kerbs.
399434201,way,not appliable,not appliable,this crossing intersects fewer than 2 kerbs. Generally each crossing should connect to at least 2 kerbs.
399437566,way,not appliable,not appliable,this crossing intersects fewer than 2 kerbs. Generally each crossing should connect to at least 2 kerbs.
399439924,way,not appliable,not appliable,this crossing intersects fewer than 2 kerbs. Generally each crossing should connect to at least 2 kerbs.
399439926,way,not appliable,not appliable,this crossing intersects fewer than 2 kerbs. Generally each crossing should connect to at least 2 kerbs.
399439928,way,not appliable,not appliable,this crossing intersects fewer than 2 kerbs. Generally each crossing should connect to at least 2 kerbs.
413606862,way,not appliable,not appliable,this crossing intersects fewer than 2 kerbs. Generally each crossing should connect to at least 2 kerbs.
423395210,way,not appliable,not appliable,this crossing intersects fewer than 2 kerbs. Generally each crossing should connect to at least 2 kerbs.
423395211,way,not appliable,not appliable,this crossing intersects fewer than 2 kerbs. Generally each crossing should connect to at least 2 kerbs.
424461932,way,not appliable,not appliable,this crossing intersects fewer than 2 kerbs. Generally each crossing should connect to at least 2 kerbs.
427989856,way,not appliable,not appliable,this crossing intersects fewer than 2 kerbs. Generally each crossing should connect to at least 2 kerbs.
427989857,way,not appliable,not appliable,this crossing intersects fewer than 2 kerbs. Generally each crossing should connect to at least 2 kerbs.
427989858,way,not appliable,not appliable,this crossing intersects fewer than 2 kerbs. Generally each crossing should connect to at least 2 kerbs.
427989859,way,not appliable,not appliable,this crossing intersects fewer than 2 kerbs. Generally each crossing should connect to at least 2 kerbs.
427989860,way,not appliable,not appliable,this crossing intersects fewer than 2 kerbs. Generally each crossing should connect to at least 2 kerbs.
427989861,way,not appliable,not appliable,this crossing intersects fewer than 2 kerbs. Generally each crossing should connect to at least 2 kerbs.
429452881,way,not appliable,not appliable,this crossing intersects fewer than 2 kerbs. Generally each crossing should connect to at least 2 kerbs.
429452882,way,not appliable,not appliable,this crossing intersects fewer than 2 kerbs. Generally each crossing should connect to at least 2 kerbs.
429452883,way,not appliable,not appliable,this crossing intersects fewer than 2 kerbs. Generally each crossing should connect to at least 2 kerbs.
429455945,way,not appliable,not appliable,this crossing intersects fewer than 2 kerbs. Generally each crossing should connect to at least 2 kerbs.
429455947,way,not appliable,not appliable,this crossing intersects fewer than 2 kerbs. Generally each crossing should connect to at least 2 kerbs.
429455948,way,not appliable,not appliable,this crossing intersects fewer than 2 kerbs. Generally each crossing should connect to at least 2 kerbs.
429455950,way,not appliable,not appliable,this crossing intersects fewer than 2 kerbs. Generally each crossing should connect to at least 2 kerbs.
429455951,way,not appliable,not appliable,this crossing intersects fewer than 2 kerbs. Generally each crossing should connect to at least 2 kerbs.
429455957,way,not appliable,not appliable,this crossing intersects fewer than 2 kerbs. Generally each crossing should connect to at least 2 kerbs.
429455960,way,not appliable,not appliable,this crossing intersects fewer than 2 kerbs. Generally each crossing should connect to at least 2 kerbs.
429455968,way,not appliable,not appliable,this crossing intersects fewer than 2 kerbs. Generally each crossing should connect to at least 2 kerbs.
429455969,way,not appliable,not appliable,this crossing intersects fewer than 2 kerbs. Generally each crossing should connect to at least 2 kerbs.
429455971,way,not appliable,not appliable,this crossing intersects fewer than 2 kerbs. Generally each crossing should connect to at least 2 kerbs.
429455972,way,not appliable,not appliable,this crossing intersects fewer than 2 kerbs. Generally each crossing should connect to at least 2 kerbs.
429455974,way,not appliable,not appliable,this crossing intersects fewer than 2 kerbs. Generally each crossing should connect to at least 2 kerbs.
429457951,way,not appliable,not appliable,this crossing intersects fewer than 2 kerbs. Generally each crossing should connect to at least 2 kerbs.
429457954,way,not appliable,not appliable,this crossing intersects fewer than 2 kerbs. Generally each crossing should connect to at least 2 kerbs.
429457955,way,not appliable,not appliable,this crossing intersects fewer than 2 kerbs. Generally each crossing should connect to at least 2 kerbs.
429457957,way,not appliable,not appliable,this crossing intersects fewer than 2 kerbs. Generally each crossing should connect to at least 2 kerbs.
432139938,way,not appliable,not appliable,this crossing intersects fewer than 2 kerbs. Generally each crossing should connect to at least 2 kerbs.
432139941,way,not appliable,not appliable,this crossing intersects fewer than 2 kerbs. Generally each crossing should connect to at least 2 kerbs.
432352130,way,not appliable,not appliable,this crossing intersects fewer than 2 kerbs. Generally each crossing should connect to at least 2 kerbs.
432352131,way,not appliable,not appliable,this crossing intersects fewer than 2 kerbs. Generally each crossing should connect to at least 2 kerbs.
432352132,way,not appliable,not appliable,this crossing intersects fewer than 2 kerbs. Generally each crossing should connect to at least 2 kerbs.
432352133,way,not appliable,not appliable,this crossing intersects fewer than 2 kerbs. Generally each crossing should connect to at least 2 kerbs.
432352134,way,not appliable,not appliable,this crossing intersects fewer than 2 kerbs. Generally each crossing should connect to at least 2 kerbs.
432352137,way,not appliable,not appliable,this crossing intersects fewer than 2 kerbs. Generally each crossing should connect to at least 2 kerbs.
432352138,way,not appliable,not appliable,this crossing intersects fewer than 2 kerbs. Generally each crossing should connect to at least 2 kerbs.
432352139,way,not appliable,not appliable,this crossing intersects fewer than 2 kerbs. Generally each crossing should connect to at least 2 kerbs.
432352140,way,not appliable,not appliable,this crossing intersects fewer than 2 kerbs. Generally each crossing should connect to at least 2 kerbs.
432913046,way,not appliable,not appliable,this crossing intersects fewer than 2 kerbs. Generally each crossing should connect to at least 2 kerbs.
442927668,way,not appliable,not appliable,this crossing intersects fewer than 2 kerbs. Generally each crossing should connect to at least 2 kerbs.
442927669,way,not appliable,not appliable,this crossing intersects fewer than 2 kerbs. Generally each crossing should connect to at least 2 kerbs.
442927672,way,not appliable,not appliable,this crossing intersects fewer than 2 kerbs. Generally each crossing should connect to at least 2 kerbs.
443197521,way,not appliable,not appliable,this crossing intersects fewer than 2 kerbs. Generally each crossing should connect to at least 2 kerbs.
443197523,way,not appliable,not appliable,this crossing intersects fewer than 2 kerbs. Generally each crossing should connect to at least 2 kerbs.
445263407,way,not appliable,not appliable,this crossing intersects fewer than 2 kerbs. Generally each crossing should connect to at least 2 kerbs.
445263408,way,not appliable,not appliable,this crossing intersects fewer than 2 kerbs. Generally each crossing should connect to at least 2 kerbs.
445263412,way,not appliable,not appliable,this crossing intersects fewer than 2 kerbs. Generally each crossing should connect to at least 2 kerbs.
445263414,way,not appliable,not appliable,this crossing intersects fewer than 2 kerbs. Generally each crossing should connect to at least 2 kerbs.
445329990,way,not appliable,not appliable,this crossing intersects fewer than 2 kerbs. Generally each crossing should connect to at least 2 kerbs.
445329997,way,not appliable,not appliable,this crossing intersects fewer than 2 kerbs. Generally each crossing should connect to at least 2 kerbs.
445329998,way,not appliable,not appliable,this crossing intersects fewer than 2 kerbs. Generally each crossing should connect to at least 2 kerbs.
445330001,way,not appliable,not appliable,this crossing intersects fewer than 2 kerbs. Generally each crossing should connect to at least 2 kerbs.
446846626,way,not appliable,not appliable,this crossing intersects fewer than 2 kerbs. Generally each crossing should connect to at least 2 kerbs.
446846628,way,not appliable,not appliable,this crossing intersects fewer than 2 kerbs. Generally each crossing should connect to at least 2 kerbs.
446846630,way,not appliable,not appliable,this crossing intersects fewer than 2 kerbs. Generally each crossing should connect to at least 2 kerbs.
446846632,way,not appliable,not appliable,this crossing intersects fewer than 2 kerbs. Generally each crossing should connect to at least 2 kerbs.
446846634,way,not appliable,not appliable,this crossing intersects fewer than 2 kerbs. Generally each crossing should connect to at least 2 kerbs.
446858615,way,not appliable,not appliable,this crossing intersects fewer than 2 kerbs. Generally each crossing should connect to at least 2 kerbs.
446858617,way,not appliable,not appliable,this crossing intersects fewer than 2 kerbs. Generally each crossing should connect to at least 2 kerbs.
446858619,way,not appliable,not appliable,this crossing intersects fewer than 2 kerbs. Generally each crossing should connect to at least 2 kerbs.
446858620,way,not appliable,not appliable,this crossing intersects fewer than 2 kerbs. Generally each crossing should connect to at least 2 kerbs.
449913363,way,not appliable,not appliable,this crossing intersects fewer than 2 kerbs. Generally each crossing should connect to at least 2 kerbs.
449913370,way,not appliable,not appliable,this crossing intersects fewer than 2 kerbs. Generally each crossing should connect to at least 2 kerbs.
449913379,way,not appliable,not appliable,this crossing intersects fewer than 2 kerbs. Generally each crossing should connect to at least 2 kerbs.
449913418,way,not appliable,not appliable,this crossing intersects fewer than 2 kerbs. Generally each crossing should connect to at least 2 kerbs.
449913428,way,not appliable,not appliable,this crossing intersects fewer than 2 kerbs. Generally each crossing should connect to at least 2 kerbs.
450360763,way,not appliable,not appliable,this crossing intersects fewer than 2 kerbs. Generally each crossing should connect to at least 2 kerbs.
450360764,way,not appliable,not appliable,this crossing intersects fewer than 2 kerbs. Generally each crossing should connect to at least 2 kerbs.
450360768,way,not appliable,not appliable,this crossing intersects fewer than 2 kerbs. Generally each crossing should connect to at least 2 kerbs.
450360770,way,not appliable,not appliable,this crossing intersects fewer than 2 kerbs. Generally each crossing should connect to at least 2 kerbs.
450360776,way,not appliable,not appliable,this crossing intersects fewer than 2 kerbs. Generally each crossing should connect to at least 2 kerbs.
450360778,way,not appliable,not appliable,this crossing intersects fewer than 2 kerbs. Generally each crossing should connect to at least 2 kerbs.
450360782,way,not appliable,not appliable,this crossing intersects fewer than 2 kerbs. Generally each crossing should connect to at least 2 kerbs.
450360784,way,not appliable,not appliable,this crossing intersects fewer than 2 kerbs. Generally each crossing should connect to at least 2 kerbs.
450360786,way,not appliable,not appliable,this crossing intersects fewer than 2 kerbs. Generally each crossing should connect to at least 2 kerbs.
450360789,way,not appliable,not appliable,this crossing intersects fewer than 2 kerbs. Generally each crossing should connect to at least 2 kerbs.
450597578,way,not appliable,not appliable,this crossing intersects fewer than 2 kerbs. Generally each crossing should connect to at least 2 kerbs.
450597598,way,not appliable,not appliable,this crossing intersects fewer than 2 kerbs. Generally each crossing should connect to at least 2 kerbs.
450914575,way,not appliable,not appliable,this crossing intersects fewer than 2 kerbs. Generally each crossing should connect to at least 2 kerbs.
450914577,way,not appliable,not appliable,this crossing intersects fewer than 2 kerbs. Generally each crossing should connect to at least 2 kerbs.
450914581,way,not appliable,not appliable,this crossing intersects fewer than 2 kerbs. Generally each crossing should connect to at least 2 kerbs.
450914582,way,not appliable,not appliable,this crossing intersects fewer than 2 kerbs. Generally each crossing should connect to at least 2 kerbs.
450914583,way,not appliable,not appliable,this crossing intersects fewer than 2 kerbs. Generally each crossing should connect to at least 2 kerbs.
450914584,way,not appliable,not appliable,this crossing intersects fewer than 2 kerbs. Generally each crossing should connect to at least 2 kerbs.
451722345,way,not appliable,not appliable,this crossing intersects fewer than 2 kerbs. Generally each crossing should connect to at least 2 kerbs.
453727129,way,not appliable,not appliable,this crossing intersects fewer than 2 kerbs. Generally each crossing should connect to at least 2 kerbs.
453727130,way,not appliable,not appliable,this crossing intersects fewer than 2 kerbs. Generally each crossing should connect to at least 2 kerbs.
453728412,way,not appliable,not appliable,this crossing intersects fewer than 2 kerbs. Generally each crossing should connect to at least 2 kerbs.
454891991,way,not appliable,not appliable,this crossing intersects fewer than 2 kerbs. Generally each crossing should connect to at least 2 kerbs.
454891994,way,not appliable,not appliable,this crossing intersects fewer than 2 kerbs. Generally each crossing should connect to at least 2 kerbs.
454891996,way,not appliable,not appliable,this crossing intersects fewer than 2 kerbs. Generally each crossing should connect to at least 2 kerbs.
454891998,way,not appliable,not appliable,this crossing intersects fewer than 2 kerbs. Generally each crossing should connect to at least 2 kerbs.
454891999,way,not appliable,not appliable,this crossing intersects fewer than 2 kerbs. Generally each crossing should connect to at least 2 kerbs.
454892002,way,not appliable,not appliable,this crossing intersects fewer than 2 kerbs. Generally each crossing should connect to at least 2 kerbs.
454892003,way,not appliable,not appliable,this crossing intersects fewer than 2 kerbs. Generally each crossing should connect to at least 2 kerbs.
454892004,way,not appliable,not appliable,this crossing intersects fewer than 2 kerbs. Generally each crossing should connect to at least 2 kerbs.
454892006,way,not appliable,not appliable,this crossing intersects fewer than 2 kerbs. Generally each crossing should connect to at least 2 kerbs.
454892009,way,not appliable,not appliable,this crossing intersects fewer than 2 kerbs. Generally each crossing should connect to at least 2 kerbs.
454892012,way,not appliable,not appliable,this crossing intersects fewer than 2 kerbs. Generally each crossing should connect to at least 2 kerbs.
454892014,way,not appliable,not appliable,this crossing intersects fewer than 2 kerbs. Generally each crossing should connect to at least 2 kerbs.
454892015,way,not appliable,not appliable,this crossing intersects fewer than 2 kerbs. Generally each crossing should connect to at least 2 kerbs.
454892016,way,not appliable,not appliable,this crossing intersects fewer than 2 kerbs. Generally each crossing should connect to at least 2 kerbs.
454892023,way,not appliable,not appliable,this crossing intersects fewer than 2 kerbs. Generally each crossing should connect to at least 2 kerbs.
454892034,way,not appliable,not appliable,this crossing intersects fewer than 2 kerbs. Generally each crossing should connect to at least 2 kerbs.
454892044,way,not appliable,not appliable,this crossing intersects fewer than 2 kerbs. Generally each crossing should connect to at least 2 kerbs.
454892048,way,not appliable,not appliable,this crossing intersects fewer than 2 kerbs. Generally each crossing should connect to at least 2 kerbs.
454892064,way,not appliable,not appliable,this crossing intersects fewer than 2 kerbs. Generally each crossing should connect to at least 2 kerbs.
454892067,way,not appliable,not appliable,this crossing intersects fewer than 2 kerbs. Generally each crossing should connect to at least 2 kerbs.
454892071,way,not appliable,not appliable,this crossing intersects fewer than 2 kerbs. Generally each crossing should connect to at least 2 kerbs.
454892087,way,not appliable,not appliable,this crossing intersects fewer than 2 kerbs. Generally each crossing should connect to at least 2 kerbs.
454892089,way,not appliable,not appliable,this crossing intersects fewer than 2 kerbs. Generally each crossing should connect to at least 2 kerbs.
454892091,way,not appliable,not appliable,this crossing intersects fewer than 2 kerbs. Generally each crossing should connect to at least 2 kerbs.
454892093,way,not appliable,not appliable,this crossing intersects fewer than 2 kerbs. Generally each crossing should connect to at least 2 kerbs.
454892095,way,not appliable,not appliable,this crossing intersects fewer than 2 kerbs. Generally each crossing should connect to at least 2 kerbs.
454892097,way,not appliable,not appliable,this crossing intersects fewer than 2 kerbs. Generally each crossing should connect to at least 2 kerbs.
455025811,way,not appliable,not appliable,this crossing intersects fewer than 2 kerbs. Generally each crossing should connect to at least 2 kerbs.
455025812,way,not appliable,not appliable,this crossing intersects fewer than 2 kerbs. Generally each crossing should connect to at least 2 kerbs.
455025817,way,not appliable,not appliable,this crossing intersects fewer than 2 kerbs. Generally each crossing should connect to at least 2 kerbs.
455025818,way,not appliable,not appliable,this crossing intersects fewer than 2 kerbs. Generally each crossing should connect to at least 2 kerbs.
455025822,way,not appliable,not appliable,this crossing intersects fewer than 2 kerbs. Generally each crossing should connect to at least 2 kerbs.
455025823,way,not appliable,not appliable,this crossing intersects fewer than 2 kerbs. Generally each crossing should connect to at least 2 kerbs.
455025827,way,not appliable,not appliable,this crossing intersects fewer than 2 kerbs. Generally each crossing should connect to at least 2 kerbs.
455025837,way,not appliable,not appliable,this crossing intersects fewer than 2 kerbs. Generally each crossing should connect to at least 2 kerbs.
455025838,way,not appliable,not appliable,this crossing intersects fewer than 2 kerbs. Generally each crossing should connect to at least 2 kerbs.
455025840,way,not appliable,not appliable,this crossing intersects fewer than 2 kerbs. Generally each crossing should connect to at least 2 kerbs.
455025843,way,not appliable,not appliable,this crossing intersects fewer than 2 kerbs. Generally each crossing should connect to at least 2 kerbs.
455025846,way,not appliable,not appliable,this crossing intersects fewer than 2 kerbs. Generally each crossing should connect to at least 2 kerbs.
455025848,way,not appliable,not appliable,this crossing intersects fewer than 2 kerbs. Generally each crossing should connect to at least 2 kerbs.
455025850,way,not appliable,not appliable,this crossing intersects fewer than 2 kerbs. Generally each crossing should connect to at least 2 kerbs.
455025853,way,not appliable,not appliable,this crossing intersects fewer than 2 kerbs. Generally each crossing should connect to at least 2 kerbs.
455025855,way,not appliable,not appliable,this crossing intersects fewer than 2 kerbs. Generally each crossing should connect to at least 2 kerbs.
455181598,way,not appliable,not appliable,this crossing intersects fewer than 2 kerbs. Generally each crossing should connect to at least 2 kerbs.
455181600,way,not appliable,not appliable,this crossing intersects fewer than 2 kerbs. Generally each crossing should connect to at least 2 kerbs.
455181605,way,not appliable,not appliable,this crossing intersects fewer than 2 kerbs. Generally each crossing should connect to at least 2 kerbs.
455181608,way,not appliable,not appliable,this crossing intersects fewer than 2 kerbs. Generally each crossing should connect to at least 2 kerbs.
455181610,way,not appliable,not appliable,this crossing intersects fewer than 2 kerbs. Generally each crossing should connect to at least 2 kerbs.
455181613,way,not appliable,not appliable,this crossing intersects fewer than 2 kerbs. Generally each crossing should connect to at least 2 kerbs.
455181617,way,not appliable,not appliable,this crossing intersects fewer than 2 kerbs. Generally each crossing should connect to at least 2 kerbs.
455181619,way,not appliable,not appliable,this crossing intersects fewer than 2 kerbs. Generally each crossing should connect to at least 2 kerbs.
455181624,way,not appliable,not appliable,this crossing intersects fewer than 2 kerbs. Generally each crossing should connect to at least 2 kerbs.
455181626,way,not appliable,not appliable,this crossing intersects fewer than 2 kerbs. Generally each crossing should connect to at least 2 kerbs.
455181628,way,not appliable,not appliable,this crossing intersects fewer than 2 kerbs. Generally each crossing should connect to at least 2 kerbs.
455181629,way,not appliable,not appliable,this crossing intersects fewer than 2 kerbs. Generally each crossing should connect to at least 2 kerbs.
455181633,way,not appliable,not appliable,this crossing intersects fewer than 2 kerbs. Generally each crossing should connect to at least 2 kerbs.
455181635,way,not appliable,not appliable,this crossing intersects fewer than 2 kerbs. Generally each crossing should connect to at least 2 kerbs.
455181637,way,not appliable,not appliable,this crossing intersects fewer than 2 kerbs. Generally each crossing should connect to at least 2 kerbs.
455181639,way,not appliable,not appliable,this crossing intersects fewer than 2 kerbs. Generally each crossing should connect to at least 2 kerbs.
455239222,way,not appliable,not appliable,this crossing intersects fewer than 2 kerbs. Generally each crossing should connect to at least 2 kerbs.
455239224,way,not appliable,not appliable,this crossing intersects fewer than 2 kerbs. Generally each crossing should connect to at least 2 kerbs.
455264974,way,not appliable,not appliable,this crossing intersects fewer than 2 kerbs. Generally each crossing should connect to at least 2 kerbs.
455264977,way,not appliable,not appliable,this crossing intersects fewer than 2 kerbs. Generally each crossing should connect to at least 2 kerbs.
455264979,way,not appliable,not appliable,this crossing intersects fewer than 2 kerbs. Generally each crossing should connect to at least 2 kerbs.
455264983,way,not appliable,not appliable,this crossing intersects fewer than 2 kerbs. Generally each crossing should connect to at least 2 kerbs.
455264994,way,not appliable,not appliable,this crossing intersects fewer than 2 kerbs. Generally each crossing should connect to at least 2 kerbs.
456293275,way,not appliable,not appliable,this crossing intersects fewer than 2 kerbs. Generally each crossing should connect to at least 2 kerbs.
456293276,way,not appliable,not appliable,this crossing intersects fewer than 2 kerbs. Generally each crossing should connect to at least 2 kerbs.
460047244,way,not appliable,not appliable,this crossing intersects fewer than 2 kerbs. Generally each crossing should connect to at least 2 kerbs.
460047245,way,not appliable,not appliable,this crossing intersects fewer than 2 kerbs. Generally each crossing should connect to at least 2 kerbs.
460047246,way,not appliable,not appliable,this crossing intersects fewer than 2 kerbs. Generally each crossing should connect to at least 2 kerbs.
460047248,way,not appliable,not appliable,this crossing intersects fewer than 2 kerbs. Generally each crossing should connect to at least 2 kerbs.
460047250,way,not appliable,not appliable,this crossing intersects fewer than 2 kerbs. Generally each crossing should connect to at least 2 kerbs.
460047255,way,not appliable,not appliable,this crossing intersects fewer than 2 kerbs. Generally each crossing should connect to at least 2 kerbs.
460047257,way,not appliable,not appliable,this crossing intersects fewer than 2 kerbs. Generally each crossing should connect to at least 2 kerbs.
460047259,way,not appliable,not appliable,this crossing intersects fewer than 2 kerbs. Generally each crossing should connect to at least 2 kerbs.
460047261,way,not appliable,not appliable,this crossing intersects fewer than 2 kerbs. Generally each crossing should connect to at least 2 kerbs.
460047322,way,not appliable,not appliable,this crossing intersects fewer than 2 kerbs. Generally each crossing should connect to at least 2 kerbs.
460047333,way,not appliable,not appliable,this crossing intersects fewer than 2 kerbs. Generally each crossing should connect to at least 2 kerbs.
460352621,way,not appliable,not appliable,this crossing intersects fewer than 2 kerbs. Generally each crossing should connect to at least 2 kerbs.
460352622,way,not appliable,not appliable,this crossing intersects fewer than 2 kerbs. Generally each crossing should connect to at least 2 kerbs.
460352624,way,not appliable,not appliable,this crossing intersects fewer than 2 kerbs. Generally each crossing should connect to at least 2 kerbs.
460352625,way,not appliable,not appliable,this crossing intersects fewer than 2 kerbs. Generally each crossing should connect to at least 2 kerbs.
460352636,way,not appliable,not appliable,this crossing intersects fewer than 2 kerbs. Generally each crossing should connect to at least 2 kerbs.
460352637,way,not appliable,not appliable,this crossing intersects fewer than 2 kerbs. Generally each crossing should connect to at least 2 kerbs.
460352638,way,not appliable,not appliable,this crossing intersects fewer than 2 kerbs. Generally each crossing should connect to at least 2 kerbs.
460352641,way,not appliable,not appliable,this crossing intersects fewer than 2 kerbs. Generally each crossing should connect to at least 2 kerbs.
460352642,way,not appliable,not appliable,this crossing intersects fewer than 2 kerbs. Generally each crossing should connect to at least 2 kerbs.
460352643,way,not appliable,not appliable,this crossing intersects fewer than 2 kerbs. Generally each crossing should connect to at least 2 kerbs.
460352644,way,not appliable,not appliable,this crossing intersects fewer than 2 kerbs. Generally each crossing should connect to at least 2 kerbs.
460352645,way,not appliable,not appliable,this crossing intersects fewer than 2 kerbs. Generally each crossing should connect to at least 2 kerbs.
460352646,way,not appliable,not appliable,this crossing intersects fewer than 2 kerbs. Generally each crossing should connect to at least 2 kerbs.
460352647,way,not appliable,not appliable,this crossing intersects fewer than 2 kerbs. Generally each crossing should connect to at least 2 kerbs.
460352648,way,not appliable,not appliable,this crossing intersects fewer than 2 kerbs. Generally each crossing should connect to at least 2 kerbs.
460352649,way,not appliable,not appliable,this crossing intersects fewer than 2 kerbs. Generally each crossing should connect to at least 2 kerbs.
460352650,way,not appliable,not appliable,this crossing intersects fewer than 2 kerbs. Generally each crossing should connect to at least 2 kerbs.
460352651,way,not appliable,not appliable,this crossing intersects fewer than 2 kerbs. Generally each crossing should connect to at least 2 kerbs.
460352652,way,not appliable,not appliable,this crossing intersects fewer than 2 kerbs. Generally each crossing should connect to at least 2 kerbs.
460352655,way,not appliable,not appliable,this crossing intersects fewer than 2 kerbs. Generally each crossing should connect to at least 2 kerbs.
460352671,way,not appliable,not appliable,this crossing intersects fewer than 2 kerbs. Generally each crossing should connect to at least 2 kerbs.
460352674,way,not appliable,not appliable,this crossing intersects fewer than 2 kerbs. Generally each crossing should connect to at least 2 kerbs.
460352675,way,not appliable,not appliable,this crossing intersects fewer than 2 kerbs. Generally each crossing should connect to at least 2 kerbs.
460352679,way,not appliable,not appliable,this crossing intersects fewer than 2 kerbs. Generally each crossing should connect to at least 2 kerbs.
460558875,way,not appliable,not appliable,this crossing intersects fewer than 2 kerbs. Generally each crossing should connect to at least 2 kerbs.
460558877,way,not appliable,not appliable,this crossing intersects fewer than 2 kerbs. Generally each crossing should connect to at least 2 kerbs.
460558879,way,not appliable,not appliable,this crossing intersects fewer than 2 kerbs. Generally each crossing should connect to at least 2 kerbs.
460558882,way,not appliable,not appliable,this crossing intersects fewer than 2 kerbs. Generally each crossing should connect to at least 2 kerbs.
460558885,way,not appliable,not appliable,this crossing intersects fewer than 2 kerbs. Generally each crossing should connect to at least 2 kerbs.
462890640,way,not appliable,not appliable,this crossing intersects fewer than 2 kerbs. Generally each crossing should connect to at least 2 kerbs.
462890651,way,not appliable,not appliable,this crossing intersects fewer than 2 kerbs. Generally each crossing should connect to at least 2 kerbs.
462890655,way,not appliable,not appliable,this crossing intersects fewer than 2 kerbs. Generally each crossing should connect to at least 2 kerbs.
462890657,way,not appliable,not appliable,this crossing intersects fewer than 2 kerbs. Generally each crossing should connect to at least 2 kerbs.
462890661,way,not appliable,not appliable,this crossing intersects fewer than 2 kerbs. Generally each crossing should connect to at least 2 kerbs.
462890662,way,not appliable,not appliable,this crossing intersects fewer than 2 kerbs. Generally each crossing should connect to at least 2 kerbs.
462890667,way,not appliable,not appliable,this crossing intersects fewer than 2 kerbs. Generally each crossing should connect to at least 2 kerbs.
462890671,way,not appliable,not appliable,this crossing intersects fewer than 2 kerbs. Generally each crossing should connect to at least 2 kerbs.
462890672,way,not appliable,not appliable,this crossing intersects fewer than 2 kerbs. Generally each crossing should connect to at least 2 kerbs.
462890673,way,not appliable,not appliable,this crossing intersects fewer than 2 kerbs. Generally each crossing should connect to at least 2 kerbs.
462902289,way,not appliable,not appliable,this crossing intersects fewer than 2 kerbs. Generally each crossing should connect to at least 2 kerbs.
477295543,way,not appliable,not appliable,this crossing intersects fewer than 2 kerbs. Generally each crossing should connect to at least 2 kerbs.
477295544,way,not appliable,not appliable,this crossing intersects fewer than 2 kerbs. Generally each crossing should connect to at least 2 kerbs.
477299808,way,not appliable,not appliable,this crossing intersects fewer than 2 kerbs. Generally each crossing should connect to at least 2 kerbs.
477299810,way,not appliable,not appliable,this crossing intersects fewer than 2 kerbs. Generally each crossing should connect to at least 2 kerbs.
477299813,way,not appliable,not appliable,this crossing intersects fewer than 2 kerbs. Generally each crossing should connect to at least 2 kerbs.
477299815,way,not appliable,not appliable,this crossing intersects fewer than 2 kerbs. Generally each crossing should connect to at least 2 kerbs.
477299818,way,not appliable,not appliable,this crossing intersects fewer than 2 kerbs. Generally each crossing should connect to at least 2 kerbs.
477299819,way,not appliable,not appliable,this crossing intersects fewer than 2 kerbs. Generally each crossing should connect to at least 2 kerbs.
477299824,way,not appliable,not appliable,this crossing intersects fewer than 2 kerbs. Generally each crossing should connect to at least 2 kerbs.
477299826,way,not appliable,not appliable,this crossing intersects fewer than 2 kerbs. Generally each crossing should connect to at least 2 kerbs.
477299827,way,not appliable,not appliable,this crossing intersects fewer than 2 kerbs. Generally each crossing should connect to at least 2 kerbs.
477299831,way,not appliable,not appliable,this crossing intersects fewer than 2 kerbs. Generally each crossing should connect to at least 2 kerbs.
477299835,way,not appliable,not appliable,this crossing intersects fewer than 2 kerbs. Generally each crossing should connect to at least 2 kerbs.
477299840,way,not appliable,not appliable,this crossing intersects fewer than 2 kerbs. Generally each crossing should connect to at least 2 kerbs.
477515318,way,not appliable,not appliable,this crossing intersects fewer than 2 kerbs. Generally each crossing should connect to at least 2 kerbs.
477515326,way,not appliable,not appliable,this crossing intersects fewer than 2 kerbs. Generally each crossing should connect to at least 2 kerbs.
477515328,way,not appliable,not appliable,this crossing intersects fewer than 2 kerbs. Generally each crossing should connect to at least 2 kerbs.
477515341,way,not appliable,not appliable,this crossing intersects fewer than 2 kerbs. Generally each crossing should connect to at least 2 kerbs.
477515343,way,not appliable,not appliable,this crossing intersects fewer than 2 kerbs. Generally each crossing should connect to at least 2 kerbs.
477515345,way,not appliable,not appliable,this crossing intersects fewer than 2 kerbs. Generally each crossing should connect to at least 2 kerbs.
477515347,way,not appliable,not appliable,this crossing intersects fewer than 2 kerbs. Generally each crossing should connect to at least 2 kerbs.
477515349,way,not appliable,not appliable,this crossing intersects fewer than 2 kerbs. Generally each crossing should connect to at least 2 kerbs.
477515350,way,not appliable,not appliable,this crossing intersects fewer than 2 kerbs. Generally each crossing should connect to at least 2 kerbs.
477515351,way,not appliable,not appliable,this crossing intersects fewer than 2 kerbs. Generally each crossing should connect to at least 2 kerbs.
477515352,way,not appliable,not appliable,this crossing intersects fewer than 2 kerbs. Generally each crossing should connect to at least 2 kerbs.
477515358,way,not appliable,not appliable,this crossing intersects fewer than 2 kerbs. Generally each crossing should connect to at least 2 kerbs.
478021615,way,not appliable,not appliable,this crossing intersects fewer than 2 kerbs. Generally each crossing should connect to at least 2 kerbs.
478021617,way,not appliable,not appliable,this crossing intersects fewer than 2 kerbs. Generally each crossing should connect to at least 2 kerbs.
478021623,way,not appliable,not appliable,this crossing intersects fewer than 2 kerbs. Generally each crossing should connect to at least 2 kerbs.
478021629,way,not appliable,not appliable,this crossing intersects fewer than 2 kerbs. Generally each crossing should connect to at least 2 kerbs.
478021631,way,not appliable,not appliable,this crossing intersects fewer than 2 kerbs. Generally each crossing should connect to at least 2 kerbs.
478021637,way,not appliable,not appliable,this crossing intersects fewer than 2 kerbs. Generally each crossing should connect to at least 2 kerbs.
478021644,way,not appliable,not appliable,this crossing intersects fewer than 2 kerbs. Generally each crossing should connect to at least 2 kerbs.
478216040,way,not appliable,not appliable,this crossing intersects fewer than 2 kerbs. Generally each crossing should connect to at least 2 kerbs.
478216044,way,not appliable,not appliable,this crossing intersects fewer than 2 kerbs. Generally each crossing should connect to at least 2 kerbs.
478216046,way,not appliable,not appliable,this crossing intersects fewer than 2 kerbs. Generally each crossing should connect to at least 2 kerbs.
478216050,way,not appliable,not appliable,this crossing intersects fewer than 2 kerbs. Generally each crossing should connect to at least 2 kerbs.
478216053,way,not appliable,not appliable,this crossing intersects fewer than 2 kerbs. Generally each crossing should connect to at least 2 kerbs.
478216071,way,not appliable,not appliable,this crossing intersects fewer than 2 kerbs. Generally each crossing should connect to at least 2 kerbs.
478216078,way,not appliable,not appliable,this crossing intersects fewer than 2 kerbs. Generally each crossing should connect to at least 2 kerbs.
478216080,way,not appliable,not appliable,this crossing intersects fewer than 2 kerbs. Generally each crossing should connect to at least 2 kerbs.
478216082,way,not appliable,not appliable,this crossing intersects fewer than 2 kerbs. Generally each crossing should connect to at least 2 kerbs.
478216088,way,not appliable,not appliable,this crossing intersects fewer than 2 kerbs. Generally each crossing should connect to at least 2 kerbs.
478217578,way,not appliable,not appliable,this crossing intersects fewer than 2 kerbs. Generally each crossing should connect to at least 2 kerbs.
478535437,way,not appliable,not appliable,this crossing intersects fewer than 2 kerbs. Generally each crossing should connect to at least 2 kerbs.
478538199,way,not appliable,not appliable,this crossing intersects fewer than 2 kerbs. Generally each crossing should connect to at least 2 kerbs.
478538202,way,not appliable,not appliable,this crossing intersects fewer than 2 kerbs. Generally each crossing should connect to at least 2 kerbs.
478538203,way,not appliable,not appliable,this crossing intersects fewer than 2 kerbs. Generally each crossing should connect to at least 2 kerbs.
478538207,way,not appliable,not appliable,this crossing intersects fewer than 2 kerbs. Generally each crossing should connect to at least 2 kerbs.
478538210,way,not appliable,not appliable,this crossing intersects fewer than 2 kerbs. Generally each crossing should connect to at least 2 kerbs.
478538212,way,not appliable,not appliable,this crossing intersects fewer than 2 kerbs. Generally each crossing should connect to at least 2 kerbs.
570557816,way,not appliable,not appliable,this crossing intersects fewer than 2 kerbs. Generally each crossing should connect to at least 2 kerbs.
585924799,way,not appliable,not appliable,this crossing intersects fewer than 2 kerbs. Generally each crossing should connect to at least 2 kerbs.
609133854,way,not appliable,not appliable,this crossing intersects fewer than 2 kerbs. Generally each crossing should connect to at least 2 kerbs.
609134012,way,not appliable,not appliable,this crossing intersects fewer than 2 kerbs. Generally each crossing should connect to at least 2 kerbs.
609134034,way,not appliable,not appliable,this crossing intersects fewer than 2 kerbs. Generally each crossing should connect to at least 2 kerbs.
609134377,way,not appliable,not appliable,this crossing intersects fewer than 2 kerbs. Generally each crossing should connect to at least 2 kerbs.
609134406,way,not appliable,not appliable,this crossing intersects fewer than 2 kerbs. Generally each crossing should connect to at least 2 kerbs.
609134412,way,not appliable,not appliable,this crossing intersects fewer than 2 kerbs. Generally each crossing should connect to at least 2 kerbs.
609134414,way,not appliable,not appliable,this crossing intersects fewer than 2 kerbs. Generally each crossing should connect to at least 2 kerbs.
609134416,way,not appliable,not appliable,this crossing intersects fewer than 2 kerbs. Generally each crossing should connect to at least 2 kerbs.
609134418,way,not appliable,not appliable,this crossing intersects fewer than 2 kerbs. Generally each crossing should connect to at least 2 kerbs.
609134450,way,not appliable,not appliable,this crossing intersects fewer than 2 kerbs. Generally each crossing should connect to at least 2 kerbs.
609134468,way,not appliable,not appliable,this crossing intersects fewer than 2 kerbs. Generally each crossing should connect to at least 2 kerbs.
609134486,way,not appliable,not appliable,this crossing intersects fewer than 2 kerbs. Generally each crossing should connect to at least 2 kerbs.
609134488,way,not appliable,not appliable,this crossing intersects fewer than 2 kerbs. Generally each crossing should connect to at least 2 kerbs.
611965118,way,not appliable,not appliable,this crossing intersects fewer than 2 kerbs. Generally each crossing should connect to at least 2 kerbs.
611965120,way,not appliable,not appliable,this crossing intersects fewer than 2 kerbs. Generally each crossing should connect to at least 2 kerbs.
611965122,way,not appliable,not appliable,this crossing intersects fewer than 2 kerbs. Generally each crossing should connect to at least 2 kerbs.
611965125,way,not appliable,not appliable,this crossing intersects fewer than 2 kerbs. Generally each crossing should connect to at least 2 kerbs.
611965129,way,not appliable,not appliable,this crossing intersects fewer than 2 kerbs. Generally each crossing should connect to at least 2 kerbs.
611965139,way,not appliable,not appliable,this crossing intersects fewer than 2 kerbs. Generally each crossing should connect to at least 2 kerbs.
611965157,way,not appliable,not appliable,this crossing intersects fewer than 2 kerbs. Generally each crossing should connect to at least 2 kerbs.
611965244,way,not appliable,not appliable,this crossing intersects fewer than 2 kerbs. Generally each crossing should connect to at least 2 kerbs.
611965247,way,not appliable,not appliable,this crossing intersects fewer than 2 kerbs. Generally each crossing should connect to at least 2 kerbs.
611965249,way,not appliable,not appliable,this crossing intersects fewer than 2 kerbs. Generally each crossing should connect to at least 2 kerbs.
614461850,way,not appliable,not appliable,this crossing intersects fewer than 2 kerbs. Generally each crossing should connect to at least 2 kerbs.
615240623,way,not appliable,not appliable,this crossing intersects fewer than 2 kerbs. Generally each crossing should connect to at least 2 kerbs.
615240625,way,not appliable,not appliable,this crossing intersects fewer than 2 kerbs. Generally each crossing should connect to at least 2 kerbs.
615240738,way,not appliable,not appliable,this crossing intersects fewer than 2 kerbs. Generally each crossing should connect to at least 2 kerbs.
615240745,way,not appliable,not appliable,this crossing intersects fewer than 2 kerbs. Generally each crossing should connect to at least 2 kerbs.
615240748,way,not appliable,not appliable,this crossing intersects fewer than 2 kerbs. Generally each crossing should connect to at least 2 kerbs.
615240787,way,not appliable,not appliable,this crossing intersects fewer than 2 kerbs. Generally each crossing should connect to at least 2 kerbs.
616821390,way,not appliable,not appliable,this crossing intersects fewer than 2 kerbs. Generally each crossing should connect to at least 2 kerbs.
616821392,way,not appliable,not appliable,this crossing intersects fewer than 2 kerbs. Generally each crossing should connect to at least 2 kerbs.
617312973,way,not appliable,not appliable,this crossing intersects fewer than 2 kerbs. Generally each crossing should connect to at least 2 kerbs.
617312979,way,not appliable,not appliable,this crossing intersects fewer than 2 kerbs. Generally each crossing should connect to at least 2 kerbs.
617312981,way,not appliable,not appliable,this crossing intersects fewer than 2 kerbs. Generally each crossing should connect to at least 2 kerbs.
617312983,way,not appliable,not appliable,this crossing intersects fewer than 2 kerbs. Generally each crossing should connect to at least 2 kerbs.
617312987,way,not appliable,not appliable,this crossing intersects fewer than 2 kerbs. Generally each crossing should connect to at least 2 kerbs.
617312989,way,not appliable,not appliable,this crossing intersects fewer than 2 kerbs. Generally each crossing should connect to at least 2 kerbs.
617312995,way,not appliable,not appliable,this crossing intersects fewer than 2 kerbs. Generally each crossing should connect to at least 2 kerbs.
617312996,way,not appliable,not appliable,this crossing intersects fewer than 2 kerbs. Generally each crossing should connect to at least 2 kerbs.
617313022,way,not appliable,not appliable,this crossing intersects fewer than 2 kerbs. Generally each crossing should connect to at least 2 kerbs.
617313024,way,not appliable,not appliable,this crossing intersects fewer than 2 kerbs. Generally each crossing should connect to at least 2 kerbs.
617313027,way,not appliable,not appliable,this crossing intersects fewer than 2 kerbs. Generally each crossing should connect to at least 2 kerbs.
617313030,way,not appliable,not appliable,this crossing intersects fewer than 2 kerbs. Generally each crossing should connect to at least 2 kerbs.
617398565,way,not appliable,not appliable,this crossing intersects fewer than 2 kerbs. Generally each crossing should connect to at least 2 kerbs.
617398570,way,not appliable,not appliable,this crossing intersects fewer than 2 kerbs. Generally each crossing should connect to at least 2 kerbs.
617398584,way,not appliable,not appliable,this crossing intersects fewer than 2 kerbs. Generally each crossing should connect to at least 2 kerbs.
619374077,way,not appliable,not appliable,this crossing intersects fewer than 2 kerbs. Generally each crossing should connect to at least 2 kerbs.
619374267,way,not appliable,not appliable,this crossing intersects fewer than 2 kerbs. Generally each crossing should connect to at least 2 kerbs.
619374271,way,not appliable,not appliable,this crossing intersects fewer than 2 kerbs. Generally each crossing should connect to at least 2 kerbs.
619374309,way,not appliable,not appliable,this crossing intersects fewer than 2 kerbs. Generally each crossing should connect to at least 2 kerbs.
619374319,way,not appliable,not appliable,this crossing intersects fewer than 2 kerbs. Generally each crossing should connect to at least 2 kerbs.
619374321,way,not appliable,not appliable,this crossing intersects fewer than 2 kerbs. Generally each crossing should connect to at least 2 kerbs.
619374323,way,not appliable,not appliable,this crossing intersects fewer than 2 kerbs. Generally each crossing should connect to at least 2 kerbs.
619374329,way,not appliable,not appliable,this crossing intersects fewer than 2 kerbs. Generally each crossing should connect to at least 2 kerbs.
619374335,way,not appliable,not appliable,this crossing intersects fewer than 2 kerbs. Generally each crossing should connect to at least 2 kerbs.
619374337,way,not appliable,not appliable,this crossing intersects fewer than 2 kerbs. Generally each crossing should connect to at least 2 kerbs.
619374338,way,not appliable,not appliable,this crossing intersects fewer than 2 kerbs. Generally each crossing should connect to at least 2 kerbs.
619374339,way,not appliable,not appliable,this crossing intersects fewer than 2 kerbs. Generally each crossing should connect to at least 2 kerbs.
619374344,way,not appliable,not appliable,this crossing intersects fewer than 2 kerbs. Generally each crossing should connect to at least 2 kerbs.
619374346,way,not appliable,not appliable,this crossing intersects fewer than 2 kerbs. Generally each crossing should connect to at least 2 kerbs.
619374348,way,not appliable,not appliable,this crossing intersects fewer than 2 kerbs. Generally each crossing should connect to at least 2 kerbs.
627932960,way,not appliable,not appliable,this crossing intersects fewer than 2 kerbs. Generally each crossing should connect to at least 2 kerbs.
627932970,way,not appliable,not appliable,this crossing intersects fewer than 2 kerbs. Generally each crossing should connect to at least 2 kerbs.
629166115,way,not appliable,not appliable,this crossing intersects fewer than 2 kerbs. Generally each crossing should connect to at least 2 kerbs.
629166117,way,not appliable,not appliable,this crossing intersects fewer than 2 kerbs. Generally each crossing should connect to at least 2 kerbs.
629166119,way,not appliable,not appliable,this crossing intersects fewer than 2 kerbs. Generally each crossing should connect to at least 2 kerbs.
629166121,way,not appliable,not appliable,this crossing intersects fewer than 2 kerbs. Generally each crossing should connect to at least 2 kerbs.
629166123,way,not appliable,not appliable,this crossing intersects fewer than 2 kerbs. Generally each crossing should connect to at least 2 kerbs.
629175809,way,not appliable,not appliable,this crossing intersects fewer than 2 kerbs. Generally each crossing should connect to at least 2 kerbs.
629175830,way,not appliable,not appliable,this crossing intersects fewer than 2 kerbs. Generally each crossing should connect to at least 2 kerbs.
629175835,way,not appliable,not appliable,this crossing intersects fewer than 2 kerbs. Generally each crossing should connect to at least 2 kerbs.
629175836,way,not appliable,not appliable,this crossing intersects fewer than 2 kerbs. Generally each crossing should connect to at least 2 kerbs.
629175845,way,not appliable,not appliable,this crossing intersects fewer than 2 kerbs. Generally each crossing should connect to at least 2 kerbs.
629175856,way,not appliable,not appliable,this crossing intersects fewer than 2 kerbs. Generally each crossing should connect to at least 2 kerbs.
629175859,way,not appliable,not appliable,this crossing intersects fewer than 2 kerbs. Generally each crossing should connect to at least 2 kerbs.
629175861,way,not appliable,not appliable,this crossing intersects fewer than 2 kerbs. Generally each crossing should connect to at least 2 kerbs.
629175864,way,not appliable,not appliable,this crossing intersects fewer than 2 kerbs. Generally each crossing should connect to at least 2 kerbs.
629175867,way,not appliable,not appliable,this crossing intersects fewer than 2 kerbs. Generally each crossing should connect to at least 2 kerbs.
629175868,way,not appliable,not appliable,this crossing intersects fewer than 2 kerbs. Generally each crossing should connect to at least 2 kerbs.
629175873,way,not appliable,not appliable,this crossing intersects fewer than 2 kerbs. Generally each crossing should connect to at least 2 kerbs.
629175877,way,not appliable,not appliable,this crossing intersects fewer than 2 kerbs. Generally each crossing should connect to at least 2 kerbs.
629175879,way,not appliable,not appliable,this crossing intersects fewer than 2 kerbs. Generally each crossing should connect to at least 2 kerbs.
629175881,way,not appliable,not appliable,this crossing intersects fewer than 2 kerbs. Generally each crossing should connect to at least 2 kerbs.
629175883,way,not appliable,not appliable,this crossing intersects fewer than 2 kerbs. Generally each crossing should connect to at least 2 kerbs.
629175884,way,not appliable,not appliable,this crossing intersects fewer than 2 kerbs. Generally each crossing should connect to at least 2 kerbs.
629175889,way,not appliable,not appliable,this crossing intersects fewer than 2 kerbs. Generally each crossing should connect to at least 2 kerbs.
629175891,way,not appliable,not appliable,this crossing intersects fewer than 2 kerbs. Generally each crossing should connect to at least 2 kerbs.
629175892,way,not appliable,not appliable,this crossing intersects fewer than 2 kerbs. Generally each crossing should connect to at least 2 kerbs.
629175896,way,not appliable,not appliable,this crossing intersects fewer than 2 kerbs. Generally each crossing should connect to at least 2 kerbs.
629175897,way,not appliable,not appliable,this crossing intersects fewer than 2 kerbs. Generally each crossing should connect to at least 2 kerbs.
629175898,way,not appliable,not appliable,this crossing intersects fewer than 2 kerbs. Generally each crossing should connect to at least 2 kerbs.
629175904,way,not appliable,not appliable,this crossing intersects fewer than 2 kerbs. Generally each crossing should connect to at least 2 kerbs.
629175915,way,not appliable,not appliable,this crossing intersects fewer than 2 kerbs. Generally each crossing should connect to at least 2 kerbs.
629175936,way,not appliable,not appliable,this crossing intersects fewer than 2 kerbs. Generally each crossing should connect to at least 2 kerbs.
629175937,way,not appliable,not appliable,this crossing intersects fewer than 2 kerbs. Generally each crossing should connect to at least 2 kerbs.
629175941,way,not appliable,not appliable,this crossing intersects fewer than 2 kerbs. Generally each crossing should connect to at least 2 kerbs.
629175943,way,not appliable,not appliable,this crossing intersects fewer than 2 kerbs. Generally each crossing should connect to at least 2 kerbs.
629178621,way,not appliable,not appliable,this crossing intersects fewer than 2 kerbs. Generally each crossing should connect to at least 2 kerbs.
636743457,way,not appliable,not appliable,this crossing intersects fewer than 2 kerbs. Generally each crossing should connect to at least 2 kerbs.
636743459,way,not appliable,not appliable,this crossing intersects fewer than 2 kerbs. Generally each crossing should connect to at least 2 kerbs.
639705876,way,not appliable,not appliable,this crossing intersects fewer than 2 kerbs. Generally each crossing should connect to at least 2 kerbs.
639705878,way,not appliable,not appliable,this crossing intersects fewer than 2 kerbs. Generally each crossing should connect to at least 2 kerbs.
639705880,way,not appliable,not appliable,this crossing intersects fewer than 2 kerbs. Generally each crossing should connect to at least 2 kerbs.
639705884,way,not appliable,not appliable,this crossing intersects fewer than 2 kerbs. Generally each crossing should connect to at least 2 kerbs.
639705886,way,not appliable,not appliable,this crossing intersects fewer than 2 kerbs. Generally each crossing should connect to at least 2 kerbs.
639705888,way,not appliable,not appliable,this crossing intersects fewer than 2 kerbs. Generally each crossing should connect to at least 2 kerbs.
639705890,way,not appliable,not appliable,this crossing intersects fewer than 2 kerbs. Generally each crossing should connect to at least 2 kerbs.
639705893,way,not appliable,not appliable,this crossing intersects fewer than 2 kerbs. Generally each crossing should connect to at least 2 kerbs.
639705895,way,not appliable,not appliable,this crossing intersects fewer than 2 kerbs. Generally each crossing should connect to at least 2 kerbs.
639705900,way,not appliable,not appliable,this crossing intersects fewer than 2 kerbs. Generally each crossing should connect to at least 2 kerbs.
639705903,way,not appliable,not appliable,this crossing intersects fewer than 2 kerbs. Generally each crossing should connect to at least 2 kerbs.
640214099,way,not appliable,not appliable,this crossing intersects fewer than 2 kerbs. Generally each crossing should connect to at least 2 kerbs.
640214100,way,not appliable,not appliable,this crossing intersects fewer than 2 kerbs. Generally each crossing should connect to at least 2 kerbs.
640214101,way,not appliable,not appliable,this crossing intersects fewer than 2 kerbs. Generally each crossing should connect to at least 2 kerbs.
640214102,way,not appliable,not appliable,this crossing intersects fewer than 2 kerbs. Generally each crossing should connect to at least 2 kerbs.
640214103,way,not appliable,not appliable,this crossing intersects fewer than 2 kerbs. Generally each crossing should connect to at least 2 kerbs.
640214104,way,not appliable,not appliable,this crossing intersects fewer than 2 kerbs. Generally each crossing should connect to at least 2 kerbs.
640214105,way,not appliable,not appliable,this crossing intersects fewer than 2 kerbs. Generally each crossing should connect to at least 2 kerbs.
640214111,way,not appliable,not appliable,this crossing intersects fewer than 2 kerbs. Generally each crossing should connect to at least 2 kerbs.
640214116,way,not appliable,not appliable,this crossing intersects fewer than 2 kerbs. Generally each crossing should connect to at least 2 kerbs.
640214118,way,not appliable,not appliable,this crossing intersects fewer than 2 kerbs. Generally each crossing should connect to at least 2 kerbs.
640214131,way,not appliable,not appliable,this crossing intersects fewer than 2 kerbs. Generally each crossing should connect to at least 2 kerbs.
640214132,way,not appliable,not appliable,this crossing intersects fewer than 2 kerbs. Generally each crossing should connect to at least 2 kerbs.
640214135,way,not appliable,not appliable,this crossing intersects fewer than 2 kerbs. Generally each crossing should connect to at least 2 kerbs.
640214138,way,not appliable,not appliable,this crossing intersects fewer than 2 kerbs. Generally each crossing should connect to at least 2 kerbs.
640214140,way,not appliable,not appliable,this crossing intersects fewer than 2 kerbs. Generally each crossing should connect to at least 2 kerbs.
640214141,way,not appliable,not appliable,this crossing intersects fewer than 2 kerbs. Generally each crossing should connect to at least 2 kerbs.
640214147,way,not appliable,not appliable,this crossing intersects fewer than 2 kerbs. Generally each crossing should connect to at least 2 kerbs.
640214156,way,not appliable,not appliable,this crossing intersects fewer than 2 kerbs. Generally each crossing should connect to at least 2 kerbs.
640214159,way,not appliable,not appliable,this crossing intersects fewer than 2 kerbs. Generally each crossing should connect to at least 2 kerbs.
640214160,way,not appliable,not appliable,this crossing intersects fewer than 2 kerbs. Generally each crossing should connect to at least 2 kerbs.
640214163,way,not appliable,not appliable,this crossing intersects fewer than 2 kerbs. Generally each crossing should connect to at least 2 kerbs.
641195937,way,not appliable,not appliable,this crossing intersects fewer than 2 kerbs. Generally each crossing should connect to at least 2 kerbs.
641195939,way,not appliable,not appliable,this crossing intersects fewer than 2 kerbs. Generally each crossing should connect to at least 2 kerbs.
641195958,way,not appliable,not appliable,this crossing intersects fewer than 2 kerbs. Generally each crossing should connect to at least 2 kerbs.
641195961,way,not appliable,not appliable,this crossing intersects fewer than 2 kerbs. Generally each crossing should connect to at least 2 kerbs.
641195963,way,not appliable,not appliable,this crossing intersects fewer than 2 kerbs. Generally each crossing should connect to at least 2 kerbs.
641195965,way,not appliable,not appliable,this crossing intersects fewer than 2 kerbs. Generally each crossing should connect to at least 2 kerbs.
641195967,way,not appliable,not appliable,this crossing intersects fewer than 2 kerbs. Generally each crossing should connect to at least 2 kerbs.
641195971,way,not appliable,not appliable,this crossing intersects fewer than 2 kerbs. Generally each crossing should connect to at least 2 kerbs.
641195973,way,not appliable,not appliable,this crossing intersects fewer than 2 kerbs. Generally each crossing should connect to at least 2 kerbs.
641195979,way,not appliable,not appliable,this crossing intersects fewer than 2 kerbs. Generally each crossing should connect to at least 2 kerbs.
641195981,way,not appliable,not appliable,this crossing intersects fewer than 2 kerbs. Generally each crossing should connect to at least 2 kerbs.
641195993,way,not appliable,not appliable,this crossing intersects fewer than 2 kerbs. Generally each crossing should connect to at least 2 kerbs.
641195995,way,not appliable,not appliable,this crossing intersects fewer than 2 kerbs. Generally each crossing should connect to at least 2 kerbs.
641195997,way,not appliable,not appliable,this crossing intersects fewer than 2 kerbs. Generally each crossing should connect to at least 2 kerbs.
641195999,way,not appliable,not appliable,this crossing intersects fewer than 2 kerbs. Generally each crossing should connect to at least 2 kerbs.
641196005,way,not appliable,not appliable,this crossing intersects fewer than 2 kerbs. Generally each crossing should connect to at least 2 kerbs.
641196007,way,not appliable,not appliable,this crossing intersects fewer than 2 kerbs. Generally each crossing should connect to at least 2 kerbs.
641196009,way,not appliable,not appliable,this crossing intersects fewer than 2 kerbs. Generally each crossing should connect to at least 2 kerbs.
641196012,way,not appliable,not appliable,this crossing intersects fewer than 2 kerbs. Generally each crossing should connect to at least 2 kerbs.
641196014,way,not appliable,not appliable,this crossing intersects fewer than 2 kerbs. Generally each crossing should connect to at least 2 kerbs.
641196020,way,not appliable,not appliable,this crossing intersects fewer than 2 kerbs. Generally each crossing should connect to at least 2 kerbs.
641196022,way,not appliable,not appliable,this crossing intersects fewer than 2 kerbs. Generally each crossing should connect to at least 2 kerbs.
641196024,way,not appliable,not appliable,this crossing intersects fewer than 2 kerbs. Generally each crossing should connect to at least 2 kerbs.
641196026,way,not appliable,not appliable,this crossing intersects fewer than 2 kerbs. Generally each crossing should connect to at least 2 kerbs.
641196032,way,not appliable,not appliable,this crossing intersects fewer than 2 kerbs. Generally each crossing should connect to at least 2 kerbs.
641201708,way,not appliable,not appliable,this crossing intersects fewer than 2 kerbs. Generally each crossing should connect to at least 2 kerbs.
641201717,way,not appliable,not appliable,this crossing intersects fewer than 2 kerbs. Generally each crossing should connect to at least 2 kerbs.
641201724,way,not appliable,not appliable,this crossing intersects fewer than 2 kerbs. Generally each crossing should connect to at least 2 kerbs.
641413462,way,not appliable,not appliable,this crossing intersects fewer than 2 kerbs. Generally each crossing should connect to at least 2 kerbs.
641413464,way,not appliable,not appliable,this crossing intersects fewer than 2 kerbs. Generally each crossing should connect to at least 2 kerbs.
641413466,way,not appliable,not appliable,this crossing intersects fewer than 2 kerbs. Generally each crossing should connect to at least 2 kerbs.
641413484,way,not appliable,not appliable,this crossing intersects fewer than 2 kerbs. Generally each crossing should connect to at least 2 kerbs.
641413503,way,not appliable,not appliable,this crossing intersects fewer than 2 kerbs. Generally each crossing should connect to at least 2 kerbs.
641413518,way,not appliable,not appliable,this crossing intersects fewer than 2 kerbs. Generally each crossing should connect to at least 2 kerbs.
641918066,way,not appliable,not appliable,this crossing intersects fewer than 2 kerbs. Generally each crossing should connect to at least 2 kerbs.
641918068,way,not appliable,not appliable,this crossing intersects fewer than 2 kerbs. Generally each crossing should connect to at least 2 kerbs.
641918125,way,not appliable,not appliable,this crossing intersects fewer than 2 kerbs. Generally each crossing should connect to at least 2 kerbs.
641918127,way,not appliable,not appliable,this crossing intersects fewer than 2 kerbs. Generally each crossing should connect to at least 2 kerbs.
641918130,way,not appliable,not appliable,this crossing intersects fewer than 2 kerbs. Generally each crossing should connect to at least 2 kerbs.
641918132,way,not appliable,not appliable,this crossing intersects fewer than 2 kerbs. Generally each crossing should connect to at least 2 kerbs.
641918134,way,not appliable,not appliable,this crossing intersects fewer than 2 kerbs. Generally each crossing should connect to at least 2 kerbs.
641918135,way,not appliable,not appliable,this crossing intersects fewer than 2 kerbs. Generally each crossing should connect to at least 2 kerbs.
641918138,way,not appliable,not appliable,this crossing intersects fewer than 2 kerbs. Generally each crossing should connect to at least 2 kerbs.
641918142,way,not appliable,not appliable,this crossing intersects fewer than 2 kerbs. Generally each crossing should connect to at least 2 kerbs.
641918144,way,not appliable,not appliable,this crossing intersects fewer than 2 kerbs. Generally each crossing should connect to at least 2 kerbs.
641918146,way,not appliable,not appliable,this crossing intersects fewer than 2 kerbs. Generally each crossing should connect to at least 2 kerbs.
641918151,way,not appliable,not appliable,this crossing intersects fewer than 2 kerbs. Generally each crossing should connect to at least 2 kerbs.
641918155,way,not appliable,not appliable,this crossing intersects fewer than 2 kerbs. Generally each crossing should connect to at least 2 kerbs.
641918157,way,not appliable,not appliable,this crossing intersects fewer than 2 kerbs. Generally each crossing should connect to at least 2 kerbs.
641918162,way,not appliable,not appliable,this crossing intersects fewer than 2 kerbs. Generally each crossing should connect to at least 2 kerbs.
641918164,way,not appliable,not appliable,this crossing intersects fewer than 2 kerbs. Generally each crossing should connect to at least 2 kerbs.
641918167,way,not appliable,not appliable,this crossing intersects fewer than 2 kerbs. Generally each crossing should connect to at least 2 kerbs.
641918170,way,not appliable,not appliable,this crossing intersects fewer than 2 kerbs. Generally each crossing should connect to at least 2 kerbs.
641918172,way,not appliable,not appliable,this crossing intersects fewer than 2 kerbs. Generally each crossing should connect to at least 2 kerbs.
641918187,way,not appliable,not appliable,this crossing intersects fewer than 2 kerbs. Generally each crossing should connect to at least 2 kerbs.
642204662,way,not appliable,not appliable,this crossing intersects fewer than 2 kerbs. Generally each crossing should connect to at least 2 kerbs.
645146663,way,not appliable,not appliable,this crossing intersects fewer than 2 kerbs. Generally each crossing should connect to at least 2 kerbs.
646178624,way,not appliable,not appliable,this crossing intersects fewer than 2 kerbs. Generally each crossing should connect to at least 2 kerbs.
646178626,way,not appliable,not appliable,this crossing intersects fewer than 2 kerbs. Generally each crossing should connect to at least 2 kerbs.
646178628,way,not appliable,not appliable,this crossing intersects fewer than 2 kerbs. Generally each crossing should connect to at least 2 kerbs.
646178630,way,not appliable,not appliable,this crossing intersects fewer than 2 kerbs. Generally each crossing should connect to at least 2 kerbs.
646178634,way,not appliable,not appliable,this crossing intersects fewer than 2 kerbs. Generally each crossing should connect to at least 2 kerbs.
646178636,way,not appliable,not appliable,this crossing intersects fewer than 2 kerbs. Generally each crossing should connect to at least 2 kerbs.
646399180,way,not appliable,not appliable,this crossing intersects fewer than 2 kerbs. Generally each crossing should connect to at least 2 kerbs.
646399182,way,not appliable,not appliable,this crossing intersects fewer than 2 kerbs. Generally each crossing should connect to at least 2 kerbs.
648318881,way,not appliable,not appliable,this crossing intersects fewer than 2 kerbs. Generally each crossing should connect to at least 2 kerbs.
648318889,way,not appliable,not appliable,this crossing intersects fewer than 2 kerbs. Generally each crossing should connect to at least 2 kerbs.
648962430,way,not appliable,not appliable,this crossing intersects fewer than 2 kerbs. Generally each crossing should connect to at least 2 kerbs.
651751889,way,not appliable,not appliable,this crossing intersects fewer than 2 kerbs. Generally each crossing should connect to at least 2 kerbs.
651899685,way,not appliable,not appliable,this crossing intersects fewer than 2 kerbs. Generally each crossing should connect to at least 2 kerbs.
651899691,way,not appliable,not appliable,this crossing intersects fewer than 2 kerbs. Generally each crossing should connect to at least 2 kerbs.
651899720,way,not appliable,not appliable,this crossing intersects fewer than 2 kerbs. Generally each crossing should connect to at least 2 kerbs.
651987189,way,not appliable,not appliable,this crossing intersects fewer than 2 kerbs. Generally each crossing should connect to at least 2 kerbs.
651987191,way,not appliable,not appliable,this crossing intersects fewer than 2 kerbs. Generally each crossing should connect to at least 2 kerbs.
651987193,way,not appliable,not appliable,this crossing intersects fewer than 2 kerbs. Generally each crossing should connect to at least 2 kerbs.
651987195,way,not appliable,not appliable,this crossing intersects fewer than 2 kerbs. Generally each crossing should connect to at least 2 kerbs.
651987201,way,not appliable,not appliable,this crossing intersects fewer than 2 kerbs. Generally each crossing should connect to at least 2 kerbs.
651987203,way,not appliable,not appliable,this crossing intersects fewer than 2 kerbs. Generally each crossing should connect to at least 2 kerbs.
651987205,way,not appliable,not appliable,this crossing intersects fewer than 2 kerbs. Generally each crossing should connect to at least 2 kerbs.
651987206,way,not appliable,not appliable,this crossing intersects fewer than 2 kerbs. Generally each crossing should connect to at least 2 kerbs.
652286943,way,not appliable,not appliable,this crossing intersects fewer than 2 kerbs. Generally each crossing should connect to at least 2 kerbs.
652286947,way,not appliable,not appliable,this crossing intersects fewer than 2 kerbs. Generally each crossing should connect to at least 2 kerbs.
652286969,way,not appliable,not appliable,this crossing intersects fewer than 2 kerbs. Generally each crossing should connect to at least 2 kerbs.
652286998,way,not appliable,not appliable,this crossing intersects fewer than 2 kerbs. Generally each crossing should connect to at least 2 kerbs.
652287026,way,not appliable,not appliable,this crossing intersects fewer than 2 kerbs. Generally each crossing should connect to at least 2 kerbs.
652287108,way,not appliable,not appliable,this crossing intersects fewer than 2 kerbs. Generally each crossing should connect to at least 2 kerbs.
652287110,way,not appliable,not appliable,this crossing intersects fewer than 2 kerbs. Generally each crossing should connect to at least 2 kerbs.
652562922,way,not appliable,not appliable,this crossing intersects fewer than 2 kerbs. Generally each crossing should connect to at least 2 kerbs.
652562923,way,not appliable,not appliable,this crossing intersects fewer than 2 kerbs. Generally each crossing should connect to at least 2 kerbs.
653128470,way,not appliable,not appliable,this crossing intersects fewer than 2 kerbs. Generally each crossing should connect to at least 2 kerbs.
653128487,way,not appliable,not appliable,this crossing intersects fewer than 2 kerbs. Generally each crossing should connect to at least 2 kerbs.
653128489,way,not appliable,not appliable,this crossing intersects fewer than 2 kerbs. Generally each crossing should connect to at least 2 kerbs.
653128491,way,not appliable,not appliable,this crossing intersects fewer than 2 kerbs. Generally each crossing should connect to at least 2 kerbs.
653128494,way,not appliable,not appliable,this crossing intersects fewer than 2 kerbs. Generally each crossing should connect to at least 2 kerbs.
653128508,way,not appliable,not appliable,this crossing intersects fewer than 2 kerbs. Generally each crossing should connect to at least 2 kerbs.
653128514,way,not appliable,not appliable,this crossing intersects fewer than 2 kerbs. Generally each crossing should connect to at least 2 kerbs.
653128516,way,not appliable,not appliable,this crossing intersects fewer than 2 kerbs. Generally each crossing should connect to at least 2 kerbs.
653128518,way,not appliable,not appliable,this crossing intersects fewer than 2 kerbs. Generally each crossing should connect to at least 2 kerbs.
653128525,way,not appliable,not appliable,this crossing intersects fewer than 2 kerbs. Generally each crossing should connect to at least 2 kerbs.
653128535,way,not appliable,not appliable,this crossing intersects fewer than 2 kerbs. Generally each crossing should connect to at least 2 kerbs.
653128537,way,not appliable,not appliable,this crossing intersects fewer than 2 kerbs. Generally each crossing should connect to at least 2 kerbs.
653287296,way,not appliable,not appliable,this crossing intersects fewer than 2 kerbs. Generally each crossing should connect to at least 2 kerbs.
653287298,way,not appliable,not appliable,this crossing intersects fewer than 2 kerbs. Generally each crossing should connect to at least 2 kerbs.
653287302,way,not appliable,not appliable,this crossing intersects fewer than 2 kerbs. Generally each crossing should connect to at least 2 kerbs.
653287309,way,not appliable,not appliable,this crossing intersects fewer than 2 kerbs. Generally each crossing should connect to at least 2 kerbs.
653287311,way,not appliable,not appliable,this crossing intersects fewer than 2 kerbs. Generally each crossing should connect to at least 2 kerbs.
653287313,way,not appliable,not appliable,this crossing intersects fewer than 2 kerbs. Generally each crossing should connect to at least 2 kerbs.
653287318,way,not appliable,not appliable,this crossing intersects fewer than 2 kerbs. Generally each crossing should connect to at least 2 kerbs.
653287324,way,not appliable,not appliable,this crossing intersects fewer than 2 kerbs. Generally each crossing should connect to at least 2 kerbs.
653287326,way,not appliable,not appliable,this crossing intersects fewer than 2 kerbs. Generally each crossing should connect to at least 2 kerbs.
653287328,way,not appliable,not appliable,this crossing intersects fewer than 2 kerbs. Generally each crossing should connect to at least 2 kerbs.
653287331,way,not appliable,not appliable,this crossing intersects fewer than 2 kerbs. Generally each crossing should connect to at least 2 kerbs.
653287333,way,not appliable,not appliable,this crossing intersects fewer than 2 kerbs. Generally each crossing should connect to at least 2 kerbs.
653287337,way,not appliable,not appliable,this crossing intersects fewer than 2 kerbs. Generally each crossing should connect to at least 2 kerbs.
653510670,way,not appliable,not appliable,this crossing intersects fewer than 2 kerbs. Generally each crossing should connect to at least 2 kerbs.
663164227,way,not appliable,not appliable,this crossing intersects fewer than 2 kerbs. Generally each crossing should connect to at least 2 kerbs.
663164230,way,not appliable,not appliable,this crossing intersects fewer than 2 kerbs. Generally each crossing should connect to at least 2 kerbs.
663164232,way,not appliable,not appliable,this crossing intersects fewer than 2 kerbs. Generally each crossing should connect to at least 2 kerbs.
663164238,way,not appliable,not appliable,this crossing intersects fewer than 2 kerbs. Generally each crossing should connect to at least 2 kerbs.
663164246,way,not appliable,not appliable,this crossing intersects fewer than 2 kerbs. Generally each crossing should connect to at least 2 kerbs.
663164251,way,not appliable,not appliable,this crossing intersects fewer than 2 kerbs. Generally each crossing should connect to at least 2 kerbs.
663164256,way,not appliable,not appliable,this crossing intersects fewer than 2 kerbs. Generally each crossing should connect to at least 2 kerbs.
663164259,way,not appliable,not appliable,this crossing intersects fewer than 2 kerbs. Generally each crossing should connect to at least 2 kerbs.
663164266,way,not appliable,not appliable,this crossing intersects fewer than 2 kerbs. Generally each crossing should connect to at least 2 kerbs.
663164270,way,not appliable,not appliable,this crossing intersects fewer than 2 kerbs. Generally each crossing should connect to at least 2 kerbs.
663164277,way,not appliable,not appliable,this crossing intersects fewer than 2 kerbs. Generally each crossing should connect to at least 2 kerbs.
663164284,way,not appliable,not appliable,this crossing intersects fewer than 2 kerbs. Generally each crossing should connect to at least 2 kerbs.
663164288,way,not appliable,not appliable,this crossing intersects fewer than 2 kerbs. Generally each crossing should connect to at least 2 kerbs.
663164292,way,not appliable,not appliable,this crossing intersects fewer than 2 kerbs. Generally each crossing should connect to at least 2 kerbs.
663164296,way,not appliable,not appliable,this crossing intersects fewer than 2 kerbs. Generally each crossing should connect to at least 2 kerbs.
669548485,way,not appliable,not appliable,this crossing intersects fewer than 2 kerbs. Generally each crossing should connect to at least 2 kerbs.
669548487,way,not appliable,not appliable,this crossing intersects fewer than 2 kerbs. Generally each crossing should connect to at least 2 kerbs.
669548491,way,not appliable,not appliable,this crossing intersects fewer than 2 kerbs. Generally each crossing should connect to at least 2 kerbs.
669548534,way,not appliable,not appliable,this crossing intersects fewer than 2 kerbs. Generally each crossing should connect to at least 2 kerbs.
678442068,way,not appliable,not appliable,this crossing intersects fewer than 2 kerbs. Generally each crossing should connect to at least 2 kerbs.
678442076,way,not appliable,not appliable,this crossing intersects fewer than 2 kerbs. Generally each crossing should connect to at least 2 kerbs.
678442080,way,not appliable,not appliable,this crossing intersects fewer than 2 kerbs. Generally each crossing should connect to at least 2 kerbs.
678442088,way,not appliable,not appliable,this crossing intersects fewer than 2 kerbs. Generally each crossing should connect to at least 2 kerbs.
678442111,way,not appliable,not appliable,this crossing intersects fewer than 2 kerbs. Generally each crossing should connect to at least 2 kerbs.
678442126,way,not appliable,not appliable,this crossing intersects fewer than 2 kerbs. Generally each crossing should connect to at least 2 kerbs.
678864546,way,not appliable,not appliable,this crossing intersects fewer than 2 kerbs. Generally each crossing should connect to at least 2 kerbs.
678864548,way,not appliable,not appliable,this crossing intersects fewer than 2 kerbs. Generally each crossing should connect to at least 2 kerbs.
678864551,way,not appliable,not appliable,this crossing intersects fewer than 2 kerbs. Generally each crossing should connect to at least 2 kerbs.
678864553,way,not appliable,not appliable,this crossing intersects fewer than 2 kerbs. Generally each crossing should connect to at least 2 kerbs.
678864555,way,not appliable,not appliable,this crossing intersects fewer than 2 kerbs. Generally each crossing should connect to at least 2 kerbs.
678864557,way,not appliable,not appliable,this crossing intersects fewer than 2 kerbs. Generally each crossing should connect to at least 2 kerbs.
678864560,way,not appliable,not appliable,this crossing intersects fewer than 2 kerbs. Generally each crossing should connect to at least 2 kerbs.
678864563,way,not appliable,not appliable,this crossing intersects fewer than 2 kerbs. Generally each crossing should connect to at least 2 kerbs.
686663525,way,not appliable,not appliable,this crossing intersects fewer than 2 kerbs. Generally each crossing should connect to at least 2 kerbs.
686663531,way,not appliable,not appliable,this crossing intersects fewer than 2 kerbs. Generally each crossing should connect to at least 2 kerbs.
686663532,way,not appliable,not appliable,this crossing intersects fewer than 2 kerbs. Generally each crossing should connect to at least 2 kerbs.
686663533,way,not appliable,not appliable,this crossing intersects fewer than 2 kerbs. Generally each crossing should connect to at least 2 kerbs.
686663541,way,not appliable,not appliable,this crossing intersects fewer than 2 kerbs. Generally each crossing should connect to at least 2 kerbs.
686767384,way,not appliable,not appliable,this crossing intersects fewer than 2 kerbs. Generally each crossing should connect to at least 2 kerbs.
686767386,way,not appliable,not appliable,this crossing intersects fewer than 2 kerbs. Generally each crossing should connect to at least 2 kerbs.
686767387,way,not appliable,not appliable,this crossing intersects fewer than 2 kerbs. Generally each crossing should connect to at least 2 kerbs.
686767390,way,not appliable,not appliable,this crossing intersects fewer than 2 kerbs. Generally each crossing should connect to at least 2 kerbs.
686767395,way,not appliable,not appliable,this crossing intersects fewer than 2 kerbs. Generally each crossing should connect to at least 2 kerbs.
686767397,way,not appliable,not appliable,this crossing intersects fewer than 2 kerbs. Generally each crossing should connect to at least 2 kerbs.
686934377,way,not appliable,not appliable,this crossing intersects fewer than 2 kerbs. Generally each crossing should connect to at least 2 kerbs.
689029682,way,not appliable,not appliable,this crossing intersects fewer than 2 kerbs. Generally each crossing should connect to at least 2 kerbs.
689029694,way,not appliable,not appliable,this crossing intersects fewer than 2 kerbs. Generally each crossing should connect to at least 2 kerbs.
689029697,way,not appliable,not appliable,this crossing intersects fewer than 2 kerbs. Generally each crossing should connect to at least 2 kerbs.
689029701,way,not appliable,not appliable,this crossing intersects fewer than 2 kerbs. Generally each crossing should connect to at least 2 kerbs.
689029703,way,not appliable,not appliable,this crossing intersects fewer than 2 kerbs. Generally each crossing should connect to at least 2 kerbs.
689029705,way,not appliable,not appliable,this crossing intersects fewer than 2 kerbs. Generally each crossing should connect to at least 2 kerbs.
689029707,way,not appliable,not appliable,this crossing intersects fewer than 2 kerbs. Generally each crossing should connect to at least 2 kerbs.
689029711,way,not appliable,not appliable,this crossing intersects fewer than 2 kerbs. Generally each crossing should connect to at least 2 kerbs.
689029713,way,not appliable,not appliable,this crossing intersects fewer than 2 kerbs. Generally each crossing should connect to at least 2 kerbs.
689029715,way,not appliable,not appliable,this crossing intersects fewer than 2 kerbs. Generally each crossing should connect to at least 2 kerbs.
689029717,way,not appliable,not appliable,this crossing intersects fewer than 2 kerbs. Generally each crossing should connect to at least 2 kerbs.
689029721,way,not appliable,not appliable,this crossing intersects fewer than 2 kerbs. Generally each crossing should connect to at least 2 kerbs.
689029723,way,not appliable,not appliable,this crossing intersects fewer than 2 kerbs. Generally each crossing should connect to at least 2 kerbs.
689029725,way,not appliable,not appliable,this crossing intersects fewer than 2 kerbs. Generally each crossing should connect to at least 2 kerbs.
689029727,way,not appliable,not appliable,this crossing intersects fewer than 2 kerbs. Generally each crossing should connect to at least 2 kerbs.
689029731,way,not appliable,not appliable,this crossing intersects fewer than 2 kerbs. Generally each crossing should connect to at least 2 kerbs.
689029733,way,not appliable,not appliable,this crossing intersects fewer than 2 kerbs. Generally each crossing should connect to at least 2 kerbs.
689029735,way,not appliable,not appliable,this crossing intersects fewer than 2 kerbs. Generally each crossing should connect to at least 2 kerbs.
689029737,way,not appliable,not appliable,this crossing intersects fewer than 2 kerbs. Generally each crossing should connect to at least 2 kerbs.
689029740,way,not appliable,not appliable,this crossing intersects fewer than 2 kerbs. Generally each crossing should connect to at least 2 kerbs.
689502251,way,not appliable,not appliable,this crossing intersects fewer than 2 kerbs. Generally each crossing should connect to at least 2 kerbs.
689502266,way,not appliable,not appliable,this crossing intersects fewer than 2 kerbs. Generally each crossing should connect to at least 2 kerbs.
689660308,way,not appliable,not appliable,this crossing intersects fewer than 2 kerbs. Generally each crossing should connect to at least 2 kerbs.
689660310,way,not appliable,not appliable,this crossing intersects fewer than 2 kerbs. Generally each crossing should connect to at least 2 kerbs.
689660312,way,not appliable,not appliable,this crossing intersects fewer than 2 kerbs. Generally each crossing should connect to at least 2 kerbs.
689660315,way,not appliable,not appliable,this crossing intersects fewer than 2 kerbs. Generally each crossing should connect to at least 2 kerbs.
689660317,way,not appliable,not appliable,this crossing intersects fewer than 2 kerbs. Generally each crossing should connect to at least 2 kerbs.
689660319,way,not appliable,not appliable,this crossing intersects fewer than 2 kerbs. Generally each crossing should connect to at least 2 kerbs.
689660321,way,not appliable,not appliable,this crossing intersects fewer than 2 kerbs. Generally each crossing should connect to at least 2 kerbs.
689660325,way,not appliable,not appliable,this crossing intersects fewer than 2 kerbs. Generally each crossing should connect to at least 2 kerbs.
689660327,way,not appliable,not appliable,this crossing intersects fewer than 2 kerbs. Generally each crossing should connect to at least 2 kerbs.
689660331,way,not appliable,not appliable,this crossing intersects fewer than 2 kerbs. Generally each crossing should connect to at least 2 kerbs.
689660333,way,not appliable,not appliable,this crossing intersects fewer than 2 kerbs. Generally each crossing should connect to at least 2 kerbs.
689660335,way,not appliable,not appliable,this crossing intersects fewer than 2 kerbs. Generally each crossing should connect to at least 2 kerbs.
689660338,way,not appliable,not appliable,this crossing intersects fewer than 2 kerbs. Generally each crossing should connect to at least 2 kerbs.
690973861,way,not appliable,not appliable,this crossing intersects fewer than 2 kerbs. Generally each crossing should connect to at least 2 kerbs.
690973862,way,not appliable,not appliable,this crossing intersects fewer than 2 kerbs. Generally each crossing should connect to at least 2 kerbs.
690973863,way,not appliable,not appliable,this crossing intersects fewer than 2 kerbs. Generally each crossing should connect to at least 2 kerbs.
690973864,way,not appliable,not appliable,this crossing intersects fewer than 2 kerbs. Generally each crossing should connect to at least 2 kerbs.
690973869,way,not appliable,not appliable,this crossing intersects fewer than 2 kerbs. Generally each crossing should connect to at least 2 kerbs.
730463383,way,not appliable,not appliable,this crossing intersects fewer than 2 kerbs. Generally each crossing should connect to at least 2 kerbs.
731253131,way,not appliable,not appliable,this crossing intersects fewer than 2 kerbs. Generally each crossing should connect to at least 2 kerbs.
731253133,way,not appliable,not appliable,this crossing intersects fewer than 2 kerbs. Generally each crossing should connect to at least 2 kerbs.
731268994,way,not appliable,not appliable,this crossing intersects fewer than 2 kerbs. Generally each crossing should connect to at least 2 kerbs.
732644111,way,not appliable,not appliable,this crossing intersects fewer than 2 kerbs. Generally each crossing should connect to at least 2 kerbs.
736287637,way,not appliable,not appliable,this crossing intersects fewer than 2 kerbs. Generally each crossing should connect to at least 2 kerbs.
738535152,way,not appliable,not appliable,this crossing intersects fewer than 2 kerbs. Generally each crossing should connect to at least 2 kerbs.
765716118,way,not appliable,not appliable,this crossing intersects fewer than 2 kerbs. Generally each crossing should connect to at least 2 kerbs.
767429270,way,not appliable,not appliable,this crossing intersects fewer than 2 kerbs. Generally each crossing should connect to at least 2 kerbs.
767629184,way,not appliable,not appliable,this crossing intersects fewer than 2 kerbs. Generally each crossing should connect to at least 2 kerbs.
767629186,way,not appliable,not appliable,this crossing intersects fewer than 2 kerbs. Generally each crossing should connect to at least 2 kerbs.
767762823,way,not appliable,not appliable,this crossing intersects fewer than 2 kerbs. Generally each crossing should connect to at least 2 kerbs.
767762824,way,not appliable,not appliable,this crossing intersects fewer than 2 kerbs. Generally each crossing should connect to at least 2 kerbs.
768672594,way,not appliable,not appliable,this crossing intersects fewer than 2 kerbs. Generally each crossing should connect to at least 2 kerbs.
768672595,way,not appliable,not appliable,this crossing intersects fewer than 2 kerbs. Generally each crossing should connect to at least 2 kerbs.
768672597,way,not appliable,not appliable,this crossing intersects fewer than 2 kerbs. Generally each crossing should connect to at least 2 kerbs.
768672599,way,not appliable,not appliable,this crossing intersects fewer than 2 kerbs. Generally each crossing should connect to at least 2 kerbs.
768969598,way,not appliable,not appliable,this crossing intersects fewer than 2 kerbs. Generally each crossing should connect to at least 2 kerbs.
770924449,way,not appliable,not appliable,this crossing intersects fewer than 2 kerbs. Generally each crossing should connect to at least 2 kerbs.
770925274,way,not appliable,not appliable,this crossing intersects fewer than 2 kerbs. Generally each crossing should connect to at least 2 kerbs.
770925278,way,not appliable,not appliable,this crossing intersects fewer than 2 kerbs. Generally each crossing should connect to at least 2 kerbs.
770930026,way,not appliable,not appliable,this crossing intersects fewer than 2 kerbs. Generally each crossing should connect to at least 2 kerbs.
770930029,way,not appliable,not appliable,this crossing intersects fewer than 2 kerbs. Generally each crossing should connect to at least 2 kerbs.
770930030,way,not appliable,not appliable,this crossing intersects fewer than 2 kerbs. Generally each crossing should connect to at least 2 kerbs.
770934262,way,not appliable,not appliable,this crossing intersects fewer than 2 kerbs. Generally each crossing should connect to at least 2 kerbs.
771684606,way,not appliable,not appliable,this crossing intersects fewer than 2 kerbs. Generally each crossing should connect to at least 2 kerbs.
771684988,way,not appliable,not appliable,this crossing intersects fewer than 2 kerbs. Generally each crossing should connect to at least 2 kerbs.
771690089,way,not appliable,not appliable,this crossing intersects fewer than 2 kerbs. Generally each crossing should connect to at least 2 kerbs.
771690090,way,not appliable,not appliable,this crossing intersects fewer than 2 kerbs. Generally each crossing should connect to at least 2 kerbs.
771691970,way,not appliable,not appliable,this crossing intersects fewer than 2 kerbs. Generally each crossing should connect to at least 2 kerbs.
771710427,way,not appliable,not appliable,this crossing intersects fewer than 2 kerbs. Generally each crossing should connect to at least 2 kerbs.
771710429,way,not appliable,not appliable,this crossing intersects fewer than 2 kerbs. Generally each crossing should connect to at least 2 kerbs.
771710430,way,not appliable,not appliable,this crossing intersects fewer than 2 kerbs. Generally each crossing should connect to at least 2 kerbs.
771710431,way,not appliable,not appliable,this crossing intersects fewer than 2 kerbs. Generally each crossing should connect to at least 2 kerbs.
771713369,way,not appliable,not appliable,this crossing intersects fewer than 2 kerbs. Generally each crossing should connect to at least 2 kerbs.
771713371,way,not appliable,not appliable,this crossing intersects fewer than 2 kerbs. Generally each crossing should connect to at least 2 kerbs.
771713373,way,not appliable,not appliable,this crossing intersects fewer than 2 kerbs. Generally each crossing should connect to at least 2 kerbs.
771716318,way,not appliable,not appliable,this crossing intersects fewer than 2 kerbs. Generally each crossing should connect to at least 2 kerbs.
771716319,way,not appliable,not appliable,this crossing intersects fewer than 2 kerbs. Generally each crossing should connect to at least 2 kerbs.
771716321,way,not appliable,not appliable,this crossing intersects fewer than 2 kerbs. Generally each crossing should connect to at least 2 kerbs.
771716322,way,not appliable,not appliable,this crossing intersects fewer than 2 kerbs. Generally each crossing should connect to at least 2 kerbs.
771716323,way,not appliable,not appliable,this crossing intersects fewer than 2 kerbs. Generally each crossing should connect to at least 2 kerbs.
771716324,way,not appliable,not appliable,this crossing intersects fewer than 2 kerbs. Generally each crossing should connect to at least 2 kerbs.
771716325,way,not appliable,not appliable,this crossing intersects fewer than 2 kerbs. Generally each crossing should connect to at least 2 kerbs.
771716326,way,not appliable,not appliable,this crossing intersects fewer than 2 kerbs. Generally each crossing should connect to at least 2 kerbs.
771719075,way,not appliable,not appliable,this crossing intersects fewer than 2 kerbs. Generally each crossing should connect to at least 2 kerbs.
771719076,way,not appliable,not appliable,this crossing intersects fewer than 2 kerbs. Generally each crossing should connect to at least 2 kerbs.
771719077,way,not appliable,not appliable,this crossing intersects fewer than 2 kerbs. Generally each crossing should connect to at least 2 kerbs.
771719079,way,not appliable,not appliable,this crossing intersects fewer than 2 kerbs. Generally each crossing should connect to at least 2 kerbs.
771719083,way,not appliable,not appliable,this crossing intersects fewer than 2 kerbs. Generally each crossing should connect to at least 2 kerbs.
771719084,way,not appliable,not appliable,this crossing intersects fewer than 2 kerbs. Generally each crossing should connect to at least 2 kerbs.
771719087,way,not appliable,not appliable,this crossing intersects fewer than 2 kerbs. Generally each crossing should connect to at least 2 kerbs.
771719088,way,not appliable,not appliable,this crossing intersects fewer than 2 kerbs. Generally each crossing should connect to at least 2 kerbs.
771721765,way,not appliable,not appliable,this crossing intersects fewer than 2 kerbs. Generally each crossing should connect to at least 2 kerbs.
771721766,way,not appliable,not appliable,this crossing intersects fewer than 2 kerbs. Generally each crossing should connect to at least 2 kerbs.
771724389,way,not appliable,not appliable,this crossing intersects fewer than 2 kerbs. Generally each crossing should connect to at least 2 kerbs.
771724390,way,not appliable,not appliable,this crossing intersects fewer than 2 kerbs. Generally each crossing should connect to at least 2 kerbs.
771724391,way,not appliable,not appliable,this crossing intersects fewer than 2 kerbs. Generally each crossing should connect to at least 2 kerbs.
771724395,way,not appliable,not appliable,this crossing intersects fewer than 2 kerbs. Generally each crossing should connect to at least 2 kerbs.
771740035,way,not appliable,not appliable,this crossing intersects fewer than 2 kerbs. Generally each crossing should connect to at least 2 kerbs.
771740036,way,not appliable,not appliable,this crossing intersects fewer than 2 kerbs. Generally each crossing should connect to at least 2 kerbs.
771740038,way,not appliable,not appliable,this crossing intersects fewer than 2 kerbs. Generally each crossing should connect to at least 2 kerbs.
771744321,way,not appliable,not appliable,this crossing intersects fewer than 2 kerbs. Generally each crossing should connect to at least 2 kerbs.
771744323,way,not appliable,not appliable,this crossing intersects fewer than 2 kerbs. Generally each crossing should connect to at least 2 kerbs.
771744325,way,not appliable,not appliable,this crossing intersects fewer than 2 kerbs. Generally each crossing should connect to at least 2 kerbs.
771744326,way,not appliable,not appliable,this crossing intersects fewer than 2 kerbs. Generally each crossing should connect to at least 2 kerbs.
771744329,way,not appliable,not appliable,this crossing intersects fewer than 2 kerbs. Generally each crossing should connect to at least 2 kerbs.
771744330,way,not appliable,not appliable,this crossing intersects fewer than 2 kerbs. Generally each crossing should connect to at least 2 kerbs.
771744331,way,not appliable,not appliable,this crossing intersects fewer than 2 kerbs. Generally each crossing should connect to at least 2 kerbs.
771744332,way,not appliable,not appliable,this crossing intersects fewer than 2 kerbs. Generally each crossing should connect to at least 2 kerbs.
771747922,way,not appliable,not appliable,this crossing intersects fewer than 2 kerbs. Generally each crossing should connect to at least 2 kerbs.
771747925,way,not appliable,not appliable,this crossing intersects fewer than 2 kerbs. Generally each crossing should connect to at least 2 kerbs.
771747926,way,not appliable,not appliable,this crossing intersects fewer than 2 kerbs. Generally each crossing should connect to at least 2 kerbs.
771747927,way,not appliable,not appliable,this crossing intersects fewer than 2 kerbs. Generally each crossing should connect to at least 2 kerbs.
771747928,way,not appliable,not appliable,this crossing intersects fewer than 2 kerbs. Generally each crossing should connect to at least 2 kerbs.
771747930,way,not appliable,not appliable,this crossing intersects fewer than 2 kerbs. Generally each crossing should connect to at least 2 kerbs.
771747933,way,not appliable,not appliable,this crossing intersects fewer than 2 kerbs. Generally each crossing should connect to at least 2 kerbs.
771747934,way,not appliable,not appliable,this crossing intersects fewer than 2 kerbs. Generally each crossing should connect to at least 2 kerbs.
771747935,way,not appliable,not appliable,this crossing intersects fewer than 2 kerbs. Generally each crossing should connect to at least 2 kerbs.
771758143,way,not appliable,not appliable,this crossing intersects fewer than 2 kerbs. Generally each crossing should connect to at least 2 kerbs.
772236706,way,not appliable,not appliable,this crossing intersects fewer than 2 kerbs. Generally each crossing should connect to at least 2 kerbs.
772247394,way,not appliable,not appliable,this crossing intersects fewer than 2 kerbs. Generally each crossing should connect to at least 2 kerbs.
772248303,way,not appliable,not appliable,this crossing intersects fewer than 2 kerbs. Generally each crossing should connect to at least 2 kerbs.
772248304,way,not appliable,not appliable,this crossing intersects fewer than 2 kerbs. Generally each crossing should connect to at least 2 kerbs.
772255308,way,not appliable,not appliable,this crossing intersects fewer than 2 kerbs. Generally each crossing should connect to at least 2 kerbs.
772255309,way,not appliable,not appliable,this crossing intersects fewer than 2 kerbs. Generally each crossing should connect to at least 2 kerbs.
772255310,way,not appliable,not appliable,this crossing intersects fewer than 2 kerbs. Generally each crossing should connect to at least 2 kerbs.
772255312,way,not appliable,not appliable,this crossing intersects fewer than 2 kerbs. Generally each crossing should connect to at least 2 kerbs.
772255314,way,not appliable,not appliable,this crossing intersects fewer than 2 kerbs. Generally each crossing should connect to at least 2 kerbs.
772255315,way,not appliable,not appliable,this crossing intersects fewer than 2 kerbs. Generally each crossing should connect to at least 2 kerbs.
772255316,way,not appliable,not appliable,this crossing intersects fewer than 2 kerbs. Generally each crossing should connect to at least 2 kerbs.
772255318,way,not appliable,not appliable,this crossing intersects fewer than 2 kerbs. Generally each crossing should connect to at least 2 kerbs.
772255322,way,not appliable,not appliable,this crossing intersects fewer than 2 kerbs. Generally each crossing should connect to at least 2 kerbs.
772255323,way,not appliable,not appliable,this crossing intersects fewer than 2 kerbs. Generally each crossing should connect to at least 2 kerbs.
773641940,way,not appliable,not appliable,this crossing intersects fewer than 2 kerbs. Generally each crossing should connect to at least 2 kerbs.
773641944,way,not appliable,not appliable,this crossing intersects fewer than 2 kerbs. Generally each crossing should connect to at least 2 kerbs.
773641945,way,not appliable,not appliable,this crossing intersects fewer than 2 kerbs. Generally each crossing should connect to at least 2 kerbs.
773641952,way,not appliable,not appliable,this crossing intersects fewer than 2 kerbs. Generally each crossing should connect to at least 2 kerbs.
773641953,way,not appliable,not appliable,this crossing intersects fewer than 2 kerbs. Generally each crossing should connect to at least 2 kerbs.
773641955,way,not appliable,not appliable,this crossing intersects fewer than 2 kerbs. Generally each crossing should connect to at least 2 kerbs.
773827087,way,not appliable,not appliable,this crossing intersects fewer than 2 kerbs. Generally each crossing should connect to at least 2 kerbs.
773827089,way,not appliable,not appliable,this crossing intersects fewer than 2 kerbs. Generally each crossing should connect to at least 2 kerbs.
773840433,way,not appliable,not appliable,this crossing intersects fewer than 2 kerbs. Generally each crossing should connect to at least 2 kerbs.
773848210,way,not appliable,not appliable,this crossing intersects fewer than 2 kerbs. Generally each crossing should connect to at least 2 kerbs.
774859011,way,not appliable,not appliable,this crossing intersects fewer than 2 kerbs. Generally each crossing should connect to at least 2 kerbs.
774859017,way,not appliable,not appliable,this crossing intersects fewer than 2 kerbs. Generally each crossing should connect to at least 2 kerbs.
774859019,way,not appliable,not appliable,this crossing intersects fewer than 2 kerbs. Generally each crossing should connect to at least 2 kerbs.
774859020,way,not appliable,not appliable,this crossing intersects fewer than 2 kerbs. Generally each crossing should connect to at least 2 kerbs.
776031144,way,not appliable,not appliable,this crossing intersects fewer than 2 kerbs. Generally each crossing should connect to at least 2 kerbs.
776031152,way,not appliable,not appliable,this crossing intersects fewer than 2 kerbs. Generally each crossing should connect to at least 2 kerbs.
776031154,way,not appliable,not appliable,this crossing intersects fewer than 2 kerbs. Generally each crossing should connect to at least 2 kerbs.
776031155,way,not appliable,not appliable,this crossing intersects fewer than 2 kerbs. Generally each crossing should connect to at least 2 kerbs.
776031157,way,not appliable,not appliable,this crossing intersects fewer than 2 kerbs. Generally each crossing should connect to at least 2 kerbs.
776046025,way,not appliable,not appliable,this crossing intersects fewer than 2 kerbs. Generally each crossing should connect to at least 2 kerbs.
776604943,way,not appliable,not appliable,this crossing intersects fewer than 2 kerbs. Generally each crossing should connect to at least 2 kerbs.
776604946,way,not appliable,not appliable,this crossing intersects fewer than 2 kerbs. Generally each crossing should connect to at least 2 kerbs.
776616755,way,not appliable,not appliable,this crossing intersects fewer than 2 kerbs. Generally each crossing should connect to at least 2 kerbs.
776616760,way,not appliable,not appliable,this crossing intersects fewer than 2 kerbs. Generally each crossing should connect to at least 2 kerbs.
776616761,way,not appliable,not appliable,this crossing intersects fewer than 2 kerbs. Generally each crossing should connect to at least 2 kerbs.
776616762,way,not appliable,not appliable,this crossing intersects fewer than 2 kerbs. Generally each crossing should connect to at least 2 kerbs.
776616775,way,not appliable,not appliable,this crossing intersects fewer than 2 kerbs. Generally each crossing should connect to at least 2 kerbs.
777260046,way,not appliable,not appliable,this crossing intersects fewer than 2 kerbs. Generally each crossing should connect to at least 2 kerbs.
777260049,way,not appliable,not appliable,this crossing intersects fewer than 2 kerbs. Generally each crossing should connect to at least 2 kerbs.
777260050,way,not appliable,not appliable,this crossing intersects fewer than 2 kerbs. Generally each crossing should connect to at least 2 kerbs.
777260051,way,not appliable,not appliable,this crossing intersects fewer than 2 kerbs. Generally each crossing should connect to at least 2 kerbs.
777260052,way,not appliable,not appliable,this crossing intersects fewer than 2 kerbs. Generally each crossing should connect to at least 2 kerbs.
777260053,way,not appliable,not appliable,this crossing intersects fewer than 2 kerbs. Generally each crossing should connect to at least 2 kerbs.
777260054,way,not appliable,not appliable,this crossing intersects fewer than 2 kerbs. Generally each crossing should connect to at least 2 kerbs.
777260055,way,not appliable,not appliable,this crossing intersects fewer than 2 kerbs. Generally each crossing should connect to at least 2 kerbs.
777260056,way,not appliable,not appliable,this crossing intersects fewer than 2 kerbs. Generally each crossing should connect to at least 2 kerbs.
777260057,way,not appliable,not appliable,this crossing intersects fewer than 2 kerbs. Generally each crossing should connect to at least 2 kerbs.
777260058,way,not appliable,not appliable,this crossing intersects fewer than 2 kerbs. Generally each crossing should connect to at least 2 kerbs.
777260059,way,not appliable,not appliable,this crossing intersects fewer than 2 kerbs. Generally each crossing should connect to at least 2 kerbs.
777276464,way,not appliable,not appliable,this crossing intersects fewer than 2 kerbs. Generally each crossing should connect to at least 2 kerbs.
778074379,way,not appliable,not appliable,this crossing intersects fewer than 2 kerbs. Generally each crossing should connect to at least 2 kerbs.
778579724,way,not appliable,not appliable,this crossing intersects fewer than 2 kerbs. Generally each crossing should connect to at least 2 kerbs.
778579725,way,not appliable,not appliable,this crossing intersects fewer than 2 kerbs. Generally each crossing should connect to at least 2 kerbs.
778579727,way,not appliable,not appliable,this crossing intersects fewer than 2 kerbs. Generally each crossing should connect to at least 2 kerbs.
778579731,way,not appliable,not appliable,this crossing intersects fewer than 2 kerbs. Generally each crossing should connect to at least 2 kerbs.
778579732,way,not appliable,not appliable,this crossing intersects fewer than 2 kerbs. Generally each crossing should connect to at least 2 kerbs.
778579733,way,not appliable,not appliable,this crossing intersects fewer than 2 kerbs. Generally each crossing should connect to at least 2 kerbs.
778579736,way,not appliable,not appliable,this crossing intersects fewer than 2 kerbs. Generally each crossing should connect to at least 2 kerbs.
778579737,way,not appliable,not appliable,this crossing intersects fewer than 2 kerbs. Generally each crossing should connect to at least 2 kerbs.
778579738,way,not appliable,not appliable,this crossing intersects fewer than 2 kerbs. Generally each crossing should connect to at least 2 kerbs.
778579739,way,not appliable,not appliable,this crossing intersects fewer than 2 kerbs. Generally each crossing should connect to at least 2 kerbs.
778582309,way,not appliable,not appliable,this crossing intersects fewer than 2 kerbs. Generally each crossing should connect to at least 2 kerbs.
778582310,way,not appliable,not appliable,this crossing intersects fewer than 2 kerbs. Generally each crossing should connect to at least 2 kerbs.
779380720,way,not appliable,not appliable,this crossing intersects fewer than 2 kerbs. Generally each crossing should connect to at least 2 kerbs.
779380721,way,not appliable,not appliable,this crossing intersects fewer than 2 kerbs. Generally each crossing should connect to at least 2 kerbs.
779380728,way,not appliable,not appliable,this crossing intersects fewer than 2 kerbs. Generally each crossing should connect to at least 2 kerbs.
779440165,way,not appliable,not appliable,this crossing intersects fewer than 2 kerbs. Generally each crossing should connect to at least 2 kerbs.
779440169,way,not appliable,not appliable,this crossing intersects fewer than 2 kerbs. Generally each crossing should connect to at least 2 kerbs.
779440171,way,not appliable,not appliable,this crossing intersects fewer than 2 kerbs. Generally each crossing should connect to at least 2 kerbs.
779440172,way,not appliable,not appliable,this crossing intersects fewer than 2 kerbs. Generally each crossing should connect to at least 2 kerbs.
779660557,way,not appliable,not appliable,this crossing intersects fewer than 2 kerbs. Generally each crossing should connect to at least 2 kerbs.
779660560,way,not appliable,not appliable,this crossing intersects fewer than 2 kerbs. Generally each crossing should connect to at least 2 kerbs.
779660561,way,not appliable,not appliable,this crossing intersects fewer than 2 kerbs. Generally each crossing should connect to at least 2 kerbs.
779660563,way,not appliable,not appliable,this crossing intersects fewer than 2 kerbs. Generally each crossing should connect to at least 2 kerbs.
779660565,way,not appliable,not appliable,this crossing intersects fewer than 2 kerbs. Generally each crossing should connect to at least 2 kerbs.
779660567,way,not appliable,not appliable,this crossing intersects fewer than 2 kerbs. Generally each crossing should connect to at least 2 kerbs.
781071651,way,not appliable,not appliable,this crossing intersects fewer than 2 kerbs. Generally each crossing should connect to at least 2 kerbs.
781071652,way,not appliable,not appliable,this crossing intersects fewer than 2 kerbs. Generally each crossing should connect to at least 2 kerbs.
781071666,way,not appliable,not appliable,this crossing intersects fewer than 2 kerbs. Generally each crossing should connect to at least 2 kerbs.
785180896,way,not appliable,not appliable,this crossing intersects fewer than 2 kerbs. Generally each crossing should connect to at least 2 kerbs.
785180898,way,not appliable,not appliable,this crossing intersects fewer than 2 kerbs. Generally each crossing should connect to at least 2 kerbs.
785965156,way,not appliable,not appliable,this crossing intersects fewer than 2 kerbs. Generally each crossing should connect to at least 2 kerbs.
785965157,way,not appliable,not appliable,this crossing intersects fewer than 2 kerbs. Generally each crossing should connect to at least 2 kerbs.
786952856,way,not appliable,not appliable,this crossing intersects fewer than 2 kerbs. Generally each crossing should connect to at least 2 kerbs.
786952857,way,not appliable,not appliable,this crossing intersects fewer than 2 kerbs. Generally each crossing should connect to at least 2 kerbs.
786952860,way,not appliable,not appliable,this crossing intersects fewer than 2 kerbs. Generally each crossing should connect to at least 2 kerbs.
786952868,way,not appliable,not appliable,this crossing intersects fewer than 2 kerbs. Generally each crossing should connect to at least 2 kerbs.
786952875,way,not appliable,not appliable,this crossing intersects fewer than 2 kerbs. Generally each crossing should connect to at least 2 kerbs.
786952876,way,not appliable,not appliable,this crossing intersects fewer than 2 kerbs. Generally each crossing should connect to at least 2 kerbs.
786952877,way,not appliable,not appliable,this crossing intersects fewer than 2 kerbs. Generally each crossing should connect to at least 2 kerbs.
786952878,way,not appliable,not appliable,this crossing intersects fewer than 2 kerbs. Generally each crossing should connect to at least 2 kerbs.
786952882,way,not appliable,not appliable,this crossing intersects fewer than 2 kerbs. Generally each crossing should connect to at least 2 kerbs.
788307183,way,not appliable,not appliable,this crossing intersects fewer than 2 kerbs. Generally each crossing should connect to at least 2 kerbs.
790018767,way,not appliable,not appliable,this crossing intersects fewer than 2 kerbs. Generally each crossing should connect to at least 2 kerbs.
790018770,way,not appliable,not appliable,this crossing intersects fewer than 2 kerbs. Generally each crossing should connect to at least 2 kerbs.
790018772,way,not appliable,not appliable,this crossing intersects fewer than 2 kerbs. Generally each crossing should connect to at least 2 kerbs.
790018773,way,not appliable,not appliable,this crossing intersects fewer than 2 kerbs. Generally each crossing should connect to at least 2 kerbs.
790034531,way,not appliable,not appliable,this crossing intersects fewer than 2 kerbs. Generally each crossing should connect to at least 2 kerbs.
790034533,way,not appliable,not appliable,this crossing intersects fewer than 2 kerbs. Generally each crossing should connect to at least 2 kerbs.
790034537,way,not appliable,not appliable,this crossing intersects fewer than 2 kerbs. Generally each crossing should connect to at least 2 kerbs.
790034540,way,not appliable,not appliable,this crossing intersects fewer than 2 kerbs. Generally each crossing should connect to at least 2 kerbs.
790438930,way,not appliable,not appliable,this crossing intersects fewer than 2 kerbs. Generally each crossing should connect to at least 2 kerbs.
790438932,way,not appliable,not appliable,this crossing intersects fewer than 2 kerbs. Generally each crossing should connect to at least 2 kerbs.
790438935,way,not appliable,not appliable,this crossing intersects fewer than 2 kerbs. Generally each crossing should connect to at least 2 kerbs.
790438938,way,not appliable,not appliable,this crossing intersects fewer than 2 kerbs. Generally each crossing should connect to at least 2 kerbs.
790438944,way,not appliable,not appliable,this crossing intersects fewer than 2 kerbs. Generally each crossing should connect to at least 2 kerbs.
790438947,way,not appliable,not appliable,this crossing intersects fewer than 2 kerbs. Generally each crossing should connect to at least 2 kerbs.
790438949,way,not appliable,not appliable,this crossing intersects fewer than 2 kerbs. Generally each crossing should connect to at least 2 kerbs.
790438951,way,not appliable,not appliable,this crossing intersects fewer than 2 kerbs. Generally each crossing should connect to at least 2 kerbs.
790438953,way,not appliable,not appliable,this crossing intersects fewer than 2 kerbs. Generally each crossing should connect to at least 2 kerbs.
790438954,way,not appliable,not appliable,this crossing intersects fewer than 2 kerbs. Generally each crossing should connect to at least 2 kerbs.
790438956,way,not appliable,not appliable,this crossing intersects fewer than 2 kerbs. Generally each crossing should connect to at least 2 kerbs.
790438958,way,not appliable,not appliable,this crossing intersects fewer than 2 kerbs. Generally each crossing should connect to at least 2 kerbs.
790438959,way,not appliable,not appliable,this crossing intersects fewer than 2 kerbs. Generally each crossing should connect to at least 2 kerbs.
790438960,way,not appliable,not appliable,this crossing intersects fewer than 2 kerbs. Generally each crossing should connect to at least 2 kerbs.
790438962,way,not appliable,not appliable,this crossing intersects fewer than 2 kerbs. Generally each crossing should connect to at least 2 kerbs.
790438963,way,not appliable,not appliable,this crossing intersects fewer than 2 kerbs. Generally each crossing should connect to at least 2 kerbs.
790438986,way,not appliable,not appliable,this crossing intersects fewer than 2 kerbs. Generally each crossing should connect to at least 2 kerbs.
790438988,way,not appliable,not appliable,this crossing intersects fewer than 2 kerbs. Generally each crossing should connect to at least 2 kerbs.
790438989,way,not appliable,not appliable,this crossing intersects fewer than 2 kerbs. Generally each crossing should connect to at least 2 kerbs.
790438992,way,not appliable,not appliable,this crossing intersects fewer than 2 kerbs. Generally each crossing should connect to at least 2 kerbs.
795380020,way,not appliable,not appliable,this crossing intersects fewer than 2 kerbs. Generally each crossing should connect to at least 2 kerbs.
795380023,way,not appliable,not appliable,this crossing intersects fewer than 2 kerbs. Generally each crossing should connect to at least 2 kerbs.
795399542,way,not appliable,not appliable,this crossing intersects fewer than 2 kerbs. Generally each crossing should connect to at least 2 kerbs.
795399544,way,not appliable,not appliable,this crossing intersects fewer than 2 kerbs. Generally each crossing should connect to at least 2 kerbs.
795399546,way,not appliable,not appliable,this crossing intersects fewer than 2 kerbs. Generally each crossing should connect to at least 2 kerbs.
795399548,way,not appliable,not appliable,this crossing intersects fewer than 2 kerbs. Generally each crossing should connect to at least 2 kerbs.
795399550,way,not appliable,not appliable,this crossing intersects fewer than 2 kerbs. Generally each crossing should connect to at least 2 kerbs.
795399551,way,not appliable,not appliable,this crossing intersects fewer than 2 kerbs. Generally each crossing should connect to at least 2 kerbs.
795399553,way,not appliable,not appliable,this crossing intersects fewer than 2 kerbs. Generally each crossing should connect to at least 2 kerbs.
795399554,way,not appliable,not appliable,this crossing intersects fewer than 2 kerbs. Generally each crossing should connect to at least 2 kerbs.
795399555,way,not appliable,not appliable,this crossing intersects fewer than 2 kerbs. Generally each crossing should connect to at least 2 kerbs.
795399556,way,not appliable,not appliable,this crossing intersects fewer than 2 kerbs. Generally each crossing should connect to at least 2 kerbs.
795399577,way,not appliable,not appliable,this crossing intersects fewer than 2 kerbs. Generally each crossing should connect to at least 2 kerbs.
795399578,way,not appliable,not appliable,this crossing intersects fewer than 2 kerbs. Generally each crossing should connect to at least 2 kerbs.
795399579,way,not appliable,not appliable,this crossing intersects fewer than 2 kerbs. Generally each crossing should connect to at least 2 kerbs.
795399580,way,not appliable,not appliable,this crossing intersects fewer than 2 kerbs. Generally each crossing should connect to at least 2 kerbs.
796499438,way,not appliable,not appliable,this crossing intersects fewer than 2 kerbs. Generally each crossing should connect to at least 2 kerbs.
796499439,way,not appliable,not appliable,this crossing intersects fewer than 2 kerbs. Generally each crossing should connect to at least 2 kerbs.
796499442,way,not appliable,not appliable,this crossing intersects fewer than 2 kerbs. Generally each crossing should connect to at least 2 kerbs.
796560996,way,not appliable,not appliable,this crossing intersects fewer than 2 kerbs. Generally each crossing should connect to at least 2 kerbs.
796560997,way,not appliable,not appliable,this crossing intersects fewer than 2 kerbs. Generally each crossing should connect to at least 2 kerbs.
796594182,way,not appliable,not appliable,this crossing intersects fewer than 2 kerbs. Generally each crossing should connect to at least 2 kerbs.
796594191,way,not appliable,not appliable,this crossing intersects fewer than 2 kerbs. Generally each crossing should connect to at least 2 kerbs.
796594194,way,not appliable,not appliable,this crossing intersects fewer than 2 kerbs. Generally each crossing should connect to at least 2 kerbs.
796594197,way,not appliable,not appliable,this crossing intersects fewer than 2 kerbs. Generally each crossing should connect to at least 2 kerbs.
796594198,way,not appliable,not appliable,this crossing intersects fewer than 2 kerbs. Generally each crossing should connect to at least 2 kerbs.
796594199,way,not appliable,not appliable,this crossing intersects fewer than 2 kerbs. Generally each crossing should connect to at least 2 kerbs.
796594201,way,not appliable,not appliable,this crossing intersects fewer than 2 kerbs. Generally each crossing should connect to at least 2 kerbs.
796594202,way,not appliable,not appliable,this crossing intersects fewer than 2 kerbs. Generally each crossing should connect to at least 2 kerbs.
796594205,way,not appliable,not appliable,this crossing intersects fewer than 2 kerbs. Generally each crossing should connect to at least 2 kerbs.
796594206,way,not appliable,not appliable,this crossing intersects fewer than 2 kerbs. Generally each crossing should connect to at least 2 kerbs.
796594212,way,not appliable,not appliable,this crossing intersects fewer than 2 kerbs. Generally each crossing should connect to at least 2 kerbs.
796594215,way,not appliable,not appliable,this crossing intersects fewer than 2 kerbs. Generally each crossing should connect to at least 2 kerbs.
796594217,way,not appliable,not appliable,this crossing intersects fewer than 2 kerbs. Generally each crossing should connect to at least 2 kerbs.
796594221,way,not appliable,not appliable,this crossing intersects fewer than 2 kerbs. Generally each crossing should connect to at least 2 kerbs.
796594226,way,not appliable,not appliable,this crossing intersects fewer than 2 kerbs. Generally each crossing should connect to at least 2 kerbs.
796594227,way,not appliable,not appliable,this crossing intersects fewer than 2 kerbs. Generally each crossing should connect to at least 2 kerbs.
796594232,way,not appliable,not appliable,this crossing intersects fewer than 2 kerbs. Generally each crossing should connect to at least 2 kerbs.
796594233,way,not appliable,not appliable,this crossing intersects fewer than 2 kerbs. Generally each crossing should connect to at least 2 kerbs.
796594234,way,not appliable,not appliable,this crossing intersects fewer than 2 kerbs. Generally each crossing should connect to at least 2 kerbs.
796600262,way,not appliable,not appliable,this crossing intersects fewer than 2 kerbs. Generally each crossing should connect to at least 2 kerbs.
798536816,way,not appliable,not appliable,this crossing intersects fewer than 2 kerbs. Generally each crossing should connect to at least 2 kerbs.
798543621,way,not appliable,not appliable,this crossing intersects fewer than 2 kerbs. Generally each crossing should connect to at least 2 kerbs.
798548896,way,not appliable,not appliable,this crossing intersects fewer than 2 kerbs. Generally each crossing should connect to at least 2 kerbs.
799811823,way,not appliable,not appliable,this crossing intersects fewer than 2 kerbs. Generally each crossing should connect to at least 2 kerbs.
799811854,way,not appliable,not appliable,this crossing intersects fewer than 2 kerbs. Generally each crossing should connect to at least 2 kerbs.
799811856,way,not appliable,not appliable,this crossing intersects fewer than 2 kerbs. Generally each crossing should connect to at least 2 kerbs.
802057241,way,not appliable,not appliable,this crossing intersects fewer than 2 kerbs. Generally each crossing should connect to at least 2 kerbs.
802057243,way,not appliable,not appliable,this crossing intersects fewer than 2 kerbs. Generally each crossing should connect to at least 2 kerbs.
802057249,way,not appliable,not appliable,this crossing intersects fewer than 2 kerbs. Generally each crossing should connect to at least 2 kerbs.
802057253,way,not appliable,not appliable,this crossing intersects fewer than 2 kerbs. Generally each crossing should connect to at least 2 kerbs.
802057255,way,not appliable,not appliable,this crossing intersects fewer than 2 kerbs. Generally each crossing should connect to at least 2 kerbs.
802057261,way,not appliable,not appliable,this crossing intersects fewer than 2 kerbs. Generally each crossing should connect to at least 2 kerbs.
802538234,way,not appliable,not appliable,this crossing intersects fewer than 2 kerbs. Generally each crossing should connect to at least 2 kerbs.
802538235,way,not appliable,not appliable,this crossing intersects fewer than 2 kerbs. Generally each crossing should connect to at least 2 kerbs.
804771153,way,not appliable,not appliable,this crossing intersects fewer than 2 kerbs. Generally each crossing should connect to at least 2 kerbs.
804771156,way,not appliable,not appliable,this crossing intersects fewer than 2 kerbs. Generally each crossing should connect to at least 2 kerbs.
804771158,way,not appliable,not appliable,this crossing intersects fewer than 2 kerbs. Generally each crossing should connect to at least 2 kerbs.
804771159,way,not appliable,not appliable,this crossing intersects fewer than 2 kerbs. Generally each crossing should connect to at least 2 kerbs.
804771160,way,not appliable,not appliable,this crossing intersects fewer than 2 kerbs. Generally each crossing should connect to at least 2 kerbs.
804777683,way,not appliable,not appliable,this crossing intersects fewer than 2 kerbs. Generally each crossing should connect to at least 2 kerbs.
804789633,way,not appliable,not appliable,this crossing intersects fewer than 2 kerbs. Generally each crossing should connect to at least 2 kerbs.
804789634,way,not appliable,not appliable,this crossing intersects fewer than 2 kerbs. Generally each crossing should connect to at least 2 kerbs.
804789635,way,not appliable,not appliable,this crossing intersects fewer than 2 kerbs. Generally each crossing should connect to at least 2 kerbs.
804789650,way,not appliable,not appliable,this crossing intersects fewer than 2 kerbs. Generally each crossing should connect to at least 2 kerbs.
804789651,way,not appliable,not appliable,this crossing intersects fewer than 2 kerbs. Generally each crossing should connect to at least 2 kerbs.
805015262,way,not appliable,not appliable,this crossing intersects fewer than 2 kerbs. Generally each crossing should connect to at least 2 kerbs.
805015265,way,not appliable,not appliable,this crossing intersects fewer than 2 kerbs. Generally each crossing should connect to at least 2 kerbs.
808196078,way,not appliable,not appliable,this crossing intersects fewer than 2 kerbs. Generally each crossing should connect to at least 2 kerbs.
808196081,way,not appliable,not appliable,this crossing intersects fewer than 2 kerbs. Generally each crossing should connect to at least 2 kerbs.
808196091,way,not appliable,not appliable,this crossing intersects fewer than 2 kerbs. Generally each crossing should connect to at least 2 kerbs.
808889730,way,not appliable,not appliable,this crossing intersects fewer than 2 kerbs. Generally each crossing should connect to at least 2 kerbs.
808889731,way,not appliable,not appliable,this crossing intersects fewer than 2 kerbs. Generally each crossing should connect to at least 2 kerbs.
817874455,way,not appliable,not appliable,this crossing intersects fewer than 2 kerbs. Generally each crossing should connect to at least 2 kerbs.
817874457,way,not appliable,not appliable,this crossing intersects fewer than 2 kerbs. Generally each crossing should connect to at least 2 kerbs.
817874459,way,not appliable,not appliable,this crossing intersects fewer than 2 kerbs. Generally each crossing should connect to at least 2 kerbs.
817874461,way,not appliable,not appliable,this crossing intersects fewer than 2 kerbs. Generally each crossing should connect to at least 2 kerbs.
817874462,way,not appliable,not appliable,this crossing intersects fewer than 2 kerbs. Generally each crossing should connect to at least 2 kerbs.
817874464,way,not appliable,not appliable,this crossing intersects fewer than 2 kerbs. Generally each crossing should connect to at least 2 kerbs.
817874475,way,not appliable,not appliable,this crossing intersects fewer than 2 kerbs. Generally each crossing should connect to at least 2 kerbs.
817874477,way,not appliable,not appliable,this crossing intersects fewer than 2 kerbs. Generally each crossing should connect to at least 2 kerbs.
817874479,way,not appliable,not appliable,this crossing intersects fewer than 2 kerbs. Generally each crossing should connect to at least 2 kerbs.
817874481,way,not appliable,not appliable,this crossing intersects fewer than 2 kerbs. Generally each crossing should connect to at least 2 kerbs.
817874482,way,not appliable,not appliable,this crossing intersects fewer than 2 kerbs. Generally each crossing should connect to at least 2 kerbs.
817874486,way,not appliable,not appliable,this crossing intersects fewer than 2 kerbs. Generally each crossing should connect to at least 2 kerbs.
817874488,way,not appliable,not appliable,this crossing intersects fewer than 2 kerbs. Generally each crossing should connect to at least 2 kerbs.
817874490,way,not appliable,not appliable,this crossing intersects fewer than 2 kerbs. Generally each crossing should connect to at least 2 kerbs.
844640097,way,not appliable,not appliable,this crossing intersects fewer than 2 kerbs. Generally each crossing should connect to at least 2 kerbs.
844640098,way,not appliable,not appliable,this crossing intersects fewer than 2 kerbs. Generally each crossing should connect to at least 2 kerbs.
844640099,way,not appliable,not appliable,this crossing intersects fewer than 2 kerbs. Generally each crossing should connect to at least 2 kerbs.
844640100,way,not appliable,not appliable,this crossing intersects fewer than 2 kerbs. Generally each crossing should connect to at least 2 kerbs.
929616240,way,not appliable,not appliable,this crossing intersects fewer than 2 kerbs. Generally each crossing should connect to at least 2 kerbs.
929616242,way,not appliable,not appliable,this crossing intersects fewer than 2 kerbs. Generally each crossing should connect to at least 2 kerbs.
929616260,way,not appliable,not appliable,this crossing intersects fewer than 2 kerbs. Generally each crossing should connect to at least 2 kerbs.
929616261,way,not appliable,not appliable,this crossing intersects fewer than 2 kerbs. Generally each crossing should connect to at least 2 kerbs.
929779340,way,not appliable,not appliable,this crossing intersects fewer than 2 kerbs. Generally each crossing should connect to at least 2 kerbs.
930197358,way,not appliable,not appliable,this crossing intersects fewer than 2 kerbs. Generally each crossing should connect to at least 2 kerbs.
930197359,way,not appliable,not appliable,this crossing intersects fewer than 2 kerbs. Generally each crossing should connect to at least 2 kerbs.
930656701,way,not appliable,not appliable,this crossing intersects fewer than 2 kerbs. Generally each crossing should connect to at least 2 kerbs.
930656712,way,not appliable,not appliable,this crossing intersects fewer than 2 kerbs. Generally each crossing should connect to at least 2 kerbs.
938081672,way,not appliable,not appliable,this crossing intersects fewer than 2 kerbs. Generally each crossing should connect to at least 2 kerbs.
938081688,way,not appliable,not appliable,this crossing intersects fewer than 2 kerbs. Generally each crossing should connect to at least 2 kerbs.
938081707,way,not appliable,not appliable,this crossing intersects fewer than 2 kerbs. Generally each crossing should connect to at least 2 kerbs.
971309852,way,not appliable,not appliable,this crossing intersects fewer than 2 kerbs. Generally each crossing should connect to at least 2 kerbs.
971309853,way,not appliable,not appliable,this crossing intersects fewer than 2 kerbs. Generally each crossing should connect to at least 2 kerbs.
986955931,way,not appliable,not appliable,this crossing intersects fewer than 2 kerbs. Generally each crossing should connect to at least 2 kerbs.
986955938,way,not appliable,not appliable,this crossing intersects fewer than 2 kerbs. Generally each crossing should connect to at least 2 kerbs.
986955940,way,not appliable,not appliable,this crossing intersects fewer than 2 kerbs. Generally each crossing should connect to at least 2 kerbs.
993270670,way,not appliable,not appliable,this crossing intersects fewer than 2 kerbs. Generally each crossing should connect to at least 2 kerbs.
993270674,way,not appliable,not appliable,this crossing intersects fewer than 2 kerbs. Generally each crossing should connect to at least 2 kerbs.
995914640,way,not appliable,not appliable,this crossing intersects fewer than 2 kerbs. Generally each crossing should connect to at least 2 kerbs.
995914642,way,not appliable,not appliable,this crossing intersects fewer than 2 kerbs. Generally each crossing should connect to at least 2 kerbs.
1000782272,way,not appliable,not appliable,this crossing intersects fewer than 2 kerbs. Generally each crossing should connect to at least 2 kerbs.
1000782273,way,not appliable,not appliable,this crossing intersects fewer than 2 kerbs. Generally each crossing should connect to at least 2 kerbs.
1000782275,way,not appliable,not appliable,this crossing intersects fewer than 2 kerbs. Generally each crossing should connect to at least 2 kerbs.
1000782277,way,not appliable,not appliable,this crossing intersects fewer than 2 kerbs. Generally each crossing should connect to at least 2 kerbs.
1000782280,way,not appliable,not appliable,this crossing intersects fewer than 2 kerbs. Generally each crossing should connect to at least 2 kerbs.
1000782281,way,not appliable,not appliable,this crossing intersects fewer than 2 kerbs. Generally each crossing should connect to at least 2 kerbs.
1000782283,way,not appliable,not appliable,this crossing intersects fewer than 2 kerbs. Generally each crossing should connect to at least 2 kerbs.
1000782284,way,not appliable,not appliable,this crossing intersects fewer than 2 kerbs. Generally each crossing should connect to at least 2 kerbs.
1002396381,way,not appliable,not appliable,this crossing intersects fewer than 2 kerbs. Generally each crossing should connect to at least 2 kerbs.
1003637873,way,not appliable,not appliable,this crossing intersects fewer than 2 kerbs. Generally each crossing should connect to at least 2 kerbs.
1003637874,way,not appliable,not appliable,this crossing intersects fewer than 2 kerbs. Generally each crossing should connect to at least 2 kerbs.
1003637875,way,not appliable,not appliable,this crossing intersects fewer than 2 kerbs. Generally each crossing should connect to at least 2 kerbs.
1003637896,way,not appliable,not appliable,this crossing intersects fewer than 2 kerbs. Generally each crossing should connect to at least 2 kerbs.
1003637903,way,not appliable,not appliable,this crossing intersects fewer than 2 kerbs. Generally each crossing should connect to at least 2 kerbs.
1003670718,way,not appliable,not appliable,this crossing intersects fewer than 2 kerbs. Generally each crossing should connect to at least 2 kerbs.
1003670720,way,not appliable,not appliable,this crossing intersects fewer than 2 kerbs. Generally each crossing should connect to at least 2 kerbs.
1003670721,way,not appliable,not appliable,this crossing intersects fewer than 2 kerbs. Generally each crossing should connect to at least 2 kerbs.
1003670722,way,not appliable,not appliable,this crossing intersects fewer than 2 kerbs. Generally each crossing should connect to at least 2 kerbs.
1003670726,way,not appliable,not appliable,this crossing intersects fewer than 2 kerbs. Generally each crossing should connect to at least 2 kerbs.
1003670727,way,not appliable,not appliable,this crossing intersects fewer than 2 kerbs. Generally each crossing should connect to at least 2 kerbs.
1003670728,way,not appliable,not appliable,this crossing intersects fewer than 2 kerbs. Generally each crossing should connect to at least 2 kerbs.
1025442073,way,not appliable,not appliable,this crossing intersects fewer than 2 kerbs. Generally each crossing should connect to at least 2 kerbs.
1025442074,way,not appliable,not appliable,this crossing intersects fewer than 2 kerbs. Generally each crossing should connect to at least 2 kerbs.
1025442075,way,not appliable,not appliable,this crossing intersects fewer than 2 kerbs. Generally each crossing should connect to at least 2 kerbs.
1027672031,way,not appliable,not appliable,this crossing intersects fewer than 2 kerbs. Generally each crossing should connect to at least 2 kerbs.
1027672033,way,not appliable,not appliable,this crossing intersects fewer than 2 kerbs. Generally each crossing should connect to at least 2 kerbs.
1027672035,way,not appliable,not appliable,this crossing intersects fewer than 2 kerbs. Generally each crossing should connect to at least 2 kerbs.
1027672038,way,not appliable,not appliable,this crossing intersects fewer than 2 kerbs. Generally each crossing should connect to at least 2 kerbs.
1028122268,way,not appliable,not appliable,this crossing intersects fewer than 2 kerbs. Generally each crossing should connect to at least 2 kerbs.
1028122270,way,not appliable,not appliable,this crossing intersects fewer than 2 kerbs. Generally each crossing should connect to at least 2 kerbs.
1028122276,way,not appliable,not appliable,this crossing intersects fewer than 2 kerbs. Generally each crossing should connect to at least 2 kerbs.
1028649378,way,not appliable,not appliable,this crossing intersects fewer than 2 kerbs. Generally each crossing should connect to at least 2 kerbs.
1028649380,way,not appliable,not appliable,this crossing intersects fewer than 2 kerbs. Generally each crossing should connect to at least 2 kerbs.
1028649382,way,not appliable,not appliable,this crossing intersects fewer than 2 kerbs. Generally each crossing should connect to at least 2 kerbs.
1029010114,way,not appliable,not appliable,this crossing intersects fewer than 2 kerbs. Generally each crossing should connect to at least 2 kerbs.
1040134263,way,not appliable,not appliable,this crossing intersects fewer than 2 kerbs. Generally each crossing should connect to at least 2 kerbs.
1104453981,way,not appliable,not appliable,this crossing intersects fewer than 2 kerbs. Generally each crossing should connect to at least 2 kerbs.
1104453982,way,not appliable,not appliable,this crossing intersects fewer than 2 kerbs. Generally each crossing should connect to at least 2 kerbs.
1115619680,way,not appliable,not appliable,this crossing intersects fewer than 2 kerbs. Generally each crossing should connect to at least 2 kerbs.
1115619684,way,not appliable,not appliable,this crossing intersects fewer than 2 kerbs. Generally each crossing should connect to at least 2 kerbs.
1115619686,way,not appliable,not appliable,this crossing intersects fewer than 2 kerbs. Generally each crossing should connect to at least 2 kerbs.
1115619688,way,not appliable,not appliable,this crossing intersects fewer than 2 kerbs. Generally each crossing should connect to at least 2 kerbs.
1115619692,way,not appliable,not appliable,this crossing intersects fewer than 2 kerbs. Generally each crossing should connect to at least 2 kerbs.
1115619694,way,not appliable,not appliable,this crossing intersects fewer than 2 kerbs. Generally each crossing should connect to at least 2 kerbs.
1115619697,way,not appliable,not appliable,this crossing intersects fewer than 2 kerbs. Generally each crossing should connect to at least 2 kerbs.
1115619701,way,not appliable,not appliable,this crossing intersects fewer than 2 kerbs. Generally each crossing should connect to at least 2 kerbs.
1115619704,way,not appliable,not appliable,this crossing intersects fewer than 2 kerbs. Generally each crossing should connect to at least 2 kerbs.
1115619707,way,not appliable,not appliable,this crossing intersects fewer than 2 kerbs. Generally each crossing should connect to at least 2 kerbs.
1115619709,way,not appliable,not appliable,this crossing intersects fewer than 2 kerbs. Generally each crossing should connect to at least 2 kerbs.
1118917548,way,not appliable,not appliable,this crossing intersects fewer than 2 kerbs. Generally each crossing should connect to at least 2 kerbs.
1118917572,way,not appliable,not appliable,this crossing intersects fewer than 2 kerbs. Generally each crossing should connect to at least 2 kerbs.
1118921876,way,not appliable,not appliable,this crossing intersects fewer than 2 kerbs. Generally each crossing should connect to at least 2 kerbs.
1118921877,way,not appliable,not appliable,this crossing intersects fewer than 2 kerbs. Generally each crossing should connect to at least 2 kerbs.
1118921881,way,not appliable,not appliable,this crossing intersects fewer than 2 kerbs. Generally each crossing should connect to at least 2 kerbs.
1118921882,way,not appliable,not appliable,this crossing intersects fewer than 2 kerbs. Generally each crossing should connect to at least 2 kerbs.
1127841478,way,not appliable,not appliable,this crossing intersects fewer than 2 kerbs. Generally each crossing should connect to at least 2 kerbs.
1127841479,way,not appliable,not appliable,this crossing intersects fewer than 2 kerbs. Generally each crossing should connect to at least 2 kerbs.
1127841480,way,not appliable,not appliable,this crossing intersects fewer than 2 kerbs. Generally each crossing should connect to at least 2 kerbs.
1127841481,way,not appliable,not appliable,this crossing intersects fewer than 2 kerbs. Generally each crossing should connect to at least 2 kerbs.
1128395255,way,not appliable,not appliable,this crossing intersects fewer than 2 kerbs. Generally each crossing should connect to at least 2 kerbs.
1128401581,way,not appliable,not appliable,this crossing intersects fewer than 2 kerbs. Generally each crossing should connect to at least 2 kerbs.
1128401583,way,not appliable,not appliable,this crossing intersects fewer than 2 kerbs. Generally each crossing should connect to at least 2 kerbs.
1128401584,way,not appliable,not appliable,this crossing intersects fewer than 2 kerbs. Generally each crossing should connect to at least 2 kerbs.
1128401585,way,not appliable,not appliable,this crossing intersects fewer than 2 kerbs. Generally each crossing should connect to at least 2 kerbs.
1128401586,way,not appliable,not appliable,this crossing intersects fewer than 2 kerbs. Generally each crossing should connect to at least 2 kerbs.
1135935998,way,not appliable,not appliable,this crossing intersects fewer than 2 kerbs. Generally each crossing should connect to at least 2 kerbs.
1136976355,way,not appliable,not appliable,this crossing intersects fewer than 2 kerbs. Generally each crossing should connect to at least 2 kerbs.
1142036287,way,not appliable,not appliable,this crossing intersects fewer than 2 kerbs. Generally each crossing should connect to at least 2 kerbs.
1142036288,way,not appliable,not appliable,this crossing intersects fewer than 2 kerbs. Generally each crossing should connect to at least 2 kerbs.
1142036289,way,not appliable,not appliable,this crossing intersects fewer than 2 kerbs. Generally each crossing should connect to at least 2 kerbs.
1142036290,way,not appliable,not appliable,this crossing intersects fewer than 2 kerbs. Generally each crossing should connect to at least 2 kerbs.
1145559566,way,not appliable,not appliable,this crossing intersects fewer than 2 kerbs. Generally each crossing should connect to at least 2 kerbs.
1145559567,way,not appliable,not appliable,this crossing intersects fewer than 2 kerbs. Generally each crossing should connect to at least 2 kerbs.
1145559568,way,not appliable,not appliable,this crossing intersects fewer than 2 kerbs. Generally each crossing should connect to at least 2 kerbs.
1145559570,way,not appliable,not appliable,this crossing intersects fewer than 2 kerbs. Generally each crossing should connect to at least 2 kerbs.
1145559572,way,not appliable,not appliable,this crossing intersects fewer than 2 kerbs. Generally each crossing should connect to at least 2 kerbs.
1145559573,way,not appliable,not appliable,this crossing intersects fewer than 2 kerbs. Generally each crossing should connect to at least 2 kerbs.
1145559574,way,not appliable,not appliable,this crossing intersects fewer than 2 kerbs. Generally each crossing should connect to at least 2 kerbs.
1145559575,way,not appliable,not appliable,this crossing intersects fewer than 2 kerbs. Generally each crossing should connect to at least 2 kerbs.
1145559576,way,not appliable,not appliable,this crossing intersects fewer than 2 kerbs. Generally each crossing should connect to at least 2 kerbs.
1153121443,way,not appliable,not appliable,this crossing intersects fewer than 2 kerbs. Generally each crossing should connect to at least 2 kerbs.
1155763079,way,not appliable,not appliable,this crossing intersects fewer than 2 kerbs. Generally each crossing should connect to at least 2 kerbs.
1157238982,way,not appliable,not appliable,this crossing intersects fewer than 2 kerbs. Generally each crossing should connect to at least 2 kerbs.
1157239705,way,not appliable,not appliable,this crossing intersects fewer than 2 kerbs. Generally each crossing should connect to at least 2 kerbs.
1157241799,way,not appliable,not appliable,this crossing intersects fewer than 2 kerbs. Generally each crossing should connect to at least 2 kerbs.
1157245313,way,not appliable,not appliable,this crossing intersects fewer than 2 kerbs. Generally each crossing should connect to at least 2 kerbs.
1158889547,way,not appliable,not appliable,this crossing intersects fewer than 2 kerbs. Generally each crossing should connect to at least 2 kerbs.
1158889548,way,not appliable,not appliable,this crossing intersects fewer than 2 kerbs. Generally each crossing should connect to at least 2 kerbs.
1172716063,way,not appliable,not appliable,this crossing intersects fewer than 2 kerbs. Generally each crossing should connect to at least 2 kerbs.
1192453202,way,not appliable,not appliable,this crossing intersects fewer than 2 kerbs. Generally each crossing should connect to at least 2 kerbs.
1192453203,way,not appliable,not appliable,this crossing intersects fewer than 2 kerbs. Generally each crossing should connect to at least 2 kerbs.
1192453205,way,not appliable,not appliable,this crossing intersects fewer than 2 kerbs. Generally each crossing should connect to at least 2 kerbs.
1192716392,way,not appliable,not appliable,this crossing intersects fewer than 2 kerbs. Generally each crossing should connect to at least 2 kerbs.
1192716393,way,not appliable,not appliable,this crossing intersects fewer than 2 kerbs. Generally each crossing should connect to at least 2 kerbs.
1192716394,way,not appliable,not appliable,this crossing intersects fewer than 2 kerbs. Generally each crossing should connect to at least 2 kerbs.
1192716395,way,not appliable,not appliable,this crossing intersects fewer than 2 kerbs. Generally each crossing should connect to at least 2 kerbs.
1192716397,way,not appliable,not appliable,this crossing intersects fewer than 2 kerbs. Generally each crossing should connect to at least 2 kerbs.
1192716399,way,not appliable,not appliable,this crossing intersects fewer than 2 kerbs. Generally each crossing should connect to at least 2 kerbs.
1192716400,way,not appliable,not appliable,this crossing intersects fewer than 2 kerbs. Generally each crossing should connect to at least 2 kerbs.
1192716401,way,not appliable,not appliable,this crossing intersects fewer than 2 kerbs. Generally each crossing should connect to at least 2 kerbs.
1192716402,way,not appliable,not appliable,this crossing intersects fewer than 2 kerbs. Generally each crossing should connect to at least 2 kerbs.
1192716436,way,not appliable,not appliable,this crossing intersects fewer than 2 kerbs. Generally each crossing should connect to at least 2 kerbs.
1192716438,way,not appliable,not appliable,this crossing intersects fewer than 2 kerbs. Generally each crossing should connect to at least 2 kerbs.
1193824484,way,not appliable,not appliable,this crossing intersects fewer than 2 kerbs. Generally each crossing should connect to at least 2 kerbs.
1193824485,way,not appliable,not appliable,this crossing intersects fewer than 2 kerbs. Generally each crossing should connect to at least 2 kerbs.
1193824486,way,not appliable,not appliable,this crossing intersects fewer than 2 kerbs. Generally each crossing should connect to at least 2 kerbs.
1193824489,way,not appliable,not appliable,this crossing intersects fewer than 2 kerbs. Generally each crossing should connect to at least 2 kerbs.
1193824490,way,not appliable,not appliable,this crossing intersects fewer than 2 kerbs. Generally each crossing should connect to at least 2 kerbs.
1193824492,way,not appliable,not appliable,this crossing intersects fewer than 2 kerbs. Generally each crossing should connect to at least 2 kerbs.
1193824494,way,not appliable,not appliable,this crossing intersects fewer than 2 kerbs. Generally each crossing should connect to at least 2 kerbs.
1193824495,way,not appliable,not appliable,this crossing intersects fewer than 2 kerbs. Generally each crossing should connect to at least 2 kerbs.
1193824497,way,not appliable,not appliable,this crossing intersects fewer than 2 kerbs. Generally each crossing should connect to at least 2 kerbs.
1194601689,way,not appliable,not appliable,this crossing intersects fewer than 2 kerbs. Generally each crossing should connect to at least 2 kerbs.
1194601727,way,not appliable,not appliable,this crossing intersects fewer than 2 kerbs. Generally each crossing should connect to at least 2 kerbs.
1194603759,way,not appliable,not appliable,this crossing intersects fewer than 2 kerbs. Generally each crossing should connect to at least 2 kerbs.
1195000398,way,not appliable,not appliable,this crossing intersects fewer than 2 kerbs. Generally each crossing should connect to at least 2 kerbs.
1195182686,way,not appliable,not appliable,this crossing intersects fewer than 2 kerbs. Generally each crossing should connect to at least 2 kerbs.
1195182759,way,not appliable,not appliable,this crossing intersects fewer than 2 kerbs. Generally each crossing should connect to at least 2 kerbs.
1195183105,way,not appliable,not appliable,this crossing intersects fewer than 2 kerbs. Generally each crossing should connect to at least 2 kerbs.
1195183394,way,not appliable,not appliable,this crossing intersects fewer than 2 kerbs. Generally each crossing should connect to at least 2 kerbs.
1195189094,way,not appliable,not appliable,this crossing intersects fewer than 2 kerbs. Generally each crossing should connect to at least 2 kerbs.
1195189487,way,not appliable,not appliable,this crossing intersects fewer than 2 kerbs. Generally each crossing should connect to at least 2 kerbs.
1195265625,way,not appliable,not appliable,this crossing intersects fewer than 2 kerbs. Generally each crossing should connect to at least 2 kerbs.
1195265666,way,not appliable,not appliable,this crossing intersects fewer than 2 kerbs. Generally each crossing should connect to at least 2 kerbs.
1195265667,way,not appliable,not appliable,this crossing intersects fewer than 2 kerbs. Generally each crossing should connect to at least 2 kerbs.
1197206193,way,not appliable,not appliable,this crossing intersects fewer than 2 kerbs. Generally each crossing should connect to at least 2 kerbs.
1197206194,way,not appliable,not appliable,this crossing intersects fewer than 2 kerbs. Generally each crossing should connect to at least 2 kerbs.
1197350961,way,not appliable,not appliable,this crossing intersects fewer than 2 kerbs. Generally each crossing should connect to at least 2 kerbs.
1197414735,way,not appliable,not appliable,this crossing intersects fewer than 2 kerbs. Generally each crossing should connect to at least 2 kerbs.
1197587914,way,not appliable,not appliable,this crossing intersects fewer than 2 kerbs. Generally each crossing should connect to at least 2 kerbs.
1197587916,way,not appliable,not appliable,this crossing intersects fewer than 2 kerbs. Generally each crossing should connect to at least 2 kerbs.
1197587933,way,not appliable,not appliable,this crossing intersects fewer than 2 kerbs. Generally each crossing should connect to at least 2 kerbs.
1197587934,way,not appliable,not appliable,this crossing intersects fewer than 2 kerbs. Generally each crossing should connect to at least 2 kerbs.
1197587935,way,not appliable,not appliable,this crossing intersects fewer than 2 kerbs. Generally each crossing should connect to at least 2 kerbs.
1197587936,way,not appliable,not appliable,this crossing intersects fewer than 2 kerbs. Generally each crossing should connect to at least 2 kerbs.
1197587937,way,not appliable,not appliable,this crossing intersects fewer than 2 kerbs. Generally each crossing should connect to at least 2 kerbs.
1197587940,way,not appliable,not appliable,this crossing intersects fewer than 2 kerbs. Generally each crossing should connect to at least 2 kerbs.
1197587943,way,not appliable,not appliable,this crossing intersects fewer than 2 kerbs. Generally each crossing should connect to at least 2 kerbs.
1197587944,way,not appliable,not appliable,this crossing intersects fewer than 2 kerbs. Generally each crossing should connect to at least 2 kerbs.
1198210622,way,not appliable,not appliable,this crossing intersects fewer than 2 kerbs. Generally each crossing should connect to at least 2 kerbs.
1198210623,way,not appliable,not appliable,this crossing intersects fewer than 2 kerbs. Generally each crossing should connect to at least 2 kerbs.
1198306737,way,not appliable,not appliable,this crossing intersects fewer than 2 kerbs. Generally each crossing should connect to at least 2 kerbs.
1198306738,way,not appliable,not appliable,this crossing intersects fewer than 2 kerbs. Generally each crossing should connect to at least 2 kerbs.
1204951556,way,not appliable,not appliable,this crossing intersects fewer than 2 kerbs. Generally each crossing should connect to at least 2 kerbs.
1204951557,way,not appliable,not appliable,this crossing intersects fewer than 2 kerbs. Generally each crossing should connect to at least 2 kerbs.
1213364934,way,not appliable,not appliable,this crossing intersects fewer than 2 kerbs. Generally each crossing should connect to at least 2 kerbs.
1213364937,way,not appliable,not appliable,this crossing intersects fewer than 2 kerbs. Generally each crossing should connect to at least 2 kerbs.
1219284610,way,not appliable,not appliable,this crossing intersects fewer than 2 kerbs. Generally each crossing should connect to at least 2 kerbs.
1219284613,way,not appliable,not appliable,this crossing intersects fewer than 2 kerbs. Generally each crossing should connect to at least 2 kerbs.
1219284614,way,not appliable,not appliable,this crossing intersects fewer than 2 kerbs. Generally each crossing should connect to at least 2 kerbs.
1219284615,way,not appliable,not appliable,this crossing intersects fewer than 2 kerbs. Generally each crossing should connect to at least 2 kerbs.
1219284616,way,not appliable,not appliable,this crossing intersects fewer than 2 kerbs. Generally each crossing should connect to at least 2 kerbs.
1226240555,way,not appliable,not appliable,this crossing intersects fewer than 2 kerbs. Generally each crossing should connect to at least 2 kerbs.
1226981039,way,not appliable,not appliable,this crossing intersects fewer than 2 kerbs. Generally each crossing should connect to at least 2 kerbs.
1226981041,way,not appliable,not appliable,this crossing intersects fewer than 2 kerbs. Generally each crossing should connect to at least 2 kerbs.
1226981042,way,not appliable,not appliable,this crossing intersects fewer than 2 kerbs. Generally each crossing should connect to at least 2 kerbs.
1226981043,way,not appliable,not appliable,this crossing intersects fewer than 2 kerbs. Generally each crossing should connect to at least 2 kerbs.
1227364417,way,not appliable,not appliable,this crossing intersects fewer than 2 kerbs. Generally each crossing should connect to at least 2 kerbs.
1227434798,way,not appliable,not appliable,this crossing intersects fewer than 2 kerbs. Generally each crossing should connect to at least 2 kerbs.
1227811525,way,not appliable,not appliable,this crossing intersects fewer than 2 kerbs. Generally each crossing should connect to at least 2 kerbs.
1227811526,way,not appliable,not appliable,this crossing intersects fewer than 2 kerbs. Generally each crossing should connect to at least 2 kerbs.
1227811528,way,not appliable,not appliable,this crossing intersects fewer than 2 kerbs. Generally each crossing should connect to at least 2 kerbs.
1227811531,way,not appliable,not appliable,this crossing intersects fewer than 2 kerbs. Generally each crossing should connect to at least 2 kerbs.
1227811534,way,not appliable,not appliable,this crossing intersects fewer than 2 kerbs. Generally each crossing should connect to at least 2 kerbs.
1227811537,way,not appliable,not appliable,this crossing intersects fewer than 2 kerbs. Generally each crossing should connect to at least 2 kerbs.
1227811539,way,not appliable,not appliable,this crossing intersects fewer than 2 kerbs. Generally each crossing should connect to at least 2 kerbs.
1227811547,way,not appliable,not appliable,this crossing intersects fewer than 2 kerbs. Generally each crossing should connect to at least 2 kerbs.
1227811549,way,not appliable,not appliable,this crossing intersects fewer than 2 kerbs. Generally each crossing should connect to at least 2 kerbs.
1227811556,way,not appliable,not appliable,this crossing intersects fewer than 2 kerbs. Generally each crossing should connect to at least 2 kerbs.
1227811559,way,not appliable,not appliable,this crossing intersects fewer than 2 kerbs. Generally each crossing should connect to at least 2 kerbs.
1227889236,way,not appliable,not appliable,this crossing intersects fewer than 2 kerbs. Generally each crossing should connect to at least 2 kerbs.
1228052346,way,not appliable,not appliable,this crossing intersects fewer than 2 kerbs. Generally each crossing should connect to at least 2 kerbs.
1228071297,way,not appliable,not appliable,this crossing intersects fewer than 2 kerbs. Generally each crossing should connect to at least 2 kerbs.
1228133664,way,not appliable,not appliable,this crossing intersects fewer than 2 kerbs. Generally each crossing should connect to at least 2 kerbs.
1228227572,way,not appliable,not appliable,this crossing intersects fewer than 2 kerbs. Generally each crossing should connect to at least 2 kerbs.
1228227574,way,not appliable,not appliable,this crossing intersects fewer than 2 kerbs. Generally each crossing should connect to at least 2 kerbs.
1228274429,way,not appliable,not appliable,this crossing intersects fewer than 2 kerbs. Generally each crossing should connect to at least 2 kerbs.
1228274432,way,not appliable,not appliable,this crossing intersects fewer than 2 kerbs. Generally each crossing should connect to at least 2 kerbs.
1228274435,way,not appliable,not appliable,this crossing intersects fewer than 2 kerbs. Generally each crossing should connect to at least 2 kerbs.
1228274436,way,not appliable,not appliable,this crossing intersects fewer than 2 kerbs. Generally each crossing should connect to at least 2 kerbs.
1228274437,way,not appliable,not appliable,this crossing intersects fewer than 2 kerbs. Generally each crossing should connect to at least 2 kerbs.
1228286995,way,not appliable,not appliable,this crossing intersects fewer than 2 kerbs. Generally each crossing should connect to at least 2 kerbs.
1228286997,way,not appliable,not appliable,this crossing intersects fewer than 2 kerbs. Generally each crossing should connect to at least 2 kerbs.
1228286998,way,not appliable,not appliable,this crossing intersects fewer than 2 kerbs. Generally each crossing should connect to at least 2 kerbs.
1228933505,way,not appliable,not appliable,this crossing intersects fewer than 2 kerbs. Generally each crossing should connect to at least 2 kerbs.
1233517881,way,not appliable,not appliable,this crossing intersects fewer than 2 kerbs. Generally each crossing should connect to at least 2 kerbs.
1233517883,way,not appliable,not appliable,this crossing intersects fewer than 2 kerbs. Generally each crossing should connect to at least 2 kerbs.
1233517887,way,not appliable,not appliable,this crossing intersects fewer than 2 kerbs. Generally each crossing should connect to at least 2 kerbs.
1233517891,way,not appliable,not appliable,this crossing intersects fewer than 2 kerbs. Generally each crossing should connect to at least 2 kerbs.
1235876943,way,not appliable,not appliable,this crossing intersects fewer than 2 kerbs. Generally each crossing should connect to at least 2 kerbs.
1235998659,way,not appliable,not appliable,this crossing intersects fewer than 2 kerbs. Generally each crossing should connect to at least 2 kerbs.
1235998661,way,not appliable,not appliable,this crossing intersects fewer than 2 kerbs. Generally each crossing should connect to at least 2 kerbs.
1245973634,way,not appliable,not appliable,this crossing intersects fewer than 2 kerbs. Generally each crossing should connect to at least 2 kerbs.
1245977610,way,not appliable,not appliable,this crossing intersects fewer than 2 kerbs. Generally each crossing should connect to at least 2 kerbs.
1245977612,way,not appliable,not appliable,this crossing intersects fewer than 2 kerbs. Generally each crossing should connect to at least 2 kerbs.
1245977614,way,not appliable,not appliable,this crossing intersects fewer than 2 kerbs. Generally each crossing should connect to at least 2 kerbs.
1246040735,way,not appliable,not appliable,this crossing intersects fewer than 2 kerbs. Generally each crossing should connect to at least 2 kerbs.
1249455214,way,not appliable,not appliable,this crossing intersects fewer than 2 kerbs. Generally each crossing should connect to at least 2 kerbs.
1249455233,way,not appliable,not appliable,this crossing intersects fewer than 2 kerbs. Generally each crossing should connect to at least 2 kerbs.
1249455236,way,not appliable,not appliable,this crossing intersects fewer than 2 kerbs. Generally each crossing should connect to at least 2 kerbs.
1249455238,way,not appliable,not appliable,this crossing intersects fewer than 2 kerbs. Generally each crossing should connect to at least 2 kerbs.
1250318397,way,not appliable,not appliable,this crossing intersects fewer than 2 kerbs. Generally each crossing should connect to at least 2 kerbs.
1250318398,way,not appliable,not appliable,this crossing intersects fewer than 2 kerbs. Generally each crossing should connect to at least 2 kerbs.
1251746716,way,not appliable,not appliable,this crossing intersects fewer than 2 kerbs. Generally each crossing should connect to at least 2 kerbs.
1251746718,way,not appliable,not appliable,this crossing intersects fewer than 2 kerbs. Generally each crossing should connect to at least 2 kerbs.
1251838503,way,not appliable,not appliable,this crossing intersects fewer than 2 kerbs. Generally each crossing should connect to at least 2 kerbs.
1251838504,way,not appliable,not appliable,this crossing intersects fewer than 2 kerbs. Generally each crossing should connect to at least 2 kerbs.
1253666640,way,not appliable,not appliable,this crossing intersects fewer than 2 kerbs. Generally each crossing should connect to at least 2 kerbs.
1253666641,way,not appliable,not appliable,this crossing intersects fewer than 2 kerbs. Generally each crossing should connect to at least 2 kerbs.
1253666642,way,not appliable,not appliable,this crossing intersects fewer than 2 kerbs. Generally each crossing should connect to at least 2 kerbs.
1256914736,way,not appliable,not appliable,this crossing intersects fewer than 2 kerbs. Generally each crossing should connect to at least 2 kerbs.
1256914738,way,not appliable,not appliable,this crossing intersects fewer than 2 kerbs. Generally each crossing should connect to at least 2 kerbs.
1256914740,way,not appliable,not appliable,this crossing intersects fewer than 2 kerbs. Generally each crossing should connect to at least 2 kerbs.
1256914741,way,not appliable,not appliable,this crossing intersects fewer than 2 kerbs. Generally each crossing should connect to at least 2 kerbs.
1258128993,way,not appliable,not appliable,this crossing intersects fewer than 2 kerbs. Generally each crossing should connect to at least 2 kerbs.
1263040516,way,not appliable,not appliable,this crossing intersects fewer than 2 kerbs. Generally each crossing should connect to at least 2 kerbs.
1263276492,way,not appliable,not appliable,this crossing intersects fewer than 2 kerbs. Generally each crossing should connect to at least 2 kerbs.
1272223579,way,not appliable,not appliable,this crossing intersects fewer than 2 kerbs. Generally each crossing should connect to at least 2 kerbs.
1272223586,way,not appliable,not appliable,this crossing intersects fewer than 2 kerbs. Generally each crossing should connect to at least 2 kerbs.
1272223589,way,not appliable,not appliable,this crossing intersects fewer than 2 kerbs. Generally each crossing should connect to at least 2 kerbs.
1272223590,way,not appliable,not appliable,this crossing intersects fewer than 2 kerbs. Generally each crossing should connect to at least 2 kerbs.
1272223592,way,not appliable,not appliable,this crossing intersects fewer than 2 kerbs. Generally each crossing should connect to at least 2 kerbs.
1272223594,way,not appliable,not appliable,this crossing intersects fewer than 2 kerbs. Generally each crossing should connect to at least 2 kerbs.
1272223596,way,not appliable,not appliable,this crossing intersects fewer than 2 kerbs. Generally each crossing should connect to at least 2 kerbs.
1272223598,way,not appliable,not appliable,this crossing intersects fewer than 2 kerbs. Generally each crossing should connect to at least 2 kerbs.
1272223600,way,not appliable,not appliable,this crossing intersects fewer than 2 kerbs. Generally each crossing should connect to at least 2 kerbs.
1272223602,way,not appliable,not appliable,this crossing intersects fewer than 2 kerbs. Generally each crossing should connect to at least 2 kerbs.
1272223604,way,not appliable,not appliable,this crossing intersects fewer than 2 kerbs. Generally each crossing should connect to at least 2 kerbs.
1272223611,way,not appliable,not appliable,this crossing intersects fewer than 2 kerbs. Generally each crossing should connect to at least 2 kerbs.
1272223615,way,not appliable,not appliable,this crossing intersects fewer than 2 kerbs. Generally each crossing should connect to at least 2 kerbs.
1277614023,way,not appliable,not appliable,this crossing intersects fewer than 2 kerbs. Generally each crossing should connect to at least 2 kerbs.
1277614044,way,not appliable,not appliable,this crossing intersects fewer than 2 kerbs. Generally each crossing should connect to at least 2 kerbs.
1278828484,way,not appliable,not appliable,this crossing intersects fewer than 2 kerbs. Generally each crossing should connect to at least 2 kerbs.
1278828487,way,not appliable,not appliable,this crossing intersects fewer than 2 kerbs. Generally each crossing should connect to at least 2 kerbs.
1278828490,way,not appliable,not appliable,this crossing intersects fewer than 2 kerbs. Generally each crossing should connect to at least 2 kerbs.
1278956686,way,not appliable,not appliable,this crossing intersects fewer than 2 kerbs. Generally each crossing should connect to at least 2 kerbs.
1289165742,way,not appliable,not appliable,this crossing intersects fewer than 2 kerbs. Generally each crossing should connect to at least 2 kerbs.
1289165743,way,not appliable,not appliable,this crossing intersects fewer than 2 kerbs. Generally each crossing should connect to at least 2 kerbs.
1308606719,way,not appliable,not appliable,this crossing intersects fewer than 2 kerbs. Generally each crossing should connect to at least 2 kerbs.
1308982015,way,not appliable,not appliable,this crossing intersects fewer than 2 kerbs. Generally each crossing should connect to at least 2 kerbs.
1309507783,way,not appliable,not appliable,this crossing intersects fewer than 2 kerbs. Generally each crossing should connect to at least 2 kerbs.
1309507784,way,not appliable,not appliable,this crossing intersects fewer than 2 kerbs. Generally each crossing should connect to at least 2 kerbs.
1309508514,way,not appliable,not appliable,this crossing intersects fewer than 2 kerbs. Generally each crossing should connect to at least 2 kerbs.
1309508515,way,not appliable,not appliable,this crossing intersects fewer than 2 kerbs. Generally each crossing should connect to at least 2 kerbs.
1309527280,way,not appliable,not appliable,this crossing intersects fewer than 2 kerbs. Generally each crossing should connect to at least 2 kerbs.
1309527281,way,not appliable,not appliable,this crossing intersects fewer than 2 kerbs. Generally each crossing should connect to at least 2 kerbs.
1309527282,way,not appliable,not appliable,this crossing intersects fewer than 2 kerbs. Generally each crossing should connect to at least 2 kerbs.
1309527767,way,not appliable,not appliable,this crossing intersects fewer than 2 kerbs. Generally each crossing should connect to at least 2 kerbs.
1309528402,way,not appliable,not appliable,this crossing intersects fewer than 2 kerbs. Generally each crossing should connect to at least 2 kerbs.
1317535243,way,not appliable,not appliable,this crossing intersects fewer than 2 kerbs. Generally each crossing should connect to at least 2 kerbs.
1317535245,way,not appliable,not appliable,this crossing intersects fewer than 2 kerbs. Generally each crossing should connect to at least 2 kerbs.
1324746695,way,not appliable,not appliable,this crossing intersects fewer than 2 kerbs. Generally each crossing should connect to at least 2 kerbs.
1325282341,way,not appliable,not appliable,this crossing intersects fewer than 2 kerbs. Generally each crossing should connect to at least 2 kerbs.
1325282343,way,not appliable,not appliable,this crossing intersects fewer than 2 kerbs. Generally each crossing should connect to at least 2 kerbs.
1326059372,way,not appliable,not appliable,this crossing intersects fewer than 2 kerbs. Generally each crossing should connect to at least 2 kerbs.
1326059373,way,not appliable,not appliable,this crossing intersects fewer than 2 kerbs. Generally each crossing should connect to at least 2 kerbs.
1326059375,way,not appliable,not appliable,this crossing intersects fewer than 2 kerbs. Generally each crossing should connect to at least 2 kerbs.
1326278114,way,not appliable,not appliable,this crossing intersects fewer than 2 kerbs. Generally each crossing should connect to at least 2 kerbs.
1331641849,way,not appliable,not appliable,this crossing intersects fewer than 2 kerbs. Generally each crossing should connect to at least 2 kerbs.
1333263235,way,not appliable,not appliable,this crossing intersects fewer than 2 kerbs. Generally each crossing should connect to at least 2 kerbs.
1333263236,way,not appliable,not appliable,this crossing intersects fewer than 2 kerbs. Generally each crossing should connect to at least 2 kerbs.
1333263240,way,not appliable,not appliable,this crossing intersects fewer than 2 kerbs. Generally each crossing should connect to at least 2 kerbs.
1333263242,way,not appliable,not appliable,this crossing intersects fewer than 2 kerbs. Generally each crossing should connect to at least 2 kerbs.
1333506073,way,not appliable,not appliable,this crossing intersects fewer than 2 kerbs. Generally each crossing should connect to at least 2 kerbs.
1333506074,way,not appliable,not appliable,this crossing intersects fewer than 2 kerbs. Generally each crossing should connect to at least 2 kerbs.
1334156966,way,not appliable,not appliable,this crossing intersects fewer than 2 kerbs. Generally each crossing should connect to at least 2 kerbs.
1334156967,way,not appliable,not appliable,this crossing intersects fewer than 2 kerbs. Generally each crossing should connect to at least 2 kerbs.
1334156968,way,not appliable,not appliable,this crossing intersects fewer than 2 kerbs. Generally each crossing should connect to at least 2 kerbs.
1334270382,way,not appliable,not appliable,this crossing intersects fewer than 2 kerbs. Generally each crossing should connect to at least 2 kerbs.
1335589278,way,not appliable,not appliable,this crossing intersects fewer than 2 kerbs. Generally each crossing should connect to at least 2 kerbs.
1335960845,way,not appliable,not appliable,this crossing intersects fewer than 2 kerbs. Generally each crossing should connect to at least 2 kerbs.
1335960847,way,not appliable,not appliable,this crossing intersects fewer than 2 kerbs. Generally each crossing should connect to at least 2 kerbs.
1341027367,way,not appliable,not appliable,this crossing intersects fewer than 2 kerbs. Generally each crossing should connect to at least 2 kerbs.
1343350845,way,not appliable,not appliable,this crossing intersects fewer than 2 kerbs. Generally each crossing should connect to at least 2 kerbs.
1347105235,way,not appliable,not appliable,this crossing intersects fewer than 2 kerbs. Generally each crossing should connect to at least 2 kerbs.
1347105253,way,not appliable,not appliable,this crossing intersects fewer than 2 kerbs. Generally each crossing should connect to at least 2 kerbs.
1347118852,way,not appliable,not appliable,this crossing intersects fewer than 2 kerbs. Generally each crossing should connect to at least 2 kerbs.
1350372679,way,not appliable,not appliable,this crossing intersects fewer than 2 kerbs. Generally each crossing should connect to at least 2 kerbs.
1350372680,way,not appliable,not appliable,this crossing intersects fewer than 2 kerbs. Generally each crossing should connect to at least 2 kerbs.
1350824770,way,not appliable,not appliable,this crossing intersects fewer than 2 kerbs. Generally each crossing should connect to at least 2 kerbs.
1350824774,way,not appliable,not appliable,this crossing intersects fewer than 2 kerbs. Generally each crossing should connect to at least 2 kerbs.
1350824779,way,not appliable,not appliable,this crossing intersects fewer than 2 kerbs. Generally each crossing should connect to at least 2 kerbs.
1352383496,way,not appliable,not appliable,this crossing intersects fewer than 2 kerbs. Generally each crossing should connect to at least 2 kerbs.
1352471876,way,not appliable,not appliable,this crossing intersects fewer than 2 kerbs. Generally each crossing should connect to at least 2 kerbs.
1356458155,way,not appliable,not appliable,this crossing intersects fewer than 2 kerbs. Generally each crossing should connect to at least 2 kerbs.
1356458156,way,not appliable,not appliable,this crossing intersects fewer than 2 kerbs. Generally each crossing should connect to at least 2 kerbs.
1356458157,way,not appliable,not appliable,this crossing intersects fewer than 2 kerbs. Generally each crossing should connect to at least 2 kerbs.
1360485602,way,not appliable,not appliable,this crossing intersects fewer than 2 kerbs. Generally each crossing should connect to at least 2 kerbs.
1361307566,way,not appliable,not appliable,this crossing intersects fewer than 2 kerbs. Generally each crossing should connect to at least 2 kerbs.
1361353723,way,not appliable,not appliable,this crossing intersects fewer than 2 kerbs. Generally each crossing should connect to at least 2 kerbs.
1361353725,way,not appliable,not appliable,this crossing intersects fewer than 2 kerbs. Generally each crossing should connect to at least 2 kerbs.
1361358755,way,not appliable,not appliable,this crossing intersects fewer than 2 kerbs. Generally each crossing should connect to at least 2 kerbs.
1361358756,way,not appliable,not appliable,this crossing intersects fewer than 2 kerbs. Generally each crossing should connect to at least 2 kerbs.
1361891679,way,not appliable,not appliable,this crossing intersects fewer than 2 kerbs. Generally each crossing should connect to at least 2 kerbs.
1362149219,way,not appliable,not appliable,this crossing intersects fewer than 2 kerbs. Generally each crossing should connect to at least 2 kerbs.
1362149222,way,not appliable,not appliable,this crossing intersects fewer than 2 kerbs. Generally each crossing should connect to at least 2 kerbs.
1362149227,way,not appliable,not appliable,this crossing intersects fewer than 2 kerbs. Generally each crossing should connect to at least 2 kerbs.
1362149228,way,not appliable,not appliable,this crossing intersects fewer than 2 kerbs. Generally each crossing should connect to at least 2 kerbs.
1362149230,way,not appliable,not appliable,this crossing intersects fewer than 2 kerbs. Generally each crossing should connect to at least 2 kerbs.
1362149232,way,not appliable,not appliable,this crossing intersects fewer than 2 kerbs. Generally each crossing should connect to at least 2 kerbs.
1362789794,way,not appliable,not appliable,this crossing intersects fewer than 2 kerbs. Generally each crossing should connect to at least 2 kerbs.
1362789795,way,not appliable,not appliable,this crossing intersects fewer than 2 kerbs. Generally each crossing should connect to at least 2 kerbs.
1362789807,way,not appliable,not appliable,this crossing intersects fewer than 2 kerbs. Generally each crossing should connect to at least 2 kerbs.
1362789808,way,not appliable,not appliable,this crossing intersects fewer than 2 kerbs. Generally each crossing should connect to at least 2 kerbs.
1362789809,way,not appliable,not appliable,this crossing intersects fewer than 2 kerbs. Generally each crossing should connect to at least 2 kerbs.
1362789810,way,not appliable,not appliable,this crossing intersects fewer than 2 kerbs. Generally each crossing should connect to at least 2 kerbs.
1362791285,way,not appliable,not appliable,this crossing intersects fewer than 2 kerbs. Generally each crossing should connect to at least 2 kerbs.
1362979591,way,not appliable,not appliable,this crossing intersects fewer than 2 kerbs. Generally each crossing should connect to at least 2 kerbs.
1362979592,way,not appliable,not appliable,this crossing intersects fewer than 2 kerbs. Generally each crossing should connect to at least 2 kerbs.
1362979593,way,not appliable,not appliable,this crossing intersects fewer than 2 kerbs. Generally each crossing should connect to at least 2 kerbs.
1362979594,way,not appliable,not appliable,this crossing intersects fewer than 2 kerbs. Generally each crossing should connect to at least 2 kerbs.
1362979603,way,not appliable,not appliable,this crossing intersects fewer than 2 kerbs. Generally each crossing should connect to at least 2 kerbs.
1362979606,way,not appliable,not appliable,this crossing intersects fewer than 2 kerbs. Generally each crossing should connect to at least 2 kerbs.
1362979611,way,not appliable,not appliable,this crossing intersects fewer than 2 kerbs. Generally each crossing should connect to at least 2 kerbs.
1362979620,way,not appliable,not appliable,this crossing intersects fewer than 2 kerbs. Generally each crossing should connect to at least 2 kerbs.
1362979624,way,not appliable,not appliable,this crossing intersects fewer than 2 kerbs. Generally each crossing should connect to at least 2 kerbs.
1362979627,way,not appliable,not appliable,this crossing intersects fewer than 2 kerbs. Generally each crossing should connect to at least 2 kerbs.
1362979629,way,not appliable,not appliable,this crossing intersects fewer than 2 kerbs. Generally each crossing should connect to at least 2 kerbs.
1362979630,way,not appliable,not appliable,this crossing intersects fewer than 2 kerbs. Generally each crossing should connect to at least 2 kerbs.
1362979631,way,not appliable,not appliable,this crossing intersects fewer than 2 kerbs. Generally each crossing should connect to at least 2 kerbs.
1362979632,way,not appliable,not appliable,this crossing intersects fewer than 2 kerbs. Generally each crossing should connect to at least 2 kerbs.
1362979635,way,not appliable,not appliable,this crossing intersects fewer than 2 kerbs. Generally each crossing should connect to at least 2 kerbs.
1362979636,way,not appliable,not appliable,this crossing intersects fewer than 2 kerbs. Generally each crossing should connect to at least 2 kerbs.
1362979637,way,not appliable,not appliable,this crossing intersects fewer than 2 kerbs. Generally each crossing should connect to at least 2 kerbs.
1362980491,way,not appliable,not appliable,this crossing intersects fewer than 2 kerbs. Generally each crossing should connect to at least 2 kerbs.
1362980492,way,not appliable,not appliable,this crossing intersects fewer than 2 kerbs. Generally each crossing should connect to at least 2 kerbs.
1364644252,way,not appliable,not appliable,this crossing intersects fewer than 2 kerbs. Generally each crossing should connect to at least 2 kerbs.
1364644278,way,not appliable,not appliable,this crossing intersects fewer than 2 kerbs. Generally each crossing should connect to at least 2 kerbs.
1364651132,way,not appliable,not appliable,this crossing intersects fewer than 2 kerbs. Generally each crossing should connect to at least 2 kerbs.
1366099047,way,not appliable,not appliable,this crossing intersects fewer than 2 kerbs. Generally each crossing should connect to at least 2 kerbs.
1366392440,way,not appliable,not appliable,this crossing intersects fewer than 2 kerbs. Generally each crossing should connect to at least 2 kerbs.
1368028872,way,not appliable,not appliable,this crossing intersects fewer than 2 kerbs. Generally each crossing should connect to at least 2 kerbs.
1371011045,way,not appliable,not appliable,this crossing intersects fewer than 2 kerbs. Generally each crossing should connect to at least 2 kerbs.
1371011046,way,not appliable,not appliable,this crossing intersects fewer than 2 kerbs. Generally each crossing should connect to at least 2 kerbs.
1371011047,way,not appliable,not appliable,this crossing intersects fewer than 2 kerbs. Generally each crossing should connect to at least 2 kerbs.
1371011048,way,not appliable,not appliable,this crossing intersects fewer than 2 kerbs. Generally each crossing should connect to at least 2 kerbs.
1371849849,way,not appliable,not appliable,this crossing intersects fewer than 2 kerbs. Generally each crossing should connect to at least 2 kerbs.
1371849851,way,not appliable,not appliable,this crossing intersects fewer than 2 kerbs. Generally each crossing should connect to at least 2 kerbs.
1371849853,way,not appliable,not appliable,this crossing intersects fewer than 2 kerbs. Generally each crossing should connect to at least 2 kerbs.
1371849855,way,not appliable,not appliable,this crossing intersects fewer than 2 kerbs. Generally each crossing should connect to at least 2 kerbs.
1371849857,way,not appliable,not appliable,this crossing intersects fewer than 2 kerbs. Generally each crossing should connect to at least 2 kerbs.
1371849859,way,not appliable,not appliable,this crossing intersects fewer than 2 kerbs. Generally each crossing should connect to at least 2 kerbs.
1371849861,way,not appliable,not appliable,this crossing intersects fewer than 2 kerbs. Generally each crossing should connect to at least 2 kerbs.
1371849864,way,not appliable,not appliable,this crossing intersects fewer than 2 kerbs. Generally each crossing should connect to at least 2 kerbs.
1371849866,way,not appliable,not appliable,this crossing intersects fewer than 2 kerbs. Generally each crossing should connect to at least 2 kerbs.
1371849869,way,not appliable,not appliable,this crossing intersects fewer than 2 kerbs. Generally each crossing should connect to at least 2 kerbs.
1371849870,way,not appliable,not appliable,this crossing intersects fewer than 2 kerbs. Generally each crossing should connect to at least 2 kerbs.
1371849871,way,not appliable,not appliable,this crossing intersects fewer than 2 kerbs. Generally each crossing should connect to at least 2 kerbs.
1371849872,way,not appliable,not appliable,this crossing intersects fewer than 2 kerbs. Generally each crossing should connect to at least 2 kerbs.
1371849873,way,not appliable,not appliable,this crossing intersects fewer than 2 kerbs. Generally each crossing should connect to at least 2 kerbs.
1371849874,way,not appliable,not appliable,this crossing intersects fewer than 2 kerbs. Generally each crossing should connect to at least 2 kerbs.
1371849876,way,not appliable,not appliable,this crossing intersects fewer than 2 kerbs. Generally each crossing should connect to at least 2 kerbs.
1371849878,way,not appliable,not appliable,this crossing intersects fewer than 2 kerbs. Generally each crossing should connect to at least 2 kerbs.
1371849880,way,not appliable,not appliable,this crossing intersects fewer than 2 kerbs. Generally each crossing should connect to at least 2 kerbs.
1371849881,way,not appliable,not appliable,this crossing intersects fewer than 2 kerbs. Generally each crossing should connect to at least 2 kerbs.
1371849882,way,not appliable,not appliable,this crossing intersects fewer than 2 kerbs. Generally each crossing should connect to at least 2 kerbs.
1371849884,way,not appliable,not appliable,this crossing intersects fewer than 2 kerbs. Generally each crossing should connect to at least 2 kerbs.
1371849885,way,not appliable,not appliable,this crossing intersects fewer than 2 kerbs. Generally each crossing should connect to at least 2 kerbs.
1371849886,way,not appliable,not appliable,this crossing intersects fewer than 2 kerbs. Generally each crossing should connect to at least 2 kerbs.
1371849888,way,not appliable,not appliable,this crossing intersects fewer than 2 kerbs. Generally each crossing should connect to at least 2 kerbs.
1371849889,way,not appliable,not appliable,this crossing intersects fewer than 2 kerbs. Generally each crossing should connect to at least 2 kerbs.
1371849890,way,not appliable,not appliable,this crossing intersects fewer than 2 kerbs. Generally each crossing should connect to at least 2 kerbs.
1371849892,way,not appliable,not appliable,this crossing intersects fewer than 2 kerbs. Generally each crossing should connect to at least 2 kerbs.
1371849893,way,not appliable,not appliable,this crossing intersects fewer than 2 kerbs. Generally each crossing should connect to at least 2 kerbs.
1371849894,way,not appliable,not appliable,this crossing intersects fewer than 2 kerbs. Generally each crossing should connect to at least 2 kerbs.
1371849896,way,not appliable,not appliable,this crossing intersects fewer than 2 kerbs. Generally each crossing should connect to at least 2 kerbs.
1371849897,way,not appliable,not appliable,this crossing intersects fewer than 2 kerbs. Generally each crossing should connect to at least 2 kerbs.
1371849898,way,not appliable,not appliable,this crossing intersects fewer than 2 kerbs. Generally each crossing should connect to at least 2 kerbs.
1371849900,way,not appliable,not appliable,this crossing intersects fewer than 2 kerbs. Generally each crossing should connect to at least 2 kerbs.
1371849902,way,not appliable,not appliable,this crossing intersects fewer than 2 kerbs. Generally each crossing should connect to at least 2 kerbs.
1371849903,way,not appliable,not appliable,this crossing intersects fewer than 2 kerbs. Generally each crossing should connect to at least 2 kerbs.
1371849904,way,not appliable,not appliable,this crossing intersects fewer than 2 kerbs. Generally each crossing should connect to at least 2 kerbs.
1371849905,way,not appliable,not appliable,this crossing intersects fewer than 2 kerbs. Generally each crossing should connect to at least 2 kerbs.
1371849920,way,not appliable,not appliable,this crossing intersects fewer than 2 kerbs. Generally each crossing should connect to at least 2 kerbs.
1371958909,way,not appliable,not appliable,this crossing intersects fewer than 2 kerbs. Generally each crossing should connect to at least 2 kerbs.
1371993029,way,not appliable,not appliable,this crossing intersects fewer than 2 kerbs. Generally each crossing should connect to at least 2 kerbs.
1371993032,way,not appliable,not appliable,this crossing intersects fewer than 2 kerbs. Generally each crossing should connect to at least 2 kerbs.
1371993033,way,not appliable,not appliable,this crossing intersects fewer than 2 kerbs. Generally each crossing should connect to at least 2 kerbs.
1371993034,way,not appliable,not appliable,this crossing intersects fewer than 2 kerbs. Generally each crossing should connect to at least 2 kerbs.
1371993036,way,not appliable,not appliable,this crossing intersects fewer than 2 kerbs. Generally each crossing should connect to at least 2 kerbs.
1371993038,way,not appliable,not appliable,this crossing intersects fewer than 2 kerbs. Generally each crossing should connect to at least 2 kerbs.
1371993040,way,not appliable,not appliable,this crossing intersects fewer than 2 kerbs. Generally each crossing should connect to at least 2 kerbs.
1372025863,way,not appliable,not appliable,this crossing intersects fewer than 2 kerbs. Generally each crossing should connect to at least 2 kerbs.
1372025864,way,not appliable,not appliable,this crossing intersects fewer than 2 kerbs. Generally each crossing should connect to at least 2 kerbs.
1372025865,way,not appliable,not appliable,this crossing intersects fewer than 2 kerbs. Generally each crossing should connect to at least 2 kerbs.
1372025866,way,not appliable,not appliable,this crossing intersects fewer than 2 kerbs. Generally each crossing should connect to at least 2 kerbs.
1372025867,way,not appliable,not appliable,this crossing intersects fewer than 2 kerbs. Generally each crossing should connect to at least 2 kerbs.
1372031705,way,not appliable,not appliable,this crossing intersects fewer than 2 kerbs. Generally each crossing should connect to at least 2 kerbs.
1372031706,way,not appliable,not appliable,this crossing intersects fewer than 2 kerbs. Generally each crossing should connect to at least 2 kerbs.
1372031707,way,not appliable,not appliable,this crossing intersects fewer than 2 kerbs. Generally each crossing should connect to at least 2 kerbs.
1372031708,way,not appliable,not appliable,this crossing intersects fewer than 2 kerbs. Generally each crossing should connect to at least 2 kerbs.
1373743339,way,not appliable,not appliable,this crossing intersects fewer than 2 kerbs. Generally each crossing should connect to at least 2 kerbs.
1373743340,way,not appliable,not appliable,this crossing intersects fewer than 2 kerbs. Generally each crossing should connect to at least 2 kerbs.
1373743342,way,not appliable,not appliable,this crossing intersects fewer than 2 kerbs. Generally each crossing should connect to at least 2 kerbs.
1373743600,way,not appliable,not appliable,this crossing intersects fewer than 2 kerbs. Generally each crossing should connect to at least 2 kerbs.
1374160519,way,not appliable,not appliable,this crossing intersects fewer than 2 kerbs. Generally each crossing should connect to at least 2 kerbs.
1374424910,way,not appliable,not appliable,this crossing intersects fewer than 2 kerbs. Generally each crossing should connect to at least 2 kerbs.
1374424912,way,not appliable,not appliable,this crossing intersects fewer than 2 kerbs. Generally each crossing should connect to at least 2 kerbs.
1374424915,way,not appliable,not appliable,this crossing intersects fewer than 2 kerbs. Generally each crossing should connect to at least 2 kerbs.
1374424916,way,not appliable,not appliable,this crossing intersects fewer than 2 kerbs. Generally each crossing should connect to at least 2 kerbs.
1374424945,way,not appliable,not appliable,this crossing intersects fewer than 2 kerbs. Generally each crossing should connect to at least 2 kerbs.
1374424947,way,not appliable,not appliable,this crossing intersects fewer than 2 kerbs. Generally each crossing should connect to at least 2 kerbs.
1374424949,way,not appliable,not appliable,this crossing intersects fewer than 2 kerbs. Generally each crossing should connect to at least 2 kerbs.
1374436420,way,not appliable,not appliable,this crossing intersects fewer than 2 kerbs. Generally each crossing should connect to at least 2 kerbs.
1375581447,way,not appliable,not appliable,this crossing intersects fewer than 2 kerbs. Generally each crossing should connect to at least 2 kerbs.
1375581460,way,not appliable,not appliable,this crossing intersects fewer than 2 kerbs. Generally each crossing should connect to at least 2 kerbs.
1375581462,way,not appliable,not appliable,this crossing intersects fewer than 2 kerbs. Generally each crossing should connect to at least 2 kerbs.
1375620039,way,not appliable,not appliable,this crossing intersects fewer than 2 kerbs. Generally each crossing should connect to at least 2 kerbs.
1375620053,way,not appliable,not appliable,this crossing intersects fewer than 2 kerbs. Generally each crossing should connect to at least 2 kerbs.
1375620054,way,not appliable,not appliable,this crossing intersects fewer than 2 kerbs. Generally each crossing should connect to at least 2 kerbs.
1375620056,way,not appliable,not appliable,this crossing intersects fewer than 2 kerbs. Generally each crossing should connect to at least 2 kerbs.
1375620058,way,not appliable,not appliable,this crossing intersects fewer than 2 kerbs. Generally each crossing should connect to at least 2 kerbs.
1375620064,way,not appliable,not appliable,this crossing intersects fewer than 2 kerbs. Generally each crossing should connect to at least 2 kerbs.
1375627758,way,not appliable,not appliable,this crossing intersects fewer than 2 kerbs. Generally each crossing should connect to at least 2 kerbs.
1375827335,way,not appliable,not appliable,this crossing intersects fewer than 2 kerbs. Generally each crossing should connect to at least 2 kerbs.
1377030462,way,not appliable,not appliable,this crossing intersects fewer than 2 kerbs. Generally each crossing should connect to at least 2 kerbs.
1377030465,way,not appliable,not appliable,this crossing intersects fewer than 2 kerbs. Generally each crossing should connect to at least 2 kerbs.
1377030466,way,not appliable,not appliable,this crossing intersects fewer than 2 kerbs. Generally each crossing should connect to at least 2 kerbs.
1377030469,way,not appliable,not appliable,this crossing intersects fewer than 2 kerbs. Generally each crossing should connect to at least 2 kerbs.
1377030472,way,not appliable,not appliable,this crossing intersects fewer than 2 kerbs. Generally each crossing should connect to at least 2 kerbs.
1377030474,way,not appliable,not appliable,this crossing intersects fewer than 2 kerbs. Generally each crossing should connect to at least 2 kerbs.
1377338539,way,not appliable,not appliable,this crossing intersects fewer than 2 kerbs. Generally each crossing should connect to at least 2 kerbs.
1377505097,way,not appliable,not appliable,this crossing intersects fewer than 2 kerbs. Generally each crossing should connect to at least 2 kerbs.
1378893347,way,not appliable,not appliable,this crossing intersects fewer than 2 kerbs. Generally each crossing should connect to at least 2 kerbs.
1378912609,way,not appliable,not appliable,this crossing intersects fewer than 2 kerbs. Generally each crossing should connect to at least 2 kerbs.
1378912610,way,not appliable,not appliable,this crossing intersects fewer than 2 kerbs. Generally each crossing should connect to at least 2 kerbs.
1378912611,way,not appliable,not appliable,this crossing intersects fewer than 2 kerbs. Generally each crossing should connect to at least 2 kerbs.
1378912612,way,not appliable,not appliable,this crossing intersects fewer than 2 kerbs. Generally each crossing should connect to at least 2 kerbs.
1378912614,way,not appliable,not appliable,this crossing intersects fewer than 2 kerbs. Generally each crossing should connect to at least 2 kerbs.
1378927731,way,not appliable,not appliable,this crossing intersects fewer than 2 kerbs. Generally each crossing should connect to at least 2 kerbs.
1381690237,way,not appliable,not appliable,this crossing intersects fewer than 2 kerbs. Generally each crossing should connect to at least 2 kerbs.
1383672375,way,not appliable,not appliable,this crossing intersects fewer than 2 kerbs. Generally each crossing should connect to at least 2 kerbs.
1383760460,way,not appliable,not appliable,this crossing intersects fewer than 2 kerbs. Generally each crossing should connect to at least 2 kerbs.
1383760461,way,not appliable,not appliable,this crossing intersects fewer than 2 kerbs. Generally each crossing should connect to at least 2 kerbs.
1383760463,way,not appliable,not appliable,this crossing intersects fewer than 2 kerbs. Generally each crossing should connect to at least 2 kerbs.
1385344642,way,not appliable,not appliable,this crossing intersects fewer than 2 kerbs. Generally each crossing should connect to at least 2 kerbs.
1385344644,way,not appliable,not appliable,this crossing intersects fewer than 2 kerbs. Generally each crossing should connect to at least 2 kerbs.
1387799950,way,not appliable,not appliable,this crossing intersects fewer than 2 kerbs. Generally each crossing should connect to at least 2 kerbs.
1391288595,way,not appliable,not appliable,this crossing intersects fewer than 2 kerbs. Generally each crossing should connect to at least 2 kerbs.
1391288598,way,not appliable,not appliable,this crossing intersects fewer than 2 kerbs. Generally each crossing should connect to at least 2 kerbs.
1391288600,way,not appliable,not appliable,this crossing intersects fewer than 2 kerbs. Generally each crossing should connect to at least 2 kerbs.
1391288602,way,not appliable,not appliable,this crossing intersects fewer than 2 kerbs. Generally each crossing should connect to at least 2 kerbs.
1391601618,way,not appliable,not appliable,this crossing intersects fewer than 2 kerbs. Generally each crossing should connect to at least 2 kerbs.
1391601619,way,not appliable,not appliable,this crossing intersects fewer than 2 kerbs. Generally each crossing should connect to at least 2 kerbs.
1391608547,way,not appliable,not appliable,this crossing intersects fewer than 2 kerbs. Generally each crossing should connect to at least 2 kerbs.
1392148228,way,not appliable,not appliable,this crossing intersects fewer than 2 kerbs. Generally each crossing should connect to at least 2 kerbs.
1392148233,way,not appliable,not appliable,this crossing intersects fewer than 2 kerbs. Generally each crossing should connect to at least 2 kerbs.
1392148234,way,not appliable,not appliable,this crossing intersects fewer than 2 kerbs. Generally each crossing should connect to at least 2 kerbs.
1395144955,way,not appliable,not appliable,this crossing intersects fewer than 2 kerbs. Generally each crossing should connect to at least 2 kerbs.
1395144956,way,not appliable,not appliable,this crossing intersects fewer than 2 kerbs. Generally each crossing should connect to at least 2 kerbs.
1408453618,way,not appliable,not appliable,this crossing intersects fewer than 2 kerbs. Generally each crossing should connect to at least 2 kerbs.
1409153404,way,not appliable,not appliable,this crossing intersects fewer than 2 kerbs. Generally each crossing should connect to at least 2 kerbs.
1409153408,way,not appliable,not appliable,this crossing intersects fewer than 2 kerbs. Generally each crossing should connect to at least 2 kerbs.
1415185782,way,not appliable,not appliable,this crossing intersects fewer than 2 kerbs. Generally each crossing should connect to at least 2 kerbs.
1415431717,way,not appliable,not appliable,this crossing intersects fewer than 2 kerbs. Generally each crossing should connect to at least 2 kerbs.
1415928622,way,not appliable,not appliable,this crossing intersects fewer than 2 kerbs. Generally each crossing should connect to at least 2 kerbs.
1416786312,way,not appliable,not appliable,this crossing intersects fewer than 2 kerbs. Generally each crossing should connect to at least 2 kerbs.
1418922077,way,not appliable,not appliable,this crossing intersects fewer than 2 kerbs. Generally each crossing should connect to at least 2 kerbs.
1419217650,way,not appliable,not appliable,this crossing intersects fewer than 2 kerbs. Generally each crossing should connect to at least 2 kerbs.
1419222687,way,not appliable,not appliable,this crossing intersects fewer than 2 kerbs. Generally each crossing should connect to at least 2 kerbs.
1419222688,way,not appliable,not appliable,this crossing intersects fewer than 2 kerbs. Generally each crossing should connect to at least 2 kerbs.
1419235089,way,not appliable,not appliable,this crossing intersects fewer than 2 kerbs. Generally each crossing should connect to at least 2 kerbs.
1419235091,way,not appliable,not appliable,this crossing intersects fewer than 2 kerbs. Generally each crossing should connect to at least 2 kerbs.
1420215220,way,not appliable,not appliable,this crossing intersects fewer than 2 kerbs. Generally each crossing should connect to at least 2 kerbs.
1420625616,way,not appliable,not appliable,this crossing intersects fewer than 2 kerbs. Generally each crossing should connect to at least 2 kerbs.
1420625618,way,not appliable,not appliable,this crossing intersects fewer than 2 kerbs. Generally each crossing should connect to at least 2 kerbs.
1420944455,way,not appliable,not appliable,this crossing intersects fewer than 2 kerbs. Generally each crossing should connect to at least 2 kerbs.
1421786197,way,not appliable,not appliable,this crossing intersects fewer than 2 kerbs. Generally each crossing should connect to at least 2 kerbs.
1421786199,way,not appliable,not appliable,this crossing intersects fewer than 2 kerbs. Generally each crossing should connect to at least 2 kerbs.
1421786200,way,not appliable,not appliable,this crossing intersects fewer than 2 kerbs. Generally each crossing should connect to at least 2 kerbs.
1421786201,way,not appliable,not appliable,this crossing intersects fewer than 2 kerbs. Generally each crossing should connect to at least 2 kerbs.
1422507080,way,not appliable,not appliable,this crossing intersects fewer than 2 kerbs. Generally each crossing should connect to at least 2 kerbs.
1422507082,way,not appliable,not appliable,this crossing intersects fewer than 2 kerbs. Generally each crossing should connect to at least 2 kerbs.
1422507087,way,not appliable,not appliable,this crossing intersects fewer than 2 kerbs. Generally each crossing should connect to at least 2 kerbs.
1422584024,way,not appliable,not appliable,this crossing intersects fewer than 2 kerbs. Generally each crossing should connect to at least 2 kerbs.
1422584027,way,not appliable,not appliable,this crossing intersects fewer than 2 kerbs. Generally each crossing should connect to at least 2 kerbs.
1422584034,way,not appliable,not appliable,this crossing intersects fewer than 2 kerbs. Generally each crossing should connect to at least 2 kerbs.
1423323942,way,not appliable,not appliable,this crossing intersects fewer than 2 kerbs. Generally each crossing should connect to at least 2 kerbs.
1426223951,way,not appliable,not appliable,this crossing intersects fewer than 2 kerbs. Generally each crossing should connect to at least 2 kerbs.
1426223955,way,not appliable,not appliable,this crossing intersects fewer than 2 kerbs. Generally each crossing should connect to at least 2 kerbs.
1426405712,way,not appliable,not appliable,this crossing intersects fewer than 2 kerbs. Generally each crossing should connect to at least 2 kerbs.
1426405716,way,not appliable,not appliable,this crossing intersects fewer than 2 kerbs. Generally each crossing should connect to at least 2 kerbs.
1426853804,way,not appliable,not appliable,this crossing intersects fewer than 2 kerbs. Generally each crossing should connect to at least 2 kerbs.
1426853806,way,not appliable,not appliable,this crossing intersects fewer than 2 kerbs. Generally each crossing should connect to at least 2 kerbs.
1426853808,way,not appliable,not appliable,this crossing intersects fewer than 2 kerbs. Generally each crossing should connect to at least 2 kerbs.
1426853809,way,not appliable,not appliable,this crossing intersects fewer than 2 kerbs. Generally each crossing should connect to at least 2 kerbs.
1427254038,way,not appliable,not appliable,this crossing intersects fewer than 2 kerbs. Generally each crossing should connect to at least 2 kerbs.
1427711866,way,not appliable,not appliable,this crossing intersects fewer than 2 kerbs. Generally each crossing should connect to at least 2 kerbs.
1428440535,way,not appliable,not appliable,this crossing intersects fewer than 2 kerbs. Generally each crossing should connect to at least 2 kerbs.
1428538430,way,not appliable,not appliable,this crossing intersects fewer than 2 kerbs. Generally each crossing should connect to at least 2 kerbs.
1428538432,way,not appliable,not appliable,this crossing intersects fewer than 2 kerbs. Generally each crossing should connect to at least 2 kerbs.
1428538434,way,not appliable,not appliable,this crossing intersects fewer than 2 kerbs. Generally each crossing should connect to at least 2 kerbs.
1428538436,way,not appliable,not appliable,this crossing intersects fewer than 2 kerbs. Generally each crossing should connect to at least 2 kerbs.
1428816888,way,not appliable,not appliable,this crossing intersects fewer than 2 kerbs. Generally each crossing should connect to at least 2 kerbs.
1428816889,way,not appliable,not appliable,this crossing intersects fewer than 2 kerbs. Generally each crossing should connect to at least 2 kerbs.
1428816891,way,not appliable,not appliable,this crossing intersects fewer than 2 kerbs. Generally each crossing should connect to at least 2 kerbs.
1429375070,way,not appliable,not appliable,this crossing intersects fewer than 2 kerbs. Generally each crossing should connect to at least 2 kerbs.
1429375073,way,not appliable,not appliable,this crossing intersects fewer than 2 kerbs. Generally each crossing should connect to at least 2 kerbs.
1429375075,way,not appliable,not appliable,this crossing intersects fewer than 2 kerbs. Generally each crossing should connect to at least 2 kerbs.
1429375076,way,not appliable,not appliable,this crossing intersects fewer than 2 kerbs. Generally each crossing should connect to at least 2 kerbs.
1429702456,way,not appliable,not appliable,this crossing intersects fewer than 2 kerbs. Generally each crossing should connect to at least 2 kerbs.
1429702457,way,not appliable,not appliable,this crossing intersects fewer than 2 kerbs. Generally each crossing should connect to at least 2 kerbs.
1429702473,way,not appliable,not appliable,this crossing intersects fewer than 2 kerbs. Generally each crossing should connect to at least 2 kerbs.
1429702474,way,not appliable,not appliable,this crossing intersects fewer than 2 kerbs. Generally each crossing should connect to at least 2 kerbs.
1429702475,way,not appliable,not appliable,this crossing intersects fewer than 2 kerbs. Generally each crossing should connect to at least 2 kerbs.
1430312384,way,not appliable,not appliable,this crossing intersects fewer than 2 kerbs. Generally each crossing should connect to at least 2 kerbs.
1430473846,way,not appliable,not appliable,this crossing intersects fewer than 2 kerbs. Generally each crossing should connect to at least 2 kerbs.
1430570560,way,not appliable,not appliable,this crossing intersects fewer than 2 kerbs. Generally each crossing should connect to at least 2 kerbs.
1432190198,way,not appliable,not appliable,this crossing intersects fewer than 2 kerbs. Generally each crossing should connect to at least 2 kerbs.
1432190202,way,not appliable,not appliable,this crossing intersects fewer than 2 kerbs. Generally each crossing should connect to at least 2 kerbs.
1432190204,way,not appliable,not appliable,this crossing intersects fewer than 2 kerbs. Generally each crossing should connect to at least 2 kerbs.
1432190205,way,not appliable,not appliable,this crossing intersects fewer than 2 kerbs. Generally each crossing should connect to at least 2 kerbs.
1432190206,way,not appliable,not appliable,this crossing intersects fewer than 2 kerbs. Generally each crossing should connect to at least 2 kerbs.
1433595178,way,not appliable,not appliable,this crossing intersects fewer than 2 kerbs. Generally each crossing should connect to at least 2 kerbs.
1434624224,way,not appliable,not appliable,this crossing intersects fewer than 2 kerbs. Generally each crossing should connect to at least 2 kerbs.
1434624227,way,not appliable,not appliable,this crossing intersects fewer than 2 kerbs. Generally each crossing should connect to at least 2 kerbs.
1434624234,way,not appliable,not appliable,this crossing intersects fewer than 2 kerbs. Generally each crossing should connect to at least 2 kerbs.
1435914646,way,not appliable,not appliable,this crossing intersects fewer than 2 kerbs. Generally each crossing should connect to at least 2 kerbs.
1435914647,way,not appliable,not appliable,this crossing intersects fewer than 2 kerbs. Generally each crossing should connect to at least 2 kerbs.
1435914648,way,not appliable,not appliable,this crossing intersects fewer than 2 kerbs. Generally each crossing should connect to at least 2 kerbs.
1435917666,way,not appliable,not appliable,this crossing intersects fewer than 2 kerbs. Generally each crossing should connect to at least 2 kerbs.
1442153297,way,not appliable,not appliable,this crossing intersects fewer than 2 kerbs. Generally each crossing should connect to at least 2 kerbs.
1442153308,way,not appliable,not appliable,this crossing intersects fewer than 2 kerbs. Generally each crossing should connect to at least 2 kerbs.
1443049732,way,not appliable,not appliable,this crossing intersects fewer than 2 kerbs. Generally each crossing should connect to at least 2 kerbs.
1443049745,way,not appliable,not appliable,this crossing intersects fewer than 2 kerbs. Generally each crossing should connect to at least 2 kerbs.
1443049748,way,not appliable,not appliable,this crossing intersects fewer than 2 kerbs. Generally each crossing should connect to at least 2 kerbs.
1443391564,way,not appliable,not appliable,this crossing intersects fewer than 2 kerbs. Generally each crossing should connect to at least 2 kerbs.
1443391565,way,not appliable,not appliable,this crossing intersects fewer than 2 kerbs. Generally each crossing should connect to at least 2 kerbs.
1443703419,way,not appliable,not appliable,this crossing intersects fewer than 2 kerbs. Generally each crossing should connect to at least 2 kerbs.
1443703420,way,not appliable,not appliable,this crossing intersects fewer than 2 kerbs. Generally each crossing should connect to at least 2 kerbs.
1443929904,way,not appliable,not appliable,this crossing intersects fewer than 2 kerbs. Generally each crossing should connect to at least 2 kerbs.
1444249251,way,not appliable,not appliable,this crossing intersects fewer than 2 kerbs. Generally each crossing should connect to at least 2 kerbs.
1444249254,way,not appliable,not appliable,this crossing intersects fewer than 2 kerbs. Generally each crossing should connect to at least 2 kerbs.
1444249257,way,not appliable,not appliable,this crossing intersects fewer than 2 kerbs. Generally each crossing should connect to at least 2 kerbs.
1444249259,way,not appliable,not appliable,this crossing intersects fewer than 2 kerbs. Generally each crossing should connect to at least 2 kerbs.
1444249261,way,not appliable,not appliable,this crossing intersects fewer than 2 kerbs. Generally each crossing should connect to at least 2 kerbs.
1444832536,way,not appliable,not appliable,this crossing intersects fewer than 2 kerbs. Generally each crossing should connect to at least 2 kerbs.
1444832545,way,not appliable,not appliable,this crossing intersects fewer than 2 kerbs. Generally each crossing should connect to at least 2 kerbs.
1444927093,way,not appliable,not appliable,this crossing intersects fewer than 2 kerbs. Generally each crossing should connect to at least 2 kerbs.
1444927097,way,not appliable,not appliable,this crossing intersects fewer than 2 kerbs. Generally each crossing should connect to at least 2 kerbs.
1445009839,way,not appliable,not appliable,this crossing intersects fewer than 2 kerbs. Generally each crossing should connect to at least 2 kerbs.
1445095621,way,not appliable,not appliable,this crossing intersects fewer than 2 kerbs. Generally each crossing should connect to at least 2 kerbs.
1445661599,way,not appliable,not appliable,this crossing intersects fewer than 2 kerbs. Generally each crossing should connect to at least 2 kerbs.
1445814875,way,not appliable,not appliable,this crossing intersects fewer than 2 kerbs. Generally each crossing should connect to at least 2 kerbs.
1445957917,way,not appliable,not appliable,this crossing intersects fewer than 2 kerbs. Generally each crossing should connect to at least 2 kerbs.
1446673793,way,not appliable,not appliable,this crossing intersects fewer than 2 kerbs. Generally each crossing should connect to at least 2 kerbs.
1446673795,way,not appliable,not appliable,this crossing intersects fewer than 2 kerbs. Generally each crossing should connect to at least 2 kerbs.
1446673796,way,not appliable,not appliable,this crossing intersects fewer than 2 kerbs. Generally each crossing should connect to at least 2 kerbs.
1446695907,way,not appliable,not appliable,this crossing intersects fewer than 2 kerbs. Generally each crossing should connect to at least 2 kerbs.
1446843067,way,not appliable,not appliable,this crossing intersects fewer than 2 kerbs. Generally each crossing should connect to at least 2 kerbs.
1447136958,way,not appliable,not appliable,this crossing intersects fewer than 2 kerbs. Generally each crossing should connect to at least 2 kerbs.
1448469020,way,not appliable,not appliable,this crossing intersects fewer than 2 kerbs. Generally each crossing should connect to at least 2 kerbs.
1448469021,way,not appliable,not appliable,this crossing intersects fewer than 2 kerbs. Generally each crossing should connect to at least 2 kerbs.
1451074941,way,not appliable,not appliable,this crossing intersects fewer than 2 kerbs. Generally each crossing should connect to at least 2 kerbs.
1451074977,way,not appliable,not appliable,this crossing intersects fewer than 2 kerbs. Generally each crossing should connect to at least 2 kerbs.
1451074995,way,not appliable,not appliable,this crossing intersects fewer than 2 kerbs. Generally each crossing should connect to at least 2 kerbs.
1451842776,way,not appliable,not appliable,this crossing intersects fewer than 2 kerbs. Generally each crossing should connect to at least 2 kerbs.
1456791842,way,not appliable,not appliable,this crossing intersects fewer than 2 kerbs. Generally each crossing should connect to at least 2 kerbs.
1456791847,way,not appliable,not appliable,this crossing intersects fewer than 2 kerbs. Generally each crossing should connect to at least 2 kerbs.
1457138718,way,not appliable,not appliable,this crossing intersects fewer than 2 kerbs. Generally each crossing should connect to at least 2 kerbs.
1457395644,way,not appliable,not appliable,this crossing intersects fewer than 2 kerbs. Generally each crossing should connect to at least 2 kerbs.
1460219838,way,not appliable,not appliable,this crossing intersects fewer than 2 kerbs. Generally each crossing should connect to at least 2 kerbs.
1461298227,way,not appliable,not appliable,this crossing intersects fewer than 2 kerbs. Generally each crossing should connect to at least 2 kerbs.
1462244053,way,not appliable,not appliable,this crossing intersects fewer than 2 kerbs. Generally each crossing should connect to at least 2 kerbs.
1462244097,way,not appliable,not appliable,this crossing intersects fewer than 2 kerbs. Generally each crossing should connect to at least 2 kerbs.
1462244098,way,not appliable,not appliable,this crossing intersects fewer than 2 kerbs. Generally each crossing should connect to at least 2 kerbs.
1462244138,way,not appliable,not appliable,this crossing intersects fewer than 2 kerbs. Generally each crossing should connect to at least 2 kerbs.
1462258795,way,not appliable,not appliable,this crossing intersects fewer than 2 kerbs. Generally each crossing should connect to at least 2 kerbs.
1462261428,way,not appliable,not appliable,this crossing intersects fewer than 2 kerbs. Generally each crossing should connect to at least 2 kerbs.
1462261432,way,not appliable,not appliable,this crossing intersects fewer than 2 kerbs. Generally each crossing should connect to at least 2 kerbs.
1462284224,way,not appliable,not appliable,this crossing intersects fewer than 2 kerbs. Generally each crossing should connect to at least 2 kerbs.
1462284225,way,not appliable,not appliable,this crossing intersects fewer than 2 kerbs. Generally each crossing should connect to at least 2 kerbs.
1462284226,way,not appliable,not appliable,this crossing intersects fewer than 2 kerbs. Generally each crossing should connect to at least 2 kerbs.
1463208119,way,not appliable,not appliable,this crossing intersects fewer than 2 kerbs. Generally each crossing should connect to at least 2 kerbs.
1463208136,way,not appliable,not appliable,this crossing intersects fewer than 2 kerbs. Generally each crossing should connect to at least 2 kerbs.
1463212527,way,not appliable,not appliable,this crossing intersects fewer than 2 kerbs. Generally each crossing should connect to at least 2 kerbs.
1463212530,way,not appliable,not appliable,this crossing intersects fewer than 2 kerbs. Generally each crossing should connect to at least 2 kerbs.
1463216096,way,not appliable,not appliable,this crossing intersects fewer than 2 kerbs. Generally each crossing should connect to at least 2 kerbs.
1463412161,way,not appliable,not appliable,this crossing intersects fewer than 2 kerbs. Generally each crossing should connect to at least 2 kerbs.
1463412163,way,not appliable,not appliable,this crossing intersects fewer than 2 kerbs. Generally each crossing should connect to at least 2 kerbs.
1463412164,way,not appliable,not appliable,this crossing intersects fewer than 2 kerbs. Generally each crossing should connect to at least 2 kerbs.
1463412166,way,not appliable,not appliable,this crossing intersects fewer than 2 kerbs. Generally each crossing should connect to at least 2 kerbs.
1463412168,way,not appliable,not appliable,this crossing intersects fewer than 2 kerbs. Generally each crossing should connect to at least 2 kerbs.
1463430584,way,not appliable,not appliable,this crossing intersects fewer than 2 kerbs. Generally each crossing should connect to at least 2 kerbs.
1463658802,way,not appliable,not appliable,this crossing intersects fewer than 2 kerbs. Generally each crossing should connect to at least 2 kerbs.
1463711736,way,not appliable,not appliable,this crossing intersects fewer than 2 kerbs. Generally each crossing should connect to at least 2 kerbs.
1463711737,way,not appliable,not appliable,this crossing intersects fewer than 2 kerbs. Generally each crossing should connect to at least 2 kerbs.
1463711738,way,not appliable,not appliable,this crossing intersects fewer than 2 kerbs. Generally each crossing should connect to at least 2 kerbs.
1463711741,way,not appliable,not appliable,this crossing intersects fewer than 2 kerbs. Generally each crossing should connect to at least 2 kerbs.
1463711744,way,not appliable,not appliable,this crossing intersects fewer than 2 kerbs. Generally each crossing should connect to at least 2 kerbs.
1463711747,way,not appliable,not appliable,this crossing intersects fewer than 2 kerbs. Generally each crossing should connect to at least 2 kerbs.
1463711750,way,not appliable,not appliable,this crossing intersects fewer than 2 kerbs. Generally each crossing should connect to at least 2 kerbs.
1463711834,way,not appliable,not appliable,this crossing intersects fewer than 2 kerbs. Generally each crossing should connect to at least 2 kerbs.
1464811898,way,not appliable,not appliable,this crossing intersects fewer than 2 kerbs. Generally each crossing should connect to at least 2 kerbs.
1464811903,way,not appliable,not appliable,this crossing intersects fewer than 2 kerbs. Generally each crossing should connect to at least 2 kerbs.
1464816958,way,not appliable,not appliable,this crossing intersects fewer than 2 kerbs. Generally each crossing should connect to at least 2 kerbs.
1464857821,way,not appliable,not appliable,this crossing intersects fewer than 2 kerbs. Generally each crossing should connect to at least 2 kerbs.
1464857824,way,not appliable,not appliable,this crossing intersects fewer than 2 kerbs. Generally each crossing should connect to at least 2 kerbs.
1464857825,way,not appliable,not appliable,this crossing intersects fewer than 2 kerbs. Generally each crossing should connect to at least 2 kerbs.
1465108753,way,not appliable,not appliable,this crossing intersects fewer than 2 kerbs. Generally each crossing should connect to at least 2 kerbs.
1465129972,way,not appliable,not appliable,this crossing intersects fewer than 2 kerbs. Generally each crossing should connect to at least 2 kerbs.
1465142210,way,not appliable,not appliable,this crossing intersects fewer than 2 kerbs. Generally each crossing should connect to at least 2 kerbs.
1465142213,way,not appliable,not appliable,this crossing intersects fewer than 2 kerbs. Generally each crossing should connect to at least 2 kerbs.
1465331523,way,not appliable,not appliable,this crossing intersects fewer than 2 kerbs. Generally each crossing should connect to at least 2 kerbs.
1465331525,way,not appliable,not appliable,this crossing intersects fewer than 2 kerbs. Generally each crossing should connect to at least 2 kerbs.
1465332106,way,not appliable,not appliable,this crossing intersects fewer than 2 kerbs. Generally each crossing should connect to at least 2 kerbs.
1465332108,way,not appliable,not appliable,this crossing intersects fewer than 2 kerbs. Generally each crossing should connect to at least 2 kerbs.
1466463124,way,not appliable,not appliable,this crossing intersects fewer than 2 kerbs. Generally each crossing should connect to at least 2 kerbs.
1466463125,way,not appliable,not appliable,this crossing intersects fewer than 2 kerbs. Generally each crossing should connect to at least 2 kerbs.
1466463202,way,not appliable,not appliable,this crossing intersects fewer than 2 kerbs. Generally each crossing should connect to at least 2 kerbs.
1466759114,way,not appliable,not appliable,this crossing intersects fewer than 2 kerbs. Generally each crossing should connect to at least 2 kerbs.
1466759115,way,not appliable,not appliable,this crossing intersects fewer than 2 kerbs. Generally each crossing should connect to at least 2 kerbs.
1467935683,way,not appliable,not appliable,this crossing intersects fewer than 2 kerbs. Generally each crossing should connect to at least 2 kerbs.
1467935688,way,not appliable,not appliable,this crossing intersects fewer than 2 kerbs. Generally each crossing should connect to at least 2 kerbs.
1467935691,way,not appliable,not appliable,this crossing intersects fewer than 2 kerbs. Generally each crossing should connect to at least 2 kerbs.
1467935695,way,not appliable,not appliable,this crossing intersects fewer than 2 kerbs. Generally each crossing should connect to at least 2 kerbs.
1471747648,way,not appliable,not appliable,this crossing intersects fewer than 2 kerbs. Generally each crossing should connect to at least 2 kerbs.
1471747650,way,not appliable,not appliable,this crossing intersects fewer than 2 kerbs. Generally each crossing should connect to at least 2 kerbs.
1471747658,way,not appliable,not appliable,this crossing intersects fewer than 2 kerbs. Generally each crossing should connect to at least 2 kerbs.
1472368267,way,not appliable,not appliable,this crossing intersects fewer than 2 kerbs. Generally each crossing should connect to at least 2 kerbs.
1474768859,way,not appliable,not appliable,this crossing intersects fewer than 2 kerbs. Generally each crossing should connect to at least 2 kerbs.
1475187305,way,not appliable,not appliable,this crossing intersects fewer than 2 kerbs. Generally each crossing should connect to at least 2 kerbs.
1475187315,way,not appliable,not appliable,this crossing intersects fewer than 2 kerbs. Generally each crossing should connect to at least 2 kerbs.
1475187359,way,not appliable,not appliable,this crossing intersects fewer than 2 kerbs. Generally each crossing should connect to at least 2 kerbs.
1475187360,way,not appliable,not appliable,this crossing intersects fewer than 2 kerbs. Generally each crossing should connect to at least 2 kerbs.
1475187361,way,not appliable,not appliable,this crossing intersects fewer than 2 kerbs. Generally each crossing should connect to at least 2 kerbs.
1476250631,way,not appliable,not appliable,this crossing intersects fewer than 2 kerbs. Generally each crossing should connect to at least 2 kerbs.
1476250632,way,not appliable,not appliable,this crossing intersects fewer than 2 kerbs. Generally each crossing should connect to at least 2 kerbs.
1481555103,way,not appliable,not appliable,this crossing intersects fewer than 2 kerbs. Generally each crossing should connect to at least 2 kerbs.
1481555104,way,not appliable,not appliable,this crossing intersects fewer than 2 kerbs. Generally each crossing should connect to at least 2 kerbs.
1481555105,way,not appliable,not appliable,this crossing intersects fewer than 2 kerbs. Generally each crossing should connect to at least 2 kerbs.
1481555107,way,not appliable,not appliable,this crossing intersects fewer than 2 kerbs. Generally each crossing should connect to at least 2 kerbs.
1482244883,way,not appliable,not appliable,this crossing intersects fewer than 2 kerbs. Generally each crossing should connect to at least 2 kerbs.
1484095876,way,not appliable,not appliable,this crossing intersects fewer than 2 kerbs. Generally each crossing should connect to at least 2 kerbs.
1484095878,way,not appliable,not appliable,this crossing intersects fewer than 2 kerbs. Generally each crossing should connect to at least 2 kerbs.
1484095879,way,not appliable,not appliable,this crossing intersects fewer than 2 kerbs. Generally each crossing should connect to at least 2 kerbs.
1484095880,way,not appliable,not appliable,this crossing intersects fewer than 2 kerbs. Generally each crossing should connect to at least 2 kerbs.
1484095905,way,not appliable,not appliable,this crossing intersects fewer than 2 kerbs. Generally each crossing should connect to at least 2 kerbs.
1484095906,way,not appliable,not appliable,this crossing intersects fewer than 2 kerbs. Generally each crossing should connect to at least 2 kerbs.
1484095909,way,not appliable,not appliable,this crossing intersects fewer than 2 kerbs. Generally each crossing should connect to at least 2 kerbs.
1484095910,way,not appliable,not appliable,this crossing intersects fewer than 2 kerbs. Generally each crossing should connect to at least 2 kerbs.
1484095922,way,not appliable,not appliable,this crossing intersects fewer than 2 kerbs. Generally each crossing should connect to at least 2 kerbs.
1484095923,way,not appliable,not appliable,this crossing intersects fewer than 2 kerbs. Generally each crossing should connect to at least 2 kerbs.
1484095926,way,not appliable,not appliable,this crossing intersects fewer than 2 kerbs. Generally each crossing should connect to at least 2 kerbs.
1484095927,way,not appliable,not appliable,this crossing intersects fewer than 2 kerbs. Generally each crossing should connect to at least 2 kerbs.
1484095930,way,not appliable,not appliable,this crossing intersects fewer than 2 kerbs. Generally each crossing should connect to at least 2 kerbs.
1484095931,way,not appliable,not appliable,this crossing intersects fewer than 2 kerbs. Generally each crossing should connect to at least 2 kerbs.
1484095936,way,not appliable,not appliable,this crossing intersects fewer than 2 kerbs. Generally each crossing should connect to at least 2 kerbs.
1484095939,way,not appliable,not appliable,this crossing intersects fewer than 2 kerbs. Generally each crossing should connect to at least 2 kerbs.
1484095946,way,not appliable,not appliable,this crossing intersects fewer than 2 kerbs. Generally each crossing should connect to at least 2 kerbs.
1484095948,way,not appliable,not appliable,this crossing intersects fewer than 2 kerbs. Generally each crossing should connect to at least 2 kerbs.
1484095960,way,not appliable,not appliable,this crossing intersects fewer than 2 kerbs. Generally each crossing should connect to at least 2 kerbs.
1484095961,way,not appliable,not appliable,this crossing intersects fewer than 2 kerbs. Generally each crossing should connect to at least 2 kerbs.
1484095962,way,not appliable,not appliable,this crossing intersects fewer than 2 kerbs. Generally each crossing should connect to at least 2 kerbs.
1484095963,way,not appliable,not appliable,this crossing intersects fewer than 2 kerbs. Generally each crossing should connect to at least 2 kerbs.
1484095965,way,not appliable,not appliable,this crossing intersects fewer than 2 kerbs. Generally each crossing should connect to at least 2 kerbs.
1484095966,way,not appliable,not appliable,this crossing intersects fewer than 2 kerbs. Generally each crossing should connect to at least 2 kerbs.
1484095967,way,not appliable,not appliable,this crossing intersects fewer than 2 kerbs. Generally each crossing should connect to at least 2 kerbs.
1484095968,way,not appliable,not appliable,this crossing intersects fewer than 2 kerbs. Generally each crossing should connect to at least 2 kerbs.
1484095977,way,not appliable,not appliable,this crossing intersects fewer than 2 kerbs. Generally each crossing should connect to at least 2 kerbs.
1484107618,way,not appliable,not appliable,this crossing intersects fewer than 2 kerbs. Generally each crossing should connect to at least 2 kerbs.
1484174903,way,not appliable,not appliable,this crossing intersects fewer than 2 kerbs. Generally each crossing should connect to at least 2 kerbs.
1484174904,way,not appliable,not appliable,this crossing intersects fewer than 2 kerbs. Generally each crossing should connect to at least 2 kerbs.
1484184431,way,not appliable,not appliable,this crossing intersects fewer than 2 kerbs. Generally each crossing should connect to at least 2 kerbs.
1485107169,way,not appliable,not appliable,this crossing intersects fewer than 2 kerbs. Generally each crossing should connect to at least 2 kerbs.
1485107175,way,not appliable,not appliable,this crossing intersects fewer than 2 kerbs. Generally each crossing should connect to at least 2 kerbs.
1485107178,way,not appliable,not appliable,this crossing intersects fewer than 2 kerbs. Generally each crossing should connect to at least 2 kerbs.
1485131373,way,not appliable,not appliable,this crossing intersects fewer than 2 kerbs. Generally each crossing should connect to at least 2 kerbs.
1485131394,way,not appliable,not appliable,this crossing intersects fewer than 2 kerbs. Generally each crossing should connect to at least 2 kerbs.
1485131395,way,not appliable,not appliable,this crossing intersects fewer than 2 kerbs. Generally each crossing should connect to at least 2 kerbs.
1485131396,way,not appliable,not appliable,this crossing intersects fewer than 2 kerbs. Generally each crossing should connect to at least 2 kerbs.
1485131398,way,not appliable,not appliable,this crossing intersects fewer than 2 kerbs. Generally each crossing should connect to at least 2 kerbs.
1485131405,way,not appliable,not appliable,this crossing intersects fewer than 2 kerbs. Generally each crossing should connect to at least 2 kerbs.
1485131407,way,not appliable,not appliable,this crossing intersects fewer than 2 kerbs. Generally each crossing should connect to at least 2 kerbs.
1485135853,way,not appliable,not appliable,this crossing intersects fewer than 2 kerbs. Generally each crossing should connect to at least 2 kerbs.
1485138079,way,not appliable,not appliable,this crossing intersects fewer than 2 kerbs. Generally each crossing should connect to at least 2 kerbs.
1485138080,way,not appliable,not appliable,this crossing intersects fewer than 2 kerbs. Generally each crossing should connect to at least 2 kerbs.
1485140848,way,not appliable,not appliable,this crossing intersects fewer than 2 kerbs. Generally each crossing should connect to at least 2 kerbs.
1485493555,way,not appliable,not appliable,this crossing intersects fewer than 2 kerbs. Generally each crossing should connect to at least 2 kerbs.
1485493556,way,not appliable,not appliable,this crossing intersects fewer than 2 kerbs. Generally each crossing should connect to at least 2 kerbs.
1485493557,way,not appliable,not appliable,this crossing intersects fewer than 2 kerbs. Generally each crossing should connect to at least 2 kerbs.
1485493558,way,not appliable,not appliable,this crossing intersects fewer than 2 kerbs. Generally each crossing should connect to at least 2 kerbs.
1485493559,way,not appliable,not appliable,this crossing intersects fewer than 2 kerbs. Generally each crossing should connect to at least 2 kerbs.
1485493560,way,not appliable,not appliable,this crossing intersects fewer than 2 kerbs. Generally each crossing should connect to at least 2 kerbs.
1485493561,way,not appliable,not appliable,this crossing intersects fewer than 2 kerbs. Generally each crossing should connect to at least 2 kerbs.
1485759948,way,not appliable,not appliable,this crossing intersects fewer than 2 kerbs. Generally each crossing should connect to at least 2 kerbs.
1485759950,way,not appliable,not appliable,this crossing intersects fewer than 2 kerbs. Generally each crossing should connect to at least 2 kerbs.
1486058723,way,not appliable,not appliable,this crossing intersects fewer than 2 kerbs. Generally each crossing should connect to at least 2 kerbs.
1486058735,way,not appliable,not appliable,this crossing intersects fewer than 2 kerbs. Generally each crossing should connect to at least 2 kerbs.
1486058753,way,not appliable,not appliable,this crossing intersects fewer than 2 kerbs. Generally each crossing should connect to at least 2 kerbs.
1486058755,way,not appliable,not appliable,this crossing intersects fewer than 2 kerbs. Generally each crossing should connect to at least 2 kerbs.
1486058756,way,not appliable,not appliable,this crossing intersects fewer than 2 kerbs. Generally each crossing should connect to at least 2 kerbs.
1486058757,way,not appliable,not appliable,this crossing intersects fewer than 2 kerbs. Generally each crossing should connect to at least 2 kerbs.
1486058758,way,not appliable,not appliable,this crossing intersects fewer than 2 kerbs. Generally each crossing should connect to at least 2 kerbs.
1486058759,way,not appliable,not appliable,this crossing intersects fewer than 2 kerbs. Generally each crossing should connect to at least 2 kerbs.
1486058760,way,not appliable,not appliable,this crossing intersects fewer than 2 kerbs. Generally each crossing should connect to at least 2 kerbs.
1486058762,way,not appliable,not appliable,this crossing intersects fewer than 2 kerbs. Generally each crossing should connect to at least 2 kerbs.
1486058763,way,not appliable,not appliable,this crossing intersects fewer than 2 kerbs. Generally each crossing should connect to at least 2 kerbs.
1486058765,way,not appliable,not appliable,this crossing intersects fewer than 2 kerbs. Generally each crossing should connect to at least 2 kerbs.
1486058766,way,not appliable,not appliable,this crossing intersects fewer than 2 kerbs. Generally each crossing should connect to at least 2 kerbs.
1486058767,way,not appliable,not appliable,this crossing intersects fewer than 2 kerbs. Generally each crossing should connect to at least 2 kerbs.
1486058768,way,not appliable,not appliable,this crossing intersects fewer than 2 kerbs. Generally each crossing should connect to at least 2 kerbs.
1486150483,way,not appliable,not appliable,this crossing intersects fewer than 2 kerbs. Generally each crossing should connect to at least 2 kerbs.
1486150484,way,not appliable,not appliable,this crossing intersects fewer than 2 kerbs. Generally each crossing should connect to at least 2 kerbs.
1486150485,way,not appliable,not appliable,this crossing intersects fewer than 2 kerbs. Generally each crossing should connect to at least 2 kerbs.
1486150486,way,not appliable,not appliable,this crossing intersects fewer than 2 kerbs. Generally each crossing should connect to at least 2 kerbs.
1486177498,way,not appliable,not appliable,this crossing intersects fewer than 2 kerbs. Generally each crossing should connect to at least 2 kerbs.
1486177501,way,not appliable,not appliable,this crossing intersects fewer than 2 kerbs. Generally each crossing should connect to at least 2 kerbs.
1486177502,way,not appliable,not appliable,this crossing intersects fewer than 2 kerbs. Generally each crossing should connect to at least 2 kerbs.
1486177503,way,not appliable,not appliable,this crossing intersects fewer than 2 kerbs. Generally each crossing should connect to at least 2 kerbs.
1486177504,way,not appliable,not appliable,this crossing intersects fewer than 2 kerbs. Generally each crossing should connect to at least 2 kerbs.
1486513409,way,not appliable,not appliable,this crossing intersects fewer than 2 kerbs. Generally each crossing should connect to at least 2 kerbs.
1486513412,way,not appliable,not appliable,this crossing intersects fewer than 2 kerbs. Generally each crossing should connect to at least 2 kerbs.
1486513414,way,not appliable,not appliable,this crossing intersects fewer than 2 kerbs. Generally each crossing should connect to at least 2 kerbs.
1486513416,way,not appliable,not appliable,this crossing intersects fewer than 2 kerbs. Generally each crossing should connect to at least 2 kerbs.
1489024652,way,not appliable,not appliable,this crossing intersects fewer than 2 kerbs. Generally each crossing should connect to at least 2 kerbs.
1489024662,way,not appliable,not appliable,this crossing intersects fewer than 2 kerbs. Generally each crossing should connect to at least 2 kerbs.
1489309899,way,not appliable,not appliable,this crossing intersects fewer than 2 kerbs. Generally each crossing should connect to at least 2 kerbs.
1491241378,way,not appliable,not appliable,this crossing intersects fewer than 2 kerbs. Generally each crossing should connect to at least 2 kerbs.
1495971776,way,not appliable,not appliable,this crossing intersects fewer than 2 kerbs. Generally each crossing should connect to at least 2 kerbs.
1507671468,way,not appliable,not appliable,this crossing intersects fewer than 2 kerbs. Generally each crossing should connect to at least 2 kerbs.
1507671472,way,not appliable,not appliable,this crossing intersects fewer than 2 kerbs. Generally each crossing should connect to at least 2 kerbs.
1507819956,way,not appliable,not appliable,this crossing intersects fewer than 2 kerbs. Generally each crossing should connect to at least 2 kerbs.
1508174412,way,not appliable,not appliable,this crossing intersects fewer than 2 kerbs. Generally each crossing should connect to at least 2 kerbs.
1508174434,way,not appliable,not appliable,this crossing intersects fewer than 2 kerbs. Generally each crossing should connect to at least 2 kerbs.
1508174436,way,not appliable,not appliable,this crossing intersects fewer than 2 kerbs. Generally each crossing should connect to at least 2 kerbs.
1508174438,way,not appliable,not appliable,this crossing intersects fewer than 2 kerbs. Generally each crossing should connect to at least 2 kerbs.
1508306473,way,not appliable,not appliable,this crossing intersects fewer than 2 kerbs. Generally each crossing should connect to at least 2 kerbs.
1508306474,way,not appliable,not appliable,this crossing intersects fewer than 2 kerbs. Generally each crossing should connect to at least 2 kerbs.
1508773664,way,not appliable,not appliable,this crossing intersects fewer than 2 kerbs. Generally each crossing should connect to at least 2 kerbs.
1508773707,way,not appliable,not appliable,this crossing intersects fewer than 2 kerbs. Generally each crossing should connect to at least 2 kerbs.
1508773709,way,not appliable,not appliable,this crossing intersects fewer than 2 kerbs. Generally each crossing should connect to at least 2 kerbs.
1508785303,way,not appliable,not appliable,this crossing intersects fewer than 2 kerbs. Generally each crossing should connect to at least 2 kerbs.
1508800820,way,not appliable,not appliable,this crossing intersects fewer than 2 kerbs. Generally each crossing should connect to at least 2 kerbs.
1508995153,way,not appliable,not appliable,this crossing intersects fewer than 2 kerbs. Generally each crossing should connect to at least 2 kerbs.
1508995155,way,not appliable,not appliable,this crossing intersects fewer than 2 kerbs. Generally each crossing should connect to at least 2 kerbs.
1509317780,way,not appliable,not appliable,this crossing intersects fewer than 2 kerbs. Generally each crossing should connect to at least 2 kerbs.
1509317782,way,not appliable,not appliable,this crossing intersects fewer than 2 kerbs. Generally each crossing should connect to at least 2 kerbs.
1509454052,way,not appliable,not appliable,this crossing intersects fewer than 2 kerbs. Generally each crossing should connect to at least 2 kerbs.
1509680056,way,not appliable,not appliable,this crossing intersects fewer than 2 kerbs. Generally each crossing should connect to at least 2 kerbs.
1509680057,way,not appliable,not appliable,this crossing intersects fewer than 2 kerbs. Generally each crossing should connect to at least 2 kerbs.
1509680061,way,not appliable,not appliable,this crossing intersects fewer than 2 kerbs. Generally each crossing should connect to at least 2 kerbs.
1509690455,way,not appliable,not appliable,this crossing intersects fewer than 2 kerbs. Generally each crossing should connect to at least 2 kerbs.
1509690457,way,not appliable,not appliable,this crossing intersects fewer than 2 kerbs. Generally each crossing should connect to at least 2 kerbs.
1510251980,way,not appliable,not appliable,this crossing intersects fewer than 2 kerbs. Generally each crossing should connect to at least 2 kerbs.
1510602310,way,not appliable,not appliable,this crossing intersects fewer than 2 kerbs. Generally each crossing should connect to at least 2 kerbs.
1510602311,way,not appliable,not appliable,this crossing intersects fewer than 2 kerbs. Generally each crossing should connect to at least 2 kerbs.
1510602312,way,not appliable,not appliable,this crossing intersects fewer than 2 kerbs. Generally each crossing should connect to at least 2 kerbs.
1510602315,way,not appliable,not appliable,this crossing intersects fewer than 2 kerbs. Generally each crossing should connect to at least 2 kerbs.
1510670046,way,not appliable,not appliable,this crossing intersects fewer than 2 kerbs. Generally each crossing should connect to at least 2 kerbs.
1510670047,way,not appliable,not appliable,this crossing intersects fewer than 2 kerbs. Generally each crossing should connect to at least 2 kerbs.
1510670048,way,not appliable,not appliable,this crossing intersects fewer than 2 kerbs. Generally each crossing should connect to at least 2 kerbs.
1511531179,way,not appliable,not appliable,this crossing intersects fewer than 2 kerbs. Generally each crossing should connect to at least 2 kerbs.
1511531182,way,not appliable,not appliable,this crossing intersects fewer than 2 kerbs. Generally each crossing should connect to at least 2 kerbs.
1511531183,way,not appliable,not appliable,this crossing intersects fewer than 2 kerbs. Generally each crossing should connect to at least 2 kerbs.
1511531184,way,not appliable,not appliable,this crossing intersects fewer than 2 kerbs. Generally each crossing should connect to at least 2 kerbs.
1512103720,way,not appliable,not appliable,this crossing intersects fewer than 2 kerbs. Generally each crossing should connect to at least 2 kerbs.
1512459186,way,not appliable,not appliable,this crossing intersects fewer than 2 kerbs. Generally each crossing should connect to at least 2 kerbs.
1512459189,way,not appliable,not appliable,this crossing intersects fewer than 2 kerbs. Generally each crossing should connect to at least 2 kerbs.
1512460424,way,not appliable,not appliable,this crossing intersects fewer than 2 kerbs. Generally each crossing should connect to at least 2 kerbs.
1512460426,way,not appliable,not appliable,this crossing intersects fewer than 2 kerbs. Generally each crossing should connect to at least 2 kerbs.
1512460427,way,not appliable,not appliable,this crossing intersects fewer than 2 kerbs. Generally each crossing should connect to at least 2 kerbs.
1512582169,way,not appliable,not appliable,this crossing intersects fewer than 2 kerbs. Generally each crossing should connect to at least 2 kerbs.
1512582173,way,not appliable,not appliable,this crossing intersects fewer than 2 kerbs. Generally each crossing should connect to at least 2 kerbs.
1512582174,way,not appliable,not appliable,this crossing intersects fewer than 2 kerbs. Generally each crossing should connect to at least 2 kerbs.
1512582175,way,not appliable,not appliable,this crossing intersects fewer than 2 kerbs. Generally each crossing should connect to at least 2 kerbs.
1512582177,way,not appliable,not appliable,this crossing intersects fewer than 2 kerbs. Generally each crossing should connect to at least 2 kerbs.
1512582180,way,not appliable,not appliable,this crossing intersects fewer than 2 kerbs. Generally each crossing should connect to at least 2 kerbs.
1512616872,way,not appliable,not appliable,this crossing intersects fewer than 2 kerbs. Generally each crossing should connect to at least 2 kerbs.
1512616873,way,not appliable,not appliable,this crossing intersects fewer than 2 kerbs. Generally each crossing should connect to at least 2 kerbs.
1513535013,way,not appliable,not appliable,this crossing intersects fewer than 2 kerbs. Generally each crossing should connect to at least 2 kerbs.
1517872297,way,not appliable,not appliable,this crossing intersects fewer than 2 kerbs. Generally each crossing should connect to at least 2 kerbs.
1518532954,way,not appliable,not appliable,this crossing intersects fewer than 2 kerbs. Generally each crossing should connect to at least 2 kerbs.
1518532956,way,not appliable,not appliable,this crossing intersects fewer than 2 kerbs. Generally each crossing should connect to at least 2 kerbs.
1518532959,way,not appliable,not appliable,this crossing intersects fewer than 2 kerbs. Generally each crossing should connect to at least 2 kerbs.
1526728415,way,not appliable,not appliable,this crossing intersects fewer than 2 kerbs. Generally each crossing should connect to at least 2 kerbs.
1526728417,way,not appliable,not appliable,this crossing intersects fewer than 2 kerbs. Generally each crossing should connect to at least 2 kerbs.
1526728419,way,not appliable,not appliable,this crossing intersects fewer than 2 kerbs. Generally each crossing should connect to at least 2 kerbs.
1528772525,way,not appliable,not appliable,this crossing intersects fewer than 2 kerbs. Generally each crossing should connect to at least 2 kerbs.
1528772526,way,not appliable,not appliable,this crossing intersects fewer than 2 kerbs. Generally each crossing should connect to at least 2 kerbs.
1528772527,way,not appliable,not appliable,this crossing intersects fewer than 2 kerbs. Generally each crossing should connect to at least 2 kerbs.
1528772530,way,not appliable,not appliable,this crossing intersects fewer than 2 kerbs. Generally each crossing should connect to at least 2 kerbs.
1528772531,way,not appliable,not appliable,this crossing intersects fewer than 2 kerbs. Generally each crossing should connect to at least 2 kerbs.
1528772533,way,not appliable,not appliable,this crossing intersects fewer than 2 kerbs. Generally each crossing should connect to at least 2 kerbs.
1534653421,way,not appliable,not appliable,this crossing intersects fewer than 2 kerbs. Generally each crossing should connect to at least 2 kerbs.
1552544997,way,not appliable,not appliable,this crossing intersects fewer than 2 kerbs. Generally each crossing should connect to at least 2 kerbs.
1552544998,way,not appliable,not appliable,this crossing intersects fewer than 2 kerbs. Generally each crossing should connect to at least 2 kerbs.
1553123521,way,not appliable,not appliable,this crossing intersects fewer than 2 kerbs. Generally each crossing should connect to at least 2 kerbs.
1553177416,way,not appliable,not appliable,this crossing intersects fewer than 2 kerbs. Generally each crossing should connect to at least 2 kerbs.
1553177419,way,not appliable,not appliable,this crossing intersects fewer than 2 kerbs. Generally each crossing should connect to at least 2 kerbs.
1553177421,way,not appliable,not appliable,this crossing intersects fewer than 2 kerbs. Generally each crossing should connect to at least 2 kerbs.
1553177423,way,not appliable,not appliable,this crossing intersects fewer than 2 kerbs. Generally each crossing should connect to at least 2 kerbs.
1553177424,way,not appliable,not appliable,this crossing intersects fewer than 2 kerbs. Generally each crossing should connect to at least 2 kerbs.
1553177425,way,not appliable,not appliable,this crossing intersects fewer than 2 kerbs. Generally each crossing should connect to at least 2 kerbs.
1553177426,way,not appliable,not appliable,this crossing intersects fewer than 2 kerbs. Generally each crossing should connect to at least 2 kerbs.
1553177428,way,not appliable,not appliable,this crossing intersects fewer than 2 kerbs. Generally each crossing should connect to at least 2 kerbs.
1553177465,way,not appliable,not appliable,this crossing intersects fewer than 2 kerbs. Generally each crossing should connect to at least 2 kerbs.
1553177467,way,not appliable,not appliable,this crossing intersects fewer than 2 kerbs. Generally each crossing should connect to at least 2 kerbs.
1553177477,way,not appliable,not appliable,this crossing intersects fewer than 2 kerbs. Generally each crossing should connect to at least 2 kerbs.
1553177479,way,not appliable,not appliable,this crossing intersects fewer than 2 kerbs. Generally each crossing should connect to at least 2 kerbs.
1553177480,way,not appliable,not appliable,this crossing intersects fewer than 2 kerbs. Generally each crossing should connect to at least 2 kerbs.
1553177482,way,not appliable,not appliable,this crossing intersects fewer than 2 kerbs. Generally each crossing should connect to at least 2 kerbs.
1553212337,way,not appliable,not appliable,this crossing intersects fewer than 2 kerbs. Generally each crossing should connect to at least 2 kerbs.
1553212365,way,not appliable,not appliable,this crossing intersects fewer than 2 kerbs. Generally each crossing should connect to at least 2 kerbs.
1553212366,way,not appliable,not appliable,this crossing intersects fewer than 2 kerbs. Generally each crossing should connect to at least 2 kerbs.
