osm_id,feat_type,key,value,commentary
259049978,node,surface,MISSING,Surface tag is recommended to assess accessibility
266723086,node,surface,MISSING,Surface tag is recommended to assess accessibility
1405243150,node,surface,MISSING,Surface tag is recommended to assess accessibility
1496240252,node,surface,MISSING,Surface tag is recommended to assess accessibility
4561908827,node,surface,MISSING,Surface tag is recommended to assess accessibility
4561908828,node,surface,MISSING,Surface tag is recommended to assess accessibility
4561908829,node,surface,MISSING,Surface tag is recommended to assess accessibility
111985985,way,surface,MISSING,Surface tag is recommended to assess accessibility
122890080,way,surface,MISSING,Surface tag is recommended to assess accessibility
123546110,way,surface,MISSING,Surface tag is recommended to assess accessibility
124723395,way,surface,MISSING,Surface tag is recommended to assess accessibility
124723435,way,surface,MISSING,Surface tag is recommended to assess accessibility
124723436,way,surface,MISSING,Surface tag is recommended to assess accessibility
124723437,way,surface,MISSING,Surface tag is recommended to assess accessibility
124723438,way,surface,MISSING,Surface tag is recommended to assess accessibility
124723440,way,surface,MISSING,Surface tag is recommended to assess accessibility
124723441,way,surface,MISSING,Surface tag is recommended to assess accessibility
124723442,way,surface,MISSING,Surface tag is recommended to assess accessibility
124723443,way,surface,MISSING,Surface tag is recommended to assess accessibility
124723447,way,surface,MISSING,Surface tag is recommended to assess accessibility
124723448,way,surface,MISSING,Surface tag is recommended to assess accessibility
124723449,way,surface,MISSING,Surface tag is recommended to assess accessibility
124723450,way,surface,MISSING,Surface tag is recommended to assess accessibility
124723452,way,surface,MISSING,Surface tag is recommended to assess accessibility
124723453,way,surface,MISSING,Surface tag is recommended to assess accessibility
124723457,way,surface,MISSING,Surface tag is recommended to assess accessibility
124723459,way,surface,MISSING,Surface tag is recommended to assess accessibility
124723462,way,surface,MISSING,Surface tag is recommended to assess accessibility
124723464,way,surface,MISSING,Surface tag is recommended to assess accessibility
124723465,way,surface,MISSING,Surface tag is recommended to assess accessibility
124723466,way,surface,MISSING,Surface tag is recommended to assess accessibility
124723467,way,surface,MISSING,Surface tag is recommended to assess accessibility
124723469,way,surface,MISSING,Surface tag is recommended to assess accessibility
124723474,way,surface,MISSING,Surface tag is recommended to assess accessibility
124723482,way,surface,MISSING,Surface tag is recommended to assess accessibility
124723487,way,surface,MISSING,Surface tag is recommended to assess accessibility
124824525,way,surface,MISSING,Surface tag is recommended to assess accessibility
124824527,way,surface,MISSING,Surface tag is recommended to assess accessibility
124824528,way,surface,MISSING,Surface tag is recommended to assess accessibility
124824532,way,surface,MISSING,Surface tag is recommended to assess accessibility
124824533,way,surface,MISSING,Surface tag is recommended to assess accessibility
124824534,way,surface,MISSING,Surface tag is recommended to assess accessibility
124824536,way,surface,MISSING,Surface tag is recommended to assess accessibility
124824537,way,surface,MISSING,Surface tag is recommended to assess accessibility
124824538,way,surface,MISSING,Surface tag is recommended to assess accessibility
124824540,way,surface,MISSING,Surface tag is recommended to assess accessibility
124824541,way,surface,MISSING,Surface tag is recommended to assess accessibility
124824542,way,surface,MISSING,Surface tag is recommended to assess accessibility
124824543,way,surface,MISSING,Surface tag is recommended to assess accessibility
124824544,way,surface,MISSING,Surface tag is recommended to assess accessibility
124824545,way,surface,MISSING,Surface tag is recommended to assess accessibility
124824546,way,surface,MISSING,Surface tag is recommended to assess accessibility
124824547,way,surface,MISSING,Surface tag is recommended to assess accessibility
124824548,way,surface,MISSING,Surface tag is recommended to assess accessibility
124824549,way,surface,MISSING,Surface tag is recommended to assess accessibility
124824551,way,surface,MISSING,Surface tag is recommended to assess accessibility
124824552,way,surface,MISSING,Surface tag is recommended to assess accessibility
124824553,way,surface,MISSING,Surface tag is recommended to assess accessibility
124824554,way,surface,MISSING,Surface tag is recommended to assess accessibility
124824555,way,surface,MISSING,Surface tag is recommended to assess accessibility
124824556,way,surface,MISSING,Surface tag is recommended to assess accessibility
124824558,way,surface,MISSING,Surface tag is recommended to assess accessibility
124824559,way,surface,MISSING,Surface tag is recommended to assess accessibility
124824560,way,surface,MISSING,Surface tag is recommended to assess accessibility
124824561,way,surface,MISSING,Surface tag is recommended to assess accessibility
124824563,way,surface,MISSING,Surface tag is recommended to assess accessibility
124824564,way,surface,MISSING,Surface tag is recommended to assess accessibility
124824566,way,surface,MISSING,Surface tag is recommended to assess accessibility
124824567,way,surface,MISSING,Surface tag is recommended to assess accessibility
124824568,way,surface,MISSING,Surface tag is recommended to assess accessibility
124824569,way,surface,MISSING,Surface tag is recommended to assess accessibility
124824570,way,surface,MISSING,Surface tag is recommended to assess accessibility
124824571,way,surface,MISSING,Surface tag is recommended to assess accessibility
124824572,way,surface,MISSING,Surface tag is recommended to assess accessibility
124824574,way,surface,MISSING,Surface tag is recommended to assess accessibility
124824575,way,surface,MISSING,Surface tag is recommended to assess accessibility
124824576,way,surface,MISSING,Surface tag is recommended to assess accessibility
124824577,way,surface,MISSING,Surface tag is recommended to assess accessibility
124824579,way,surface,MISSING,Surface tag is recommended to assess accessibility
124824580,way,surface,MISSING,Surface tag is recommended to assess accessibility
124824592,way,surface,MISSING,Surface tag is recommended to assess accessibility
124824595,way,surface,MISSING,Surface tag is recommended to assess accessibility
124862184,way,surface,MISSING,Surface tag is recommended to assess accessibility
124862185,way,surface,MISSING,Surface tag is recommended to assess accessibility
124862189,way,surface,MISSING,Surface tag is recommended to assess accessibility
124862191,way,surface,MISSING,Surface tag is recommended to assess accessibility
124862192,way,surface,MISSING,Surface tag is recommended to assess accessibility
124862197,way,surface,MISSING,Surface tag is recommended to assess accessibility
124862198,way,surface,MISSING,Surface tag is recommended to assess accessibility
124862200,way,surface,MISSING,Surface tag is recommended to assess accessibility
124862201,way,surface,MISSING,Surface tag is recommended to assess accessibility
124862202,way,surface,MISSING,Surface tag is recommended to assess accessibility
124862204,way,surface,MISSING,Surface tag is recommended to assess accessibility
124862205,way,surface,MISSING,Surface tag is recommended to assess accessibility
124862209,way,surface,MISSING,Surface tag is recommended to assess accessibility
124862214,way,surface,MISSING,Surface tag is recommended to assess accessibility
124862234,way,surface,MISSING,Surface tag is recommended to assess accessibility
124862239,way,surface,MISSING,Surface tag is recommended to assess accessibility
124862248,way,surface,MISSING,Surface tag is recommended to assess accessibility
124862249,way,surface,MISSING,Surface tag is recommended to assess accessibility
124862252,way,surface,MISSING,Surface tag is recommended to assess accessibility
124862253,way,surface,MISSING,Surface tag is recommended to assess accessibility
124862255,way,surface,MISSING,Surface tag is recommended to assess accessibility
124862257,way,surface,MISSING,Surface tag is recommended to assess accessibility
124862258,way,surface,MISSING,Surface tag is recommended to assess accessibility
124862259,way,surface,MISSING,Surface tag is recommended to assess accessibility
124862261,way,surface,MISSING,Surface tag is recommended to assess accessibility
124862262,way,surface,MISSING,Surface tag is recommended to assess accessibility
124862263,way,surface,MISSING,Surface tag is recommended to assess accessibility
124862264,way,surface,MISSING,Surface tag is recommended to assess accessibility
124862266,way,surface,MISSING,Surface tag is recommended to assess accessibility
124862270,way,surface,MISSING,Surface tag is recommended to assess accessibility
124862271,way,surface,MISSING,Surface tag is recommended to assess accessibility
124862275,way,surface,MISSING,Surface tag is recommended to assess accessibility
124862276,way,surface,MISSING,Surface tag is recommended to assess accessibility
124862277,way,surface,MISSING,Surface tag is recommended to assess accessibility
124862279,way,surface,MISSING,Surface tag is recommended to assess accessibility
124862283,way,surface,MISSING,Surface tag is recommended to assess accessibility
124862285,way,surface,MISSING,Surface tag is recommended to assess accessibility
124862289,way,surface,MISSING,Surface tag is recommended to assess accessibility
124862291,way,surface,MISSING,Surface tag is recommended to assess accessibility
124862293,way,surface,MISSING,Surface tag is recommended to assess accessibility
124862309,way,surface,MISSING,Surface tag is recommended to assess accessibility
124862317,way,surface,MISSING,Surface tag is recommended to assess accessibility
124862329,way,surface,MISSING,Surface tag is recommended to assess accessibility
124950918,way,surface,MISSING,Surface tag is recommended to assess accessibility
124950921,way,surface,MISSING,Surface tag is recommended to assess accessibility
124950923,way,surface,MISSING,Surface tag is recommended to assess accessibility
124950925,way,surface,MISSING,Surface tag is recommended to assess accessibility
124950929,way,surface,MISSING,Surface tag is recommended to assess accessibility
124950932,way,surface,MISSING,Surface tag is recommended to assess accessibility
124950933,way,surface,MISSING,Surface tag is recommended to assess accessibility
124950936,way,surface,MISSING,Surface tag is recommended to assess accessibility
124950942,way,surface,MISSING,Surface tag is recommended to assess accessibility
124950944,way,surface,MISSING,Surface tag is recommended to assess accessibility
124950946,way,surface,MISSING,Surface tag is recommended to assess accessibility
124950949,way,surface,MISSING,Surface tag is recommended to assess accessibility
124950951,way,surface,MISSING,Surface tag is recommended to assess accessibility
124950954,way,surface,MISSING,Surface tag is recommended to assess accessibility
124950957,way,surface,MISSING,Surface tag is recommended to assess accessibility
124950958,way,surface,MISSING,Surface tag is recommended to assess accessibility
124950963,way,surface,MISSING,Surface tag is recommended to assess accessibility
124950964,way,surface,MISSING,Surface tag is recommended to assess accessibility
124950967,way,surface,MISSING,Surface tag is recommended to assess accessibility
124950968,way,surface,MISSING,Surface tag is recommended to assess accessibility
124950972,way,surface,MISSING,Surface tag is recommended to assess accessibility
124950974,way,surface,MISSING,Surface tag is recommended to assess accessibility
124950975,way,surface,MISSING,Surface tag is recommended to assess accessibility
124950977,way,surface,MISSING,Surface tag is recommended to assess accessibility
124950982,way,surface,MISSING,Surface tag is recommended to assess accessibility
124950984,way,surface,MISSING,Surface tag is recommended to assess accessibility
124950985,way,surface,MISSING,Surface tag is recommended to assess accessibility
124950988,way,surface,MISSING,Surface tag is recommended to assess accessibility
124950989,way,surface,MISSING,Surface tag is recommended to assess accessibility
124950991,way,surface,MISSING,Surface tag is recommended to assess accessibility
124950997,way,surface,MISSING,Surface tag is recommended to assess accessibility
124950999,way,surface,MISSING,Surface tag is recommended to assess accessibility
124951001,way,surface,MISSING,Surface tag is recommended to assess accessibility
124951007,way,surface,MISSING,Surface tag is recommended to assess accessibility
124963486,way,surface,MISSING,Surface tag is recommended to assess accessibility
124963488,way,surface,MISSING,Surface tag is recommended to assess accessibility
124963489,way,surface,MISSING,Surface tag is recommended to assess accessibility
124963491,way,surface,MISSING,Surface tag is recommended to assess accessibility
124963493,way,surface,MISSING,Surface tag is recommended to assess accessibility
124963495,way,surface,MISSING,Surface tag is recommended to assess accessibility
124963497,way,surface,MISSING,Surface tag is recommended to assess accessibility
124963499,way,surface,MISSING,Surface tag is recommended to assess accessibility
124963502,way,surface,MISSING,Surface tag is recommended to assess accessibility
124963504,way,surface,MISSING,Surface tag is recommended to assess accessibility
124963505,way,surface,MISSING,Surface tag is recommended to assess accessibility
124963506,way,surface,MISSING,Surface tag is recommended to assess accessibility
124963508,way,surface,MISSING,Surface tag is recommended to assess accessibility
124963510,way,surface,MISSING,Surface tag is recommended to assess accessibility
124963514,way,surface,MISSING,Surface tag is recommended to assess accessibility
124963516,way,surface,MISSING,Surface tag is recommended to assess accessibility
124963519,way,surface,MISSING,Surface tag is recommended to assess accessibility
124963521,way,surface,MISSING,Surface tag is recommended to assess accessibility
124963522,way,surface,MISSING,Surface tag is recommended to assess accessibility
124963525,way,surface,MISSING,Surface tag is recommended to assess accessibility
124963528,way,surface,MISSING,Surface tag is recommended to assess accessibility
124963531,way,surface,MISSING,Surface tag is recommended to assess accessibility
124963534,way,surface,MISSING,Surface tag is recommended to assess accessibility
125128144,way,surface,MISSING,Surface tag is recommended to assess accessibility
125128148,way,surface,MISSING,Surface tag is recommended to assess accessibility
125128152,way,surface,MISSING,Surface tag is recommended to assess accessibility
125128157,way,surface,MISSING,Surface tag is recommended to assess accessibility
125128159,way,surface,MISSING,Surface tag is recommended to assess accessibility
125128169,way,surface,MISSING,Surface tag is recommended to assess accessibility
125128172,way,surface,MISSING,Surface tag is recommended to assess accessibility
125128180,way,surface,MISSING,Surface tag is recommended to assess accessibility
125128185,way,surface,MISSING,Surface tag is recommended to assess accessibility
125144964,way,surface,MISSING,Surface tag is recommended to assess accessibility
125144971,way,surface,MISSING,Surface tag is recommended to assess accessibility
125144972,way,surface,MISSING,Surface tag is recommended to assess accessibility
125144974,way,surface,MISSING,Surface tag is recommended to assess accessibility
125144975,way,surface,MISSING,Surface tag is recommended to assess accessibility
125144976,way,surface,MISSING,Surface tag is recommended to assess accessibility
125144977,way,surface,MISSING,Surface tag is recommended to assess accessibility
125144978,way,surface,MISSING,Surface tag is recommended to assess accessibility
125144979,way,surface,MISSING,Surface tag is recommended to assess accessibility
125144981,way,surface,MISSING,Surface tag is recommended to assess accessibility
125144982,way,surface,MISSING,Surface tag is recommended to assess accessibility
125144983,way,surface,MISSING,Surface tag is recommended to assess accessibility
125144985,way,surface,MISSING,Surface tag is recommended to assess accessibility
125144991,way,surface,MISSING,Surface tag is recommended to assess accessibility
125321700,way,surface,MISSING,Surface tag is recommended to assess accessibility
125321702,way,surface,MISSING,Surface tag is recommended to assess accessibility
125321752,way,surface,MISSING,Surface tag is recommended to assess accessibility
125321756,way,surface,MISSING,Surface tag is recommended to assess accessibility
125321759,way,surface,MISSING,Surface tag is recommended to assess accessibility
125321764,way,surface,MISSING,Surface tag is recommended to assess accessibility
125321769,way,surface,MISSING,Surface tag is recommended to assess accessibility
125321774,way,surface,MISSING,Surface tag is recommended to assess accessibility
125321778,way,surface,MISSING,Surface tag is recommended to assess accessibility
125321785,way,surface,MISSING,Surface tag is recommended to assess accessibility
125321787,way,surface,MISSING,Surface tag is recommended to assess accessibility
125321792,way,surface,MISSING,Surface tag is recommended to assess accessibility
125321794,way,surface,MISSING,Surface tag is recommended to assess accessibility
125321799,way,surface,MISSING,Surface tag is recommended to assess accessibility
125321801,way,surface,MISSING,Surface tag is recommended to assess accessibility
125321803,way,surface,MISSING,Surface tag is recommended to assess accessibility
125321804,way,surface,MISSING,Surface tag is recommended to assess accessibility
125321806,way,surface,MISSING,Surface tag is recommended to assess accessibility
125321812,way,surface,MISSING,Surface tag is recommended to assess accessibility
125321815,way,surface,MISSING,Surface tag is recommended to assess accessibility
125321816,way,surface,MISSING,Surface tag is recommended to assess accessibility
125321823,way,surface,MISSING,Surface tag is recommended to assess accessibility
125321826,way,surface,MISSING,Surface tag is recommended to assess accessibility
125321827,way,surface,MISSING,Surface tag is recommended to assess accessibility
125321833,way,surface,MISSING,Surface tag is recommended to assess accessibility
125321842,way,surface,MISSING,Surface tag is recommended to assess accessibility
125321850,way,surface,MISSING,Surface tag is recommended to assess accessibility
125321853,way,surface,MISSING,Surface tag is recommended to assess accessibility
125321856,way,surface,MISSING,Surface tag is recommended to assess accessibility
125321857,way,surface,MISSING,Surface tag is recommended to assess accessibility
125321861,way,surface,MISSING,Surface tag is recommended to assess accessibility
125321863,way,surface,MISSING,Surface tag is recommended to assess accessibility
125321865,way,surface,MISSING,Surface tag is recommended to assess accessibility
125321867,way,surface,MISSING,Surface tag is recommended to assess accessibility
125321868,way,surface,MISSING,Surface tag is recommended to assess accessibility
125321870,way,surface,MISSING,Surface tag is recommended to assess accessibility
125321874,way,surface,MISSING,Surface tag is recommended to assess accessibility
125321878,way,surface,MISSING,Surface tag is recommended to assess accessibility
125321882,way,surface,MISSING,Surface tag is recommended to assess accessibility
125321887,way,surface,MISSING,Surface tag is recommended to assess accessibility
125321888,way,surface,MISSING,Surface tag is recommended to assess accessibility
125321890,way,surface,MISSING,Surface tag is recommended to assess accessibility
125321894,way,surface,MISSING,Surface tag is recommended to assess accessibility
125321895,way,surface,MISSING,Surface tag is recommended to assess accessibility
125321899,way,surface,MISSING,Surface tag is recommended to assess accessibility
125321900,way,surface,MISSING,Surface tag is recommended to assess accessibility
125321902,way,surface,MISSING,Surface tag is recommended to assess accessibility
125321905,way,surface,MISSING,Surface tag is recommended to assess accessibility
125321906,way,surface,MISSING,Surface tag is recommended to assess accessibility
125321908,way,surface,MISSING,Surface tag is recommended to assess accessibility
125321914,way,surface,MISSING,Surface tag is recommended to assess accessibility
125321915,way,surface,MISSING,Surface tag is recommended to assess accessibility
125321917,way,surface,MISSING,Surface tag is recommended to assess accessibility
125321919,way,surface,MISSING,Surface tag is recommended to assess accessibility
125321920,way,surface,MISSING,Surface tag is recommended to assess accessibility
125321925,way,surface,MISSING,Surface tag is recommended to assess accessibility
125321927,way,surface,MISSING,Surface tag is recommended to assess accessibility
125321928,way,surface,MISSING,Surface tag is recommended to assess accessibility
125321933,way,surface,MISSING,Surface tag is recommended to assess accessibility
125321938,way,surface,MISSING,Surface tag is recommended to assess accessibility
125321939,way,surface,MISSING,Surface tag is recommended to assess accessibility
125321946,way,surface,MISSING,Surface tag is recommended to assess accessibility
125321947,way,surface,MISSING,Surface tag is recommended to assess accessibility
125321951,way,surface,MISSING,Surface tag is recommended to assess accessibility
125321953,way,surface,MISSING,Surface tag is recommended to assess accessibility
125321955,way,surface,MISSING,Surface tag is recommended to assess accessibility
125321959,way,surface,MISSING,Surface tag is recommended to assess accessibility
125321967,way,surface,MISSING,Surface tag is recommended to assess accessibility
125321974,way,surface,MISSING,Surface tag is recommended to assess accessibility
125321975,way,surface,MISSING,Surface tag is recommended to assess accessibility
125321977,way,surface,MISSING,Surface tag is recommended to assess accessibility
125321982,way,surface,MISSING,Surface tag is recommended to assess accessibility
125321999,way,surface,MISSING,Surface tag is recommended to assess accessibility
125322001,way,surface,MISSING,Surface tag is recommended to assess accessibility
125322011,way,surface,MISSING,Surface tag is recommended to assess accessibility
125322015,way,surface,MISSING,Surface tag is recommended to assess accessibility
125322016,way,surface,MISSING,Surface tag is recommended to assess accessibility
125322019,way,surface,MISSING,Surface tag is recommended to assess accessibility
125322023,way,surface,MISSING,Surface tag is recommended to assess accessibility
125322028,way,surface,MISSING,Surface tag is recommended to assess accessibility
125322030,way,surface,MISSING,Surface tag is recommended to assess accessibility
125322038,way,surface,MISSING,Surface tag is recommended to assess accessibility
125322046,way,surface,MISSING,Surface tag is recommended to assess accessibility
125322053,way,surface,MISSING,Surface tag is recommended to assess accessibility
125322054,way,surface,MISSING,Surface tag is recommended to assess accessibility
125322056,way,surface,MISSING,Surface tag is recommended to assess accessibility
125322059,way,surface,MISSING,Surface tag is recommended to assess accessibility
125322076,way,surface,MISSING,Surface tag is recommended to assess accessibility
125437280,way,surface,MISSING,Surface tag is recommended to assess accessibility
125437281,way,surface,MISSING,Surface tag is recommended to assess accessibility
125437284,way,surface,MISSING,Surface tag is recommended to assess accessibility
125437286,way,surface,MISSING,Surface tag is recommended to assess accessibility
125437289,way,surface,MISSING,Surface tag is recommended to assess accessibility
125437290,way,surface,MISSING,Surface tag is recommended to assess accessibility
125437291,way,surface,MISSING,Surface tag is recommended to assess accessibility
125437295,way,surface,MISSING,Surface tag is recommended to assess accessibility
125437296,way,surface,MISSING,Surface tag is recommended to assess accessibility
125437297,way,surface,MISSING,Surface tag is recommended to assess accessibility
125437298,way,surface,MISSING,Surface tag is recommended to assess accessibility
125437301,way,surface,MISSING,Surface tag is recommended to assess accessibility
125437302,way,surface,MISSING,Surface tag is recommended to assess accessibility
125437304,way,surface,MISSING,Surface tag is recommended to assess accessibility
125437308,way,surface,MISSING,Surface tag is recommended to assess accessibility
125437313,way,surface,MISSING,Surface tag is recommended to assess accessibility
125437320,way,surface,MISSING,Surface tag is recommended to assess accessibility
125437324,way,surface,MISSING,Surface tag is recommended to assess accessibility
125437325,way,surface,MISSING,Surface tag is recommended to assess accessibility
125450949,way,surface,MISSING,Surface tag is recommended to assess accessibility
125450952,way,surface,MISSING,Surface tag is recommended to assess accessibility
125450954,way,surface,MISSING,Surface tag is recommended to assess accessibility
125450955,way,surface,MISSING,Surface tag is recommended to assess accessibility
125450961,way,surface,MISSING,Surface tag is recommended to assess accessibility
125450970,way,surface,MISSING,Surface tag is recommended to assess accessibility
125450971,way,surface,MISSING,Surface tag is recommended to assess accessibility
125450974,way,surface,MISSING,Surface tag is recommended to assess accessibility
125450975,way,surface,MISSING,Surface tag is recommended to assess accessibility
125450977,way,surface,MISSING,Surface tag is recommended to assess accessibility
125450981,way,surface,MISSING,Surface tag is recommended to assess accessibility
125483546,way,surface,MISSING,Surface tag is recommended to assess accessibility
125483577,way,surface,MISSING,Surface tag is recommended to assess accessibility
125483578,way,surface,MISSING,Surface tag is recommended to assess accessibility
125483581,way,surface,MISSING,Surface tag is recommended to assess accessibility
125483583,way,surface,MISSING,Surface tag is recommended to assess accessibility
125483585,way,surface,MISSING,Surface tag is recommended to assess accessibility
125483587,way,surface,MISSING,Surface tag is recommended to assess accessibility
125483588,way,surface,MISSING,Surface tag is recommended to assess accessibility
125483591,way,surface,MISSING,Surface tag is recommended to assess accessibility
125483592,way,surface,MISSING,Surface tag is recommended to assess accessibility
125483593,way,surface,MISSING,Surface tag is recommended to assess accessibility
125483594,way,surface,MISSING,Surface tag is recommended to assess accessibility
125483595,way,surface,MISSING,Surface tag is recommended to assess accessibility
125483597,way,surface,MISSING,Surface tag is recommended to assess accessibility
125483599,way,surface,MISSING,Surface tag is recommended to assess accessibility
125483600,way,surface,MISSING,Surface tag is recommended to assess accessibility
125483601,way,surface,MISSING,Surface tag is recommended to assess accessibility
125483602,way,surface,MISSING,Surface tag is recommended to assess accessibility
125483604,way,surface,MISSING,Surface tag is recommended to assess accessibility
125483605,way,surface,MISSING,Surface tag is recommended to assess accessibility
125483606,way,surface,MISSING,Surface tag is recommended to assess accessibility
125483607,way,surface,MISSING,Surface tag is recommended to assess accessibility
125483608,way,surface,MISSING,Surface tag is recommended to assess accessibility
125483609,way,surface,MISSING,Surface tag is recommended to assess accessibility
125483610,way,surface,MISSING,Surface tag is recommended to assess accessibility
125483611,way,surface,MISSING,Surface tag is recommended to assess accessibility
125483612,way,surface,MISSING,Surface tag is recommended to assess accessibility
125483613,way,surface,MISSING,Surface tag is recommended to assess accessibility
125483614,way,surface,MISSING,Surface tag is recommended to assess accessibility
125483615,way,surface,MISSING,Surface tag is recommended to assess accessibility
125483617,way,surface,MISSING,Surface tag is recommended to assess accessibility
125483618,way,surface,MISSING,Surface tag is recommended to assess accessibility
125483619,way,surface,MISSING,Surface tag is recommended to assess accessibility
125483620,way,surface,MISSING,Surface tag is recommended to assess accessibility
125483622,way,surface,MISSING,Surface tag is recommended to assess accessibility
125483623,way,surface,MISSING,Surface tag is recommended to assess accessibility
125483626,way,surface,MISSING,Surface tag is recommended to assess accessibility
125483628,way,surface,MISSING,Surface tag is recommended to assess accessibility
125483630,way,surface,MISSING,Surface tag is recommended to assess accessibility
125483631,way,surface,MISSING,Surface tag is recommended to assess accessibility
125483633,way,surface,MISSING,Surface tag is recommended to assess accessibility
125483635,way,surface,MISSING,Surface tag is recommended to assess accessibility
125483637,way,surface,MISSING,Surface tag is recommended to assess accessibility
125483641,way,surface,MISSING,Surface tag is recommended to assess accessibility
125483642,way,surface,MISSING,Surface tag is recommended to assess accessibility
125483644,way,surface,MISSING,Surface tag is recommended to assess accessibility
125483648,way,surface,MISSING,Surface tag is recommended to assess accessibility
125483651,way,surface,MISSING,Surface tag is recommended to assess accessibility
125483653,way,surface,MISSING,Surface tag is recommended to assess accessibility
125483654,way,surface,MISSING,Surface tag is recommended to assess accessibility
125483656,way,surface,MISSING,Surface tag is recommended to assess accessibility
125483662,way,surface,MISSING,Surface tag is recommended to assess accessibility
125483663,way,surface,MISSING,Surface tag is recommended to assess accessibility
125483664,way,surface,MISSING,Surface tag is recommended to assess accessibility
125483666,way,surface,MISSING,Surface tag is recommended to assess accessibility
125483668,way,surface,MISSING,Surface tag is recommended to assess accessibility
125483669,way,surface,MISSING,Surface tag is recommended to assess accessibility
125483670,way,surface,MISSING,Surface tag is recommended to assess accessibility
125483672,way,surface,MISSING,Surface tag is recommended to assess accessibility
125483674,way,surface,MISSING,Surface tag is recommended to assess accessibility
125483678,way,surface,MISSING,Surface tag is recommended to assess accessibility
125594168,way,surface,MISSING,Surface tag is recommended to assess accessibility
125594192,way,surface,MISSING,Surface tag is recommended to assess accessibility
125594193,way,surface,MISSING,Surface tag is recommended to assess accessibility
125594194,way,surface,MISSING,Surface tag is recommended to assess accessibility
125594195,way,surface,MISSING,Surface tag is recommended to assess accessibility
125594197,way,surface,MISSING,Surface tag is recommended to assess accessibility
125594198,way,surface,MISSING,Surface tag is recommended to assess accessibility
125594199,way,surface,MISSING,Surface tag is recommended to assess accessibility
125594200,way,surface,MISSING,Surface tag is recommended to assess accessibility
125594201,way,surface,MISSING,Surface tag is recommended to assess accessibility
125594202,way,surface,MISSING,Surface tag is recommended to assess accessibility
125594203,way,surface,MISSING,Surface tag is recommended to assess accessibility
125594205,way,surface,MISSING,Surface tag is recommended to assess accessibility
125594206,way,surface,MISSING,Surface tag is recommended to assess accessibility
125594207,way,surface,MISSING,Surface tag is recommended to assess accessibility
125594208,way,surface,MISSING,Surface tag is recommended to assess accessibility
125594209,way,surface,MISSING,Surface tag is recommended to assess accessibility
125594210,way,surface,MISSING,Surface tag is recommended to assess accessibility
125594211,way,surface,MISSING,Surface tag is recommended to assess accessibility
125594213,way,surface,MISSING,Surface tag is recommended to assess accessibility
125594214,way,surface,MISSING,Surface tag is recommended to assess accessibility
125594215,way,surface,MISSING,Surface tag is recommended to assess accessibility
125594216,way,surface,MISSING,Surface tag is recommended to assess accessibility
125594217,way,surface,MISSING,Surface tag is recommended to assess accessibility
125594219,way,surface,MISSING,Surface tag is recommended to assess accessibility
125594222,way,surface,MISSING,Surface tag is recommended to assess accessibility
125594223,way,surface,MISSING,Surface tag is recommended to assess accessibility
125746355,way,surface,MISSING,Surface tag is recommended to assess accessibility
125746386,way,surface,MISSING,Surface tag is recommended to assess accessibility
125746397,way,surface,MISSING,Surface tag is recommended to assess accessibility
125746399,way,surface,MISSING,Surface tag is recommended to assess accessibility
125746438,way,surface,MISSING,Surface tag is recommended to assess accessibility
125746439,way,surface,MISSING,Surface tag is recommended to assess accessibility
125746441,way,surface,MISSING,Surface tag is recommended to assess accessibility
125746442,way,surface,MISSING,Surface tag is recommended to assess accessibility
125746443,way,surface,MISSING,Surface tag is recommended to assess accessibility
125746444,way,surface,MISSING,Surface tag is recommended to assess accessibility
125746445,way,surface,MISSING,Surface tag is recommended to assess accessibility
125746446,way,surface,MISSING,Surface tag is recommended to assess accessibility
125746447,way,surface,MISSING,Surface tag is recommended to assess accessibility
125746448,way,surface,MISSING,Surface tag is recommended to assess accessibility
125746449,way,surface,MISSING,Surface tag is recommended to assess accessibility
125746451,way,surface,MISSING,Surface tag is recommended to assess accessibility
125746452,way,surface,MISSING,Surface tag is recommended to assess accessibility
125746453,way,surface,MISSING,Surface tag is recommended to assess accessibility
125746454,way,surface,MISSING,Surface tag is recommended to assess accessibility
125746455,way,surface,MISSING,Surface tag is recommended to assess accessibility
125746457,way,surface,MISSING,Surface tag is recommended to assess accessibility
125746458,way,surface,MISSING,Surface tag is recommended to assess accessibility
125746460,way,surface,MISSING,Surface tag is recommended to assess accessibility
125746461,way,surface,MISSING,Surface tag is recommended to assess accessibility
125746462,way,surface,MISSING,Surface tag is recommended to assess accessibility
125746464,way,surface,MISSING,Surface tag is recommended to assess accessibility
125746467,way,surface,MISSING,Surface tag is recommended to assess accessibility
125746468,way,surface,MISSING,Surface tag is recommended to assess accessibility
125746469,way,surface,MISSING,Surface tag is recommended to assess accessibility
125746470,way,surface,MISSING,Surface tag is recommended to assess accessibility
125746471,way,surface,MISSING,Surface tag is recommended to assess accessibility
125746472,way,surface,MISSING,Surface tag is recommended to assess accessibility
125746474,way,surface,MISSING,Surface tag is recommended to assess accessibility
125746478,way,surface,MISSING,Surface tag is recommended to assess accessibility
125746480,way,surface,MISSING,Surface tag is recommended to assess accessibility
125746481,way,surface,MISSING,Surface tag is recommended to assess accessibility
125746482,way,surface,MISSING,Surface tag is recommended to assess accessibility
125746484,way,surface,MISSING,Surface tag is recommended to assess accessibility
125746485,way,surface,MISSING,Surface tag is recommended to assess accessibility
125746487,way,surface,MISSING,Surface tag is recommended to assess accessibility
125746488,way,surface,MISSING,Surface tag is recommended to assess accessibility
125746490,way,surface,MISSING,Surface tag is recommended to assess accessibility
125746492,way,surface,MISSING,Surface tag is recommended to assess accessibility
125746493,way,surface,MISSING,Surface tag is recommended to assess accessibility
125746494,way,surface,MISSING,Surface tag is recommended to assess accessibility
125746495,way,surface,MISSING,Surface tag is recommended to assess accessibility
125746496,way,surface,MISSING,Surface tag is recommended to assess accessibility
125746498,way,surface,MISSING,Surface tag is recommended to assess accessibility
125746499,way,surface,MISSING,Surface tag is recommended to assess accessibility
125746500,way,surface,MISSING,Surface tag is recommended to assess accessibility
125746502,way,surface,MISSING,Surface tag is recommended to assess accessibility
125746503,way,surface,MISSING,Surface tag is recommended to assess accessibility
125746504,way,surface,MISSING,Surface tag is recommended to assess accessibility
125746505,way,surface,MISSING,Surface tag is recommended to assess accessibility
125746507,way,surface,MISSING,Surface tag is recommended to assess accessibility
125746509,way,surface,MISSING,Surface tag is recommended to assess accessibility
125746511,way,surface,MISSING,Surface tag is recommended to assess accessibility
125746512,way,surface,MISSING,Surface tag is recommended to assess accessibility
125746514,way,surface,MISSING,Surface tag is recommended to assess accessibility
125746515,way,surface,MISSING,Surface tag is recommended to assess accessibility
125746516,way,surface,MISSING,Surface tag is recommended to assess accessibility
125746519,way,surface,MISSING,Surface tag is recommended to assess accessibility
125746520,way,surface,MISSING,Surface tag is recommended to assess accessibility
125746521,way,surface,MISSING,Surface tag is recommended to assess accessibility
125746522,way,surface,MISSING,Surface tag is recommended to assess accessibility
125746523,way,surface,MISSING,Surface tag is recommended to assess accessibility
125746525,way,surface,MISSING,Surface tag is recommended to assess accessibility
125746526,way,surface,MISSING,Surface tag is recommended to assess accessibility
125746527,way,surface,MISSING,Surface tag is recommended to assess accessibility
125746531,way,surface,MISSING,Surface tag is recommended to assess accessibility
125746532,way,surface,MISSING,Surface tag is recommended to assess accessibility
125746533,way,surface,MISSING,Surface tag is recommended to assess accessibility
125746555,way,surface,MISSING,Surface tag is recommended to assess accessibility
125844665,way,surface,MISSING,Surface tag is recommended to assess accessibility
125844679,way,surface,MISSING,Surface tag is recommended to assess accessibility
125844681,way,surface,MISSING,Surface tag is recommended to assess accessibility
125844683,way,surface,MISSING,Surface tag is recommended to assess accessibility
125844685,way,surface,MISSING,Surface tag is recommended to assess accessibility
125844686,way,surface,MISSING,Surface tag is recommended to assess accessibility
125844687,way,surface,MISSING,Surface tag is recommended to assess accessibility
125844690,way,surface,MISSING,Surface tag is recommended to assess accessibility
125844692,way,surface,MISSING,Surface tag is recommended to assess accessibility
125844694,way,surface,MISSING,Surface tag is recommended to assess accessibility
125844698,way,surface,MISSING,Surface tag is recommended to assess accessibility
125844699,way,surface,MISSING,Surface tag is recommended to assess accessibility
125844700,way,surface,MISSING,Surface tag is recommended to assess accessibility
125844703,way,surface,MISSING,Surface tag is recommended to assess accessibility
125844704,way,surface,MISSING,Surface tag is recommended to assess accessibility
125844706,way,surface,MISSING,Surface tag is recommended to assess accessibility
125844707,way,surface,MISSING,Surface tag is recommended to assess accessibility
125844708,way,surface,MISSING,Surface tag is recommended to assess accessibility
125844709,way,surface,MISSING,Surface tag is recommended to assess accessibility
125844710,way,surface,MISSING,Surface tag is recommended to assess accessibility
125844713,way,surface,MISSING,Surface tag is recommended to assess accessibility
125844714,way,surface,MISSING,Surface tag is recommended to assess accessibility
125844715,way,surface,MISSING,Surface tag is recommended to assess accessibility
125844718,way,surface,MISSING,Surface tag is recommended to assess accessibility
125844719,way,surface,MISSING,Surface tag is recommended to assess accessibility
125844720,way,surface,MISSING,Surface tag is recommended to assess accessibility
125844721,way,surface,MISSING,Surface tag is recommended to assess accessibility
125844722,way,surface,MISSING,Surface tag is recommended to assess accessibility
125844724,way,surface,MISSING,Surface tag is recommended to assess accessibility
125844725,way,surface,MISSING,Surface tag is recommended to assess accessibility
125844727,way,surface,MISSING,Surface tag is recommended to assess accessibility
125844729,way,surface,MISSING,Surface tag is recommended to assess accessibility
125844730,way,surface,MISSING,Surface tag is recommended to assess accessibility
125844731,way,surface,MISSING,Surface tag is recommended to assess accessibility
125844733,way,surface,MISSING,Surface tag is recommended to assess accessibility
125844734,way,surface,MISSING,Surface tag is recommended to assess accessibility
125844736,way,surface,MISSING,Surface tag is recommended to assess accessibility
125844737,way,surface,MISSING,Surface tag is recommended to assess accessibility
125844738,way,surface,MISSING,Surface tag is recommended to assess accessibility
125844739,way,surface,MISSING,Surface tag is recommended to assess accessibility
125844740,way,surface,MISSING,Surface tag is recommended to assess accessibility
125844742,way,surface,MISSING,Surface tag is recommended to assess accessibility
125844743,way,surface,MISSING,Surface tag is recommended to assess accessibility
125844746,way,surface,MISSING,Surface tag is recommended to assess accessibility
125844750,way,surface,MISSING,Surface tag is recommended to assess accessibility
125844752,way,surface,MISSING,Surface tag is recommended to assess accessibility
125844753,way,surface,MISSING,Surface tag is recommended to assess accessibility
125844754,way,surface,MISSING,Surface tag is recommended to assess accessibility
125844757,way,surface,MISSING,Surface tag is recommended to assess accessibility
125844759,way,surface,MISSING,Surface tag is recommended to assess accessibility
125844761,way,surface,MISSING,Surface tag is recommended to assess accessibility
125844762,way,surface,MISSING,Surface tag is recommended to assess accessibility
125844763,way,surface,MISSING,Surface tag is recommended to assess accessibility
125844766,way,surface,MISSING,Surface tag is recommended to assess accessibility
125844767,way,surface,MISSING,Surface tag is recommended to assess accessibility
125844768,way,surface,MISSING,Surface tag is recommended to assess accessibility
125844769,way,surface,MISSING,Surface tag is recommended to assess accessibility
125844770,way,surface,MISSING,Surface tag is recommended to assess accessibility
125844772,way,surface,MISSING,Surface tag is recommended to assess accessibility
125844774,way,surface,MISSING,Surface tag is recommended to assess accessibility
125844776,way,surface,MISSING,Surface tag is recommended to assess accessibility
125844778,way,surface,MISSING,Surface tag is recommended to assess accessibility
125844779,way,surface,MISSING,Surface tag is recommended to assess accessibility
125844781,way,surface,MISSING,Surface tag is recommended to assess accessibility
125844782,way,surface,MISSING,Surface tag is recommended to assess accessibility
125844783,way,surface,MISSING,Surface tag is recommended to assess accessibility
125844784,way,surface,MISSING,Surface tag is recommended to assess accessibility
125844785,way,surface,MISSING,Surface tag is recommended to assess accessibility
125844788,way,surface,MISSING,Surface tag is recommended to assess accessibility
125844789,way,surface,MISSING,Surface tag is recommended to assess accessibility
125844790,way,surface,MISSING,Surface tag is recommended to assess accessibility
125844791,way,surface,MISSING,Surface tag is recommended to assess accessibility
125844794,way,surface,MISSING,Surface tag is recommended to assess accessibility
125844797,way,surface,MISSING,Surface tag is recommended to assess accessibility
125844798,way,surface,MISSING,Surface tag is recommended to assess accessibility
125844805,way,surface,MISSING,Surface tag is recommended to assess accessibility
125844806,way,surface,MISSING,Surface tag is recommended to assess accessibility
125844807,way,surface,MISSING,Surface tag is recommended to assess accessibility
125844810,way,surface,MISSING,Surface tag is recommended to assess accessibility
125844812,way,surface,MISSING,Surface tag is recommended to assess accessibility
125844814,way,surface,MISSING,Surface tag is recommended to assess accessibility
125844815,way,surface,MISSING,Surface tag is recommended to assess accessibility
125844818,way,surface,MISSING,Surface tag is recommended to assess accessibility
125844820,way,surface,MISSING,Surface tag is recommended to assess accessibility
125844821,way,surface,MISSING,Surface tag is recommended to assess accessibility
125844822,way,surface,MISSING,Surface tag is recommended to assess accessibility
125844825,way,surface,MISSING,Surface tag is recommended to assess accessibility
125844826,way,surface,MISSING,Surface tag is recommended to assess accessibility
125844829,way,surface,MISSING,Surface tag is recommended to assess accessibility
126014442,way,surface,MISSING,Surface tag is recommended to assess accessibility
126014453,way,surface,MISSING,Surface tag is recommended to assess accessibility
126014462,way,surface,MISSING,Surface tag is recommended to assess accessibility
126014494,way,surface,MISSING,Surface tag is recommended to assess accessibility
126014495,way,surface,MISSING,Surface tag is recommended to assess accessibility
126014497,way,surface,MISSING,Surface tag is recommended to assess accessibility
126014498,way,surface,MISSING,Surface tag is recommended to assess accessibility
126014499,way,surface,MISSING,Surface tag is recommended to assess accessibility
126014500,way,surface,MISSING,Surface tag is recommended to assess accessibility
126014501,way,surface,MISSING,Surface tag is recommended to assess accessibility
126014502,way,surface,MISSING,Surface tag is recommended to assess accessibility
126014503,way,surface,MISSING,Surface tag is recommended to assess accessibility
126014504,way,surface,MISSING,Surface tag is recommended to assess accessibility
126014505,way,surface,MISSING,Surface tag is recommended to assess accessibility
126014507,way,surface,MISSING,Surface tag is recommended to assess accessibility
126014508,way,surface,MISSING,Surface tag is recommended to assess accessibility
126014511,way,surface,MISSING,Surface tag is recommended to assess accessibility
126014512,way,surface,MISSING,Surface tag is recommended to assess accessibility
126014513,way,surface,MISSING,Surface tag is recommended to assess accessibility
126014516,way,surface,MISSING,Surface tag is recommended to assess accessibility
126014519,way,surface,MISSING,Surface tag is recommended to assess accessibility
126014522,way,surface,MISSING,Surface tag is recommended to assess accessibility
126014524,way,surface,MISSING,Surface tag is recommended to assess accessibility
126014525,way,surface,MISSING,Surface tag is recommended to assess accessibility
126014526,way,surface,MISSING,Surface tag is recommended to assess accessibility
126014527,way,surface,MISSING,Surface tag is recommended to assess accessibility
126014529,way,surface,MISSING,Surface tag is recommended to assess accessibility
126014530,way,surface,MISSING,Surface tag is recommended to assess accessibility
126014531,way,surface,MISSING,Surface tag is recommended to assess accessibility
126014532,way,surface,MISSING,Surface tag is recommended to assess accessibility
126014535,way,surface,MISSING,Surface tag is recommended to assess accessibility
126014536,way,surface,MISSING,Surface tag is recommended to assess accessibility
126014537,way,surface,MISSING,Surface tag is recommended to assess accessibility
126014539,way,surface,MISSING,Surface tag is recommended to assess accessibility
126014540,way,surface,MISSING,Surface tag is recommended to assess accessibility
126073535,way,surface,MISSING,Surface tag is recommended to assess accessibility
126073620,way,surface,MISSING,Surface tag is recommended to assess accessibility
126073622,way,surface,MISSING,Surface tag is recommended to assess accessibility
126073624,way,surface,MISSING,Surface tag is recommended to assess accessibility
126073626,way,surface,MISSING,Surface tag is recommended to assess accessibility
126073629,way,surface,MISSING,Surface tag is recommended to assess accessibility
126073630,way,surface,MISSING,Surface tag is recommended to assess accessibility
126073632,way,surface,MISSING,Surface tag is recommended to assess accessibility
126073633,way,surface,MISSING,Surface tag is recommended to assess accessibility
126073635,way,surface,MISSING,Surface tag is recommended to assess accessibility
126073636,way,surface,MISSING,Surface tag is recommended to assess accessibility
126073637,way,surface,MISSING,Surface tag is recommended to assess accessibility
126073638,way,surface,MISSING,Surface tag is recommended to assess accessibility
126073639,way,surface,MISSING,Surface tag is recommended to assess accessibility
126073640,way,surface,MISSING,Surface tag is recommended to assess accessibility
126073641,way,surface,MISSING,Surface tag is recommended to assess accessibility
126073642,way,surface,MISSING,Surface tag is recommended to assess accessibility
126073644,way,surface,MISSING,Surface tag is recommended to assess accessibility
126073647,way,surface,MISSING,Surface tag is recommended to assess accessibility
126073648,way,surface,MISSING,Surface tag is recommended to assess accessibility
126073649,way,surface,MISSING,Surface tag is recommended to assess accessibility
126073650,way,surface,MISSING,Surface tag is recommended to assess accessibility
126073651,way,surface,MISSING,Surface tag is recommended to assess accessibility
126073652,way,surface,MISSING,Surface tag is recommended to assess accessibility
126073653,way,surface,MISSING,Surface tag is recommended to assess accessibility
126073654,way,surface,MISSING,Surface tag is recommended to assess accessibility
126073655,way,surface,MISSING,Surface tag is recommended to assess accessibility
126073656,way,surface,MISSING,Surface tag is recommended to assess accessibility
126073657,way,surface,MISSING,Surface tag is recommended to assess accessibility
126073658,way,surface,MISSING,Surface tag is recommended to assess accessibility
126073659,way,surface,MISSING,Surface tag is recommended to assess accessibility
126073660,way,surface,MISSING,Surface tag is recommended to assess accessibility
126073663,way,surface,MISSING,Surface tag is recommended to assess accessibility
126073664,way,surface,MISSING,Surface tag is recommended to assess accessibility
126073665,way,surface,MISSING,Surface tag is recommended to assess accessibility
126073666,way,surface,MISSING,Surface tag is recommended to assess accessibility
126073670,way,surface,MISSING,Surface tag is recommended to assess accessibility
126073671,way,surface,MISSING,Surface tag is recommended to assess accessibility
126073672,way,surface,MISSING,Surface tag is recommended to assess accessibility
126073673,way,surface,MISSING,Surface tag is recommended to assess accessibility
126073675,way,surface,MISSING,Surface tag is recommended to assess accessibility
126073680,way,surface,MISSING,Surface tag is recommended to assess accessibility
126073681,way,surface,MISSING,Surface tag is recommended to assess accessibility
126073683,way,surface,MISSING,Surface tag is recommended to assess accessibility
126073685,way,surface,MISSING,Surface tag is recommended to assess accessibility
126073686,way,surface,MISSING,Surface tag is recommended to assess accessibility
126073687,way,surface,MISSING,Surface tag is recommended to assess accessibility
126073688,way,surface,MISSING,Surface tag is recommended to assess accessibility
126073689,way,surface,MISSING,Surface tag is recommended to assess accessibility
126073690,way,surface,MISSING,Surface tag is recommended to assess accessibility
126073691,way,surface,MISSING,Surface tag is recommended to assess accessibility
126073692,way,surface,MISSING,Surface tag is recommended to assess accessibility
126073693,way,surface,MISSING,Surface tag is recommended to assess accessibility
126073694,way,surface,MISSING,Surface tag is recommended to assess accessibility
126073695,way,surface,MISSING,Surface tag is recommended to assess accessibility
126073696,way,surface,MISSING,Surface tag is recommended to assess accessibility
126073697,way,surface,MISSING,Surface tag is recommended to assess accessibility
126073699,way,surface,MISSING,Surface tag is recommended to assess accessibility
126073701,way,surface,MISSING,Surface tag is recommended to assess accessibility
126073703,way,surface,MISSING,Surface tag is recommended to assess accessibility
126073704,way,surface,MISSING,Surface tag is recommended to assess accessibility
126073705,way,surface,MISSING,Surface tag is recommended to assess accessibility
126073707,way,surface,MISSING,Surface tag is recommended to assess accessibility
126073708,way,surface,MISSING,Surface tag is recommended to assess accessibility
126073709,way,surface,MISSING,Surface tag is recommended to assess accessibility
126073710,way,surface,MISSING,Surface tag is recommended to assess accessibility
126073711,way,surface,MISSING,Surface tag is recommended to assess accessibility
126073712,way,surface,MISSING,Surface tag is recommended to assess accessibility
126073713,way,surface,MISSING,Surface tag is recommended to assess accessibility
126073714,way,surface,MISSING,Surface tag is recommended to assess accessibility
126073716,way,surface,MISSING,Surface tag is recommended to assess accessibility
126073717,way,surface,MISSING,Surface tag is recommended to assess accessibility
126073718,way,surface,MISSING,Surface tag is recommended to assess accessibility
126073719,way,surface,MISSING,Surface tag is recommended to assess accessibility
126073727,way,surface,MISSING,Surface tag is recommended to assess accessibility
126073730,way,surface,MISSING,Surface tag is recommended to assess accessibility
126073734,way,surface,MISSING,Surface tag is recommended to assess accessibility
126073737,way,surface,MISSING,Surface tag is recommended to assess accessibility
126073739,way,surface,MISSING,Surface tag is recommended to assess accessibility
126309987,way,surface,MISSING,Surface tag is recommended to assess accessibility
126310029,way,surface,MISSING,Surface tag is recommended to assess accessibility
126310056,way,surface,MISSING,Surface tag is recommended to assess accessibility
126310060,way,surface,MISSING,Surface tag is recommended to assess accessibility
126310061,way,surface,MISSING,Surface tag is recommended to assess accessibility
126310062,way,surface,MISSING,Surface tag is recommended to assess accessibility
126310063,way,surface,MISSING,Surface tag is recommended to assess accessibility
126310064,way,surface,MISSING,Surface tag is recommended to assess accessibility
126310065,way,surface,MISSING,Surface tag is recommended to assess accessibility
126310067,way,surface,MISSING,Surface tag is recommended to assess accessibility
126310068,way,surface,MISSING,Surface tag is recommended to assess accessibility
126310069,way,surface,MISSING,Surface tag is recommended to assess accessibility
126310071,way,surface,MISSING,Surface tag is recommended to assess accessibility
126310074,way,surface,MISSING,Surface tag is recommended to assess accessibility
126310075,way,surface,MISSING,Surface tag is recommended to assess accessibility
126310077,way,surface,MISSING,Surface tag is recommended to assess accessibility
126310078,way,surface,MISSING,Surface tag is recommended to assess accessibility
126310079,way,surface,MISSING,Surface tag is recommended to assess accessibility
126310080,way,surface,MISSING,Surface tag is recommended to assess accessibility
126310081,way,surface,MISSING,Surface tag is recommended to assess accessibility
126310082,way,surface,MISSING,Surface tag is recommended to assess accessibility
126310083,way,surface,MISSING,Surface tag is recommended to assess accessibility
126310084,way,surface,MISSING,Surface tag is recommended to assess accessibility
126310086,way,surface,MISSING,Surface tag is recommended to assess accessibility
126310087,way,surface,MISSING,Surface tag is recommended to assess accessibility
126310088,way,surface,MISSING,Surface tag is recommended to assess accessibility
126310089,way,surface,MISSING,Surface tag is recommended to assess accessibility
126310090,way,surface,MISSING,Surface tag is recommended to assess accessibility
126310091,way,surface,MISSING,Surface tag is recommended to assess accessibility
126310092,way,surface,MISSING,Surface tag is recommended to assess accessibility
126310094,way,surface,MISSING,Surface tag is recommended to assess accessibility
126310095,way,surface,MISSING,Surface tag is recommended to assess accessibility
126310097,way,surface,MISSING,Surface tag is recommended to assess accessibility
126310100,way,surface,MISSING,Surface tag is recommended to assess accessibility
126310101,way,surface,MISSING,Surface tag is recommended to assess accessibility
126310102,way,surface,MISSING,Surface tag is recommended to assess accessibility
126310103,way,surface,MISSING,Surface tag is recommended to assess accessibility
126310105,way,surface,MISSING,Surface tag is recommended to assess accessibility
126310106,way,surface,MISSING,Surface tag is recommended to assess accessibility
126310107,way,surface,MISSING,Surface tag is recommended to assess accessibility
126310108,way,surface,MISSING,Surface tag is recommended to assess accessibility
126310109,way,surface,MISSING,Surface tag is recommended to assess accessibility
126310110,way,surface,MISSING,Surface tag is recommended to assess accessibility
126310111,way,surface,MISSING,Surface tag is recommended to assess accessibility
126310112,way,surface,MISSING,Surface tag is recommended to assess accessibility
126310113,way,surface,MISSING,Surface tag is recommended to assess accessibility
126310114,way,surface,MISSING,Surface tag is recommended to assess accessibility
126310115,way,surface,MISSING,Surface tag is recommended to assess accessibility
126310116,way,surface,MISSING,Surface tag is recommended to assess accessibility
126310117,way,surface,MISSING,Surface tag is recommended to assess accessibility
126310118,way,surface,MISSING,Surface tag is recommended to assess accessibility
126310120,way,surface,MISSING,Surface tag is recommended to assess accessibility
126310121,way,surface,MISSING,Surface tag is recommended to assess accessibility
126310123,way,surface,MISSING,Surface tag is recommended to assess accessibility
126310124,way,surface,MISSING,Surface tag is recommended to assess accessibility
126310125,way,surface,MISSING,Surface tag is recommended to assess accessibility
126310126,way,surface,MISSING,Surface tag is recommended to assess accessibility
126310128,way,surface,MISSING,Surface tag is recommended to assess accessibility
126310131,way,surface,MISSING,Surface tag is recommended to assess accessibility
126310132,way,surface,MISSING,Surface tag is recommended to assess accessibility
126310134,way,surface,MISSING,Surface tag is recommended to assess accessibility
126310135,way,surface,MISSING,Surface tag is recommended to assess accessibility
126310136,way,surface,MISSING,Surface tag is recommended to assess accessibility
126310137,way,surface,MISSING,Surface tag is recommended to assess accessibility
126310138,way,surface,MISSING,Surface tag is recommended to assess accessibility
126310139,way,surface,MISSING,Surface tag is recommended to assess accessibility
126310140,way,surface,MISSING,Surface tag is recommended to assess accessibility
126310141,way,surface,MISSING,Surface tag is recommended to assess accessibility
126310142,way,surface,MISSING,Surface tag is recommended to assess accessibility
126310143,way,surface,MISSING,Surface tag is recommended to assess accessibility
126310144,way,surface,MISSING,Surface tag is recommended to assess accessibility
126310145,way,surface,MISSING,Surface tag is recommended to assess accessibility
126310146,way,surface,MISSING,Surface tag is recommended to assess accessibility
126310149,way,surface,MISSING,Surface tag is recommended to assess accessibility
126310150,way,surface,MISSING,Surface tag is recommended to assess accessibility
126310152,way,surface,MISSING,Surface tag is recommended to assess accessibility
126310153,way,surface,MISSING,Surface tag is recommended to assess accessibility
126310156,way,surface,MISSING,Surface tag is recommended to assess accessibility
126310158,way,surface,MISSING,Surface tag is recommended to assess accessibility
126310159,way,surface,MISSING,Surface tag is recommended to assess accessibility
126310160,way,surface,MISSING,Surface tag is recommended to assess accessibility
126310164,way,surface,MISSING,Surface tag is recommended to assess accessibility
126310165,way,surface,MISSING,Surface tag is recommended to assess accessibility
126310172,way,surface,MISSING,Surface tag is recommended to assess accessibility
126310189,way,surface,MISSING,Surface tag is recommended to assess accessibility
126319925,way,surface,MISSING,Surface tag is recommended to assess accessibility
126319926,way,surface,MISSING,Surface tag is recommended to assess accessibility
126319928,way,surface,MISSING,Surface tag is recommended to assess accessibility
126319931,way,surface,MISSING,Surface tag is recommended to assess accessibility
126319934,way,surface,MISSING,Surface tag is recommended to assess accessibility
126319936,way,surface,MISSING,Surface tag is recommended to assess accessibility
126319939,way,surface,MISSING,Surface tag is recommended to assess accessibility
126319940,way,surface,MISSING,Surface tag is recommended to assess accessibility
126319941,way,surface,MISSING,Surface tag is recommended to assess accessibility
126319944,way,surface,MISSING,Surface tag is recommended to assess accessibility
126319945,way,surface,MISSING,Surface tag is recommended to assess accessibility
126319947,way,surface,MISSING,Surface tag is recommended to assess accessibility
126319949,way,surface,MISSING,Surface tag is recommended to assess accessibility
126319953,way,surface,MISSING,Surface tag is recommended to assess accessibility
126319955,way,surface,MISSING,Surface tag is recommended to assess accessibility
126319957,way,surface,MISSING,Surface tag is recommended to assess accessibility
126319960,way,surface,MISSING,Surface tag is recommended to assess accessibility
126319961,way,surface,MISSING,Surface tag is recommended to assess accessibility
126319967,way,surface,MISSING,Surface tag is recommended to assess accessibility
126319969,way,surface,MISSING,Surface tag is recommended to assess accessibility
126319971,way,surface,MISSING,Surface tag is recommended to assess accessibility
126319973,way,surface,MISSING,Surface tag is recommended to assess accessibility
126319974,way,surface,MISSING,Surface tag is recommended to assess accessibility
126319978,way,surface,MISSING,Surface tag is recommended to assess accessibility
126319979,way,surface,MISSING,Surface tag is recommended to assess accessibility
126319980,way,surface,MISSING,Surface tag is recommended to assess accessibility
126319983,way,surface,MISSING,Surface tag is recommended to assess accessibility
126319988,way,surface,MISSING,Surface tag is recommended to assess accessibility
126319996,way,surface,MISSING,Surface tag is recommended to assess accessibility
126319997,way,surface,MISSING,Surface tag is recommended to assess accessibility
126319999,way,surface,MISSING,Surface tag is recommended to assess accessibility
126320003,way,surface,MISSING,Surface tag is recommended to assess accessibility
126320007,way,surface,MISSING,Surface tag is recommended to assess accessibility
126320011,way,surface,MISSING,Surface tag is recommended to assess accessibility
126320012,way,surface,MISSING,Surface tag is recommended to assess accessibility
126320016,way,surface,MISSING,Surface tag is recommended to assess accessibility
126320022,way,surface,MISSING,Surface tag is recommended to assess accessibility
126320038,way,surface,MISSING,Surface tag is recommended to assess accessibility
126618253,way,surface,MISSING,Surface tag is recommended to assess accessibility
126618255,way,surface,MISSING,Surface tag is recommended to assess accessibility
126618256,way,surface,MISSING,Surface tag is recommended to assess accessibility
126618257,way,surface,MISSING,Surface tag is recommended to assess accessibility
126618259,way,surface,MISSING,Surface tag is recommended to assess accessibility
126618261,way,surface,MISSING,Surface tag is recommended to assess accessibility
126618262,way,surface,MISSING,Surface tag is recommended to assess accessibility
126618265,way,surface,MISSING,Surface tag is recommended to assess accessibility
126618266,way,surface,MISSING,Surface tag is recommended to assess accessibility
126618267,way,surface,MISSING,Surface tag is recommended to assess accessibility
126618269,way,surface,MISSING,Surface tag is recommended to assess accessibility
126618271,way,surface,MISSING,Surface tag is recommended to assess accessibility
126618273,way,surface,MISSING,Surface tag is recommended to assess accessibility
126618274,way,surface,MISSING,Surface tag is recommended to assess accessibility
126618275,way,surface,MISSING,Surface tag is recommended to assess accessibility
126618279,way,surface,MISSING,Surface tag is recommended to assess accessibility
126618280,way,surface,MISSING,Surface tag is recommended to assess accessibility
126618282,way,surface,MISSING,Surface tag is recommended to assess accessibility
126618285,way,surface,MISSING,Surface tag is recommended to assess accessibility
126618288,way,surface,MISSING,Surface tag is recommended to assess accessibility
126618290,way,surface,MISSING,Surface tag is recommended to assess accessibility
126618292,way,surface,MISSING,Surface tag is recommended to assess accessibility
126618293,way,surface,MISSING,Surface tag is recommended to assess accessibility
126618296,way,surface,MISSING,Surface tag is recommended to assess accessibility
126618297,way,surface,MISSING,Surface tag is recommended to assess accessibility
126618299,way,surface,MISSING,Surface tag is recommended to assess accessibility
126618300,way,surface,MISSING,Surface tag is recommended to assess accessibility
126618303,way,surface,MISSING,Surface tag is recommended to assess accessibility
126618304,way,surface,MISSING,Surface tag is recommended to assess accessibility
126618309,way,surface,MISSING,Surface tag is recommended to assess accessibility
126618313,way,surface,MISSING,Surface tag is recommended to assess accessibility
126618314,way,surface,MISSING,Surface tag is recommended to assess accessibility
126618316,way,surface,MISSING,Surface tag is recommended to assess accessibility
126618318,way,surface,MISSING,Surface tag is recommended to assess accessibility
126618321,way,surface,MISSING,Surface tag is recommended to assess accessibility
126618322,way,surface,MISSING,Surface tag is recommended to assess accessibility
126618329,way,surface,MISSING,Surface tag is recommended to assess accessibility
126618330,way,surface,MISSING,Surface tag is recommended to assess accessibility
126618332,way,surface,MISSING,Surface tag is recommended to assess accessibility
126618333,way,surface,MISSING,Surface tag is recommended to assess accessibility
126618335,way,surface,MISSING,Surface tag is recommended to assess accessibility
126618340,way,surface,MISSING,Surface tag is recommended to assess accessibility
126618347,way,surface,MISSING,Surface tag is recommended to assess accessibility
126774639,way,surface,MISSING,Surface tag is recommended to assess accessibility
126774640,way,surface,MISSING,Surface tag is recommended to assess accessibility
126774642,way,surface,MISSING,Surface tag is recommended to assess accessibility
126774643,way,surface,MISSING,Surface tag is recommended to assess accessibility
126774644,way,surface,MISSING,Surface tag is recommended to assess accessibility
126774645,way,surface,MISSING,Surface tag is recommended to assess accessibility
126774646,way,surface,MISSING,Surface tag is recommended to assess accessibility
126774647,way,surface,MISSING,Surface tag is recommended to assess accessibility
126774648,way,surface,MISSING,Surface tag is recommended to assess accessibility
126774649,way,surface,MISSING,Surface tag is recommended to assess accessibility
126774651,way,surface,MISSING,Surface tag is recommended to assess accessibility
126774652,way,surface,MISSING,Surface tag is recommended to assess accessibility
126774653,way,surface,MISSING,Surface tag is recommended to assess accessibility
126774655,way,surface,MISSING,Surface tag is recommended to assess accessibility
126774657,way,surface,MISSING,Surface tag is recommended to assess accessibility
126774658,way,surface,MISSING,Surface tag is recommended to assess accessibility
126774659,way,surface,MISSING,Surface tag is recommended to assess accessibility
126774660,way,surface,MISSING,Surface tag is recommended to assess accessibility
126774661,way,surface,MISSING,Surface tag is recommended to assess accessibility
126774662,way,surface,MISSING,Surface tag is recommended to assess accessibility
126774663,way,surface,MISSING,Surface tag is recommended to assess accessibility
126774664,way,surface,MISSING,Surface tag is recommended to assess accessibility
126774666,way,surface,MISSING,Surface tag is recommended to assess accessibility
126774667,way,surface,MISSING,Surface tag is recommended to assess accessibility
126774668,way,surface,MISSING,Surface tag is recommended to assess accessibility
126774669,way,surface,MISSING,Surface tag is recommended to assess accessibility
126774670,way,surface,MISSING,Surface tag is recommended to assess accessibility
126774671,way,surface,MISSING,Surface tag is recommended to assess accessibility
126774672,way,surface,MISSING,Surface tag is recommended to assess accessibility
126774674,way,surface,MISSING,Surface tag is recommended to assess accessibility
126774675,way,surface,MISSING,Surface tag is recommended to assess accessibility
126774676,way,surface,MISSING,Surface tag is recommended to assess accessibility
126774677,way,surface,MISSING,Surface tag is recommended to assess accessibility
126774678,way,surface,MISSING,Surface tag is recommended to assess accessibility
126774679,way,surface,MISSING,Surface tag is recommended to assess accessibility
126774680,way,surface,MISSING,Surface tag is recommended to assess accessibility
126774681,way,surface,MISSING,Surface tag is recommended to assess accessibility
126774682,way,surface,MISSING,Surface tag is recommended to assess accessibility
126774683,way,surface,MISSING,Surface tag is recommended to assess accessibility
126774684,way,surface,MISSING,Surface tag is recommended to assess accessibility
126774686,way,surface,MISSING,Surface tag is recommended to assess accessibility
126774687,way,surface,MISSING,Surface tag is recommended to assess accessibility
126774688,way,surface,MISSING,Surface tag is recommended to assess accessibility
126774689,way,surface,MISSING,Surface tag is recommended to assess accessibility
126774690,way,surface,MISSING,Surface tag is recommended to assess accessibility
126774691,way,surface,MISSING,Surface tag is recommended to assess accessibility
126774692,way,surface,MISSING,Surface tag is recommended to assess accessibility
126774694,way,surface,MISSING,Surface tag is recommended to assess accessibility
126774696,way,surface,MISSING,Surface tag is recommended to assess accessibility
126774698,way,surface,MISSING,Surface tag is recommended to assess accessibility
126774699,way,surface,MISSING,Surface tag is recommended to assess accessibility
126774703,way,surface,MISSING,Surface tag is recommended to assess accessibility
126774704,way,surface,MISSING,Surface tag is recommended to assess accessibility
126774705,way,surface,MISSING,Surface tag is recommended to assess accessibility
126774706,way,surface,MISSING,Surface tag is recommended to assess accessibility
126774707,way,surface,MISSING,Surface tag is recommended to assess accessibility
126774709,way,surface,MISSING,Surface tag is recommended to assess accessibility
126774710,way,surface,MISSING,Surface tag is recommended to assess accessibility
126774711,way,surface,MISSING,Surface tag is recommended to assess accessibility
126774713,way,surface,MISSING,Surface tag is recommended to assess accessibility
126774714,way,surface,MISSING,Surface tag is recommended to assess accessibility
126774716,way,surface,MISSING,Surface tag is recommended to assess accessibility
126774717,way,surface,MISSING,Surface tag is recommended to assess accessibility
126774718,way,surface,MISSING,Surface tag is recommended to assess accessibility
126774719,way,surface,MISSING,Surface tag is recommended to assess accessibility
126774720,way,surface,MISSING,Surface tag is recommended to assess accessibility
126774721,way,surface,MISSING,Surface tag is recommended to assess accessibility
126774722,way,surface,MISSING,Surface tag is recommended to assess accessibility
126774723,way,surface,MISSING,Surface tag is recommended to assess accessibility
126774724,way,surface,MISSING,Surface tag is recommended to assess accessibility
126774726,way,surface,MISSING,Surface tag is recommended to assess accessibility
126774727,way,surface,MISSING,Surface tag is recommended to assess accessibility
126774728,way,surface,MISSING,Surface tag is recommended to assess accessibility
126774729,way,surface,MISSING,Surface tag is recommended to assess accessibility
126774730,way,surface,MISSING,Surface tag is recommended to assess accessibility
126774735,way,surface,MISSING,Surface tag is recommended to assess accessibility
126774738,way,surface,MISSING,Surface tag is recommended to assess accessibility
126774741,way,surface,MISSING,Surface tag is recommended to assess accessibility
126774742,way,surface,MISSING,Surface tag is recommended to assess accessibility
126774743,way,surface,MISSING,Surface tag is recommended to assess accessibility
126774748,way,surface,MISSING,Surface tag is recommended to assess accessibility
126867907,way,surface,MISSING,Surface tag is recommended to assess accessibility
126867908,way,surface,MISSING,Surface tag is recommended to assess accessibility
126867909,way,surface,MISSING,Surface tag is recommended to assess accessibility
126867910,way,surface,MISSING,Surface tag is recommended to assess accessibility
126867911,way,surface,MISSING,Surface tag is recommended to assess accessibility
126867912,way,surface,MISSING,Surface tag is recommended to assess accessibility
126867913,way,surface,MISSING,Surface tag is recommended to assess accessibility
126867914,way,surface,MISSING,Surface tag is recommended to assess accessibility
126867916,way,surface,MISSING,Surface tag is recommended to assess accessibility
126867917,way,surface,MISSING,Surface tag is recommended to assess accessibility
126867918,way,surface,MISSING,Surface tag is recommended to assess accessibility
126867919,way,surface,MISSING,Surface tag is recommended to assess accessibility
126867921,way,surface,MISSING,Surface tag is recommended to assess accessibility
126867923,way,surface,MISSING,Surface tag is recommended to assess accessibility
126867926,way,surface,MISSING,Surface tag is recommended to assess accessibility
126867927,way,surface,MISSING,Surface tag is recommended to assess accessibility
126867928,way,surface,MISSING,Surface tag is recommended to assess accessibility
126867929,way,surface,MISSING,Surface tag is recommended to assess accessibility
126867930,way,surface,MISSING,Surface tag is recommended to assess accessibility
126867931,way,surface,MISSING,Surface tag is recommended to assess accessibility
126867936,way,surface,MISSING,Surface tag is recommended to assess accessibility
126867941,way,surface,MISSING,Surface tag is recommended to assess accessibility
127018702,way,surface,MISSING,Surface tag is recommended to assess accessibility
127018704,way,surface,MISSING,Surface tag is recommended to assess accessibility
127018705,way,surface,MISSING,Surface tag is recommended to assess accessibility
127018707,way,surface,MISSING,Surface tag is recommended to assess accessibility
127018708,way,surface,MISSING,Surface tag is recommended to assess accessibility
127018709,way,surface,MISSING,Surface tag is recommended to assess accessibility
127018710,way,surface,MISSING,Surface tag is recommended to assess accessibility
127018711,way,surface,MISSING,Surface tag is recommended to assess accessibility
127018712,way,surface,MISSING,Surface tag is recommended to assess accessibility
127018713,way,surface,MISSING,Surface tag is recommended to assess accessibility
127018715,way,surface,MISSING,Surface tag is recommended to assess accessibility
127018716,way,surface,MISSING,Surface tag is recommended to assess accessibility
127018717,way,surface,MISSING,Surface tag is recommended to assess accessibility
127018718,way,surface,MISSING,Surface tag is recommended to assess accessibility
127018719,way,surface,MISSING,Surface tag is recommended to assess accessibility
127018721,way,surface,MISSING,Surface tag is recommended to assess accessibility
127018722,way,surface,MISSING,Surface tag is recommended to assess accessibility
127018723,way,surface,MISSING,Surface tag is recommended to assess accessibility
127018724,way,surface,MISSING,Surface tag is recommended to assess accessibility
127018725,way,surface,MISSING,Surface tag is recommended to assess accessibility
127018726,way,surface,MISSING,Surface tag is recommended to assess accessibility
127018727,way,surface,MISSING,Surface tag is recommended to assess accessibility
127018728,way,surface,MISSING,Surface tag is recommended to assess accessibility
127018729,way,surface,MISSING,Surface tag is recommended to assess accessibility
127018730,way,surface,MISSING,Surface tag is recommended to assess accessibility
127018731,way,surface,MISSING,Surface tag is recommended to assess accessibility
127018735,way,surface,MISSING,Surface tag is recommended to assess accessibility
127018736,way,surface,MISSING,Surface tag is recommended to assess accessibility
127018738,way,surface,MISSING,Surface tag is recommended to assess accessibility
127018740,way,surface,MISSING,Surface tag is recommended to assess accessibility
127018741,way,surface,MISSING,Surface tag is recommended to assess accessibility
127018743,way,surface,MISSING,Surface tag is recommended to assess accessibility
127018744,way,surface,MISSING,Surface tag is recommended to assess accessibility
127018745,way,surface,MISSING,Surface tag is recommended to assess accessibility
127018746,way,surface,MISSING,Surface tag is recommended to assess accessibility
127018748,way,surface,MISSING,Surface tag is recommended to assess accessibility
127018750,way,surface,MISSING,Surface tag is recommended to assess accessibility
127018751,way,surface,MISSING,Surface tag is recommended to assess accessibility
127018752,way,surface,MISSING,Surface tag is recommended to assess accessibility
127018753,way,surface,MISSING,Surface tag is recommended to assess accessibility
127018754,way,surface,MISSING,Surface tag is recommended to assess accessibility
127018756,way,surface,MISSING,Surface tag is recommended to assess accessibility
127018758,way,surface,MISSING,Surface tag is recommended to assess accessibility
127018759,way,surface,MISSING,Surface tag is recommended to assess accessibility
127018762,way,surface,MISSING,Surface tag is recommended to assess accessibility
127018763,way,surface,MISSING,Surface tag is recommended to assess accessibility
127018764,way,surface,MISSING,Surface tag is recommended to assess accessibility
127018765,way,surface,MISSING,Surface tag is recommended to assess accessibility
127018766,way,surface,MISSING,Surface tag is recommended to assess accessibility
127018767,way,surface,MISSING,Surface tag is recommended to assess accessibility
127018768,way,surface,MISSING,Surface tag is recommended to assess accessibility
127018769,way,surface,MISSING,Surface tag is recommended to assess accessibility
127018770,way,surface,MISSING,Surface tag is recommended to assess accessibility
127018771,way,surface,MISSING,Surface tag is recommended to assess accessibility
127018772,way,surface,MISSING,Surface tag is recommended to assess accessibility
127018774,way,surface,MISSING,Surface tag is recommended to assess accessibility
127018776,way,surface,MISSING,Surface tag is recommended to assess accessibility
127018777,way,surface,MISSING,Surface tag is recommended to assess accessibility
127018779,way,surface,MISSING,Surface tag is recommended to assess accessibility
127018780,way,surface,MISSING,Surface tag is recommended to assess accessibility
127018781,way,surface,MISSING,Surface tag is recommended to assess accessibility
127018783,way,surface,MISSING,Surface tag is recommended to assess accessibility
127018788,way,surface,MISSING,Surface tag is recommended to assess accessibility
127018789,way,surface,MISSING,Surface tag is recommended to assess accessibility
127018791,way,surface,MISSING,Surface tag is recommended to assess accessibility
127018795,way,surface,MISSING,Surface tag is recommended to assess accessibility
127018797,way,surface,MISSING,Surface tag is recommended to assess accessibility
127018800,way,surface,MISSING,Surface tag is recommended to assess accessibility
127018801,way,surface,MISSING,Surface tag is recommended to assess accessibility
127018805,way,surface,MISSING,Surface tag is recommended to assess accessibility
127018806,way,surface,MISSING,Surface tag is recommended to assess accessibility
127018808,way,surface,MISSING,Surface tag is recommended to assess accessibility
127018810,way,surface,MISSING,Surface tag is recommended to assess accessibility
127018811,way,surface,MISSING,Surface tag is recommended to assess accessibility
127018813,way,surface,MISSING,Surface tag is recommended to assess accessibility
127018822,way,surface,MISSING,Surface tag is recommended to assess accessibility
127190299,way,surface,MISSING,Surface tag is recommended to assess accessibility
127190300,way,surface,MISSING,Surface tag is recommended to assess accessibility
127190301,way,surface,MISSING,Surface tag is recommended to assess accessibility
127190306,way,surface,MISSING,Surface tag is recommended to assess accessibility
127190307,way,surface,MISSING,Surface tag is recommended to assess accessibility
127190310,way,surface,MISSING,Surface tag is recommended to assess accessibility
127190313,way,surface,MISSING,Surface tag is recommended to assess accessibility
127190317,way,surface,MISSING,Surface tag is recommended to assess accessibility
127190318,way,surface,MISSING,Surface tag is recommended to assess accessibility
127190325,way,surface,MISSING,Surface tag is recommended to assess accessibility
127190326,way,surface,MISSING,Surface tag is recommended to assess accessibility
127190328,way,surface,MISSING,Surface tag is recommended to assess accessibility
127190330,way,surface,MISSING,Surface tag is recommended to assess accessibility
127190331,way,surface,MISSING,Surface tag is recommended to assess accessibility
127190333,way,surface,MISSING,Surface tag is recommended to assess accessibility
127190335,way,surface,MISSING,Surface tag is recommended to assess accessibility
127190336,way,surface,MISSING,Surface tag is recommended to assess accessibility
127190340,way,surface,MISSING,Surface tag is recommended to assess accessibility
127190343,way,surface,MISSING,Surface tag is recommended to assess accessibility
127190344,way,surface,MISSING,Surface tag is recommended to assess accessibility
127190345,way,surface,MISSING,Surface tag is recommended to assess accessibility
127330235,way,surface,MISSING,Surface tag is recommended to assess accessibility
127330274,way,surface,MISSING,Surface tag is recommended to assess accessibility
127330298,way,surface,MISSING,Surface tag is recommended to assess accessibility
127330299,way,surface,MISSING,Surface tag is recommended to assess accessibility
127330301,way,surface,MISSING,Surface tag is recommended to assess accessibility
127330304,way,surface,MISSING,Surface tag is recommended to assess accessibility
127330305,way,surface,MISSING,Surface tag is recommended to assess accessibility
127330306,way,surface,MISSING,Surface tag is recommended to assess accessibility
127330308,way,surface,MISSING,Surface tag is recommended to assess accessibility
127330309,way,surface,MISSING,Surface tag is recommended to assess accessibility
127330310,way,surface,MISSING,Surface tag is recommended to assess accessibility
127330312,way,surface,MISSING,Surface tag is recommended to assess accessibility
127330313,way,surface,MISSING,Surface tag is recommended to assess accessibility
127330314,way,surface,MISSING,Surface tag is recommended to assess accessibility
127330315,way,surface,MISSING,Surface tag is recommended to assess accessibility
127330316,way,surface,MISSING,Surface tag is recommended to assess accessibility
127330317,way,surface,MISSING,Surface tag is recommended to assess accessibility
127330318,way,surface,MISSING,Surface tag is recommended to assess accessibility
127330319,way,surface,MISSING,Surface tag is recommended to assess accessibility
127330320,way,surface,MISSING,Surface tag is recommended to assess accessibility
127330321,way,surface,MISSING,Surface tag is recommended to assess accessibility
127330322,way,surface,MISSING,Surface tag is recommended to assess accessibility
127330323,way,surface,MISSING,Surface tag is recommended to assess accessibility
127330324,way,surface,MISSING,Surface tag is recommended to assess accessibility
127330325,way,surface,MISSING,Surface tag is recommended to assess accessibility
127330326,way,surface,MISSING,Surface tag is recommended to assess accessibility
127330328,way,surface,MISSING,Surface tag is recommended to assess accessibility
127330329,way,surface,MISSING,Surface tag is recommended to assess accessibility
127330330,way,surface,MISSING,Surface tag is recommended to assess accessibility
127330331,way,surface,MISSING,Surface tag is recommended to assess accessibility
127330332,way,surface,MISSING,Surface tag is recommended to assess accessibility
127330333,way,surface,MISSING,Surface tag is recommended to assess accessibility
127330334,way,surface,MISSING,Surface tag is recommended to assess accessibility
127330335,way,surface,MISSING,Surface tag is recommended to assess accessibility
127330336,way,surface,MISSING,Surface tag is recommended to assess accessibility
127330338,way,surface,MISSING,Surface tag is recommended to assess accessibility
127330339,way,surface,MISSING,Surface tag is recommended to assess accessibility
127330340,way,surface,MISSING,Surface tag is recommended to assess accessibility
127330341,way,surface,MISSING,Surface tag is recommended to assess accessibility
127330344,way,surface,MISSING,Surface tag is recommended to assess accessibility
127330345,way,surface,MISSING,Surface tag is recommended to assess accessibility
127330346,way,surface,MISSING,Surface tag is recommended to assess accessibility
127330347,way,surface,MISSING,Surface tag is recommended to assess accessibility
127330348,way,surface,MISSING,Surface tag is recommended to assess accessibility
127330349,way,surface,MISSING,Surface tag is recommended to assess accessibility
127330353,way,surface,MISSING,Surface tag is recommended to assess accessibility
127330356,way,surface,MISSING,Surface tag is recommended to assess accessibility
127330357,way,surface,MISSING,Surface tag is recommended to assess accessibility
127330359,way,surface,MISSING,Surface tag is recommended to assess accessibility
127330360,way,surface,MISSING,Surface tag is recommended to assess accessibility
127330361,way,surface,MISSING,Surface tag is recommended to assess accessibility
127330362,way,surface,MISSING,Surface tag is recommended to assess accessibility
127330364,way,surface,MISSING,Surface tag is recommended to assess accessibility
127330365,way,surface,MISSING,Surface tag is recommended to assess accessibility
127330367,way,surface,MISSING,Surface tag is recommended to assess accessibility
128008625,way,surface,MISSING,Surface tag is recommended to assess accessibility
128008631,way,surface,MISSING,Surface tag is recommended to assess accessibility
128008644,way,surface,MISSING,Surface tag is recommended to assess accessibility
128008647,way,surface,MISSING,Surface tag is recommended to assess accessibility
128008648,way,surface,MISSING,Surface tag is recommended to assess accessibility
128008649,way,surface,MISSING,Surface tag is recommended to assess accessibility
128008651,way,surface,MISSING,Surface tag is recommended to assess accessibility
128008653,way,surface,MISSING,Surface tag is recommended to assess accessibility
128008654,way,surface,MISSING,Surface tag is recommended to assess accessibility
128008655,way,surface,MISSING,Surface tag is recommended to assess accessibility
128008656,way,surface,MISSING,Surface tag is recommended to assess accessibility
128008657,way,surface,MISSING,Surface tag is recommended to assess accessibility
128008659,way,surface,MISSING,Surface tag is recommended to assess accessibility
128008662,way,surface,MISSING,Surface tag is recommended to assess accessibility
128008663,way,surface,MISSING,Surface tag is recommended to assess accessibility
128008667,way,surface,MISSING,Surface tag is recommended to assess accessibility
128008670,way,surface,MISSING,Surface tag is recommended to assess accessibility
128008671,way,surface,MISSING,Surface tag is recommended to assess accessibility
128008672,way,surface,MISSING,Surface tag is recommended to assess accessibility
128008673,way,surface,MISSING,Surface tag is recommended to assess accessibility
128008674,way,surface,MISSING,Surface tag is recommended to assess accessibility
128008675,way,surface,MISSING,Surface tag is recommended to assess accessibility
128008676,way,surface,MISSING,Surface tag is recommended to assess accessibility
128008678,way,surface,MISSING,Surface tag is recommended to assess accessibility
128008679,way,surface,MISSING,Surface tag is recommended to assess accessibility
128008680,way,surface,MISSING,Surface tag is recommended to assess accessibility
128008681,way,surface,MISSING,Surface tag is recommended to assess accessibility
128008682,way,surface,MISSING,Surface tag is recommended to assess accessibility
128008683,way,surface,MISSING,Surface tag is recommended to assess accessibility
128008684,way,surface,MISSING,Surface tag is recommended to assess accessibility
128008685,way,surface,MISSING,Surface tag is recommended to assess accessibility
128008686,way,surface,MISSING,Surface tag is recommended to assess accessibility
128008687,way,surface,MISSING,Surface tag is recommended to assess accessibility
128008691,way,surface,MISSING,Surface tag is recommended to assess accessibility
128008692,way,surface,MISSING,Surface tag is recommended to assess accessibility
128008693,way,surface,MISSING,Surface tag is recommended to assess accessibility
128008694,way,surface,MISSING,Surface tag is recommended to assess accessibility
128008702,way,surface,MISSING,Surface tag is recommended to assess accessibility
128008703,way,surface,MISSING,Surface tag is recommended to assess accessibility
128046299,way,surface,MISSING,Surface tag is recommended to assess accessibility
128046398,way,surface,MISSING,Surface tag is recommended to assess accessibility
128046401,way,surface,MISSING,Surface tag is recommended to assess accessibility
128046402,way,surface,MISSING,Surface tag is recommended to assess accessibility
128046407,way,surface,MISSING,Surface tag is recommended to assess accessibility
128046410,way,surface,MISSING,Surface tag is recommended to assess accessibility
128046411,way,surface,MISSING,Surface tag is recommended to assess accessibility
128046414,way,surface,MISSING,Surface tag is recommended to assess accessibility
128046417,way,surface,MISSING,Surface tag is recommended to assess accessibility
128046422,way,surface,MISSING,Surface tag is recommended to assess accessibility
128046429,way,surface,MISSING,Surface tag is recommended to assess accessibility
128046437,way,surface,MISSING,Surface tag is recommended to assess accessibility
128046440,way,surface,MISSING,Surface tag is recommended to assess accessibility
128046445,way,surface,MISSING,Surface tag is recommended to assess accessibility
128046448,way,surface,MISSING,Surface tag is recommended to assess accessibility
128046449,way,surface,MISSING,Surface tag is recommended to assess accessibility
128046450,way,surface,MISSING,Surface tag is recommended to assess accessibility
128046454,way,surface,MISSING,Surface tag is recommended to assess accessibility
128046455,way,surface,MISSING,Surface tag is recommended to assess accessibility
128046461,way,surface,MISSING,Surface tag is recommended to assess accessibility
128046464,way,surface,MISSING,Surface tag is recommended to assess accessibility
128046465,way,surface,MISSING,Surface tag is recommended to assess accessibility
128046467,way,surface,MISSING,Surface tag is recommended to assess accessibility
128046470,way,surface,MISSING,Surface tag is recommended to assess accessibility
128046472,way,surface,MISSING,Surface tag is recommended to assess accessibility
128046476,way,surface,MISSING,Surface tag is recommended to assess accessibility
128046479,way,surface,MISSING,Surface tag is recommended to assess accessibility
128046480,way,surface,MISSING,Surface tag is recommended to assess accessibility
128046492,way,surface,MISSING,Surface tag is recommended to assess accessibility
128046497,way,surface,MISSING,Surface tag is recommended to assess accessibility
128046503,way,surface,MISSING,Surface tag is recommended to assess accessibility
128046504,way,surface,MISSING,Surface tag is recommended to assess accessibility
128046507,way,surface,MISSING,Surface tag is recommended to assess accessibility
128046508,way,surface,MISSING,Surface tag is recommended to assess accessibility
128046514,way,surface,MISSING,Surface tag is recommended to assess accessibility
128046516,way,surface,MISSING,Surface tag is recommended to assess accessibility
128046518,way,surface,MISSING,Surface tag is recommended to assess accessibility
128046521,way,surface,MISSING,Surface tag is recommended to assess accessibility
128046523,way,surface,MISSING,Surface tag is recommended to assess accessibility
128046529,way,surface,MISSING,Surface tag is recommended to assess accessibility
128046531,way,surface,MISSING,Surface tag is recommended to assess accessibility
128046535,way,surface,MISSING,Surface tag is recommended to assess accessibility
128171054,way,surface,MISSING,Surface tag is recommended to assess accessibility
128171080,way,surface,MISSING,Surface tag is recommended to assess accessibility
128171081,way,surface,MISSING,Surface tag is recommended to assess accessibility
128171082,way,surface,MISSING,Surface tag is recommended to assess accessibility
128171083,way,surface,MISSING,Surface tag is recommended to assess accessibility
128171084,way,surface,MISSING,Surface tag is recommended to assess accessibility
128171086,way,surface,MISSING,Surface tag is recommended to assess accessibility
128171087,way,surface,MISSING,Surface tag is recommended to assess accessibility
128171089,way,surface,MISSING,Surface tag is recommended to assess accessibility
128171090,way,surface,MISSING,Surface tag is recommended to assess accessibility
128171092,way,surface,MISSING,Surface tag is recommended to assess accessibility
128171093,way,surface,MISSING,Surface tag is recommended to assess accessibility
128171094,way,surface,MISSING,Surface tag is recommended to assess accessibility
128171095,way,surface,MISSING,Surface tag is recommended to assess accessibility
128171097,way,surface,MISSING,Surface tag is recommended to assess accessibility
128171099,way,surface,MISSING,Surface tag is recommended to assess accessibility
128171100,way,surface,MISSING,Surface tag is recommended to assess accessibility
128171104,way,surface,MISSING,Surface tag is recommended to assess accessibility
128171105,way,surface,MISSING,Surface tag is recommended to assess accessibility
128171106,way,surface,MISSING,Surface tag is recommended to assess accessibility
128171107,way,surface,MISSING,Surface tag is recommended to assess accessibility
128171108,way,surface,MISSING,Surface tag is recommended to assess accessibility
128171109,way,surface,MISSING,Surface tag is recommended to assess accessibility
128171110,way,surface,MISSING,Surface tag is recommended to assess accessibility
128171111,way,surface,MISSING,Surface tag is recommended to assess accessibility
128171114,way,surface,MISSING,Surface tag is recommended to assess accessibility
128171115,way,surface,MISSING,Surface tag is recommended to assess accessibility
128171117,way,surface,MISSING,Surface tag is recommended to assess accessibility
128171119,way,surface,MISSING,Surface tag is recommended to assess accessibility
128183785,way,surface,MISSING,Surface tag is recommended to assess accessibility
128183786,way,surface,MISSING,Surface tag is recommended to assess accessibility
128183788,way,surface,MISSING,Surface tag is recommended to assess accessibility
128183790,way,surface,MISSING,Surface tag is recommended to assess accessibility
128183791,way,surface,MISSING,Surface tag is recommended to assess accessibility
128183792,way,surface,MISSING,Surface tag is recommended to assess accessibility
128183793,way,surface,MISSING,Surface tag is recommended to assess accessibility
128183798,way,surface,MISSING,Surface tag is recommended to assess accessibility
128183799,way,surface,MISSING,Surface tag is recommended to assess accessibility
128183800,way,surface,MISSING,Surface tag is recommended to assess accessibility
128183801,way,surface,MISSING,Surface tag is recommended to assess accessibility
128183802,way,surface,MISSING,Surface tag is recommended to assess accessibility
128183803,way,surface,MISSING,Surface tag is recommended to assess accessibility
128183804,way,surface,MISSING,Surface tag is recommended to assess accessibility
128183805,way,surface,MISSING,Surface tag is recommended to assess accessibility
128183808,way,surface,MISSING,Surface tag is recommended to assess accessibility
128183809,way,surface,MISSING,Surface tag is recommended to assess accessibility
128183810,way,surface,MISSING,Surface tag is recommended to assess accessibility
128183811,way,surface,MISSING,Surface tag is recommended to assess accessibility
128183812,way,surface,MISSING,Surface tag is recommended to assess accessibility
128183813,way,surface,MISSING,Surface tag is recommended to assess accessibility
128183814,way,surface,MISSING,Surface tag is recommended to assess accessibility
128278038,way,surface,MISSING,Surface tag is recommended to assess accessibility
128278040,way,surface,MISSING,Surface tag is recommended to assess accessibility
128278041,way,surface,MISSING,Surface tag is recommended to assess accessibility
128278043,way,surface,MISSING,Surface tag is recommended to assess accessibility
128278044,way,surface,MISSING,Surface tag is recommended to assess accessibility
128278048,way,surface,MISSING,Surface tag is recommended to assess accessibility
128278051,way,surface,MISSING,Surface tag is recommended to assess accessibility
128278055,way,surface,MISSING,Surface tag is recommended to assess accessibility
128278056,way,surface,MISSING,Surface tag is recommended to assess accessibility
128278057,way,surface,MISSING,Surface tag is recommended to assess accessibility
128278058,way,surface,MISSING,Surface tag is recommended to assess accessibility
128278059,way,surface,MISSING,Surface tag is recommended to assess accessibility
128278060,way,surface,MISSING,Surface tag is recommended to assess accessibility
128278061,way,surface,MISSING,Surface tag is recommended to assess accessibility
128278063,way,surface,MISSING,Surface tag is recommended to assess accessibility
128278066,way,surface,MISSING,Surface tag is recommended to assess accessibility
128278067,way,surface,MISSING,Surface tag is recommended to assess accessibility
128278068,way,surface,MISSING,Surface tag is recommended to assess accessibility
128278069,way,surface,MISSING,Surface tag is recommended to assess accessibility
128278071,way,surface,MISSING,Surface tag is recommended to assess accessibility
128278074,way,surface,MISSING,Surface tag is recommended to assess accessibility
128278075,way,surface,MISSING,Surface tag is recommended to assess accessibility
128278076,way,surface,MISSING,Surface tag is recommended to assess accessibility
128278077,way,surface,MISSING,Surface tag is recommended to assess accessibility
128278078,way,surface,MISSING,Surface tag is recommended to assess accessibility
128278080,way,surface,MISSING,Surface tag is recommended to assess accessibility
128278081,way,surface,MISSING,Surface tag is recommended to assess accessibility
128278082,way,surface,MISSING,Surface tag is recommended to assess accessibility
128278083,way,surface,MISSING,Surface tag is recommended to assess accessibility
128278084,way,surface,MISSING,Surface tag is recommended to assess accessibility
128278086,way,surface,MISSING,Surface tag is recommended to assess accessibility
128278089,way,surface,MISSING,Surface tag is recommended to assess accessibility
128278090,way,surface,MISSING,Surface tag is recommended to assess accessibility
128278092,way,surface,MISSING,Surface tag is recommended to assess accessibility
128278095,way,surface,MISSING,Surface tag is recommended to assess accessibility
128278096,way,surface,MISSING,Surface tag is recommended to assess accessibility
128278097,way,surface,MISSING,Surface tag is recommended to assess accessibility
128278100,way,surface,MISSING,Surface tag is recommended to assess accessibility
128278102,way,surface,MISSING,Surface tag is recommended to assess accessibility
128278103,way,surface,MISSING,Surface tag is recommended to assess accessibility
128278104,way,surface,MISSING,Surface tag is recommended to assess accessibility
128278105,way,surface,MISSING,Surface tag is recommended to assess accessibility
128278107,way,surface,MISSING,Surface tag is recommended to assess accessibility
128278116,way,surface,MISSING,Surface tag is recommended to assess accessibility
128396423,way,surface,MISSING,Surface tag is recommended to assess accessibility
128396436,way,surface,MISSING,Surface tag is recommended to assess accessibility
128396438,way,surface,MISSING,Surface tag is recommended to assess accessibility
128396439,way,surface,MISSING,Surface tag is recommended to assess accessibility
128396442,way,surface,MISSING,Surface tag is recommended to assess accessibility
128396443,way,surface,MISSING,Surface tag is recommended to assess accessibility
128396446,way,surface,MISSING,Surface tag is recommended to assess accessibility
128396448,way,surface,MISSING,Surface tag is recommended to assess accessibility
128396450,way,surface,MISSING,Surface tag is recommended to assess accessibility
128396454,way,surface,MISSING,Surface tag is recommended to assess accessibility
128396456,way,surface,MISSING,Surface tag is recommended to assess accessibility
128396458,way,surface,MISSING,Surface tag is recommended to assess accessibility
128396459,way,surface,MISSING,Surface tag is recommended to assess accessibility
128396461,way,surface,MISSING,Surface tag is recommended to assess accessibility
128396463,way,surface,MISSING,Surface tag is recommended to assess accessibility
128396465,way,surface,MISSING,Surface tag is recommended to assess accessibility
128396466,way,surface,MISSING,Surface tag is recommended to assess accessibility
128396467,way,surface,MISSING,Surface tag is recommended to assess accessibility
128396470,way,surface,MISSING,Surface tag is recommended to assess accessibility
128396472,way,surface,MISSING,Surface tag is recommended to assess accessibility
128396482,way,surface,MISSING,Surface tag is recommended to assess accessibility
128396488,way,surface,MISSING,Surface tag is recommended to assess accessibility
128396492,way,surface,MISSING,Surface tag is recommended to assess accessibility
128396495,way,surface,MISSING,Surface tag is recommended to assess accessibility
128396496,way,surface,MISSING,Surface tag is recommended to assess accessibility
128396497,way,surface,MISSING,Surface tag is recommended to assess accessibility
128396498,way,surface,MISSING,Surface tag is recommended to assess accessibility
128396499,way,surface,MISSING,Surface tag is recommended to assess accessibility
128396501,way,surface,MISSING,Surface tag is recommended to assess accessibility
128396502,way,surface,MISSING,Surface tag is recommended to assess accessibility
128396505,way,surface,MISSING,Surface tag is recommended to assess accessibility
128396506,way,surface,MISSING,Surface tag is recommended to assess accessibility
128396511,way,surface,MISSING,Surface tag is recommended to assess accessibility
128396530,way,surface,MISSING,Surface tag is recommended to assess accessibility
128486378,way,surface,MISSING,Surface tag is recommended to assess accessibility
128486448,way,surface,MISSING,Surface tag is recommended to assess accessibility
128486454,way,surface,MISSING,Surface tag is recommended to assess accessibility
128486456,way,surface,MISSING,Surface tag is recommended to assess accessibility
128486458,way,surface,MISSING,Surface tag is recommended to assess accessibility
128486467,way,surface,MISSING,Surface tag is recommended to assess accessibility
128486472,way,surface,MISSING,Surface tag is recommended to assess accessibility
128486474,way,surface,MISSING,Surface tag is recommended to assess accessibility
128486482,way,surface,MISSING,Surface tag is recommended to assess accessibility
128486484,way,surface,MISSING,Surface tag is recommended to assess accessibility
128486489,way,surface,MISSING,Surface tag is recommended to assess accessibility
128486491,way,surface,MISSING,Surface tag is recommended to assess accessibility
128576017,way,surface,MISSING,Surface tag is recommended to assess accessibility
128576018,way,surface,MISSING,Surface tag is recommended to assess accessibility
128576019,way,surface,MISSING,Surface tag is recommended to assess accessibility
128576020,way,surface,MISSING,Surface tag is recommended to assess accessibility
128576021,way,surface,MISSING,Surface tag is recommended to assess accessibility
128576023,way,surface,MISSING,Surface tag is recommended to assess accessibility
128576024,way,surface,MISSING,Surface tag is recommended to assess accessibility
128600761,way,surface,MISSING,Surface tag is recommended to assess accessibility
128600779,way,surface,MISSING,Surface tag is recommended to assess accessibility
128600808,way,surface,MISSING,Surface tag is recommended to assess accessibility
128600811,way,surface,MISSING,Surface tag is recommended to assess accessibility
128600814,way,surface,MISSING,Surface tag is recommended to assess accessibility
128600816,way,surface,MISSING,Surface tag is recommended to assess accessibility
128600818,way,surface,MISSING,Surface tag is recommended to assess accessibility
128600821,way,surface,MISSING,Surface tag is recommended to assess accessibility
128600828,way,surface,MISSING,Surface tag is recommended to assess accessibility
128714889,way,surface,MISSING,Surface tag is recommended to assess accessibility
128714895,way,surface,MISSING,Surface tag is recommended to assess accessibility
128714901,way,surface,MISSING,Surface tag is recommended to assess accessibility
128714904,way,surface,MISSING,Surface tag is recommended to assess accessibility
128714905,way,surface,MISSING,Surface tag is recommended to assess accessibility
128714907,way,surface,MISSING,Surface tag is recommended to assess accessibility
128714912,way,surface,MISSING,Surface tag is recommended to assess accessibility
128714923,way,surface,MISSING,Surface tag is recommended to assess accessibility
128714926,way,surface,MISSING,Surface tag is recommended to assess accessibility
128714929,way,surface,MISSING,Surface tag is recommended to assess accessibility
128714945,way,surface,MISSING,Surface tag is recommended to assess accessibility
128714951,way,surface,MISSING,Surface tag is recommended to assess accessibility
129077852,way,surface,MISSING,Surface tag is recommended to assess accessibility
129077853,way,surface,MISSING,Surface tag is recommended to assess accessibility
129077855,way,surface,MISSING,Surface tag is recommended to assess accessibility
129077860,way,surface,MISSING,Surface tag is recommended to assess accessibility
129209865,way,surface,MISSING,Surface tag is recommended to assess accessibility
129209875,way,surface,MISSING,Surface tag is recommended to assess accessibility
129209877,way,surface,MISSING,Surface tag is recommended to assess accessibility
129209878,way,surface,MISSING,Surface tag is recommended to assess accessibility
129209879,way,surface,MISSING,Surface tag is recommended to assess accessibility
129209880,way,surface,MISSING,Surface tag is recommended to assess accessibility
129209881,way,surface,MISSING,Surface tag is recommended to assess accessibility
129209883,way,surface,MISSING,Surface tag is recommended to assess accessibility
129209885,way,surface,MISSING,Surface tag is recommended to assess accessibility
129209886,way,surface,MISSING,Surface tag is recommended to assess accessibility
129209887,way,surface,MISSING,Surface tag is recommended to assess accessibility
129209888,way,surface,MISSING,Surface tag is recommended to assess accessibility
129209890,way,surface,MISSING,Surface tag is recommended to assess accessibility
129209891,way,surface,MISSING,Surface tag is recommended to assess accessibility
129209892,way,surface,MISSING,Surface tag is recommended to assess accessibility
129209893,way,surface,MISSING,Surface tag is recommended to assess accessibility
129209894,way,surface,MISSING,Surface tag is recommended to assess accessibility
129209895,way,surface,MISSING,Surface tag is recommended to assess accessibility
129209896,way,surface,MISSING,Surface tag is recommended to assess accessibility
129209897,way,surface,MISSING,Surface tag is recommended to assess accessibility
129209899,way,surface,MISSING,Surface tag is recommended to assess accessibility
129209900,way,surface,MISSING,Surface tag is recommended to assess accessibility
129209901,way,surface,MISSING,Surface tag is recommended to assess accessibility
129209902,way,surface,MISSING,Surface tag is recommended to assess accessibility
129209903,way,surface,MISSING,Surface tag is recommended to assess accessibility
129209904,way,surface,MISSING,Surface tag is recommended to assess accessibility
129209905,way,surface,MISSING,Surface tag is recommended to assess accessibility
129209906,way,surface,MISSING,Surface tag is recommended to assess accessibility
129209907,way,surface,MISSING,Surface tag is recommended to assess accessibility
129209908,way,surface,MISSING,Surface tag is recommended to assess accessibility
129209909,way,surface,MISSING,Surface tag is recommended to assess accessibility
129209911,way,surface,MISSING,Surface tag is recommended to assess accessibility
129209912,way,surface,MISSING,Surface tag is recommended to assess accessibility
129209913,way,surface,MISSING,Surface tag is recommended to assess accessibility
129209914,way,surface,MISSING,Surface tag is recommended to assess accessibility
129209915,way,surface,MISSING,Surface tag is recommended to assess accessibility
129209916,way,surface,MISSING,Surface tag is recommended to assess accessibility
129209917,way,surface,MISSING,Surface tag is recommended to assess accessibility
129209918,way,surface,MISSING,Surface tag is recommended to assess accessibility
129209919,way,surface,MISSING,Surface tag is recommended to assess accessibility
129209920,way,surface,MISSING,Surface tag is recommended to assess accessibility
129209921,way,surface,MISSING,Surface tag is recommended to assess accessibility
129209922,way,surface,MISSING,Surface tag is recommended to assess accessibility
129209923,way,surface,MISSING,Surface tag is recommended to assess accessibility
129209926,way,surface,MISSING,Surface tag is recommended to assess accessibility
129614141,way,surface,MISSING,Surface tag is recommended to assess accessibility
129614150,way,surface,MISSING,Surface tag is recommended to assess accessibility
129614161,way,surface,MISSING,Surface tag is recommended to assess accessibility
129751743,way,surface,MISSING,Surface tag is recommended to assess accessibility
129751744,way,surface,MISSING,Surface tag is recommended to assess accessibility
129751746,way,surface,MISSING,Surface tag is recommended to assess accessibility
129751748,way,surface,MISSING,Surface tag is recommended to assess accessibility
129751749,way,surface,MISSING,Surface tag is recommended to assess accessibility
129751750,way,surface,MISSING,Surface tag is recommended to assess accessibility
129765725,way,surface,MISSING,Surface tag is recommended to assess accessibility
129765727,way,surface,MISSING,Surface tag is recommended to assess accessibility
129765734,way,surface,MISSING,Surface tag is recommended to assess accessibility
129765737,way,surface,MISSING,Surface tag is recommended to assess accessibility
129765741,way,surface,MISSING,Surface tag is recommended to assess accessibility
129765744,way,surface,MISSING,Surface tag is recommended to assess accessibility
129765745,way,surface,MISSING,Surface tag is recommended to assess accessibility
129765746,way,surface,MISSING,Surface tag is recommended to assess accessibility
129765749,way,surface,MISSING,Surface tag is recommended to assess accessibility
129765750,way,surface,MISSING,Surface tag is recommended to assess accessibility
129765751,way,surface,MISSING,Surface tag is recommended to assess accessibility
129765752,way,surface,MISSING,Surface tag is recommended to assess accessibility
129765755,way,surface,MISSING,Surface tag is recommended to assess accessibility
129765756,way,surface,MISSING,Surface tag is recommended to assess accessibility
129765757,way,surface,MISSING,Surface tag is recommended to assess accessibility
129765758,way,surface,MISSING,Surface tag is recommended to assess accessibility
129765759,way,surface,MISSING,Surface tag is recommended to assess accessibility
129765761,way,surface,MISSING,Surface tag is recommended to assess accessibility
129765762,way,surface,MISSING,Surface tag is recommended to assess accessibility
129765763,way,surface,MISSING,Surface tag is recommended to assess accessibility
129765764,way,surface,MISSING,Surface tag is recommended to assess accessibility
129765765,way,surface,MISSING,Surface tag is recommended to assess accessibility
129765766,way,surface,MISSING,Surface tag is recommended to assess accessibility
129765767,way,surface,MISSING,Surface tag is recommended to assess accessibility
129765772,way,surface,MISSING,Surface tag is recommended to assess accessibility
129765774,way,surface,MISSING,Surface tag is recommended to assess accessibility
129765777,way,surface,MISSING,Surface tag is recommended to assess accessibility
129765778,way,surface,MISSING,Surface tag is recommended to assess accessibility
129765779,way,surface,MISSING,Surface tag is recommended to assess accessibility
129765781,way,surface,MISSING,Surface tag is recommended to assess accessibility
129765782,way,surface,MISSING,Surface tag is recommended to assess accessibility
129765784,way,surface,MISSING,Surface tag is recommended to assess accessibility
129765785,way,surface,MISSING,Surface tag is recommended to assess accessibility
129836035,way,surface,MISSING,Surface tag is recommended to assess accessibility
129836058,way,surface,MISSING,Surface tag is recommended to assess accessibility
129836059,way,surface,MISSING,Surface tag is recommended to assess accessibility
129836066,way,surface,MISSING,Surface tag is recommended to assess accessibility
129836071,way,surface,MISSING,Surface tag is recommended to assess accessibility
129836083,way,surface,MISSING,Surface tag is recommended to assess accessibility
129836088,way,surface,MISSING,Surface tag is recommended to assess accessibility
129836089,way,surface,MISSING,Surface tag is recommended to assess accessibility
129836090,way,surface,MISSING,Surface tag is recommended to assess accessibility
129836092,way,surface,MISSING,Surface tag is recommended to assess accessibility
129836094,way,surface,MISSING,Surface tag is recommended to assess accessibility
129836095,way,surface,MISSING,Surface tag is recommended to assess accessibility
129836096,way,surface,MISSING,Surface tag is recommended to assess accessibility
129836097,way,surface,MISSING,Surface tag is recommended to assess accessibility
129836098,way,surface,MISSING,Surface tag is recommended to assess accessibility
129836101,way,surface,MISSING,Surface tag is recommended to assess accessibility
129836102,way,surface,MISSING,Surface tag is recommended to assess accessibility
129836103,way,surface,MISSING,Surface tag is recommended to assess accessibility
129836104,way,surface,MISSING,Surface tag is recommended to assess accessibility
129836108,way,surface,MISSING,Surface tag is recommended to assess accessibility
129836109,way,surface,MISSING,Surface tag is recommended to assess accessibility
129836110,way,surface,MISSING,Surface tag is recommended to assess accessibility
129836111,way,surface,MISSING,Surface tag is recommended to assess accessibility
129836112,way,surface,MISSING,Surface tag is recommended to assess accessibility
129836113,way,surface,MISSING,Surface tag is recommended to assess accessibility
129836114,way,surface,MISSING,Surface tag is recommended to assess accessibility
129836117,way,surface,MISSING,Surface tag is recommended to assess accessibility
129836118,way,surface,MISSING,Surface tag is recommended to assess accessibility
129836121,way,surface,MISSING,Surface tag is recommended to assess accessibility
129836122,way,surface,MISSING,Surface tag is recommended to assess accessibility
129836124,way,surface,MISSING,Surface tag is recommended to assess accessibility
129836125,way,surface,MISSING,Surface tag is recommended to assess accessibility
129836126,way,surface,MISSING,Surface tag is recommended to assess accessibility
129836127,way,surface,MISSING,Surface tag is recommended to assess accessibility
129836128,way,surface,MISSING,Surface tag is recommended to assess accessibility
129836129,way,surface,MISSING,Surface tag is recommended to assess accessibility
129836130,way,surface,MISSING,Surface tag is recommended to assess accessibility
129836131,way,surface,MISSING,Surface tag is recommended to assess accessibility
130371498,way,surface,MISSING,Surface tag is recommended to assess accessibility
130371505,way,surface,MISSING,Surface tag is recommended to assess accessibility
130371508,way,surface,MISSING,Surface tag is recommended to assess accessibility
130371509,way,surface,MISSING,Surface tag is recommended to assess accessibility
130371513,way,surface,MISSING,Surface tag is recommended to assess accessibility
130371514,way,surface,MISSING,Surface tag is recommended to assess accessibility
130404285,way,surface,MISSING,Surface tag is recommended to assess accessibility
130404344,way,surface,MISSING,Surface tag is recommended to assess accessibility
130404345,way,surface,MISSING,Surface tag is recommended to assess accessibility
130404346,way,surface,MISSING,Surface tag is recommended to assess accessibility
130404349,way,surface,MISSING,Surface tag is recommended to assess accessibility
130404350,way,surface,MISSING,Surface tag is recommended to assess accessibility
130404351,way,surface,MISSING,Surface tag is recommended to assess accessibility
130404353,way,surface,MISSING,Surface tag is recommended to assess accessibility
130404356,way,surface,MISSING,Surface tag is recommended to assess accessibility
130404358,way,surface,MISSING,Surface tag is recommended to assess accessibility
130404360,way,surface,MISSING,Surface tag is recommended to assess accessibility
130404361,way,surface,MISSING,Surface tag is recommended to assess accessibility
130404362,way,surface,MISSING,Surface tag is recommended to assess accessibility
130404365,way,surface,MISSING,Surface tag is recommended to assess accessibility
130404366,way,surface,MISSING,Surface tag is recommended to assess accessibility
130404367,way,surface,MISSING,Surface tag is recommended to assess accessibility
130404368,way,surface,MISSING,Surface tag is recommended to assess accessibility
130404370,way,surface,MISSING,Surface tag is recommended to assess accessibility
130404371,way,surface,MISSING,Surface tag is recommended to assess accessibility
130404373,way,surface,MISSING,Surface tag is recommended to assess accessibility
130404374,way,surface,MISSING,Surface tag is recommended to assess accessibility
130404376,way,surface,MISSING,Surface tag is recommended to assess accessibility
130404377,way,surface,MISSING,Surface tag is recommended to assess accessibility
130404378,way,surface,MISSING,Surface tag is recommended to assess accessibility
130404379,way,surface,MISSING,Surface tag is recommended to assess accessibility
130404381,way,surface,MISSING,Surface tag is recommended to assess accessibility
130404382,way,surface,MISSING,Surface tag is recommended to assess accessibility
130404383,way,surface,MISSING,Surface tag is recommended to assess accessibility
130404384,way,surface,MISSING,Surface tag is recommended to assess accessibility
130404385,way,surface,MISSING,Surface tag is recommended to assess accessibility
130404386,way,surface,MISSING,Surface tag is recommended to assess accessibility
130404387,way,surface,MISSING,Surface tag is recommended to assess accessibility
130404388,way,surface,MISSING,Surface tag is recommended to assess accessibility
130404389,way,surface,MISSING,Surface tag is recommended to assess accessibility
130404390,way,surface,MISSING,Surface tag is recommended to assess accessibility
130404392,way,surface,MISSING,Surface tag is recommended to assess accessibility
130404393,way,surface,MISSING,Surface tag is recommended to assess accessibility
130404394,way,surface,MISSING,Surface tag is recommended to assess accessibility
130404395,way,surface,MISSING,Surface tag is recommended to assess accessibility
130404396,way,surface,MISSING,Surface tag is recommended to assess accessibility
130404397,way,surface,MISSING,Surface tag is recommended to assess accessibility
130404398,way,surface,MISSING,Surface tag is recommended to assess accessibility
130404399,way,surface,MISSING,Surface tag is recommended to assess accessibility
130404400,way,surface,MISSING,Surface tag is recommended to assess accessibility
130404401,way,surface,MISSING,Surface tag is recommended to assess accessibility
130404403,way,surface,MISSING,Surface tag is recommended to assess accessibility
130404405,way,surface,MISSING,Surface tag is recommended to assess accessibility
130404408,way,surface,MISSING,Surface tag is recommended to assess accessibility
130404409,way,surface,MISSING,Surface tag is recommended to assess accessibility
130404411,way,surface,MISSING,Surface tag is recommended to assess accessibility
130404412,way,surface,MISSING,Surface tag is recommended to assess accessibility
130404413,way,surface,MISSING,Surface tag is recommended to assess accessibility
130404414,way,surface,MISSING,Surface tag is recommended to assess accessibility
130404415,way,surface,MISSING,Surface tag is recommended to assess accessibility
130404416,way,surface,MISSING,Surface tag is recommended to assess accessibility
130404417,way,surface,MISSING,Surface tag is recommended to assess accessibility
130523777,way,surface,MISSING,Surface tag is recommended to assess accessibility
130523805,way,surface,MISSING,Surface tag is recommended to assess accessibility
130523845,way,surface,MISSING,Surface tag is recommended to assess accessibility
130523846,way,surface,MISSING,Surface tag is recommended to assess accessibility
130523847,way,surface,MISSING,Surface tag is recommended to assess accessibility
130523848,way,surface,MISSING,Surface tag is recommended to assess accessibility
130523849,way,surface,MISSING,Surface tag is recommended to assess accessibility
130523850,way,surface,MISSING,Surface tag is recommended to assess accessibility
130523852,way,surface,MISSING,Surface tag is recommended to assess accessibility
130523854,way,surface,MISSING,Surface tag is recommended to assess accessibility
130523855,way,surface,MISSING,Surface tag is recommended to assess accessibility
130523857,way,surface,MISSING,Surface tag is recommended to assess accessibility
130523858,way,surface,MISSING,Surface tag is recommended to assess accessibility
130523859,way,surface,MISSING,Surface tag is recommended to assess accessibility
130523861,way,surface,MISSING,Surface tag is recommended to assess accessibility
130523862,way,surface,MISSING,Surface tag is recommended to assess accessibility
130523863,way,surface,MISSING,Surface tag is recommended to assess accessibility
130523864,way,surface,MISSING,Surface tag is recommended to assess accessibility
130523865,way,surface,MISSING,Surface tag is recommended to assess accessibility
130523867,way,surface,MISSING,Surface tag is recommended to assess accessibility
130523870,way,surface,MISSING,Surface tag is recommended to assess accessibility
130523871,way,surface,MISSING,Surface tag is recommended to assess accessibility
130523874,way,surface,MISSING,Surface tag is recommended to assess accessibility
130523875,way,surface,MISSING,Surface tag is recommended to assess accessibility
130523877,way,surface,MISSING,Surface tag is recommended to assess accessibility
130523878,way,surface,MISSING,Surface tag is recommended to assess accessibility
130523879,way,surface,MISSING,Surface tag is recommended to assess accessibility
130523880,way,surface,MISSING,Surface tag is recommended to assess accessibility
130523881,way,surface,MISSING,Surface tag is recommended to assess accessibility
130523882,way,surface,MISSING,Surface tag is recommended to assess accessibility
130523883,way,surface,MISSING,Surface tag is recommended to assess accessibility
130523884,way,surface,MISSING,Surface tag is recommended to assess accessibility
130523885,way,surface,MISSING,Surface tag is recommended to assess accessibility
130523887,way,surface,MISSING,Surface tag is recommended to assess accessibility
130523888,way,surface,MISSING,Surface tag is recommended to assess accessibility
130523889,way,surface,MISSING,Surface tag is recommended to assess accessibility
130523890,way,surface,MISSING,Surface tag is recommended to assess accessibility
130523891,way,surface,MISSING,Surface tag is recommended to assess accessibility
130523892,way,surface,MISSING,Surface tag is recommended to assess accessibility
130523894,way,surface,MISSING,Surface tag is recommended to assess accessibility
130523895,way,surface,MISSING,Surface tag is recommended to assess accessibility
130523897,way,surface,MISSING,Surface tag is recommended to assess accessibility
130523903,way,surface,MISSING,Surface tag is recommended to assess accessibility
130523907,way,surface,MISSING,Surface tag is recommended to assess accessibility
130523911,way,surface,MISSING,Surface tag is recommended to assess accessibility
130523912,way,surface,MISSING,Surface tag is recommended to assess accessibility
130523917,way,surface,MISSING,Surface tag is recommended to assess accessibility
130523918,way,surface,MISSING,Surface tag is recommended to assess accessibility
130523920,way,surface,MISSING,Surface tag is recommended to assess accessibility
130523921,way,surface,MISSING,Surface tag is recommended to assess accessibility
130523922,way,surface,MISSING,Surface tag is recommended to assess accessibility
130523923,way,surface,MISSING,Surface tag is recommended to assess accessibility
130523926,way,surface,MISSING,Surface tag is recommended to assess accessibility
130523927,way,surface,MISSING,Surface tag is recommended to assess accessibility
130523929,way,surface,MISSING,Surface tag is recommended to assess accessibility
130523930,way,surface,MISSING,Surface tag is recommended to assess accessibility
130523931,way,surface,MISSING,Surface tag is recommended to assess accessibility
130523932,way,surface,MISSING,Surface tag is recommended to assess accessibility
130523933,way,surface,MISSING,Surface tag is recommended to assess accessibility
130523935,way,surface,MISSING,Surface tag is recommended to assess accessibility
130523939,way,surface,MISSING,Surface tag is recommended to assess accessibility
130523940,way,surface,MISSING,Surface tag is recommended to assess accessibility
130523941,way,surface,MISSING,Surface tag is recommended to assess accessibility
130523945,way,surface,MISSING,Surface tag is recommended to assess accessibility
130523956,way,surface,MISSING,Surface tag is recommended to assess accessibility
130523958,way,surface,MISSING,Surface tag is recommended to assess accessibility
130946607,way,surface,MISSING,Surface tag is recommended to assess accessibility
130946608,way,surface,MISSING,Surface tag is recommended to assess accessibility
130946609,way,surface,MISSING,Surface tag is recommended to assess accessibility
130946613,way,surface,MISSING,Surface tag is recommended to assess accessibility
130946615,way,surface,MISSING,Surface tag is recommended to assess accessibility
130946617,way,surface,MISSING,Surface tag is recommended to assess accessibility
130946618,way,surface,MISSING,Surface tag is recommended to assess accessibility
130946621,way,surface,MISSING,Surface tag is recommended to assess accessibility
130946622,way,surface,MISSING,Surface tag is recommended to assess accessibility
130946626,way,surface,MISSING,Surface tag is recommended to assess accessibility
130946628,way,surface,MISSING,Surface tag is recommended to assess accessibility
130946630,way,surface,MISSING,Surface tag is recommended to assess accessibility
130946631,way,surface,MISSING,Surface tag is recommended to assess accessibility
130976880,way,surface,MISSING,Surface tag is recommended to assess accessibility
130976883,way,surface,MISSING,Surface tag is recommended to assess accessibility
130976885,way,surface,MISSING,Surface tag is recommended to assess accessibility
130976890,way,surface,MISSING,Surface tag is recommended to assess accessibility
130976892,way,surface,MISSING,Surface tag is recommended to assess accessibility
130976894,way,surface,MISSING,Surface tag is recommended to assess accessibility
130976896,way,surface,MISSING,Surface tag is recommended to assess accessibility
130976906,way,surface,MISSING,Surface tag is recommended to assess accessibility
131158027,way,surface,MISSING,Surface tag is recommended to assess accessibility
131158028,way,surface,MISSING,Surface tag is recommended to assess accessibility
131158029,way,surface,MISSING,Surface tag is recommended to assess accessibility
131340599,way,surface,MISSING,Surface tag is recommended to assess accessibility
131340600,way,surface,MISSING,Surface tag is recommended to assess accessibility
131340611,way,surface,MISSING,Surface tag is recommended to assess accessibility
131340612,way,surface,MISSING,Surface tag is recommended to assess accessibility
131340627,way,surface,MISSING,Surface tag is recommended to assess accessibility
131340628,way,surface,MISSING,Surface tag is recommended to assess accessibility
131340639,way,surface,MISSING,Surface tag is recommended to assess accessibility
131340640,way,surface,MISSING,Surface tag is recommended to assess accessibility
131340653,way,surface,MISSING,Surface tag is recommended to assess accessibility
131340654,way,surface,MISSING,Surface tag is recommended to assess accessibility
131340666,way,surface,MISSING,Surface tag is recommended to assess accessibility
131340667,way,surface,MISSING,Surface tag is recommended to assess accessibility
131414357,way,surface,MISSING,Surface tag is recommended to assess accessibility
131417153,way,surface,MISSING,Surface tag is recommended to assess accessibility
131417154,way,surface,MISSING,Surface tag is recommended to assess accessibility
131417162,way,surface,MISSING,Surface tag is recommended to assess accessibility
131737758,way,surface,MISSING,Surface tag is recommended to assess accessibility
131737760,way,surface,MISSING,Surface tag is recommended to assess accessibility
131737761,way,surface,MISSING,Surface tag is recommended to assess accessibility
131737762,way,surface,MISSING,Surface tag is recommended to assess accessibility
131737763,way,surface,MISSING,Surface tag is recommended to assess accessibility
131737764,way,surface,MISSING,Surface tag is recommended to assess accessibility
131737765,way,surface,MISSING,Surface tag is recommended to assess accessibility
131737767,way,surface,MISSING,Surface tag is recommended to assess accessibility
131737768,way,surface,MISSING,Surface tag is recommended to assess accessibility
131737770,way,surface,MISSING,Surface tag is recommended to assess accessibility
131737771,way,surface,MISSING,Surface tag is recommended to assess accessibility
131737772,way,surface,MISSING,Surface tag is recommended to assess accessibility
131737774,way,surface,MISSING,Surface tag is recommended to assess accessibility
131737775,way,surface,MISSING,Surface tag is recommended to assess accessibility
131876489,way,surface,MISSING,Surface tag is recommended to assess accessibility
131876491,way,surface,MISSING,Surface tag is recommended to assess accessibility
131876492,way,surface,MISSING,Surface tag is recommended to assess accessibility
131876493,way,surface,MISSING,Surface tag is recommended to assess accessibility
131876494,way,surface,MISSING,Surface tag is recommended to assess accessibility
131876495,way,surface,MISSING,Surface tag is recommended to assess accessibility
131876496,way,surface,MISSING,Surface tag is recommended to assess accessibility
131876498,way,surface,MISSING,Surface tag is recommended to assess accessibility
131876499,way,surface,MISSING,Surface tag is recommended to assess accessibility
131876500,way,surface,MISSING,Surface tag is recommended to assess accessibility
131876501,way,surface,MISSING,Surface tag is recommended to assess accessibility
131876503,way,surface,MISSING,Surface tag is recommended to assess accessibility
131876504,way,surface,MISSING,Surface tag is recommended to assess accessibility
131876505,way,surface,MISSING,Surface tag is recommended to assess accessibility
131876506,way,surface,MISSING,Surface tag is recommended to assess accessibility
131876507,way,surface,MISSING,Surface tag is recommended to assess accessibility
131876509,way,surface,MISSING,Surface tag is recommended to assess accessibility
131876510,way,surface,MISSING,Surface tag is recommended to assess accessibility
131876511,way,surface,MISSING,Surface tag is recommended to assess accessibility
131937626,way,surface,MISSING,Surface tag is recommended to assess accessibility
131937627,way,surface,MISSING,Surface tag is recommended to assess accessibility
131937628,way,surface,MISSING,Surface tag is recommended to assess accessibility
131937629,way,surface,MISSING,Surface tag is recommended to assess accessibility
131937630,way,surface,MISSING,Surface tag is recommended to assess accessibility
131937633,way,surface,MISSING,Surface tag is recommended to assess accessibility
131937634,way,surface,MISSING,Surface tag is recommended to assess accessibility
131937635,way,surface,MISSING,Surface tag is recommended to assess accessibility
131937636,way,surface,MISSING,Surface tag is recommended to assess accessibility
131937637,way,surface,MISSING,Surface tag is recommended to assess accessibility
131937638,way,surface,MISSING,Surface tag is recommended to assess accessibility
132078272,way,surface,MISSING,Surface tag is recommended to assess accessibility
132078273,way,surface,MISSING,Surface tag is recommended to assess accessibility
132204455,way,surface,MISSING,Surface tag is recommended to assess accessibility
132204456,way,surface,MISSING,Surface tag is recommended to assess accessibility
132204457,way,surface,MISSING,Surface tag is recommended to assess accessibility
132204458,way,surface,MISSING,Surface tag is recommended to assess accessibility
132204459,way,surface,MISSING,Surface tag is recommended to assess accessibility
132204460,way,surface,MISSING,Surface tag is recommended to assess accessibility
132204461,way,surface,MISSING,Surface tag is recommended to assess accessibility
132204462,way,surface,MISSING,Surface tag is recommended to assess accessibility
132204464,way,surface,MISSING,Surface tag is recommended to assess accessibility
132204465,way,surface,MISSING,Surface tag is recommended to assess accessibility
132204467,way,surface,MISSING,Surface tag is recommended to assess accessibility
132204468,way,surface,MISSING,Surface tag is recommended to assess accessibility
132204469,way,surface,MISSING,Surface tag is recommended to assess accessibility
132310101,way,surface,MISSING,Surface tag is recommended to assess accessibility
132310102,way,surface,MISSING,Surface tag is recommended to assess accessibility
132310105,way,surface,MISSING,Surface tag is recommended to assess accessibility
132310106,way,surface,MISSING,Surface tag is recommended to assess accessibility
132310108,way,surface,MISSING,Surface tag is recommended to assess accessibility
132310110,way,surface,MISSING,Surface tag is recommended to assess accessibility
132310112,way,surface,MISSING,Surface tag is recommended to assess accessibility
132314494,way,surface,MISSING,Surface tag is recommended to assess accessibility
132314496,way,surface,MISSING,Surface tag is recommended to assess accessibility
132314497,way,surface,MISSING,Surface tag is recommended to assess accessibility
132314499,way,surface,MISSING,Surface tag is recommended to assess accessibility
132314501,way,surface,MISSING,Surface tag is recommended to assess accessibility
132314506,way,surface,MISSING,Surface tag is recommended to assess accessibility
132314509,way,surface,MISSING,Surface tag is recommended to assess accessibility
132314511,way,surface,MISSING,Surface tag is recommended to assess accessibility
132314514,way,surface,MISSING,Surface tag is recommended to assess accessibility
132314516,way,surface,MISSING,Surface tag is recommended to assess accessibility
132314517,way,surface,MISSING,Surface tag is recommended to assess accessibility
132314522,way,surface,MISSING,Surface tag is recommended to assess accessibility
132325599,way,surface,MISSING,Surface tag is recommended to assess accessibility
132325600,way,surface,MISSING,Surface tag is recommended to assess accessibility
132325601,way,surface,MISSING,Surface tag is recommended to assess accessibility
132325602,way,surface,MISSING,Surface tag is recommended to assess accessibility
132325604,way,surface,MISSING,Surface tag is recommended to assess accessibility
132325605,way,surface,MISSING,Surface tag is recommended to assess accessibility
132325606,way,surface,MISSING,Surface tag is recommended to assess accessibility
132325607,way,surface,MISSING,Surface tag is recommended to assess accessibility
132325608,way,surface,MISSING,Surface tag is recommended to assess accessibility
132325609,way,surface,MISSING,Surface tag is recommended to assess accessibility
132325610,way,surface,MISSING,Surface tag is recommended to assess accessibility
132325615,way,surface,MISSING,Surface tag is recommended to assess accessibility
132325617,way,surface,MISSING,Surface tag is recommended to assess accessibility
132527572,way,surface,MISSING,Surface tag is recommended to assess accessibility
132527576,way,surface,MISSING,Surface tag is recommended to assess accessibility
132527580,way,surface,MISSING,Surface tag is recommended to assess accessibility
132527583,way,surface,MISSING,Surface tag is recommended to assess accessibility
132527586,way,surface,MISSING,Surface tag is recommended to assess accessibility
132527587,way,surface,MISSING,Surface tag is recommended to assess accessibility
132527590,way,surface,MISSING,Surface tag is recommended to assess accessibility
132527594,way,surface,MISSING,Surface tag is recommended to assess accessibility
132527596,way,surface,MISSING,Surface tag is recommended to assess accessibility
132527598,way,surface,MISSING,Surface tag is recommended to assess accessibility
132527600,way,surface,MISSING,Surface tag is recommended to assess accessibility
132527602,way,surface,MISSING,Surface tag is recommended to assess accessibility
132527605,way,surface,MISSING,Surface tag is recommended to assess accessibility
132527607,way,surface,MISSING,Surface tag is recommended to assess accessibility
132527610,way,surface,MISSING,Surface tag is recommended to assess accessibility
132527612,way,surface,MISSING,Surface tag is recommended to assess accessibility
132527614,way,surface,MISSING,Surface tag is recommended to assess accessibility
132527616,way,surface,MISSING,Surface tag is recommended to assess accessibility
132527618,way,surface,MISSING,Surface tag is recommended to assess accessibility
132527620,way,surface,MISSING,Surface tag is recommended to assess accessibility
132527622,way,surface,MISSING,Surface tag is recommended to assess accessibility
132527624,way,surface,MISSING,Surface tag is recommended to assess accessibility
132527627,way,surface,MISSING,Surface tag is recommended to assess accessibility
132527628,way,surface,MISSING,Surface tag is recommended to assess accessibility
132527630,way,surface,MISSING,Surface tag is recommended to assess accessibility
132527631,way,surface,MISSING,Surface tag is recommended to assess accessibility
132527633,way,surface,MISSING,Surface tag is recommended to assess accessibility
132527634,way,surface,MISSING,Surface tag is recommended to assess accessibility
132527635,way,surface,MISSING,Surface tag is recommended to assess accessibility
132527637,way,surface,MISSING,Surface tag is recommended to assess accessibility
132527638,way,surface,MISSING,Surface tag is recommended to assess accessibility
132527639,way,surface,MISSING,Surface tag is recommended to assess accessibility
132527640,way,surface,MISSING,Surface tag is recommended to assess accessibility
132921463,way,surface,MISSING,Surface tag is recommended to assess accessibility
132921464,way,surface,MISSING,Surface tag is recommended to assess accessibility
132921465,way,surface,MISSING,Surface tag is recommended to assess accessibility
132921467,way,surface,MISSING,Surface tag is recommended to assess accessibility
132921469,way,surface,MISSING,Surface tag is recommended to assess accessibility
132921470,way,surface,MISSING,Surface tag is recommended to assess accessibility
132921471,way,surface,MISSING,Surface tag is recommended to assess accessibility
132921472,way,surface,MISSING,Surface tag is recommended to assess accessibility
133037661,way,surface,MISSING,Surface tag is recommended to assess accessibility
133037663,way,surface,MISSING,Surface tag is recommended to assess accessibility
133037665,way,surface,MISSING,Surface tag is recommended to assess accessibility
133037666,way,surface,MISSING,Surface tag is recommended to assess accessibility
133037667,way,surface,MISSING,Surface tag is recommended to assess accessibility
133037668,way,surface,MISSING,Surface tag is recommended to assess accessibility
133037670,way,surface,MISSING,Surface tag is recommended to assess accessibility
133037671,way,surface,MISSING,Surface tag is recommended to assess accessibility
133037672,way,surface,MISSING,Surface tag is recommended to assess accessibility
133037673,way,surface,MISSING,Surface tag is recommended to assess accessibility
133037674,way,surface,MISSING,Surface tag is recommended to assess accessibility
133037675,way,surface,MISSING,Surface tag is recommended to assess accessibility
133476649,way,surface,MISSING,Surface tag is recommended to assess accessibility
133476655,way,surface,MISSING,Surface tag is recommended to assess accessibility
133476742,way,surface,MISSING,Surface tag is recommended to assess accessibility
133476744,way,surface,MISSING,Surface tag is recommended to assess accessibility
133476747,way,surface,MISSING,Surface tag is recommended to assess accessibility
133476749,way,surface,MISSING,Surface tag is recommended to assess accessibility
133476750,way,surface,MISSING,Surface tag is recommended to assess accessibility
133476758,way,surface,MISSING,Surface tag is recommended to assess accessibility
133476760,way,surface,MISSING,Surface tag is recommended to assess accessibility
133476762,way,surface,MISSING,Surface tag is recommended to assess accessibility
133476764,way,surface,MISSING,Surface tag is recommended to assess accessibility
133476766,way,surface,MISSING,Surface tag is recommended to assess accessibility
133476770,way,surface,MISSING,Surface tag is recommended to assess accessibility
133476773,way,surface,MISSING,Surface tag is recommended to assess accessibility
133476778,way,surface,MISSING,Surface tag is recommended to assess accessibility
133476784,way,surface,MISSING,Surface tag is recommended to assess accessibility
133476787,way,surface,MISSING,Surface tag is recommended to assess accessibility
133476790,way,surface,MISSING,Surface tag is recommended to assess accessibility
133476791,way,surface,MISSING,Surface tag is recommended to assess accessibility
133476796,way,surface,MISSING,Surface tag is recommended to assess accessibility
133476797,way,surface,MISSING,Surface tag is recommended to assess accessibility
133476799,way,surface,MISSING,Surface tag is recommended to assess accessibility
133476802,way,surface,MISSING,Surface tag is recommended to assess accessibility
133476808,way,surface,MISSING,Surface tag is recommended to assess accessibility
133476810,way,surface,MISSING,Surface tag is recommended to assess accessibility
133476817,way,surface,MISSING,Surface tag is recommended to assess accessibility
133476821,way,surface,MISSING,Surface tag is recommended to assess accessibility
133476828,way,surface,MISSING,Surface tag is recommended to assess accessibility
133476836,way,surface,MISSING,Surface tag is recommended to assess accessibility
133476842,way,surface,MISSING,Surface tag is recommended to assess accessibility
133476844,way,surface,MISSING,Surface tag is recommended to assess accessibility
133731727,way,surface,MISSING,Surface tag is recommended to assess accessibility
133731728,way,surface,MISSING,Surface tag is recommended to assess accessibility
133731729,way,surface,MISSING,Surface tag is recommended to assess accessibility
133731732,way,surface,MISSING,Surface tag is recommended to assess accessibility
133731733,way,surface,MISSING,Surface tag is recommended to assess accessibility
133731734,way,surface,MISSING,Surface tag is recommended to assess accessibility
133813836,way,surface,MISSING,Surface tag is recommended to assess accessibility
133831513,way,surface,MISSING,Surface tag is recommended to assess accessibility
133831518,way,surface,MISSING,Surface tag is recommended to assess accessibility
133831524,way,surface,MISSING,Surface tag is recommended to assess accessibility
134102242,way,surface,MISSING,Surface tag is recommended to assess accessibility
134191605,way,surface,MISSING,Surface tag is recommended to assess accessibility
134191607,way,surface,MISSING,Surface tag is recommended to assess accessibility
134191608,way,surface,MISSING,Surface tag is recommended to assess accessibility
134191610,way,surface,MISSING,Surface tag is recommended to assess accessibility
134191611,way,surface,MISSING,Surface tag is recommended to assess accessibility
134191612,way,surface,MISSING,Surface tag is recommended to assess accessibility
134210102,way,surface,MISSING,Surface tag is recommended to assess accessibility
134210103,way,surface,MISSING,Surface tag is recommended to assess accessibility
134210108,way,surface,MISSING,Surface tag is recommended to assess accessibility
134302510,way,surface,MISSING,Surface tag is recommended to assess accessibility
135942572,way,surface,MISSING,Surface tag is recommended to assess accessibility
135942574,way,surface,MISSING,Surface tag is recommended to assess accessibility
135942575,way,surface,MISSING,Surface tag is recommended to assess accessibility
135942578,way,surface,MISSING,Surface tag is recommended to assess accessibility
135942579,way,surface,MISSING,Surface tag is recommended to assess accessibility
135942583,way,surface,MISSING,Surface tag is recommended to assess accessibility
135942585,way,surface,MISSING,Surface tag is recommended to assess accessibility
135942586,way,surface,MISSING,Surface tag is recommended to assess accessibility
135942588,way,surface,MISSING,Surface tag is recommended to assess accessibility
135942590,way,surface,MISSING,Surface tag is recommended to assess accessibility
135942592,way,surface,MISSING,Surface tag is recommended to assess accessibility
135942593,way,surface,MISSING,Surface tag is recommended to assess accessibility
135942594,way,surface,MISSING,Surface tag is recommended to assess accessibility
135942597,way,surface,MISSING,Surface tag is recommended to assess accessibility
135942598,way,surface,MISSING,Surface tag is recommended to assess accessibility
135942600,way,surface,MISSING,Surface tag is recommended to assess accessibility
135942602,way,surface,MISSING,Surface tag is recommended to assess accessibility
135942603,way,surface,MISSING,Surface tag is recommended to assess accessibility
135942605,way,surface,MISSING,Surface tag is recommended to assess accessibility
136396770,way,surface,MISSING,Surface tag is recommended to assess accessibility
136396771,way,surface,MISSING,Surface tag is recommended to assess accessibility
136396772,way,surface,MISSING,Surface tag is recommended to assess accessibility
136396773,way,surface,MISSING,Surface tag is recommended to assess accessibility
136396775,way,surface,MISSING,Surface tag is recommended to assess accessibility
136396776,way,surface,MISSING,Surface tag is recommended to assess accessibility
136396778,way,surface,MISSING,Surface tag is recommended to assess accessibility
136396779,way,surface,MISSING,Surface tag is recommended to assess accessibility
136396780,way,surface,MISSING,Surface tag is recommended to assess accessibility
136396781,way,surface,MISSING,Surface tag is recommended to assess accessibility
136396782,way,surface,MISSING,Surface tag is recommended to assess accessibility
136396783,way,surface,MISSING,Surface tag is recommended to assess accessibility
136396785,way,surface,MISSING,Surface tag is recommended to assess accessibility
136396787,way,surface,MISSING,Surface tag is recommended to assess accessibility
136396788,way,surface,MISSING,Surface tag is recommended to assess accessibility
136396789,way,surface,MISSING,Surface tag is recommended to assess accessibility
136396790,way,surface,MISSING,Surface tag is recommended to assess accessibility
136396791,way,surface,MISSING,Surface tag is recommended to assess accessibility
136396792,way,surface,MISSING,Surface tag is recommended to assess accessibility
136396794,way,surface,MISSING,Surface tag is recommended to assess accessibility
136396795,way,surface,MISSING,Surface tag is recommended to assess accessibility
136396797,way,surface,MISSING,Surface tag is recommended to assess accessibility
136396799,way,surface,MISSING,Surface tag is recommended to assess accessibility
136396801,way,surface,MISSING,Surface tag is recommended to assess accessibility
136396802,way,surface,MISSING,Surface tag is recommended to assess accessibility
136396805,way,surface,MISSING,Surface tag is recommended to assess accessibility
136482512,way,surface,MISSING,Surface tag is recommended to assess accessibility
136482513,way,surface,MISSING,Surface tag is recommended to assess accessibility
136482515,way,surface,MISSING,Surface tag is recommended to assess accessibility
136482516,way,surface,MISSING,Surface tag is recommended to assess accessibility
136482518,way,surface,MISSING,Surface tag is recommended to assess accessibility
136482520,way,surface,MISSING,Surface tag is recommended to assess accessibility
136482523,way,surface,MISSING,Surface tag is recommended to assess accessibility
136482527,way,surface,MISSING,Surface tag is recommended to assess accessibility
136482530,way,surface,MISSING,Surface tag is recommended to assess accessibility
136482532,way,surface,MISSING,Surface tag is recommended to assess accessibility
136482533,way,surface,MISSING,Surface tag is recommended to assess accessibility
136482534,way,surface,MISSING,Surface tag is recommended to assess accessibility
136482535,way,surface,MISSING,Surface tag is recommended to assess accessibility
136482536,way,surface,MISSING,Surface tag is recommended to assess accessibility
136482537,way,surface,MISSING,Surface tag is recommended to assess accessibility
136482538,way,surface,MISSING,Surface tag is recommended to assess accessibility
136482539,way,surface,MISSING,Surface tag is recommended to assess accessibility
136482540,way,surface,MISSING,Surface tag is recommended to assess accessibility
136482541,way,surface,MISSING,Surface tag is recommended to assess accessibility
136482542,way,surface,MISSING,Surface tag is recommended to assess accessibility
136482543,way,surface,MISSING,Surface tag is recommended to assess accessibility
136482544,way,surface,MISSING,Surface tag is recommended to assess accessibility
136482545,way,surface,MISSING,Surface tag is recommended to assess accessibility
136482546,way,surface,MISSING,Surface tag is recommended to assess accessibility
136482547,way,surface,MISSING,Surface tag is recommended to assess accessibility
136482548,way,surface,MISSING,Surface tag is recommended to assess accessibility
136482549,way,surface,MISSING,Surface tag is recommended to assess accessibility
136482552,way,surface,MISSING,Surface tag is recommended to assess accessibility
136482556,way,surface,MISSING,Surface tag is recommended to assess accessibility
136599009,way,surface,MISSING,Surface tag is recommended to assess accessibility
136599011,way,surface,MISSING,Surface tag is recommended to assess accessibility
136599012,way,surface,MISSING,Surface tag is recommended to assess accessibility
136599013,way,surface,MISSING,Surface tag is recommended to assess accessibility
136599014,way,surface,MISSING,Surface tag is recommended to assess accessibility
136599016,way,surface,MISSING,Surface tag is recommended to assess accessibility
136599017,way,surface,MISSING,Surface tag is recommended to assess accessibility
136599019,way,surface,MISSING,Surface tag is recommended to assess accessibility
136599020,way,surface,MISSING,Surface tag is recommended to assess accessibility
136599021,way,surface,MISSING,Surface tag is recommended to assess accessibility
136599022,way,surface,MISSING,Surface tag is recommended to assess accessibility
136599023,way,surface,MISSING,Surface tag is recommended to assess accessibility
136599024,way,surface,MISSING,Surface tag is recommended to assess accessibility
136599031,way,surface,MISSING,Surface tag is recommended to assess accessibility
136706318,way,surface,MISSING,Surface tag is recommended to assess accessibility
136706319,way,surface,MISSING,Surface tag is recommended to assess accessibility
136706320,way,surface,MISSING,Surface tag is recommended to assess accessibility
136706321,way,surface,MISSING,Surface tag is recommended to assess accessibility
136706322,way,surface,MISSING,Surface tag is recommended to assess accessibility
136706325,way,surface,MISSING,Surface tag is recommended to assess accessibility
136706327,way,surface,MISSING,Surface tag is recommended to assess accessibility
136706328,way,surface,MISSING,Surface tag is recommended to assess accessibility
136706329,way,surface,MISSING,Surface tag is recommended to assess accessibility
136706331,way,surface,MISSING,Surface tag is recommended to assess accessibility
136706334,way,surface,MISSING,Surface tag is recommended to assess accessibility
136706335,way,surface,MISSING,Surface tag is recommended to assess accessibility
136706336,way,surface,MISSING,Surface tag is recommended to assess accessibility
136706338,way,surface,MISSING,Surface tag is recommended to assess accessibility
136706339,way,surface,MISSING,Surface tag is recommended to assess accessibility
136706340,way,surface,MISSING,Surface tag is recommended to assess accessibility
136706341,way,surface,MISSING,Surface tag is recommended to assess accessibility
136706342,way,surface,MISSING,Surface tag is recommended to assess accessibility
136706343,way,surface,MISSING,Surface tag is recommended to assess accessibility
136706346,way,surface,MISSING,Surface tag is recommended to assess accessibility
136706347,way,surface,MISSING,Surface tag is recommended to assess accessibility
136706348,way,surface,MISSING,Surface tag is recommended to assess accessibility
136706349,way,surface,MISSING,Surface tag is recommended to assess accessibility
136706354,way,surface,MISSING,Surface tag is recommended to assess accessibility
136717807,way,surface,MISSING,Surface tag is recommended to assess accessibility
136717821,way,surface,MISSING,Surface tag is recommended to assess accessibility
136717824,way,surface,MISSING,Surface tag is recommended to assess accessibility
136717826,way,surface,MISSING,Surface tag is recommended to assess accessibility
136717829,way,surface,MISSING,Surface tag is recommended to assess accessibility
136717840,way,surface,MISSING,Surface tag is recommended to assess accessibility
136717848,way,surface,MISSING,Surface tag is recommended to assess accessibility
136717851,way,surface,MISSING,Surface tag is recommended to assess accessibility
136717853,way,surface,MISSING,Surface tag is recommended to assess accessibility
136717859,way,surface,MISSING,Surface tag is recommended to assess accessibility
136717862,way,surface,MISSING,Surface tag is recommended to assess accessibility
136717870,way,surface,MISSING,Surface tag is recommended to assess accessibility
136717873,way,surface,MISSING,Surface tag is recommended to assess accessibility
136809038,way,surface,MISSING,Surface tag is recommended to assess accessibility
136809039,way,surface,MISSING,Surface tag is recommended to assess accessibility
136809040,way,surface,MISSING,Surface tag is recommended to assess accessibility
136809041,way,surface,MISSING,Surface tag is recommended to assess accessibility
136809042,way,surface,MISSING,Surface tag is recommended to assess accessibility
136809043,way,surface,MISSING,Surface tag is recommended to assess accessibility
136809045,way,surface,MISSING,Surface tag is recommended to assess accessibility
136809047,way,surface,MISSING,Surface tag is recommended to assess accessibility
136809048,way,surface,MISSING,Surface tag is recommended to assess accessibility
136809049,way,surface,MISSING,Surface tag is recommended to assess accessibility
136809050,way,surface,MISSING,Surface tag is recommended to assess accessibility
136809051,way,surface,MISSING,Surface tag is recommended to assess accessibility
136809053,way,surface,MISSING,Surface tag is recommended to assess accessibility
136809055,way,surface,MISSING,Surface tag is recommended to assess accessibility
136809056,way,surface,MISSING,Surface tag is recommended to assess accessibility
136809057,way,surface,MISSING,Surface tag is recommended to assess accessibility
136809059,way,surface,MISSING,Surface tag is recommended to assess accessibility
136809060,way,surface,MISSING,Surface tag is recommended to assess accessibility
136809061,way,surface,MISSING,Surface tag is recommended to assess accessibility
136809063,way,surface,MISSING,Surface tag is recommended to assess accessibility
136809065,way,surface,MISSING,Surface tag is recommended to assess accessibility
136809066,way,surface,MISSING,Surface tag is recommended to assess accessibility
136809067,way,surface,MISSING,Surface tag is recommended to assess accessibility
136809068,way,surface,MISSING,Surface tag is recommended to assess accessibility
136809069,way,surface,MISSING,Surface tag is recommended to assess accessibility
136809070,way,surface,MISSING,Surface tag is recommended to assess accessibility
136809071,way,surface,MISSING,Surface tag is recommended to assess accessibility
136809072,way,surface,MISSING,Surface tag is recommended to assess accessibility
136809073,way,surface,MISSING,Surface tag is recommended to assess accessibility
136809074,way,surface,MISSING,Surface tag is recommended to assess accessibility
136809075,way,surface,MISSING,Surface tag is recommended to assess accessibility
136809076,way,surface,MISSING,Surface tag is recommended to assess accessibility
136809078,way,surface,MISSING,Surface tag is recommended to assess accessibility
136809080,way,surface,MISSING,Surface tag is recommended to assess accessibility
136809081,way,surface,MISSING,Surface tag is recommended to assess accessibility
136809082,way,surface,MISSING,Surface tag is recommended to assess accessibility
136809083,way,surface,MISSING,Surface tag is recommended to assess accessibility
136809084,way,surface,MISSING,Surface tag is recommended to assess accessibility
136809087,way,surface,MISSING,Surface tag is recommended to assess accessibility
136809088,way,surface,MISSING,Surface tag is recommended to assess accessibility
136809089,way,surface,MISSING,Surface tag is recommended to assess accessibility
136809090,way,surface,MISSING,Surface tag is recommended to assess accessibility
136809094,way,surface,MISSING,Surface tag is recommended to assess accessibility
136809095,way,surface,MISSING,Surface tag is recommended to assess accessibility
136809097,way,surface,MISSING,Surface tag is recommended to assess accessibility
136962850,way,surface,MISSING,Surface tag is recommended to assess accessibility
136962852,way,surface,MISSING,Surface tag is recommended to assess accessibility
136962853,way,surface,MISSING,Surface tag is recommended to assess accessibility
136962854,way,surface,MISSING,Surface tag is recommended to assess accessibility
136962855,way,surface,MISSING,Surface tag is recommended to assess accessibility
136962856,way,surface,MISSING,Surface tag is recommended to assess accessibility
136962858,way,surface,MISSING,Surface tag is recommended to assess accessibility
136962860,way,surface,MISSING,Surface tag is recommended to assess accessibility
136962861,way,surface,MISSING,Surface tag is recommended to assess accessibility
136962862,way,surface,MISSING,Surface tag is recommended to assess accessibility
136962864,way,surface,MISSING,Surface tag is recommended to assess accessibility
136962865,way,surface,MISSING,Surface tag is recommended to assess accessibility
136962868,way,surface,MISSING,Surface tag is recommended to assess accessibility
136962871,way,surface,MISSING,Surface tag is recommended to assess accessibility
136962872,way,surface,MISSING,Surface tag is recommended to assess accessibility
136962873,way,surface,MISSING,Surface tag is recommended to assess accessibility
136962874,way,surface,MISSING,Surface tag is recommended to assess accessibility
136962876,way,surface,MISSING,Surface tag is recommended to assess accessibility
136962877,way,surface,MISSING,Surface tag is recommended to assess accessibility
136962878,way,surface,MISSING,Surface tag is recommended to assess accessibility
136962880,way,surface,MISSING,Surface tag is recommended to assess accessibility
136962882,way,surface,MISSING,Surface tag is recommended to assess accessibility
136962883,way,surface,MISSING,Surface tag is recommended to assess accessibility
136962886,way,surface,MISSING,Surface tag is recommended to assess accessibility
136962887,way,surface,MISSING,Surface tag is recommended to assess accessibility
136962889,way,surface,MISSING,Surface tag is recommended to assess accessibility
136962890,way,surface,MISSING,Surface tag is recommended to assess accessibility
136962891,way,surface,MISSING,Surface tag is recommended to assess accessibility
136962892,way,surface,MISSING,Surface tag is recommended to assess accessibility
136962894,way,surface,MISSING,Surface tag is recommended to assess accessibility
136962895,way,surface,MISSING,Surface tag is recommended to assess accessibility
136962898,way,surface,MISSING,Surface tag is recommended to assess accessibility
136962900,way,surface,MISSING,Surface tag is recommended to assess accessibility
136962901,way,surface,MISSING,Surface tag is recommended to assess accessibility
136962902,way,surface,MISSING,Surface tag is recommended to assess accessibility
136962903,way,surface,MISSING,Surface tag is recommended to assess accessibility
136962904,way,surface,MISSING,Surface tag is recommended to assess accessibility
136962908,way,surface,MISSING,Surface tag is recommended to assess accessibility
136962909,way,surface,MISSING,Surface tag is recommended to assess accessibility
136962910,way,surface,MISSING,Surface tag is recommended to assess accessibility
136962912,way,surface,MISSING,Surface tag is recommended to assess accessibility
136962913,way,surface,MISSING,Surface tag is recommended to assess accessibility
136962914,way,surface,MISSING,Surface tag is recommended to assess accessibility
136962916,way,surface,MISSING,Surface tag is recommended to assess accessibility
136962917,way,surface,MISSING,Surface tag is recommended to assess accessibility
136962918,way,surface,MISSING,Surface tag is recommended to assess accessibility
136962919,way,surface,MISSING,Surface tag is recommended to assess accessibility
136962920,way,surface,MISSING,Surface tag is recommended to assess accessibility
136962922,way,surface,MISSING,Surface tag is recommended to assess accessibility
136962924,way,surface,MISSING,Surface tag is recommended to assess accessibility
136962926,way,surface,MISSING,Surface tag is recommended to assess accessibility
136962927,way,surface,MISSING,Surface tag is recommended to assess accessibility
136962932,way,surface,MISSING,Surface tag is recommended to assess accessibility
136962934,way,surface,MISSING,Surface tag is recommended to assess accessibility
136962939,way,surface,MISSING,Surface tag is recommended to assess accessibility
136962940,way,surface,MISSING,Surface tag is recommended to assess accessibility
136962944,way,surface,MISSING,Surface tag is recommended to assess accessibility
136962946,way,surface,MISSING,Surface tag is recommended to assess accessibility
136962947,way,surface,MISSING,Surface tag is recommended to assess accessibility
136962948,way,surface,MISSING,Surface tag is recommended to assess accessibility
136962950,way,surface,MISSING,Surface tag is recommended to assess accessibility
136973651,way,surface,MISSING,Surface tag is recommended to assess accessibility
136973653,way,surface,MISSING,Surface tag is recommended to assess accessibility
136973654,way,surface,MISSING,Surface tag is recommended to assess accessibility
136973657,way,surface,MISSING,Surface tag is recommended to assess accessibility
136973658,way,surface,MISSING,Surface tag is recommended to assess accessibility
136973659,way,surface,MISSING,Surface tag is recommended to assess accessibility
136973661,way,surface,MISSING,Surface tag is recommended to assess accessibility
136973663,way,surface,MISSING,Surface tag is recommended to assess accessibility
136973666,way,surface,MISSING,Surface tag is recommended to assess accessibility
136973667,way,surface,MISSING,Surface tag is recommended to assess accessibility
136973669,way,surface,MISSING,Surface tag is recommended to assess accessibility
136973670,way,surface,MISSING,Surface tag is recommended to assess accessibility
137071319,way,surface,MISSING,Surface tag is recommended to assess accessibility
137071357,way,surface,MISSING,Surface tag is recommended to assess accessibility
137071359,way,surface,MISSING,Surface tag is recommended to assess accessibility
137071361,way,surface,MISSING,Surface tag is recommended to assess accessibility
137071362,way,surface,MISSING,Surface tag is recommended to assess accessibility
137071363,way,surface,MISSING,Surface tag is recommended to assess accessibility
137071365,way,surface,MISSING,Surface tag is recommended to assess accessibility
137071367,way,surface,MISSING,Surface tag is recommended to assess accessibility
137071368,way,surface,MISSING,Surface tag is recommended to assess accessibility
137071369,way,surface,MISSING,Surface tag is recommended to assess accessibility
137071370,way,surface,MISSING,Surface tag is recommended to assess accessibility
137071373,way,surface,MISSING,Surface tag is recommended to assess accessibility
137071374,way,surface,MISSING,Surface tag is recommended to assess accessibility
137071375,way,surface,MISSING,Surface tag is recommended to assess accessibility
137071383,way,surface,MISSING,Surface tag is recommended to assess accessibility
137071384,way,surface,MISSING,Surface tag is recommended to assess accessibility
139216588,way,surface,MISSING,Surface tag is recommended to assess accessibility
139216601,way,surface,MISSING,Surface tag is recommended to assess accessibility
139216606,way,surface,MISSING,Surface tag is recommended to assess accessibility
139216607,way,surface,MISSING,Surface tag is recommended to assess accessibility
139216614,way,surface,MISSING,Surface tag is recommended to assess accessibility
139216616,way,surface,MISSING,Surface tag is recommended to assess accessibility
139216620,way,surface,MISSING,Surface tag is recommended to assess accessibility
139216629,way,surface,MISSING,Surface tag is recommended to assess accessibility
139216630,way,surface,MISSING,Surface tag is recommended to assess accessibility
139216632,way,surface,MISSING,Surface tag is recommended to assess accessibility
139216641,way,surface,MISSING,Surface tag is recommended to assess accessibility
139216659,way,surface,MISSING,Surface tag is recommended to assess accessibility
139323709,way,surface,MISSING,Surface tag is recommended to assess accessibility
139334097,way,surface,MISSING,Surface tag is recommended to assess accessibility
139334098,way,surface,MISSING,Surface tag is recommended to assess accessibility
139334102,way,surface,MISSING,Surface tag is recommended to assess accessibility
139334103,way,surface,MISSING,Surface tag is recommended to assess accessibility
139334104,way,surface,MISSING,Surface tag is recommended to assess accessibility
139334105,way,surface,MISSING,Surface tag is recommended to assess accessibility
139334108,way,surface,MISSING,Surface tag is recommended to assess accessibility
139334110,way,surface,MISSING,Surface tag is recommended to assess accessibility
139334111,way,surface,MISSING,Surface tag is recommended to assess accessibility
139334112,way,surface,MISSING,Surface tag is recommended to assess accessibility
139334114,way,surface,MISSING,Surface tag is recommended to assess accessibility
139334115,way,surface,MISSING,Surface tag is recommended to assess accessibility
139334116,way,surface,MISSING,Surface tag is recommended to assess accessibility
139334119,way,surface,MISSING,Surface tag is recommended to assess accessibility
139334121,way,surface,MISSING,Surface tag is recommended to assess accessibility
139488050,way,surface,MISSING,Surface tag is recommended to assess accessibility
139488051,way,surface,MISSING,Surface tag is recommended to assess accessibility
139488052,way,surface,MISSING,Surface tag is recommended to assess accessibility
139488054,way,surface,MISSING,Surface tag is recommended to assess accessibility
139488056,way,surface,MISSING,Surface tag is recommended to assess accessibility
139488058,way,surface,MISSING,Surface tag is recommended to assess accessibility
139488062,way,surface,MISSING,Surface tag is recommended to assess accessibility
139488063,way,surface,MISSING,Surface tag is recommended to assess accessibility
139488064,way,surface,MISSING,Surface tag is recommended to assess accessibility
139488065,way,surface,MISSING,Surface tag is recommended to assess accessibility
139488067,way,surface,MISSING,Surface tag is recommended to assess accessibility
139488068,way,surface,MISSING,Surface tag is recommended to assess accessibility
139488069,way,surface,MISSING,Surface tag is recommended to assess accessibility
139488070,way,surface,MISSING,Surface tag is recommended to assess accessibility
139488071,way,surface,MISSING,Surface tag is recommended to assess accessibility
139488072,way,surface,MISSING,Surface tag is recommended to assess accessibility
139488073,way,surface,MISSING,Surface tag is recommended to assess accessibility
139488074,way,surface,MISSING,Surface tag is recommended to assess accessibility
139488075,way,surface,MISSING,Surface tag is recommended to assess accessibility
139488076,way,surface,MISSING,Surface tag is recommended to assess accessibility
139488078,way,surface,MISSING,Surface tag is recommended to assess accessibility
139488080,way,surface,MISSING,Surface tag is recommended to assess accessibility
139488083,way,surface,MISSING,Surface tag is recommended to assess accessibility
139488095,way,surface,MISSING,Surface tag is recommended to assess accessibility
139488107,way,surface,MISSING,Surface tag is recommended to assess accessibility
139493193,way,surface,MISSING,Surface tag is recommended to assess accessibility
139493195,way,surface,MISSING,Surface tag is recommended to assess accessibility
139493196,way,surface,MISSING,Surface tag is recommended to assess accessibility
139493197,way,surface,MISSING,Surface tag is recommended to assess accessibility
139493201,way,surface,MISSING,Surface tag is recommended to assess accessibility
139493202,way,surface,MISSING,Surface tag is recommended to assess accessibility
139498686,way,surface,MISSING,Surface tag is recommended to assess accessibility
139498689,way,surface,MISSING,Surface tag is recommended to assess accessibility
139498690,way,surface,MISSING,Surface tag is recommended to assess accessibility
139498694,way,surface,MISSING,Surface tag is recommended to assess accessibility
139498695,way,surface,MISSING,Surface tag is recommended to assess accessibility
139498700,way,surface,MISSING,Surface tag is recommended to assess accessibility
139498702,way,surface,MISSING,Surface tag is recommended to assess accessibility
139498703,way,surface,MISSING,Surface tag is recommended to assess accessibility
139498706,way,surface,MISSING,Surface tag is recommended to assess accessibility
139498707,way,surface,MISSING,Surface tag is recommended to assess accessibility
139498711,way,surface,MISSING,Surface tag is recommended to assess accessibility
139498713,way,surface,MISSING,Surface tag is recommended to assess accessibility
139498718,way,surface,MISSING,Surface tag is recommended to assess accessibility
139498719,way,surface,MISSING,Surface tag is recommended to assess accessibility
139498724,way,surface,MISSING,Surface tag is recommended to assess accessibility
139498726,way,surface,MISSING,Surface tag is recommended to assess accessibility
139498731,way,surface,MISSING,Surface tag is recommended to assess accessibility
139498732,way,surface,MISSING,Surface tag is recommended to assess accessibility
139498735,way,surface,MISSING,Surface tag is recommended to assess accessibility
139498737,way,surface,MISSING,Surface tag is recommended to assess accessibility
139498742,way,surface,MISSING,Surface tag is recommended to assess accessibility
139498743,way,surface,MISSING,Surface tag is recommended to assess accessibility
139498747,way,surface,MISSING,Surface tag is recommended to assess accessibility
139498748,way,surface,MISSING,Surface tag is recommended to assess accessibility
139498753,way,surface,MISSING,Surface tag is recommended to assess accessibility
139498754,way,surface,MISSING,Surface tag is recommended to assess accessibility
139498759,way,surface,MISSING,Surface tag is recommended to assess accessibility
139498764,way,surface,MISSING,Surface tag is recommended to assess accessibility
139498766,way,surface,MISSING,Surface tag is recommended to assess accessibility
139498772,way,surface,MISSING,Surface tag is recommended to assess accessibility
139498784,way,surface,MISSING,Surface tag is recommended to assess accessibility
139498785,way,surface,MISSING,Surface tag is recommended to assess accessibility
140215428,way,surface,MISSING,Surface tag is recommended to assess accessibility
140215430,way,surface,MISSING,Surface tag is recommended to assess accessibility
140216792,way,surface,MISSING,Surface tag is recommended to assess accessibility
140216793,way,surface,MISSING,Surface tag is recommended to assess accessibility
140216795,way,surface,MISSING,Surface tag is recommended to assess accessibility
140216796,way,surface,MISSING,Surface tag is recommended to assess accessibility
140216798,way,surface,MISSING,Surface tag is recommended to assess accessibility
140216799,way,surface,MISSING,Surface tag is recommended to assess accessibility
140216801,way,surface,MISSING,Surface tag is recommended to assess accessibility
140216802,way,surface,MISSING,Surface tag is recommended to assess accessibility
140216803,way,surface,MISSING,Surface tag is recommended to assess accessibility
140216805,way,surface,MISSING,Surface tag is recommended to assess accessibility
140216807,way,surface,MISSING,Surface tag is recommended to assess accessibility
140216812,way,surface,MISSING,Surface tag is recommended to assess accessibility
140216814,way,surface,MISSING,Surface tag is recommended to assess accessibility
140216816,way,surface,MISSING,Surface tag is recommended to assess accessibility
140216817,way,surface,MISSING,Surface tag is recommended to assess accessibility
140216818,way,surface,MISSING,Surface tag is recommended to assess accessibility
140216820,way,surface,MISSING,Surface tag is recommended to assess accessibility
140216822,way,surface,MISSING,Surface tag is recommended to assess accessibility
140216823,way,surface,MISSING,Surface tag is recommended to assess accessibility
140216825,way,surface,MISSING,Surface tag is recommended to assess accessibility
140216827,way,surface,MISSING,Surface tag is recommended to assess accessibility
140216829,way,surface,MISSING,Surface tag is recommended to assess accessibility
140352846,way,surface,MISSING,Surface tag is recommended to assess accessibility
140352848,way,surface,MISSING,Surface tag is recommended to assess accessibility
140352849,way,surface,MISSING,Surface tag is recommended to assess accessibility
140352850,way,surface,MISSING,Surface tag is recommended to assess accessibility
140352852,way,surface,MISSING,Surface tag is recommended to assess accessibility
140352853,way,surface,MISSING,Surface tag is recommended to assess accessibility
140352854,way,surface,MISSING,Surface tag is recommended to assess accessibility
140352855,way,surface,MISSING,Surface tag is recommended to assess accessibility
140352856,way,surface,MISSING,Surface tag is recommended to assess accessibility
140352857,way,surface,MISSING,Surface tag is recommended to assess accessibility
140352858,way,surface,MISSING,Surface tag is recommended to assess accessibility
140352859,way,surface,MISSING,Surface tag is recommended to assess accessibility
140352860,way,surface,MISSING,Surface tag is recommended to assess accessibility
140352861,way,surface,MISSING,Surface tag is recommended to assess accessibility
140352862,way,surface,MISSING,Surface tag is recommended to assess accessibility
140352863,way,surface,MISSING,Surface tag is recommended to assess accessibility
140352864,way,surface,MISSING,Surface tag is recommended to assess accessibility
140352865,way,surface,MISSING,Surface tag is recommended to assess accessibility
140352867,way,surface,MISSING,Surface tag is recommended to assess accessibility
140352868,way,surface,MISSING,Surface tag is recommended to assess accessibility
140352869,way,surface,MISSING,Surface tag is recommended to assess accessibility
140352870,way,surface,MISSING,Surface tag is recommended to assess accessibility
140352871,way,surface,MISSING,Surface tag is recommended to assess accessibility
140352872,way,surface,MISSING,Surface tag is recommended to assess accessibility
140352873,way,surface,MISSING,Surface tag is recommended to assess accessibility
140352874,way,surface,MISSING,Surface tag is recommended to assess accessibility
140352875,way,surface,MISSING,Surface tag is recommended to assess accessibility
140352876,way,surface,MISSING,Surface tag is recommended to assess accessibility
140478015,way,surface,MISSING,Surface tag is recommended to assess accessibility
140478063,way,surface,MISSING,Surface tag is recommended to assess accessibility
140478064,way,surface,MISSING,Surface tag is recommended to assess accessibility
140478065,way,surface,MISSING,Surface tag is recommended to assess accessibility
140478066,way,surface,MISSING,Surface tag is recommended to assess accessibility
140478067,way,surface,MISSING,Surface tag is recommended to assess accessibility
140478068,way,surface,MISSING,Surface tag is recommended to assess accessibility
140478072,way,surface,MISSING,Surface tag is recommended to assess accessibility
140478074,way,surface,MISSING,Surface tag is recommended to assess accessibility
140478075,way,surface,MISSING,Surface tag is recommended to assess accessibility
140478078,way,surface,MISSING,Surface tag is recommended to assess accessibility
140478081,way,surface,MISSING,Surface tag is recommended to assess accessibility
140478082,way,surface,MISSING,Surface tag is recommended to assess accessibility
140478083,way,surface,MISSING,Surface tag is recommended to assess accessibility
140478084,way,surface,MISSING,Surface tag is recommended to assess accessibility
140478086,way,surface,MISSING,Surface tag is recommended to assess accessibility
140500378,way,surface,MISSING,Surface tag is recommended to assess accessibility
140500379,way,surface,MISSING,Surface tag is recommended to assess accessibility
140500380,way,surface,MISSING,Surface tag is recommended to assess accessibility
140500382,way,surface,MISSING,Surface tag is recommended to assess accessibility
140500383,way,surface,MISSING,Surface tag is recommended to assess accessibility
140500384,way,surface,MISSING,Surface tag is recommended to assess accessibility
140500385,way,surface,MISSING,Surface tag is recommended to assess accessibility
140500387,way,surface,MISSING,Surface tag is recommended to assess accessibility
140500392,way,surface,MISSING,Surface tag is recommended to assess accessibility
140500394,way,surface,MISSING,Surface tag is recommended to assess accessibility
140512512,way,surface,MISSING,Surface tag is recommended to assess accessibility
140512517,way,surface,MISSING,Surface tag is recommended to assess accessibility
140512522,way,surface,MISSING,Surface tag is recommended to assess accessibility
140512523,way,surface,MISSING,Surface tag is recommended to assess accessibility
140512524,way,surface,MISSING,Surface tag is recommended to assess accessibility
140512541,way,surface,MISSING,Surface tag is recommended to assess accessibility
140512552,way,surface,MISSING,Surface tag is recommended to assess accessibility
140633634,way,surface,MISSING,Surface tag is recommended to assess accessibility
141030824,way,surface,MISSING,Surface tag is recommended to assess accessibility
141030825,way,surface,MISSING,Surface tag is recommended to assess accessibility
141030826,way,surface,MISSING,Surface tag is recommended to assess accessibility
141030827,way,surface,MISSING,Surface tag is recommended to assess accessibility
141300310,way,surface,MISSING,Surface tag is recommended to assess accessibility
141300313,way,surface,MISSING,Surface tag is recommended to assess accessibility
141300314,way,surface,MISSING,Surface tag is recommended to assess accessibility
141300315,way,surface,MISSING,Surface tag is recommended to assess accessibility
141300317,way,surface,MISSING,Surface tag is recommended to assess accessibility
141300318,way,surface,MISSING,Surface tag is recommended to assess accessibility
141300319,way,surface,MISSING,Surface tag is recommended to assess accessibility
141300320,way,surface,MISSING,Surface tag is recommended to assess accessibility
141300321,way,surface,MISSING,Surface tag is recommended to assess accessibility
141300323,way,surface,MISSING,Surface tag is recommended to assess accessibility
141300325,way,surface,MISSING,Surface tag is recommended to assess accessibility
142392209,way,surface,MISSING,Surface tag is recommended to assess accessibility
142392210,way,surface,MISSING,Surface tag is recommended to assess accessibility
142392211,way,surface,MISSING,Surface tag is recommended to assess accessibility
142392213,way,surface,MISSING,Surface tag is recommended to assess accessibility
142392214,way,surface,MISSING,Surface tag is recommended to assess accessibility
142392215,way,surface,MISSING,Surface tag is recommended to assess accessibility
144718765,way,surface,MISSING,Surface tag is recommended to assess accessibility
144718766,way,surface,MISSING,Surface tag is recommended to assess accessibility
144718768,way,surface,MISSING,Surface tag is recommended to assess accessibility
144718769,way,surface,MISSING,Surface tag is recommended to assess accessibility
144718770,way,surface,MISSING,Surface tag is recommended to assess accessibility
144718771,way,surface,MISSING,Surface tag is recommended to assess accessibility
144718773,way,surface,MISSING,Surface tag is recommended to assess accessibility
144718775,way,surface,MISSING,Surface tag is recommended to assess accessibility
144847227,way,surface,MISSING,Surface tag is recommended to assess accessibility
144864098,way,surface,MISSING,Surface tag is recommended to assess accessibility
144864099,way,surface,MISSING,Surface tag is recommended to assess accessibility
144864100,way,surface,MISSING,Surface tag is recommended to assess accessibility
144864106,way,surface,MISSING,Surface tag is recommended to assess accessibility
144864107,way,surface,MISSING,Surface tag is recommended to assess accessibility
144864110,way,surface,MISSING,Surface tag is recommended to assess accessibility
144864114,way,surface,MISSING,Surface tag is recommended to assess accessibility
144864115,way,surface,MISSING,Surface tag is recommended to assess accessibility
144864119,way,surface,MISSING,Surface tag is recommended to assess accessibility
147510998,way,surface,MISSING,Surface tag is recommended to assess accessibility
147511001,way,surface,MISSING,Surface tag is recommended to assess accessibility
147511003,way,surface,MISSING,Surface tag is recommended to assess accessibility
147511004,way,surface,MISSING,Surface tag is recommended to assess accessibility
147511005,way,surface,MISSING,Surface tag is recommended to assess accessibility
147511006,way,surface,MISSING,Surface tag is recommended to assess accessibility
147511007,way,surface,MISSING,Surface tag is recommended to assess accessibility
147511008,way,surface,MISSING,Surface tag is recommended to assess accessibility
147511009,way,surface,MISSING,Surface tag is recommended to assess accessibility
147511010,way,surface,MISSING,Surface tag is recommended to assess accessibility
147670065,way,surface,MISSING,Surface tag is recommended to assess accessibility
147670069,way,surface,MISSING,Surface tag is recommended to assess accessibility
147670070,way,surface,MISSING,Surface tag is recommended to assess accessibility
147670072,way,surface,MISSING,Surface tag is recommended to assess accessibility
148172952,way,surface,MISSING,Surface tag is recommended to assess accessibility
148172992,way,surface,MISSING,Surface tag is recommended to assess accessibility
148172994,way,surface,MISSING,Surface tag is recommended to assess accessibility
148172999,way,surface,MISSING,Surface tag is recommended to assess accessibility
148173005,way,surface,MISSING,Surface tag is recommended to assess accessibility
148173006,way,surface,MISSING,Surface tag is recommended to assess accessibility
148173009,way,surface,MISSING,Surface tag is recommended to assess accessibility
148173015,way,surface,MISSING,Surface tag is recommended to assess accessibility
148173018,way,surface,MISSING,Surface tag is recommended to assess accessibility
148173020,way,surface,MISSING,Surface tag is recommended to assess accessibility
148173023,way,surface,MISSING,Surface tag is recommended to assess accessibility
148173024,way,surface,MISSING,Surface tag is recommended to assess accessibility
148173025,way,surface,MISSING,Surface tag is recommended to assess accessibility
148173026,way,surface,MISSING,Surface tag is recommended to assess accessibility
148173028,way,surface,MISSING,Surface tag is recommended to assess accessibility
148173029,way,surface,MISSING,Surface tag is recommended to assess accessibility
148173030,way,surface,MISSING,Surface tag is recommended to assess accessibility
148173031,way,surface,MISSING,Surface tag is recommended to assess accessibility
148173032,way,surface,MISSING,Surface tag is recommended to assess accessibility
148173033,way,surface,MISSING,Surface tag is recommended to assess accessibility
148173034,way,surface,MISSING,Surface tag is recommended to assess accessibility
148173035,way,surface,MISSING,Surface tag is recommended to assess accessibility
148173037,way,surface,MISSING,Surface tag is recommended to assess accessibility
148173038,way,surface,MISSING,Surface tag is recommended to assess accessibility
148173039,way,surface,MISSING,Surface tag is recommended to assess accessibility
148173042,way,surface,MISSING,Surface tag is recommended to assess accessibility
148173044,way,surface,MISSING,Surface tag is recommended to assess accessibility
148173045,way,surface,MISSING,Surface tag is recommended to assess accessibility
148173046,way,surface,MISSING,Surface tag is recommended to assess accessibility
148173048,way,surface,MISSING,Surface tag is recommended to assess accessibility
148173050,way,surface,MISSING,Surface tag is recommended to assess accessibility
148173051,way,surface,MISSING,Surface tag is recommended to assess accessibility
148173052,way,surface,MISSING,Surface tag is recommended to assess accessibility
148399313,way,surface,MISSING,Surface tag is recommended to assess accessibility
148578988,way,surface,MISSING,Surface tag is recommended to assess accessibility
148578991,way,surface,MISSING,Surface tag is recommended to assess accessibility
148658276,way,surface,MISSING,Surface tag is recommended to assess accessibility
148658291,way,surface,MISSING,Surface tag is recommended to assess accessibility
148658292,way,surface,MISSING,Surface tag is recommended to assess accessibility
148658293,way,surface,MISSING,Surface tag is recommended to assess accessibility
148658294,way,surface,MISSING,Surface tag is recommended to assess accessibility
148658295,way,surface,MISSING,Surface tag is recommended to assess accessibility
148658296,way,surface,MISSING,Surface tag is recommended to assess accessibility
148658297,way,surface,MISSING,Surface tag is recommended to assess accessibility
148658298,way,surface,MISSING,Surface tag is recommended to assess accessibility
148658299,way,surface,MISSING,Surface tag is recommended to assess accessibility
148658300,way,surface,MISSING,Surface tag is recommended to assess accessibility
148658302,way,surface,MISSING,Surface tag is recommended to assess accessibility
148658303,way,surface,MISSING,Surface tag is recommended to assess accessibility
148658304,way,surface,MISSING,Surface tag is recommended to assess accessibility
148658305,way,surface,MISSING,Surface tag is recommended to assess accessibility
148658306,way,surface,MISSING,Surface tag is recommended to assess accessibility
148658307,way,surface,MISSING,Surface tag is recommended to assess accessibility
148658308,way,surface,MISSING,Surface tag is recommended to assess accessibility
148658309,way,surface,MISSING,Surface tag is recommended to assess accessibility
148658313,way,surface,MISSING,Surface tag is recommended to assess accessibility
148658314,way,surface,MISSING,Surface tag is recommended to assess accessibility
148658317,way,surface,MISSING,Surface tag is recommended to assess accessibility
148658320,way,surface,MISSING,Surface tag is recommended to assess accessibility
148658321,way,surface,MISSING,Surface tag is recommended to assess accessibility
148658323,way,surface,MISSING,Surface tag is recommended to assess accessibility
148658328,way,surface,MISSING,Surface tag is recommended to assess accessibility
149373376,way,surface,MISSING,Surface tag is recommended to assess accessibility
149373380,way,surface,MISSING,Surface tag is recommended to assess accessibility
149373384,way,surface,MISSING,Surface tag is recommended to assess accessibility
149373386,way,surface,MISSING,Surface tag is recommended to assess accessibility
149373388,way,surface,MISSING,Surface tag is recommended to assess accessibility
149373390,way,surface,MISSING,Surface tag is recommended to assess accessibility
149373391,way,surface,MISSING,Surface tag is recommended to assess accessibility
149373395,way,surface,MISSING,Surface tag is recommended to assess accessibility
149373396,way,surface,MISSING,Surface tag is recommended to assess accessibility
149373400,way,surface,MISSING,Surface tag is recommended to assess accessibility
149373401,way,surface,MISSING,Surface tag is recommended to assess accessibility
149373405,way,surface,MISSING,Surface tag is recommended to assess accessibility
149373406,way,surface,MISSING,Surface tag is recommended to assess accessibility
149373407,way,surface,MISSING,Surface tag is recommended to assess accessibility
149373411,way,surface,MISSING,Surface tag is recommended to assess accessibility
149373412,way,surface,MISSING,Surface tag is recommended to assess accessibility
149373415,way,surface,MISSING,Surface tag is recommended to assess accessibility
149373418,way,surface,MISSING,Surface tag is recommended to assess accessibility
149373422,way,surface,MISSING,Surface tag is recommended to assess accessibility
149373425,way,surface,MISSING,Surface tag is recommended to assess accessibility
149373432,way,surface,MISSING,Surface tag is recommended to assess accessibility
149373435,way,surface,MISSING,Surface tag is recommended to assess accessibility
149373437,way,surface,MISSING,Surface tag is recommended to assess accessibility
149373439,way,surface,MISSING,Surface tag is recommended to assess accessibility
149373442,way,surface,MISSING,Surface tag is recommended to assess accessibility
149373444,way,surface,MISSING,Surface tag is recommended to assess accessibility
149373447,way,surface,MISSING,Surface tag is recommended to assess accessibility
149373449,way,surface,MISSING,Surface tag is recommended to assess accessibility
149544468,way,surface,MISSING,Surface tag is recommended to assess accessibility
149701308,way,surface,MISSING,Surface tag is recommended to assess accessibility
150722456,way,surface,MISSING,Surface tag is recommended to assess accessibility
150722457,way,surface,MISSING,Surface tag is recommended to assess accessibility
150722458,way,surface,MISSING,Surface tag is recommended to assess accessibility
150722459,way,surface,MISSING,Surface tag is recommended to assess accessibility
150722462,way,surface,MISSING,Surface tag is recommended to assess accessibility
150722463,way,surface,MISSING,Surface tag is recommended to assess accessibility
150722464,way,surface,MISSING,Surface tag is recommended to assess accessibility
150722465,way,surface,MISSING,Surface tag is recommended to assess accessibility
150722466,way,surface,MISSING,Surface tag is recommended to assess accessibility
150722468,way,surface,MISSING,Surface tag is recommended to assess accessibility
150893965,way,surface,MISSING,Surface tag is recommended to assess accessibility
150893966,way,surface,MISSING,Surface tag is recommended to assess accessibility
150893968,way,surface,MISSING,Surface tag is recommended to assess accessibility
152296655,way,surface,MISSING,Surface tag is recommended to assess accessibility
152296656,way,surface,MISSING,Surface tag is recommended to assess accessibility
152296657,way,surface,MISSING,Surface tag is recommended to assess accessibility
152296664,way,surface,MISSING,Surface tag is recommended to assess accessibility
152296668,way,surface,MISSING,Surface tag is recommended to assess accessibility
152296671,way,surface,MISSING,Surface tag is recommended to assess accessibility
152296673,way,surface,MISSING,Surface tag is recommended to assess accessibility
152312732,way,surface,MISSING,Surface tag is recommended to assess accessibility
152312733,way,surface,MISSING,Surface tag is recommended to assess accessibility
152312734,way,surface,MISSING,Surface tag is recommended to assess accessibility
152312735,way,surface,MISSING,Surface tag is recommended to assess accessibility
153779586,way,surface,MISSING,Surface tag is recommended to assess accessibility
153779615,way,surface,MISSING,Surface tag is recommended to assess accessibility
153779636,way,surface,MISSING,Surface tag is recommended to assess accessibility
153779639,way,surface,MISSING,Surface tag is recommended to assess accessibility
153779640,way,surface,MISSING,Surface tag is recommended to assess accessibility
153779641,way,surface,MISSING,Surface tag is recommended to assess accessibility
153779642,way,surface,MISSING,Surface tag is recommended to assess accessibility
153779643,way,surface,MISSING,Surface tag is recommended to assess accessibility
153779644,way,surface,MISSING,Surface tag is recommended to assess accessibility
153779645,way,surface,MISSING,Surface tag is recommended to assess accessibility
153779647,way,surface,MISSING,Surface tag is recommended to assess accessibility
153779650,way,surface,MISSING,Surface tag is recommended to assess accessibility
153779652,way,surface,MISSING,Surface tag is recommended to assess accessibility
153779653,way,surface,MISSING,Surface tag is recommended to assess accessibility
153779655,way,surface,MISSING,Surface tag is recommended to assess accessibility
153779656,way,surface,MISSING,Surface tag is recommended to assess accessibility
153779657,way,surface,MISSING,Surface tag is recommended to assess accessibility
153779658,way,surface,MISSING,Surface tag is recommended to assess accessibility
153779660,way,surface,MISSING,Surface tag is recommended to assess accessibility
153779661,way,surface,MISSING,Surface tag is recommended to assess accessibility
153779662,way,surface,MISSING,Surface tag is recommended to assess accessibility
153779664,way,surface,MISSING,Surface tag is recommended to assess accessibility
153779666,way,surface,MISSING,Surface tag is recommended to assess accessibility
153779668,way,surface,MISSING,Surface tag is recommended to assess accessibility
153779670,way,surface,MISSING,Surface tag is recommended to assess accessibility
153779671,way,surface,MISSING,Surface tag is recommended to assess accessibility
154864257,way,surface,MISSING,Surface tag is recommended to assess accessibility
154864261,way,surface,MISSING,Surface tag is recommended to assess accessibility
154864265,way,surface,MISSING,Surface tag is recommended to assess accessibility
154864269,way,surface,MISSING,Surface tag is recommended to assess accessibility
154864271,way,surface,MISSING,Surface tag is recommended to assess accessibility
154864275,way,surface,MISSING,Surface tag is recommended to assess accessibility
154864283,way,surface,MISSING,Surface tag is recommended to assess accessibility
154864284,way,surface,MISSING,Surface tag is recommended to assess accessibility
154864289,way,surface,MISSING,Surface tag is recommended to assess accessibility
154864291,way,surface,MISSING,Surface tag is recommended to assess accessibility
154864302,way,surface,MISSING,Surface tag is recommended to assess accessibility
154864307,way,surface,MISSING,Surface tag is recommended to assess accessibility
154864309,way,surface,MISSING,Surface tag is recommended to assess accessibility
154864310,way,surface,MISSING,Surface tag is recommended to assess accessibility
154864314,way,surface,MISSING,Surface tag is recommended to assess accessibility
154864320,way,surface,MISSING,Surface tag is recommended to assess accessibility
154864324,way,surface,MISSING,Surface tag is recommended to assess accessibility
155145635,way,surface,MISSING,Surface tag is recommended to assess accessibility
155145639,way,surface,MISSING,Surface tag is recommended to assess accessibility
155145641,way,surface,MISSING,Surface tag is recommended to assess accessibility
155145642,way,surface,MISSING,Surface tag is recommended to assess accessibility
155145646,way,surface,MISSING,Surface tag is recommended to assess accessibility
155249177,way,surface,MISSING,Surface tag is recommended to assess accessibility
155249178,way,surface,MISSING,Surface tag is recommended to assess accessibility
155249179,way,surface,MISSING,Surface tag is recommended to assess accessibility
155249181,way,surface,MISSING,Surface tag is recommended to assess accessibility
155249182,way,surface,MISSING,Surface tag is recommended to assess accessibility
155249183,way,surface,MISSING,Surface tag is recommended to assess accessibility
155249184,way,surface,MISSING,Surface tag is recommended to assess accessibility
155371202,way,surface,MISSING,Surface tag is recommended to assess accessibility
155371203,way,surface,MISSING,Surface tag is recommended to assess accessibility
155371205,way,surface,MISSING,Surface tag is recommended to assess accessibility
155371206,way,surface,MISSING,Surface tag is recommended to assess accessibility
155371208,way,surface,MISSING,Surface tag is recommended to assess accessibility
157665243,way,surface,MISSING,Surface tag is recommended to assess accessibility
157665249,way,surface,MISSING,Surface tag is recommended to assess accessibility
157665252,way,surface,MISSING,Surface tag is recommended to assess accessibility
157665256,way,surface,MISSING,Surface tag is recommended to assess accessibility
157665259,way,surface,MISSING,Surface tag is recommended to assess accessibility
158198200,way,surface,MISSING,Surface tag is recommended to assess accessibility
158198202,way,surface,MISSING,Surface tag is recommended to assess accessibility
158198203,way,surface,MISSING,Surface tag is recommended to assess accessibility
158198204,way,surface,MISSING,Surface tag is recommended to assess accessibility
158198205,way,surface,MISSING,Surface tag is recommended to assess accessibility
158198206,way,surface,MISSING,Surface tag is recommended to assess accessibility
158198207,way,surface,MISSING,Surface tag is recommended to assess accessibility
158198208,way,surface,MISSING,Surface tag is recommended to assess accessibility
158198209,way,surface,MISSING,Surface tag is recommended to assess accessibility
158198210,way,surface,MISSING,Surface tag is recommended to assess accessibility
158198212,way,surface,MISSING,Surface tag is recommended to assess accessibility
158198213,way,surface,MISSING,Surface tag is recommended to assess accessibility
158198214,way,surface,MISSING,Surface tag is recommended to assess accessibility
158198215,way,surface,MISSING,Surface tag is recommended to assess accessibility
158198216,way,surface,MISSING,Surface tag is recommended to assess accessibility
158198218,way,surface,MISSING,Surface tag is recommended to assess accessibility
158198219,way,surface,MISSING,Surface tag is recommended to assess accessibility
158198223,way,surface,MISSING,Surface tag is recommended to assess accessibility
158198225,way,surface,MISSING,Surface tag is recommended to assess accessibility
158313044,way,surface,MISSING,Surface tag is recommended to assess accessibility
158319533,way,surface,MISSING,Surface tag is recommended to assess accessibility
158319535,way,surface,MISSING,Surface tag is recommended to assess accessibility
158319536,way,surface,MISSING,Surface tag is recommended to assess accessibility
158647709,way,surface,MISSING,Surface tag is recommended to assess accessibility
158647712,way,surface,MISSING,Surface tag is recommended to assess accessibility
158647713,way,surface,MISSING,Surface tag is recommended to assess accessibility
158647714,way,surface,MISSING,Surface tag is recommended to assess accessibility
158647717,way,surface,MISSING,Surface tag is recommended to assess accessibility
158647719,way,surface,MISSING,Surface tag is recommended to assess accessibility
158647722,way,surface,MISSING,Surface tag is recommended to assess accessibility
158647724,way,surface,MISSING,Surface tag is recommended to assess accessibility
158647725,way,surface,MISSING,Surface tag is recommended to assess accessibility
158647726,way,surface,MISSING,Surface tag is recommended to assess accessibility
158808881,way,surface,MISSING,Surface tag is recommended to assess accessibility
158808882,way,surface,MISSING,Surface tag is recommended to assess accessibility
158808883,way,surface,MISSING,Surface tag is recommended to assess accessibility
158808885,way,surface,MISSING,Surface tag is recommended to assess accessibility
158808887,way,surface,MISSING,Surface tag is recommended to assess accessibility
158808888,way,surface,MISSING,Surface tag is recommended to assess accessibility
158808889,way,surface,MISSING,Surface tag is recommended to assess accessibility
158808890,way,surface,MISSING,Surface tag is recommended to assess accessibility
158808892,way,surface,MISSING,Surface tag is recommended to assess accessibility
158808894,way,surface,MISSING,Surface tag is recommended to assess accessibility
158808895,way,surface,MISSING,Surface tag is recommended to assess accessibility
158808896,way,surface,MISSING,Surface tag is recommended to assess accessibility
158808898,way,surface,MISSING,Surface tag is recommended to assess accessibility
158808899,way,surface,MISSING,Surface tag is recommended to assess accessibility
158808900,way,surface,MISSING,Surface tag is recommended to assess accessibility
158808902,way,surface,MISSING,Surface tag is recommended to assess accessibility
158808903,way,surface,MISSING,Surface tag is recommended to assess accessibility
158808904,way,surface,MISSING,Surface tag is recommended to assess accessibility
158808905,way,surface,MISSING,Surface tag is recommended to assess accessibility
158808906,way,surface,MISSING,Surface tag is recommended to assess accessibility
158808907,way,surface,MISSING,Surface tag is recommended to assess accessibility
158808908,way,surface,MISSING,Surface tag is recommended to assess accessibility
158808912,way,surface,MISSING,Surface tag is recommended to assess accessibility
158808914,way,surface,MISSING,Surface tag is recommended to assess accessibility
158808915,way,surface,MISSING,Surface tag is recommended to assess accessibility
158808916,way,surface,MISSING,Surface tag is recommended to assess accessibility
158808917,way,surface,MISSING,Surface tag is recommended to assess accessibility
158812902,way,surface,MISSING,Surface tag is recommended to assess accessibility
158812903,way,surface,MISSING,Surface tag is recommended to assess accessibility
158812904,way,surface,MISSING,Surface tag is recommended to assess accessibility
158812906,way,surface,MISSING,Surface tag is recommended to assess accessibility
158812907,way,surface,MISSING,Surface tag is recommended to assess accessibility
158812909,way,surface,MISSING,Surface tag is recommended to assess accessibility
158812910,way,surface,MISSING,Surface tag is recommended to assess accessibility
158812911,way,surface,MISSING,Surface tag is recommended to assess accessibility
158815788,way,surface,MISSING,Surface tag is recommended to assess accessibility
158815790,way,surface,MISSING,Surface tag is recommended to assess accessibility
158815791,way,surface,MISSING,Surface tag is recommended to assess accessibility
158815793,way,surface,MISSING,Surface tag is recommended to assess accessibility
158815797,way,surface,MISSING,Surface tag is recommended to assess accessibility
158815798,way,surface,MISSING,Surface tag is recommended to assess accessibility
158815801,way,surface,MISSING,Surface tag is recommended to assess accessibility
158821076,way,surface,MISSING,Surface tag is recommended to assess accessibility
158821077,way,surface,MISSING,Surface tag is recommended to assess accessibility
158821078,way,surface,MISSING,Surface tag is recommended to assess accessibility
158821080,way,surface,MISSING,Surface tag is recommended to assess accessibility
158821082,way,surface,MISSING,Surface tag is recommended to assess accessibility
158821084,way,surface,MISSING,Surface tag is recommended to assess accessibility
158821085,way,surface,MISSING,Surface tag is recommended to assess accessibility
158821087,way,surface,MISSING,Surface tag is recommended to assess accessibility
158821088,way,surface,MISSING,Surface tag is recommended to assess accessibility
158823085,way,surface,MISSING,Surface tag is recommended to assess accessibility
158823087,way,surface,MISSING,Surface tag is recommended to assess accessibility
158823089,way,surface,MISSING,Surface tag is recommended to assess accessibility
158823090,way,surface,MISSING,Surface tag is recommended to assess accessibility
158823092,way,surface,MISSING,Surface tag is recommended to assess accessibility
158823095,way,surface,MISSING,Surface tag is recommended to assess accessibility
158823096,way,surface,MISSING,Surface tag is recommended to assess accessibility
158823098,way,surface,MISSING,Surface tag is recommended to assess accessibility
158823100,way,surface,MISSING,Surface tag is recommended to assess accessibility
158823102,way,surface,MISSING,Surface tag is recommended to assess accessibility
158823104,way,surface,MISSING,Surface tag is recommended to assess accessibility
158823105,way,surface,MISSING,Surface tag is recommended to assess accessibility
158823108,way,surface,MISSING,Surface tag is recommended to assess accessibility
158823109,way,surface,MISSING,Surface tag is recommended to assess accessibility
158823111,way,surface,MISSING,Surface tag is recommended to assess accessibility
158823112,way,surface,MISSING,Surface tag is recommended to assess accessibility
158823114,way,surface,MISSING,Surface tag is recommended to assess accessibility
158823115,way,surface,MISSING,Surface tag is recommended to assess accessibility
158823116,way,surface,MISSING,Surface tag is recommended to assess accessibility
158823118,way,surface,MISSING,Surface tag is recommended to assess accessibility
158823119,way,surface,MISSING,Surface tag is recommended to assess accessibility
158823121,way,surface,MISSING,Surface tag is recommended to assess accessibility
158823122,way,surface,MISSING,Surface tag is recommended to assess accessibility
158823123,way,surface,MISSING,Surface tag is recommended to assess accessibility
158823124,way,surface,MISSING,Surface tag is recommended to assess accessibility
158823125,way,surface,MISSING,Surface tag is recommended to assess accessibility
158823126,way,surface,MISSING,Surface tag is recommended to assess accessibility
158823127,way,surface,MISSING,Surface tag is recommended to assess accessibility
158823129,way,surface,MISSING,Surface tag is recommended to assess accessibility
158823130,way,surface,MISSING,Surface tag is recommended to assess accessibility
158823131,way,surface,MISSING,Surface tag is recommended to assess accessibility
158823133,way,surface,MISSING,Surface tag is recommended to assess accessibility
158823134,way,surface,MISSING,Surface tag is recommended to assess accessibility
158823135,way,surface,MISSING,Surface tag is recommended to assess accessibility
158823136,way,surface,MISSING,Surface tag is recommended to assess accessibility
158825835,way,surface,MISSING,Surface tag is recommended to assess accessibility
158825837,way,surface,MISSING,Surface tag is recommended to assess accessibility
158825839,way,surface,MISSING,Surface tag is recommended to assess accessibility
158825841,way,surface,MISSING,Surface tag is recommended to assess accessibility
158975632,way,surface,MISSING,Surface tag is recommended to assess accessibility
158975636,way,surface,MISSING,Surface tag is recommended to assess accessibility
158975637,way,surface,MISSING,Surface tag is recommended to assess accessibility
158975641,way,surface,MISSING,Surface tag is recommended to assess accessibility
158975642,way,surface,MISSING,Surface tag is recommended to assess accessibility
158975643,way,surface,MISSING,Surface tag is recommended to assess accessibility
158975647,way,surface,MISSING,Surface tag is recommended to assess accessibility
158975648,way,surface,MISSING,Surface tag is recommended to assess accessibility
158975649,way,surface,MISSING,Surface tag is recommended to assess accessibility
158975654,way,surface,MISSING,Surface tag is recommended to assess accessibility
158975655,way,surface,MISSING,Surface tag is recommended to assess accessibility
158975660,way,surface,MISSING,Surface tag is recommended to assess accessibility
158975663,way,surface,MISSING,Surface tag is recommended to assess accessibility
158975664,way,surface,MISSING,Surface tag is recommended to assess accessibility
158975667,way,surface,MISSING,Surface tag is recommended to assess accessibility
158978699,way,surface,MISSING,Surface tag is recommended to assess accessibility
158978701,way,surface,MISSING,Surface tag is recommended to assess accessibility
158980578,way,surface,MISSING,Surface tag is recommended to assess accessibility
158980579,way,surface,MISSING,Surface tag is recommended to assess accessibility
158980580,way,surface,MISSING,Surface tag is recommended to assess accessibility
158980581,way,surface,MISSING,Surface tag is recommended to assess accessibility
158980582,way,surface,MISSING,Surface tag is recommended to assess accessibility
158980583,way,surface,MISSING,Surface tag is recommended to assess accessibility
158980584,way,surface,MISSING,Surface tag is recommended to assess accessibility
158980585,way,surface,MISSING,Surface tag is recommended to assess accessibility
158980586,way,surface,MISSING,Surface tag is recommended to assess accessibility
158980587,way,surface,MISSING,Surface tag is recommended to assess accessibility
158980588,way,surface,MISSING,Surface tag is recommended to assess accessibility
158980589,way,surface,MISSING,Surface tag is recommended to assess accessibility
158980590,way,surface,MISSING,Surface tag is recommended to assess accessibility
158980591,way,surface,MISSING,Surface tag is recommended to assess accessibility
158980592,way,surface,MISSING,Surface tag is recommended to assess accessibility
158980593,way,surface,MISSING,Surface tag is recommended to assess accessibility
158980594,way,surface,MISSING,Surface tag is recommended to assess accessibility
158980595,way,surface,MISSING,Surface tag is recommended to assess accessibility
159953157,way,surface,MISSING,Surface tag is recommended to assess accessibility
159953158,way,surface,MISSING,Surface tag is recommended to assess accessibility
159953160,way,surface,MISSING,Surface tag is recommended to assess accessibility
159953166,way,surface,MISSING,Surface tag is recommended to assess accessibility
159953168,way,surface,MISSING,Surface tag is recommended to assess accessibility
159953175,way,surface,MISSING,Surface tag is recommended to assess accessibility
159953177,way,surface,MISSING,Surface tag is recommended to assess accessibility
159953180,way,surface,MISSING,Surface tag is recommended to assess accessibility
159955362,way,surface,MISSING,Surface tag is recommended to assess accessibility
159955364,way,surface,MISSING,Surface tag is recommended to assess accessibility
159955365,way,surface,MISSING,Surface tag is recommended to assess accessibility
159955366,way,surface,MISSING,Surface tag is recommended to assess accessibility
159955368,way,surface,MISSING,Surface tag is recommended to assess accessibility
159955369,way,surface,MISSING,Surface tag is recommended to assess accessibility
159955370,way,surface,MISSING,Surface tag is recommended to assess accessibility
159955371,way,surface,MISSING,Surface tag is recommended to assess accessibility
159955373,way,surface,MISSING,Surface tag is recommended to assess accessibility
159955374,way,surface,MISSING,Surface tag is recommended to assess accessibility
159955375,way,surface,MISSING,Surface tag is recommended to assess accessibility
159955376,way,surface,MISSING,Surface tag is recommended to assess accessibility
159955377,way,surface,MISSING,Surface tag is recommended to assess accessibility
159955381,way,surface,MISSING,Surface tag is recommended to assess accessibility
159955382,way,surface,MISSING,Surface tag is recommended to assess accessibility
159955387,way,surface,MISSING,Surface tag is recommended to assess accessibility
160190716,way,surface,MISSING,Surface tag is recommended to assess accessibility
160190718,way,surface,MISSING,Surface tag is recommended to assess accessibility
160190725,way,surface,MISSING,Surface tag is recommended to assess accessibility
160190729,way,surface,MISSING,Surface tag is recommended to assess accessibility
160190736,way,surface,MISSING,Surface tag is recommended to assess accessibility
160190737,way,surface,MISSING,Surface tag is recommended to assess accessibility
160301391,way,surface,MISSING,Surface tag is recommended to assess accessibility
160301392,way,surface,MISSING,Surface tag is recommended to assess accessibility
160301393,way,surface,MISSING,Surface tag is recommended to assess accessibility
160301394,way,surface,MISSING,Surface tag is recommended to assess accessibility
160301395,way,surface,MISSING,Surface tag is recommended to assess accessibility
160301396,way,surface,MISSING,Surface tag is recommended to assess accessibility
160301397,way,surface,MISSING,Surface tag is recommended to assess accessibility
160301400,way,surface,MISSING,Surface tag is recommended to assess accessibility
160301401,way,surface,MISSING,Surface tag is recommended to assess accessibility
160301402,way,surface,MISSING,Surface tag is recommended to assess accessibility
160301403,way,surface,MISSING,Surface tag is recommended to assess accessibility
160301404,way,surface,MISSING,Surface tag is recommended to assess accessibility
160301405,way,surface,MISSING,Surface tag is recommended to assess accessibility
160301406,way,surface,MISSING,Surface tag is recommended to assess accessibility
160301407,way,surface,MISSING,Surface tag is recommended to assess accessibility
160301408,way,surface,MISSING,Surface tag is recommended to assess accessibility
160301410,way,surface,MISSING,Surface tag is recommended to assess accessibility
160301411,way,surface,MISSING,Surface tag is recommended to assess accessibility
160301412,way,surface,MISSING,Surface tag is recommended to assess accessibility
160301413,way,surface,MISSING,Surface tag is recommended to assess accessibility
160301415,way,surface,MISSING,Surface tag is recommended to assess accessibility
160301416,way,surface,MISSING,Surface tag is recommended to assess accessibility
160301417,way,surface,MISSING,Surface tag is recommended to assess accessibility
160301419,way,surface,MISSING,Surface tag is recommended to assess accessibility
160301421,way,surface,MISSING,Surface tag is recommended to assess accessibility
160305998,way,surface,MISSING,Surface tag is recommended to assess accessibility
161747382,way,surface,MISSING,Surface tag is recommended to assess accessibility
161747385,way,surface,MISSING,Surface tag is recommended to assess accessibility
161747392,way,surface,MISSING,Surface tag is recommended to assess accessibility
161747397,way,surface,MISSING,Surface tag is recommended to assess accessibility
161841391,way,surface,MISSING,Surface tag is recommended to assess accessibility
161841393,way,surface,MISSING,Surface tag is recommended to assess accessibility
161841394,way,surface,MISSING,Surface tag is recommended to assess accessibility
161841395,way,surface,MISSING,Surface tag is recommended to assess accessibility
161841397,way,surface,MISSING,Surface tag is recommended to assess accessibility
161841398,way,surface,MISSING,Surface tag is recommended to assess accessibility
161841399,way,surface,MISSING,Surface tag is recommended to assess accessibility
161841400,way,surface,MISSING,Surface tag is recommended to assess accessibility
161841402,way,surface,MISSING,Surface tag is recommended to assess accessibility
161841404,way,surface,MISSING,Surface tag is recommended to assess accessibility
161841405,way,surface,MISSING,Surface tag is recommended to assess accessibility
161841406,way,surface,MISSING,Surface tag is recommended to assess accessibility
161841407,way,surface,MISSING,Surface tag is recommended to assess accessibility
161841409,way,surface,MISSING,Surface tag is recommended to assess accessibility
161841410,way,surface,MISSING,Surface tag is recommended to assess accessibility
161841411,way,surface,MISSING,Surface tag is recommended to assess accessibility
161841412,way,surface,MISSING,Surface tag is recommended to assess accessibility
161841415,way,surface,MISSING,Surface tag is recommended to assess accessibility
161841416,way,surface,MISSING,Surface tag is recommended to assess accessibility
161841738,way,surface,MISSING,Surface tag is recommended to assess accessibility
161841739,way,surface,MISSING,Surface tag is recommended to assess accessibility
161841742,way,surface,MISSING,Surface tag is recommended to assess accessibility
161841743,way,surface,MISSING,Surface tag is recommended to assess accessibility
161841744,way,surface,MISSING,Surface tag is recommended to assess accessibility
161841745,way,surface,MISSING,Surface tag is recommended to assess accessibility
161841880,way,surface,MISSING,Surface tag is recommended to assess accessibility
161841881,way,surface,MISSING,Surface tag is recommended to assess accessibility
164813140,way,surface,MISSING,Surface tag is recommended to assess accessibility
164813141,way,surface,MISSING,Surface tag is recommended to assess accessibility
164813142,way,surface,MISSING,Surface tag is recommended to assess accessibility
164813143,way,surface,MISSING,Surface tag is recommended to assess accessibility
164813144,way,surface,MISSING,Surface tag is recommended to assess accessibility
164813145,way,surface,MISSING,Surface tag is recommended to assess accessibility
164813147,way,surface,MISSING,Surface tag is recommended to assess accessibility
164813150,way,surface,MISSING,Surface tag is recommended to assess accessibility
164813153,way,surface,MISSING,Surface tag is recommended to assess accessibility
164813159,way,surface,MISSING,Surface tag is recommended to assess accessibility
164813160,way,surface,MISSING,Surface tag is recommended to assess accessibility
164813162,way,surface,MISSING,Surface tag is recommended to assess accessibility
164813163,way,surface,MISSING,Surface tag is recommended to assess accessibility
164815153,way,surface,MISSING,Surface tag is recommended to assess accessibility
165029588,way,surface,MISSING,Surface tag is recommended to assess accessibility
165029595,way,surface,MISSING,Surface tag is recommended to assess accessibility
165029602,way,surface,MISSING,Surface tag is recommended to assess accessibility
165029608,way,surface,MISSING,Surface tag is recommended to assess accessibility
165029612,way,surface,MISSING,Surface tag is recommended to assess accessibility
165029614,way,surface,MISSING,Surface tag is recommended to assess accessibility
165029618,way,surface,MISSING,Surface tag is recommended to assess accessibility
165029623,way,surface,MISSING,Surface tag is recommended to assess accessibility
165029624,way,surface,MISSING,Surface tag is recommended to assess accessibility
165029628,way,surface,MISSING,Surface tag is recommended to assess accessibility
165146016,way,surface,MISSING,Surface tag is recommended to assess accessibility
165313114,way,surface,MISSING,Surface tag is recommended to assess accessibility
165313151,way,surface,MISSING,Surface tag is recommended to assess accessibility
165313153,way,surface,MISSING,Surface tag is recommended to assess accessibility
165313156,way,surface,MISSING,Surface tag is recommended to assess accessibility
165313158,way,surface,MISSING,Surface tag is recommended to assess accessibility
165313160,way,surface,MISSING,Surface tag is recommended to assess accessibility
165313169,way,surface,MISSING,Surface tag is recommended to assess accessibility
165313182,way,surface,MISSING,Surface tag is recommended to assess accessibility
165313185,way,surface,MISSING,Surface tag is recommended to assess accessibility
166355964,way,surface,MISSING,Surface tag is recommended to assess accessibility
166355966,way,surface,MISSING,Surface tag is recommended to assess accessibility
166355967,way,surface,MISSING,Surface tag is recommended to assess accessibility
166355969,way,surface,MISSING,Surface tag is recommended to assess accessibility
166355972,way,surface,MISSING,Surface tag is recommended to assess accessibility
166355973,way,surface,MISSING,Surface tag is recommended to assess accessibility
166355975,way,surface,MISSING,Surface tag is recommended to assess accessibility
166355976,way,surface,MISSING,Surface tag is recommended to assess accessibility
166355977,way,surface,MISSING,Surface tag is recommended to assess accessibility
166355982,way,surface,MISSING,Surface tag is recommended to assess accessibility
166355983,way,surface,MISSING,Surface tag is recommended to assess accessibility
166355984,way,surface,MISSING,Surface tag is recommended to assess accessibility
166355985,way,surface,MISSING,Surface tag is recommended to assess accessibility
166355987,way,surface,MISSING,Surface tag is recommended to assess accessibility
166355988,way,surface,MISSING,Surface tag is recommended to assess accessibility
166355989,way,surface,MISSING,Surface tag is recommended to assess accessibility
166355997,way,surface,MISSING,Surface tag is recommended to assess accessibility
166355999,way,surface,MISSING,Surface tag is recommended to assess accessibility
166476065,way,surface,MISSING,Surface tag is recommended to assess accessibility
166476067,way,surface,MISSING,Surface tag is recommended to assess accessibility
166476071,way,surface,MISSING,Surface tag is recommended to assess accessibility
166476073,way,surface,MISSING,Surface tag is recommended to assess accessibility
166476076,way,surface,MISSING,Surface tag is recommended to assess accessibility
166476079,way,surface,MISSING,Surface tag is recommended to assess accessibility
166476080,way,surface,MISSING,Surface tag is recommended to assess accessibility
166476081,way,surface,MISSING,Surface tag is recommended to assess accessibility
166476082,way,surface,MISSING,Surface tag is recommended to assess accessibility
166476085,way,surface,MISSING,Surface tag is recommended to assess accessibility
166476086,way,surface,MISSING,Surface tag is recommended to assess accessibility
166477636,way,surface,MISSING,Surface tag is recommended to assess accessibility
166477638,way,surface,MISSING,Surface tag is recommended to assess accessibility
166477639,way,surface,MISSING,Surface tag is recommended to assess accessibility
166477641,way,surface,MISSING,Surface tag is recommended to assess accessibility
166477642,way,surface,MISSING,Surface tag is recommended to assess accessibility
166477643,way,surface,MISSING,Surface tag is recommended to assess accessibility
166477645,way,surface,MISSING,Surface tag is recommended to assess accessibility
166675528,way,surface,MISSING,Surface tag is recommended to assess accessibility
166675529,way,surface,MISSING,Surface tag is recommended to assess accessibility
166675530,way,surface,MISSING,Surface tag is recommended to assess accessibility
166675533,way,surface,MISSING,Surface tag is recommended to assess accessibility
166675534,way,surface,MISSING,Surface tag is recommended to assess accessibility
166675538,way,surface,MISSING,Surface tag is recommended to assess accessibility
166675541,way,surface,MISSING,Surface tag is recommended to assess accessibility
166675542,way,surface,MISSING,Surface tag is recommended to assess accessibility
166675544,way,surface,MISSING,Surface tag is recommended to assess accessibility
166675545,way,surface,MISSING,Surface tag is recommended to assess accessibility
166675551,way,surface,MISSING,Surface tag is recommended to assess accessibility
166681765,way,surface,MISSING,Surface tag is recommended to assess accessibility
166681766,way,surface,MISSING,Surface tag is recommended to assess accessibility
166794699,way,surface,MISSING,Surface tag is recommended to assess accessibility
166811585,way,surface,MISSING,Surface tag is recommended to assess accessibility
167448863,way,surface,MISSING,Surface tag is recommended to assess accessibility
167863186,way,surface,MISSING,Surface tag is recommended to assess accessibility
167863190,way,surface,MISSING,Surface tag is recommended to assess accessibility
167863192,way,surface,MISSING,Surface tag is recommended to assess accessibility
167863193,way,surface,MISSING,Surface tag is recommended to assess accessibility
167863196,way,surface,MISSING,Surface tag is recommended to assess accessibility
167863197,way,surface,MISSING,Surface tag is recommended to assess accessibility
167863198,way,surface,MISSING,Surface tag is recommended to assess accessibility
167863207,way,surface,MISSING,Surface tag is recommended to assess accessibility
168437446,way,surface,MISSING,Surface tag is recommended to assess accessibility
168704296,way,surface,MISSING,Surface tag is recommended to assess accessibility
168852830,way,surface,MISSING,Surface tag is recommended to assess accessibility
169445885,way,surface,MISSING,Surface tag is recommended to assess accessibility
169445886,way,surface,MISSING,Surface tag is recommended to assess accessibility
169445890,way,surface,MISSING,Surface tag is recommended to assess accessibility
169445891,way,surface,MISSING,Surface tag is recommended to assess accessibility
169518368,way,surface,MISSING,Surface tag is recommended to assess accessibility
169518416,way,surface,MISSING,Surface tag is recommended to assess accessibility
169518417,way,surface,MISSING,Surface tag is recommended to assess accessibility
169518418,way,surface,MISSING,Surface tag is recommended to assess accessibility
169518419,way,surface,MISSING,Surface tag is recommended to assess accessibility
169518422,way,surface,MISSING,Surface tag is recommended to assess accessibility
169518423,way,surface,MISSING,Surface tag is recommended to assess accessibility
169518424,way,surface,MISSING,Surface tag is recommended to assess accessibility
169518426,way,surface,MISSING,Surface tag is recommended to assess accessibility
169518427,way,surface,MISSING,Surface tag is recommended to assess accessibility
169518428,way,surface,MISSING,Surface tag is recommended to assess accessibility
169518432,way,surface,MISSING,Surface tag is recommended to assess accessibility
169518434,way,surface,MISSING,Surface tag is recommended to assess accessibility
169518435,way,surface,MISSING,Surface tag is recommended to assess accessibility
169518436,way,surface,MISSING,Surface tag is recommended to assess accessibility
169518437,way,surface,MISSING,Surface tag is recommended to assess accessibility
169518447,way,surface,MISSING,Surface tag is recommended to assess accessibility
169518448,way,surface,MISSING,Surface tag is recommended to assess accessibility
169518449,way,surface,MISSING,Surface tag is recommended to assess accessibility
169518451,way,surface,MISSING,Surface tag is recommended to assess accessibility
169518454,way,surface,MISSING,Surface tag is recommended to assess accessibility
169518465,way,surface,MISSING,Surface tag is recommended to assess accessibility
169518466,way,surface,MISSING,Surface tag is recommended to assess accessibility
169518467,way,surface,MISSING,Surface tag is recommended to assess accessibility
169518469,way,surface,MISSING,Surface tag is recommended to assess accessibility
169518470,way,surface,MISSING,Surface tag is recommended to assess accessibility
169520327,way,surface,MISSING,Surface tag is recommended to assess accessibility
169672600,way,surface,MISSING,Surface tag is recommended to assess accessibility
169672601,way,surface,MISSING,Surface tag is recommended to assess accessibility
169672602,way,surface,MISSING,Surface tag is recommended to assess accessibility
169672603,way,surface,MISSING,Surface tag is recommended to assess accessibility
169672604,way,surface,MISSING,Surface tag is recommended to assess accessibility
169672605,way,surface,MISSING,Surface tag is recommended to assess accessibility
169672608,way,surface,MISSING,Surface tag is recommended to assess accessibility
169672610,way,surface,MISSING,Surface tag is recommended to assess accessibility
169672611,way,surface,MISSING,Surface tag is recommended to assess accessibility
169672612,way,surface,MISSING,Surface tag is recommended to assess accessibility
169672614,way,surface,MISSING,Surface tag is recommended to assess accessibility
169673017,way,surface,MISSING,Surface tag is recommended to assess accessibility
169673019,way,surface,MISSING,Surface tag is recommended to assess accessibility
169673023,way,surface,MISSING,Surface tag is recommended to assess accessibility
170088403,way,surface,MISSING,Surface tag is recommended to assess accessibility
170088405,way,surface,MISSING,Surface tag is recommended to assess accessibility
170088427,way,surface,MISSING,Surface tag is recommended to assess accessibility
170088436,way,surface,MISSING,Surface tag is recommended to assess accessibility
170192215,way,surface,MISSING,Surface tag is recommended to assess accessibility
170192216,way,surface,MISSING,Surface tag is recommended to assess accessibility
170192218,way,surface,MISSING,Surface tag is recommended to assess accessibility
170192222,way,surface,MISSING,Surface tag is recommended to assess accessibility
170192224,way,surface,MISSING,Surface tag is recommended to assess accessibility
170192225,way,surface,MISSING,Surface tag is recommended to assess accessibility
170192226,way,surface,MISSING,Surface tag is recommended to assess accessibility
170192228,way,surface,MISSING,Surface tag is recommended to assess accessibility
170192229,way,surface,MISSING,Surface tag is recommended to assess accessibility
170192230,way,surface,MISSING,Surface tag is recommended to assess accessibility
170192231,way,surface,MISSING,Surface tag is recommended to assess accessibility
170192233,way,surface,MISSING,Surface tag is recommended to assess accessibility
170192241,way,surface,MISSING,Surface tag is recommended to assess accessibility
170724827,way,surface,MISSING,Surface tag is recommended to assess accessibility
170724832,way,surface,MISSING,Surface tag is recommended to assess accessibility
170724834,way,surface,MISSING,Surface tag is recommended to assess accessibility
170724837,way,surface,MISSING,Surface tag is recommended to assess accessibility
170724839,way,surface,MISSING,Surface tag is recommended to assess accessibility
170724844,way,surface,MISSING,Surface tag is recommended to assess accessibility
171848658,way,surface,MISSING,Surface tag is recommended to assess accessibility
171848674,way,surface,MISSING,Surface tag is recommended to assess accessibility
171848684,way,surface,MISSING,Surface tag is recommended to assess accessibility
171848685,way,surface,MISSING,Surface tag is recommended to assess accessibility
171848690,way,surface,MISSING,Surface tag is recommended to assess accessibility
171848691,way,surface,MISSING,Surface tag is recommended to assess accessibility
171848692,way,surface,MISSING,Surface tag is recommended to assess accessibility
171848696,way,surface,MISSING,Surface tag is recommended to assess accessibility
171848697,way,surface,MISSING,Surface tag is recommended to assess accessibility
171848708,way,surface,MISSING,Surface tag is recommended to assess accessibility
172739636,way,surface,MISSING,Surface tag is recommended to assess accessibility
172739987,way,surface,MISSING,Surface tag is recommended to assess accessibility
172904329,way,surface,MISSING,Surface tag is recommended to assess accessibility
172904330,way,surface,MISSING,Surface tag is recommended to assess accessibility
172904334,way,surface,MISSING,Surface tag is recommended to assess accessibility
172906513,way,surface,MISSING,Surface tag is recommended to assess accessibility
172906521,way,surface,MISSING,Surface tag is recommended to assess accessibility
173145212,way,surface,MISSING,Surface tag is recommended to assess accessibility
173564674,way,surface,MISSING,Surface tag is recommended to assess accessibility
173564676,way,surface,MISSING,Surface tag is recommended to assess accessibility
173757058,way,surface,MISSING,Surface tag is recommended to assess accessibility
173757059,way,surface,MISSING,Surface tag is recommended to assess accessibility
173757060,way,surface,MISSING,Surface tag is recommended to assess accessibility
173757061,way,surface,MISSING,Surface tag is recommended to assess accessibility
173757062,way,surface,MISSING,Surface tag is recommended to assess accessibility
173757063,way,surface,MISSING,Surface tag is recommended to assess accessibility
173757064,way,surface,MISSING,Surface tag is recommended to assess accessibility
173757065,way,surface,MISSING,Surface tag is recommended to assess accessibility
173757066,way,surface,MISSING,Surface tag is recommended to assess accessibility
173757067,way,surface,MISSING,Surface tag is recommended to assess accessibility
173757069,way,surface,MISSING,Surface tag is recommended to assess accessibility
173757070,way,surface,MISSING,Surface tag is recommended to assess accessibility
173757071,way,surface,MISSING,Surface tag is recommended to assess accessibility
173760258,way,surface,MISSING,Surface tag is recommended to assess accessibility
173760261,way,surface,MISSING,Surface tag is recommended to assess accessibility
173760263,way,surface,MISSING,Surface tag is recommended to assess accessibility
173760265,way,surface,MISSING,Surface tag is recommended to assess accessibility
173760268,way,surface,MISSING,Surface tag is recommended to assess accessibility
173760276,way,surface,MISSING,Surface tag is recommended to assess accessibility
173760280,way,surface,MISSING,Surface tag is recommended to assess accessibility
173760284,way,surface,MISSING,Surface tag is recommended to assess accessibility
173760286,way,surface,MISSING,Surface tag is recommended to assess accessibility
173760292,way,surface,MISSING,Surface tag is recommended to assess accessibility
173760295,way,surface,MISSING,Surface tag is recommended to assess accessibility
173760297,way,surface,MISSING,Surface tag is recommended to assess accessibility
173760299,way,surface,MISSING,Surface tag is recommended to assess accessibility
173760304,way,surface,MISSING,Surface tag is recommended to assess accessibility
173760309,way,surface,MISSING,Surface tag is recommended to assess accessibility
173760311,way,surface,MISSING,Surface tag is recommended to assess accessibility
173760316,way,surface,MISSING,Surface tag is recommended to assess accessibility
173760318,way,surface,MISSING,Surface tag is recommended to assess accessibility
173760320,way,surface,MISSING,Surface tag is recommended to assess accessibility
173760322,way,surface,MISSING,Surface tag is recommended to assess accessibility
173760325,way,surface,MISSING,Surface tag is recommended to assess accessibility
173760329,way,surface,MISSING,Surface tag is recommended to assess accessibility
173760334,way,surface,MISSING,Surface tag is recommended to assess accessibility
173760340,way,surface,MISSING,Surface tag is recommended to assess accessibility
174420257,way,surface,MISSING,Surface tag is recommended to assess accessibility
174420259,way,surface,MISSING,Surface tag is recommended to assess accessibility
174420260,way,surface,MISSING,Surface tag is recommended to assess accessibility
174420261,way,surface,MISSING,Surface tag is recommended to assess accessibility
174420262,way,surface,MISSING,Surface tag is recommended to assess accessibility
174420264,way,surface,MISSING,Surface tag is recommended to assess accessibility
174420265,way,surface,MISSING,Surface tag is recommended to assess accessibility
174420266,way,surface,MISSING,Surface tag is recommended to assess accessibility
174420267,way,surface,MISSING,Surface tag is recommended to assess accessibility
174420268,way,surface,MISSING,Surface tag is recommended to assess accessibility
176114409,way,surface,MISSING,Surface tag is recommended to assess accessibility
176114410,way,surface,MISSING,Surface tag is recommended to assess accessibility
176114411,way,surface,MISSING,Surface tag is recommended to assess accessibility
176114412,way,surface,MISSING,Surface tag is recommended to assess accessibility
176115231,way,surface,MISSING,Surface tag is recommended to assess accessibility
176115232,way,surface,MISSING,Surface tag is recommended to assess accessibility
176115233,way,surface,MISSING,Surface tag is recommended to assess accessibility
176115234,way,surface,MISSING,Surface tag is recommended to assess accessibility
176115235,way,surface,MISSING,Surface tag is recommended to assess accessibility
176115236,way,surface,MISSING,Surface tag is recommended to assess accessibility
176115237,way,surface,MISSING,Surface tag is recommended to assess accessibility
176115238,way,surface,MISSING,Surface tag is recommended to assess accessibility
176115239,way,surface,MISSING,Surface tag is recommended to assess accessibility
176115240,way,surface,MISSING,Surface tag is recommended to assess accessibility
176115242,way,surface,MISSING,Surface tag is recommended to assess accessibility
176115243,way,surface,MISSING,Surface tag is recommended to assess accessibility
176115244,way,surface,MISSING,Surface tag is recommended to assess accessibility
176115245,way,surface,MISSING,Surface tag is recommended to assess accessibility
176115246,way,surface,MISSING,Surface tag is recommended to assess accessibility
176115247,way,surface,MISSING,Surface tag is recommended to assess accessibility
176115248,way,surface,MISSING,Surface tag is recommended to assess accessibility
176115249,way,surface,MISSING,Surface tag is recommended to assess accessibility
176115250,way,surface,MISSING,Surface tag is recommended to assess accessibility
176115252,way,surface,MISSING,Surface tag is recommended to assess accessibility
176115253,way,surface,MISSING,Surface tag is recommended to assess accessibility
176115254,way,surface,MISSING,Surface tag is recommended to assess accessibility
176118988,way,surface,MISSING,Surface tag is recommended to assess accessibility
176118989,way,surface,MISSING,Surface tag is recommended to assess accessibility
176118990,way,surface,MISSING,Surface tag is recommended to assess accessibility
176118996,way,surface,MISSING,Surface tag is recommended to assess accessibility
176118997,way,surface,MISSING,Surface tag is recommended to assess accessibility
176118999,way,surface,MISSING,Surface tag is recommended to assess accessibility
176119004,way,surface,MISSING,Surface tag is recommended to assess accessibility
176119005,way,surface,MISSING,Surface tag is recommended to assess accessibility
176119008,way,surface,MISSING,Surface tag is recommended to assess accessibility
176119013,way,surface,MISSING,Surface tag is recommended to assess accessibility
176123449,way,surface,MISSING,Surface tag is recommended to assess accessibility
176123450,way,surface,MISSING,Surface tag is recommended to assess accessibility
176123451,way,surface,MISSING,Surface tag is recommended to assess accessibility
176123456,way,surface,MISSING,Surface tag is recommended to assess accessibility
176123457,way,surface,MISSING,Surface tag is recommended to assess accessibility
176123458,way,surface,MISSING,Surface tag is recommended to assess accessibility
176125104,way,surface,MISSING,Surface tag is recommended to assess accessibility
176125106,way,surface,MISSING,Surface tag is recommended to assess accessibility
176125107,way,surface,MISSING,Surface tag is recommended to assess accessibility
176125108,way,surface,MISSING,Surface tag is recommended to assess accessibility
176125114,way,surface,MISSING,Surface tag is recommended to assess accessibility
176125117,way,surface,MISSING,Surface tag is recommended to assess accessibility
176125119,way,surface,MISSING,Surface tag is recommended to assess accessibility
176125120,way,surface,MISSING,Surface tag is recommended to assess accessibility
176125121,way,surface,MISSING,Surface tag is recommended to assess accessibility
176125125,way,surface,MISSING,Surface tag is recommended to assess accessibility
176125128,way,surface,MISSING,Surface tag is recommended to assess accessibility
176125130,way,surface,MISSING,Surface tag is recommended to assess accessibility
176125132,way,surface,MISSING,Surface tag is recommended to assess accessibility
176125133,way,surface,MISSING,Surface tag is recommended to assess accessibility
176125134,way,surface,MISSING,Surface tag is recommended to assess accessibility
176125138,way,surface,MISSING,Surface tag is recommended to assess accessibility
176125141,way,surface,MISSING,Surface tag is recommended to assess accessibility
176179935,way,surface,MISSING,Surface tag is recommended to assess accessibility
176179936,way,surface,MISSING,Surface tag is recommended to assess accessibility
176179938,way,surface,MISSING,Surface tag is recommended to assess accessibility
176179941,way,surface,MISSING,Surface tag is recommended to assess accessibility
176179943,way,surface,MISSING,Surface tag is recommended to assess accessibility
176179945,way,surface,MISSING,Surface tag is recommended to assess accessibility
176319934,way,surface,MISSING,Surface tag is recommended to assess accessibility
176319943,way,surface,MISSING,Surface tag is recommended to assess accessibility
176322532,way,surface,MISSING,Surface tag is recommended to assess accessibility
176322533,way,surface,MISSING,Surface tag is recommended to assess accessibility
176322534,way,surface,MISSING,Surface tag is recommended to assess accessibility
176322535,way,surface,MISSING,Surface tag is recommended to assess accessibility
176646080,way,surface,MISSING,Surface tag is recommended to assess accessibility
176650551,way,surface,MISSING,Surface tag is recommended to assess accessibility
176650552,way,surface,MISSING,Surface tag is recommended to assess accessibility
176650554,way,surface,MISSING,Surface tag is recommended to assess accessibility
176650555,way,surface,MISSING,Surface tag is recommended to assess accessibility
176650556,way,surface,MISSING,Surface tag is recommended to assess accessibility
176652895,way,surface,MISSING,Surface tag is recommended to assess accessibility
176652896,way,surface,MISSING,Surface tag is recommended to assess accessibility
176652897,way,surface,MISSING,Surface tag is recommended to assess accessibility
176652900,way,surface,MISSING,Surface tag is recommended to assess accessibility
176652902,way,surface,MISSING,Surface tag is recommended to assess accessibility
177792658,way,surface,MISSING,Surface tag is recommended to assess accessibility
177792659,way,surface,MISSING,Surface tag is recommended to assess accessibility
177792660,way,surface,MISSING,Surface tag is recommended to assess accessibility
177792661,way,surface,MISSING,Surface tag is recommended to assess accessibility
177792667,way,surface,MISSING,Surface tag is recommended to assess accessibility
177792668,way,surface,MISSING,Surface tag is recommended to assess accessibility
177792669,way,surface,MISSING,Surface tag is recommended to assess accessibility
177792671,way,surface,MISSING,Surface tag is recommended to assess accessibility
177792672,way,surface,MISSING,Surface tag is recommended to assess accessibility
177792673,way,surface,MISSING,Surface tag is recommended to assess accessibility
177792674,way,surface,MISSING,Surface tag is recommended to assess accessibility
178252339,way,surface,MISSING,Surface tag is recommended to assess accessibility
178252340,way,surface,MISSING,Surface tag is recommended to assess accessibility
178252341,way,surface,MISSING,Surface tag is recommended to assess accessibility
178252342,way,surface,MISSING,Surface tag is recommended to assess accessibility
178252343,way,surface,MISSING,Surface tag is recommended to assess accessibility
178252344,way,surface,MISSING,Surface tag is recommended to assess accessibility
178252345,way,surface,MISSING,Surface tag is recommended to assess accessibility
178252794,way,surface,MISSING,Surface tag is recommended to assess accessibility
178252795,way,surface,MISSING,Surface tag is recommended to assess accessibility
178252796,way,surface,MISSING,Surface tag is recommended to assess accessibility
178253122,way,surface,MISSING,Surface tag is recommended to assess accessibility
178253125,way,surface,MISSING,Surface tag is recommended to assess accessibility
178253126,way,surface,MISSING,Surface tag is recommended to assess accessibility
178253129,way,surface,MISSING,Surface tag is recommended to assess accessibility
178253130,way,surface,MISSING,Surface tag is recommended to assess accessibility
178253131,way,surface,MISSING,Surface tag is recommended to assess accessibility
178253132,way,surface,MISSING,Surface tag is recommended to assess accessibility
178253136,way,surface,MISSING,Surface tag is recommended to assess accessibility
178253137,way,surface,MISSING,Surface tag is recommended to assess accessibility
178253888,way,surface,MISSING,Surface tag is recommended to assess accessibility
178253889,way,surface,MISSING,Surface tag is recommended to assess accessibility
178253890,way,surface,MISSING,Surface tag is recommended to assess accessibility
178253891,way,surface,MISSING,Surface tag is recommended to assess accessibility
178254161,way,surface,MISSING,Surface tag is recommended to assess accessibility
178254162,way,surface,MISSING,Surface tag is recommended to assess accessibility
178254163,way,surface,MISSING,Surface tag is recommended to assess accessibility
178254164,way,surface,MISSING,Surface tag is recommended to assess accessibility
178254165,way,surface,MISSING,Surface tag is recommended to assess accessibility
178254167,way,surface,MISSING,Surface tag is recommended to assess accessibility
178254168,way,surface,MISSING,Surface tag is recommended to assess accessibility
178254175,way,surface,MISSING,Surface tag is recommended to assess accessibility
178254176,way,surface,MISSING,Surface tag is recommended to assess accessibility
178254178,way,surface,MISSING,Surface tag is recommended to assess accessibility
178508388,way,surface,MISSING,Surface tag is recommended to assess accessibility
178508390,way,surface,MISSING,Surface tag is recommended to assess accessibility
178508392,way,surface,MISSING,Surface tag is recommended to assess accessibility
178508396,way,surface,MISSING,Surface tag is recommended to assess accessibility
178508398,way,surface,MISSING,Surface tag is recommended to assess accessibility
178984400,way,surface,MISSING,Surface tag is recommended to assess accessibility
178984403,way,surface,MISSING,Surface tag is recommended to assess accessibility
178984405,way,surface,MISSING,Surface tag is recommended to assess accessibility
178988800,way,surface,MISSING,Surface tag is recommended to assess accessibility
178988801,way,surface,MISSING,Surface tag is recommended to assess accessibility
178988802,way,surface,MISSING,Surface tag is recommended to assess accessibility
178988803,way,surface,MISSING,Surface tag is recommended to assess accessibility
178988804,way,surface,MISSING,Surface tag is recommended to assess accessibility
178988805,way,surface,MISSING,Surface tag is recommended to assess accessibility
178988806,way,surface,MISSING,Surface tag is recommended to assess accessibility
178988807,way,surface,MISSING,Surface tag is recommended to assess accessibility
178988808,way,surface,MISSING,Surface tag is recommended to assess accessibility
178988809,way,surface,MISSING,Surface tag is recommended to assess accessibility
178992026,way,surface,MISSING,Surface tag is recommended to assess accessibility
178992027,way,surface,MISSING,Surface tag is recommended to assess accessibility
178992028,way,surface,MISSING,Surface tag is recommended to assess accessibility
178992534,way,surface,MISSING,Surface tag is recommended to assess accessibility
178992535,way,surface,MISSING,Surface tag is recommended to assess accessibility
179249071,way,surface,MISSING,Surface tag is recommended to assess accessibility
179249073,way,surface,MISSING,Surface tag is recommended to assess accessibility
179249074,way,surface,MISSING,Surface tag is recommended to assess accessibility
179249075,way,surface,MISSING,Surface tag is recommended to assess accessibility
179249076,way,surface,MISSING,Surface tag is recommended to assess accessibility
179249077,way,surface,MISSING,Surface tag is recommended to assess accessibility
179249078,way,surface,MISSING,Surface tag is recommended to assess accessibility
179249079,way,surface,MISSING,Surface tag is recommended to assess accessibility
179249081,way,surface,MISSING,Surface tag is recommended to assess accessibility
179249082,way,surface,MISSING,Surface tag is recommended to assess accessibility
179252280,way,surface,MISSING,Surface tag is recommended to assess accessibility
179257030,way,surface,MISSING,Surface tag is recommended to assess accessibility
179257033,way,surface,MISSING,Surface tag is recommended to assess accessibility
179257035,way,surface,MISSING,Surface tag is recommended to assess accessibility
179257037,way,surface,MISSING,Surface tag is recommended to assess accessibility
179257044,way,surface,MISSING,Surface tag is recommended to assess accessibility
179257047,way,surface,MISSING,Surface tag is recommended to assess accessibility
179257049,way,surface,MISSING,Surface tag is recommended to assess accessibility
179924427,way,surface,MISSING,Surface tag is recommended to assess accessibility
179924432,way,surface,MISSING,Surface tag is recommended to assess accessibility
179924458,way,surface,MISSING,Surface tag is recommended to assess accessibility
179924461,way,surface,MISSING,Surface tag is recommended to assess accessibility
179924464,way,surface,MISSING,Surface tag is recommended to assess accessibility
179924468,way,surface,MISSING,Surface tag is recommended to assess accessibility
179924472,way,surface,MISSING,Surface tag is recommended to assess accessibility
179924479,way,surface,MISSING,Surface tag is recommended to assess accessibility
179924481,way,surface,MISSING,Surface tag is recommended to assess accessibility
179924482,way,surface,MISSING,Surface tag is recommended to assess accessibility
179924485,way,surface,MISSING,Surface tag is recommended to assess accessibility
179924493,way,surface,MISSING,Surface tag is recommended to assess accessibility
179933531,way,surface,MISSING,Surface tag is recommended to assess accessibility
179933532,way,surface,MISSING,Surface tag is recommended to assess accessibility
179933533,way,surface,MISSING,Surface tag is recommended to assess accessibility
179933534,way,surface,MISSING,Surface tag is recommended to assess accessibility
179933535,way,surface,MISSING,Surface tag is recommended to assess accessibility
179933538,way,surface,MISSING,Surface tag is recommended to assess accessibility
179933539,way,surface,MISSING,Surface tag is recommended to assess accessibility
179934382,way,surface,MISSING,Surface tag is recommended to assess accessibility
181069346,way,surface,MISSING,Surface tag is recommended to assess accessibility
181069347,way,surface,MISSING,Surface tag is recommended to assess accessibility
181069348,way,surface,MISSING,Surface tag is recommended to assess accessibility
181069349,way,surface,MISSING,Surface tag is recommended to assess accessibility
181069350,way,surface,MISSING,Surface tag is recommended to assess accessibility
181069351,way,surface,MISSING,Surface tag is recommended to assess accessibility
181069352,way,surface,MISSING,Surface tag is recommended to assess accessibility
181069353,way,surface,MISSING,Surface tag is recommended to assess accessibility
181069355,way,surface,MISSING,Surface tag is recommended to assess accessibility
181069356,way,surface,MISSING,Surface tag is recommended to assess accessibility
181069357,way,surface,MISSING,Surface tag is recommended to assess accessibility
181069358,way,surface,MISSING,Surface tag is recommended to assess accessibility
181069359,way,surface,MISSING,Surface tag is recommended to assess accessibility
181069360,way,surface,MISSING,Surface tag is recommended to assess accessibility
181069361,way,surface,MISSING,Surface tag is recommended to assess accessibility
181972759,way,surface,MISSING,Surface tag is recommended to assess accessibility
181972760,way,surface,MISSING,Surface tag is recommended to assess accessibility
181972761,way,surface,MISSING,Surface tag is recommended to assess accessibility
181972762,way,surface,MISSING,Surface tag is recommended to assess accessibility
181972763,way,surface,MISSING,Surface tag is recommended to assess accessibility
181972764,way,surface,MISSING,Surface tag is recommended to assess accessibility
181972765,way,surface,MISSING,Surface tag is recommended to assess accessibility
181972766,way,surface,MISSING,Surface tag is recommended to assess accessibility
181972767,way,surface,MISSING,Surface tag is recommended to assess accessibility
181972768,way,surface,MISSING,Surface tag is recommended to assess accessibility
181972770,way,surface,MISSING,Surface tag is recommended to assess accessibility
181973058,way,surface,MISSING,Surface tag is recommended to assess accessibility
181973060,way,surface,MISSING,Surface tag is recommended to assess accessibility
181973062,way,surface,MISSING,Surface tag is recommended to assess accessibility
181973063,way,surface,MISSING,Surface tag is recommended to assess accessibility
181973064,way,surface,MISSING,Surface tag is recommended to assess accessibility
181973066,way,surface,MISSING,Surface tag is recommended to assess accessibility
181973067,way,surface,MISSING,Surface tag is recommended to assess accessibility
181974964,way,surface,MISSING,Surface tag is recommended to assess accessibility
181974965,way,surface,MISSING,Surface tag is recommended to assess accessibility
181974966,way,surface,MISSING,Surface tag is recommended to assess accessibility
181974967,way,surface,MISSING,Surface tag is recommended to assess accessibility
182300164,way,surface,MISSING,Surface tag is recommended to assess accessibility
182300165,way,surface,MISSING,Surface tag is recommended to assess accessibility
182301321,way,surface,MISSING,Surface tag is recommended to assess accessibility
182301323,way,surface,MISSING,Surface tag is recommended to assess accessibility
182301324,way,surface,MISSING,Surface tag is recommended to assess accessibility
182301325,way,surface,MISSING,Surface tag is recommended to assess accessibility
182301328,way,surface,MISSING,Surface tag is recommended to assess accessibility
182301329,way,surface,MISSING,Surface tag is recommended to assess accessibility
182301330,way,surface,MISSING,Surface tag is recommended to assess accessibility
182301331,way,surface,MISSING,Surface tag is recommended to assess accessibility
182654124,way,surface,MISSING,Surface tag is recommended to assess accessibility
182654126,way,surface,MISSING,Surface tag is recommended to assess accessibility
182654128,way,surface,MISSING,Surface tag is recommended to assess accessibility
182654130,way,surface,MISSING,Surface tag is recommended to assess accessibility
182654131,way,surface,MISSING,Surface tag is recommended to assess accessibility
182654132,way,surface,MISSING,Surface tag is recommended to assess accessibility
182654137,way,surface,MISSING,Surface tag is recommended to assess accessibility
182654139,way,surface,MISSING,Surface tag is recommended to assess accessibility
182654140,way,surface,MISSING,Surface tag is recommended to assess accessibility
182654141,way,surface,MISSING,Surface tag is recommended to assess accessibility
182654143,way,surface,MISSING,Surface tag is recommended to assess accessibility
182656673,way,surface,MISSING,Surface tag is recommended to assess accessibility
182830727,way,surface,MISSING,Surface tag is recommended to assess accessibility
182830728,way,surface,MISSING,Surface tag is recommended to assess accessibility
182830729,way,surface,MISSING,Surface tag is recommended to assess accessibility
182830730,way,surface,MISSING,Surface tag is recommended to assess accessibility
182830731,way,surface,MISSING,Surface tag is recommended to assess accessibility
182830732,way,surface,MISSING,Surface tag is recommended to assess accessibility
182830733,way,surface,MISSING,Surface tag is recommended to assess accessibility
182830734,way,surface,MISSING,Surface tag is recommended to assess accessibility
182830735,way,surface,MISSING,Surface tag is recommended to assess accessibility
182830737,way,surface,MISSING,Surface tag is recommended to assess accessibility
182830739,way,surface,MISSING,Surface tag is recommended to assess accessibility
182830744,way,surface,MISSING,Surface tag is recommended to assess accessibility
182830745,way,surface,MISSING,Surface tag is recommended to assess accessibility
182830747,way,surface,MISSING,Surface tag is recommended to assess accessibility
182830750,way,surface,MISSING,Surface tag is recommended to assess accessibility
182830751,way,surface,MISSING,Surface tag is recommended to assess accessibility
182830752,way,surface,MISSING,Surface tag is recommended to assess accessibility
182830753,way,surface,MISSING,Surface tag is recommended to assess accessibility
182830758,way,surface,MISSING,Surface tag is recommended to assess accessibility
182830760,way,surface,MISSING,Surface tag is recommended to assess accessibility
182830761,way,surface,MISSING,Surface tag is recommended to assess accessibility
182830762,way,surface,MISSING,Surface tag is recommended to assess accessibility
182830764,way,surface,MISSING,Surface tag is recommended to assess accessibility
182830765,way,surface,MISSING,Surface tag is recommended to assess accessibility
182830766,way,surface,MISSING,Surface tag is recommended to assess accessibility
182830768,way,surface,MISSING,Surface tag is recommended to assess accessibility
182830770,way,surface,MISSING,Surface tag is recommended to assess accessibility
182830771,way,surface,MISSING,Surface tag is recommended to assess accessibility
182830772,way,surface,MISSING,Surface tag is recommended to assess accessibility
182830775,way,surface,MISSING,Surface tag is recommended to assess accessibility
182830776,way,surface,MISSING,Surface tag is recommended to assess accessibility
182830784,way,surface,MISSING,Surface tag is recommended to assess accessibility
182830785,way,surface,MISSING,Surface tag is recommended to assess accessibility
182830786,way,surface,MISSING,Surface tag is recommended to assess accessibility
182830787,way,surface,MISSING,Surface tag is recommended to assess accessibility
182830790,way,surface,MISSING,Surface tag is recommended to assess accessibility
182830791,way,surface,MISSING,Surface tag is recommended to assess accessibility
182830792,way,surface,MISSING,Surface tag is recommended to assess accessibility
182830793,way,surface,MISSING,Surface tag is recommended to assess accessibility
182830797,way,surface,MISSING,Surface tag is recommended to assess accessibility
182830798,way,surface,MISSING,Surface tag is recommended to assess accessibility
182830800,way,surface,MISSING,Surface tag is recommended to assess accessibility
182830822,way,surface,MISSING,Surface tag is recommended to assess accessibility
182840582,way,surface,MISSING,Surface tag is recommended to assess accessibility
182840590,way,surface,MISSING,Surface tag is recommended to assess accessibility
182840603,way,surface,MISSING,Surface tag is recommended to assess accessibility
182840609,way,surface,MISSING,Surface tag is recommended to assess accessibility
182849605,way,surface,MISSING,Surface tag is recommended to assess accessibility
183251427,way,surface,MISSING,Surface tag is recommended to assess accessibility
183251428,way,surface,MISSING,Surface tag is recommended to assess accessibility
183251429,way,surface,MISSING,Surface tag is recommended to assess accessibility
183251430,way,surface,MISSING,Surface tag is recommended to assess accessibility
183251431,way,surface,MISSING,Surface tag is recommended to assess accessibility
183251432,way,surface,MISSING,Surface tag is recommended to assess accessibility
183251433,way,surface,MISSING,Surface tag is recommended to assess accessibility
183251434,way,surface,MISSING,Surface tag is recommended to assess accessibility
183251435,way,surface,MISSING,Surface tag is recommended to assess accessibility
183251437,way,surface,MISSING,Surface tag is recommended to assess accessibility
183251438,way,surface,MISSING,Surface tag is recommended to assess accessibility
183251441,way,surface,MISSING,Surface tag is recommended to assess accessibility
183251443,way,surface,MISSING,Surface tag is recommended to assess accessibility
183251444,way,surface,MISSING,Surface tag is recommended to assess accessibility
183251445,way,surface,MISSING,Surface tag is recommended to assess accessibility
183251446,way,surface,MISSING,Surface tag is recommended to assess accessibility
183251447,way,surface,MISSING,Surface tag is recommended to assess accessibility
183251448,way,surface,MISSING,Surface tag is recommended to assess accessibility
183251453,way,surface,MISSING,Surface tag is recommended to assess accessibility
183251454,way,surface,MISSING,Surface tag is recommended to assess accessibility
183251455,way,surface,MISSING,Surface tag is recommended to assess accessibility
183252222,way,surface,MISSING,Surface tag is recommended to assess accessibility
183253184,way,surface,MISSING,Surface tag is recommended to assess accessibility
183253186,way,surface,MISSING,Surface tag is recommended to assess accessibility
183253187,way,surface,MISSING,Surface tag is recommended to assess accessibility
183253188,way,surface,MISSING,Surface tag is recommended to assess accessibility
183253189,way,surface,MISSING,Surface tag is recommended to assess accessibility
183253190,way,surface,MISSING,Surface tag is recommended to assess accessibility
183253191,way,surface,MISSING,Surface tag is recommended to assess accessibility
183254099,way,surface,MISSING,Surface tag is recommended to assess accessibility
183390044,way,surface,MISSING,Surface tag is recommended to assess accessibility
183390045,way,surface,MISSING,Surface tag is recommended to assess accessibility
183390047,way,surface,MISSING,Surface tag is recommended to assess accessibility
183390054,way,surface,MISSING,Surface tag is recommended to assess accessibility
183390056,way,surface,MISSING,Surface tag is recommended to assess accessibility
184103447,way,surface,MISSING,Surface tag is recommended to assess accessibility
184103450,way,surface,MISSING,Surface tag is recommended to assess accessibility
184103454,way,surface,MISSING,Surface tag is recommended to assess accessibility
184103455,way,surface,MISSING,Surface tag is recommended to assess accessibility
184103456,way,surface,MISSING,Surface tag is recommended to assess accessibility
184103458,way,surface,MISSING,Surface tag is recommended to assess accessibility
184103459,way,surface,MISSING,Surface tag is recommended to assess accessibility
184103460,way,surface,MISSING,Surface tag is recommended to assess accessibility
184103467,way,surface,MISSING,Surface tag is recommended to assess accessibility
184106243,way,surface,MISSING,Surface tag is recommended to assess accessibility
184106244,way,surface,MISSING,Surface tag is recommended to assess accessibility
184106245,way,surface,MISSING,Surface tag is recommended to assess accessibility
184107336,way,surface,MISSING,Surface tag is recommended to assess accessibility
184107338,way,surface,MISSING,Surface tag is recommended to assess accessibility
184148240,way,surface,MISSING,Surface tag is recommended to assess accessibility
184148241,way,surface,MISSING,Surface tag is recommended to assess accessibility
184148242,way,surface,MISSING,Surface tag is recommended to assess accessibility
184148243,way,surface,MISSING,Surface tag is recommended to assess accessibility
184148244,way,surface,MISSING,Surface tag is recommended to assess accessibility
184148245,way,surface,MISSING,Surface tag is recommended to assess accessibility
184148246,way,surface,MISSING,Surface tag is recommended to assess accessibility
184148247,way,surface,MISSING,Surface tag is recommended to assess accessibility
184148248,way,surface,MISSING,Surface tag is recommended to assess accessibility
184148249,way,surface,MISSING,Surface tag is recommended to assess accessibility
184148250,way,surface,MISSING,Surface tag is recommended to assess accessibility
184148251,way,surface,MISSING,Surface tag is recommended to assess accessibility
184148253,way,surface,MISSING,Surface tag is recommended to assess accessibility
184148255,way,surface,MISSING,Surface tag is recommended to assess accessibility
184148256,way,surface,MISSING,Surface tag is recommended to assess accessibility
184148257,way,surface,MISSING,Surface tag is recommended to assess accessibility
184148258,way,surface,MISSING,Surface tag is recommended to assess accessibility
184148260,way,surface,MISSING,Surface tag is recommended to assess accessibility
184148261,way,surface,MISSING,Surface tag is recommended to assess accessibility
184148262,way,surface,MISSING,Surface tag is recommended to assess accessibility
184148263,way,surface,MISSING,Surface tag is recommended to assess accessibility
184148264,way,surface,MISSING,Surface tag is recommended to assess accessibility
184148269,way,surface,MISSING,Surface tag is recommended to assess accessibility
184148270,way,surface,MISSING,Surface tag is recommended to assess accessibility
184148271,way,surface,MISSING,Surface tag is recommended to assess accessibility
184148272,way,surface,MISSING,Surface tag is recommended to assess accessibility
184148273,way,surface,MISSING,Surface tag is recommended to assess accessibility
184148274,way,surface,MISSING,Surface tag is recommended to assess accessibility
184148275,way,surface,MISSING,Surface tag is recommended to assess accessibility
184148276,way,surface,MISSING,Surface tag is recommended to assess accessibility
184148277,way,surface,MISSING,Surface tag is recommended to assess accessibility
184148278,way,surface,MISSING,Surface tag is recommended to assess accessibility
184148279,way,surface,MISSING,Surface tag is recommended to assess accessibility
184148280,way,surface,MISSING,Surface tag is recommended to assess accessibility
184148281,way,surface,MISSING,Surface tag is recommended to assess accessibility
185742584,way,surface,MISSING,Surface tag is recommended to assess accessibility
185742585,way,surface,MISSING,Surface tag is recommended to assess accessibility
185742586,way,surface,MISSING,Surface tag is recommended to assess accessibility
185742587,way,surface,MISSING,Surface tag is recommended to assess accessibility
185986396,way,surface,MISSING,Surface tag is recommended to assess accessibility
185986398,way,surface,MISSING,Surface tag is recommended to assess accessibility
185986399,way,surface,MISSING,Surface tag is recommended to assess accessibility
185986401,way,surface,MISSING,Surface tag is recommended to assess accessibility
185986403,way,surface,MISSING,Surface tag is recommended to assess accessibility
185986406,way,surface,MISSING,Surface tag is recommended to assess accessibility
185986408,way,surface,MISSING,Surface tag is recommended to assess accessibility
185986410,way,surface,MISSING,Surface tag is recommended to assess accessibility
186087148,way,surface,MISSING,Surface tag is recommended to assess accessibility
186087149,way,surface,MISSING,Surface tag is recommended to assess accessibility
188458701,way,surface,MISSING,Surface tag is recommended to assess accessibility
188458703,way,surface,MISSING,Surface tag is recommended to assess accessibility
188464553,way,surface,MISSING,Surface tag is recommended to assess accessibility
189166637,way,surface,MISSING,Surface tag is recommended to assess accessibility
189166640,way,surface,MISSING,Surface tag is recommended to assess accessibility
189166641,way,surface,MISSING,Surface tag is recommended to assess accessibility
189166643,way,surface,MISSING,Surface tag is recommended to assess accessibility
189166645,way,surface,MISSING,Surface tag is recommended to assess accessibility
189166646,way,surface,MISSING,Surface tag is recommended to assess accessibility
189166649,way,surface,MISSING,Surface tag is recommended to assess accessibility
189166653,way,surface,MISSING,Surface tag is recommended to assess accessibility
189166654,way,surface,MISSING,Surface tag is recommended to assess accessibility
189166657,way,surface,MISSING,Surface tag is recommended to assess accessibility
189166658,way,surface,MISSING,Surface tag is recommended to assess accessibility
189166663,way,surface,MISSING,Surface tag is recommended to assess accessibility
189166665,way,surface,MISSING,Surface tag is recommended to assess accessibility
189166667,way,surface,MISSING,Surface tag is recommended to assess accessibility
189166671,way,surface,MISSING,Surface tag is recommended to assess accessibility
189166672,way,surface,MISSING,Surface tag is recommended to assess accessibility
189166673,way,surface,MISSING,Surface tag is recommended to assess accessibility
189166674,way,surface,MISSING,Surface tag is recommended to assess accessibility
189166678,way,surface,MISSING,Surface tag is recommended to assess accessibility
189166687,way,surface,MISSING,Surface tag is recommended to assess accessibility
189476257,way,surface,MISSING,Surface tag is recommended to assess accessibility
189476268,way,surface,MISSING,Surface tag is recommended to assess accessibility
189476269,way,surface,MISSING,Surface tag is recommended to assess accessibility
189476270,way,surface,MISSING,Surface tag is recommended to assess accessibility
189476272,way,surface,MISSING,Surface tag is recommended to assess accessibility
189477977,way,surface,MISSING,Surface tag is recommended to assess accessibility
189477983,way,surface,MISSING,Surface tag is recommended to assess accessibility
189477984,way,surface,MISSING,Surface tag is recommended to assess accessibility
189477985,way,surface,MISSING,Surface tag is recommended to assess accessibility
189477986,way,surface,MISSING,Surface tag is recommended to assess accessibility
189477987,way,surface,MISSING,Surface tag is recommended to assess accessibility
189477988,way,surface,MISSING,Surface tag is recommended to assess accessibility
189477989,way,surface,MISSING,Surface tag is recommended to assess accessibility
189477990,way,surface,MISSING,Surface tag is recommended to assess accessibility
189477991,way,surface,MISSING,Surface tag is recommended to assess accessibility
189477993,way,surface,MISSING,Surface tag is recommended to assess accessibility
189477994,way,surface,MISSING,Surface tag is recommended to assess accessibility
189477995,way,surface,MISSING,Surface tag is recommended to assess accessibility
189477996,way,surface,MISSING,Surface tag is recommended to assess accessibility
189477997,way,surface,MISSING,Surface tag is recommended to assess accessibility
189478000,way,surface,MISSING,Surface tag is recommended to assess accessibility
189478004,way,surface,MISSING,Surface tag is recommended to assess accessibility
189479197,way,surface,MISSING,Surface tag is recommended to assess accessibility
190155792,way,surface,MISSING,Surface tag is recommended to assess accessibility
190155794,way,surface,MISSING,Surface tag is recommended to assess accessibility
190155795,way,surface,MISSING,Surface tag is recommended to assess accessibility
190155797,way,surface,MISSING,Surface tag is recommended to assess accessibility
190155798,way,surface,MISSING,Surface tag is recommended to assess accessibility
190155799,way,surface,MISSING,Surface tag is recommended to assess accessibility
190155800,way,surface,MISSING,Surface tag is recommended to assess accessibility
190155801,way,surface,MISSING,Surface tag is recommended to assess accessibility
190155803,way,surface,MISSING,Surface tag is recommended to assess accessibility
190155806,way,surface,MISSING,Surface tag is recommended to assess accessibility
191667276,way,surface,MISSING,Surface tag is recommended to assess accessibility
191667277,way,surface,MISSING,Surface tag is recommended to assess accessibility
191667278,way,surface,MISSING,Surface tag is recommended to assess accessibility
191667279,way,surface,MISSING,Surface tag is recommended to assess accessibility
191672772,way,surface,MISSING,Surface tag is recommended to assess accessibility
191672773,way,surface,MISSING,Surface tag is recommended to assess accessibility
191672774,way,surface,MISSING,Surface tag is recommended to assess accessibility
191672775,way,surface,MISSING,Surface tag is recommended to assess accessibility
191861028,way,surface,MISSING,Surface tag is recommended to assess accessibility
191861031,way,surface,MISSING,Surface tag is recommended to assess accessibility
191861033,way,surface,MISSING,Surface tag is recommended to assess accessibility
191861035,way,surface,MISSING,Surface tag is recommended to assess accessibility
192031204,way,surface,MISSING,Surface tag is recommended to assess accessibility
192031205,way,surface,MISSING,Surface tag is recommended to assess accessibility
192031206,way,surface,MISSING,Surface tag is recommended to assess accessibility
192031208,way,surface,MISSING,Surface tag is recommended to assess accessibility
192031209,way,surface,MISSING,Surface tag is recommended to assess accessibility
192031210,way,surface,MISSING,Surface tag is recommended to assess accessibility
192031211,way,surface,MISSING,Surface tag is recommended to assess accessibility
192031212,way,surface,MISSING,Surface tag is recommended to assess accessibility
192031213,way,surface,MISSING,Surface tag is recommended to assess accessibility
192031215,way,surface,MISSING,Surface tag is recommended to assess accessibility
192031216,way,surface,MISSING,Surface tag is recommended to assess accessibility
192031218,way,surface,MISSING,Surface tag is recommended to assess accessibility
192031219,way,surface,MISSING,Surface tag is recommended to assess accessibility
192031220,way,surface,MISSING,Surface tag is recommended to assess accessibility
192031221,way,surface,MISSING,Surface tag is recommended to assess accessibility
192031222,way,surface,MISSING,Surface tag is recommended to assess accessibility
192031224,way,surface,MISSING,Surface tag is recommended to assess accessibility
192031225,way,surface,MISSING,Surface tag is recommended to assess accessibility
192031226,way,surface,MISSING,Surface tag is recommended to assess accessibility
192031227,way,surface,MISSING,Surface tag is recommended to assess accessibility
192031228,way,surface,MISSING,Surface tag is recommended to assess accessibility
192031229,way,surface,MISSING,Surface tag is recommended to assess accessibility
192031230,way,surface,MISSING,Surface tag is recommended to assess accessibility
192031231,way,surface,MISSING,Surface tag is recommended to assess accessibility
192226610,way,surface,MISSING,Surface tag is recommended to assess accessibility
192226611,way,surface,MISSING,Surface tag is recommended to assess accessibility
192226612,way,surface,MISSING,Surface tag is recommended to assess accessibility
192226613,way,surface,MISSING,Surface tag is recommended to assess accessibility
192226614,way,surface,MISSING,Surface tag is recommended to assess accessibility
192226615,way,surface,MISSING,Surface tag is recommended to assess accessibility
192226616,way,surface,MISSING,Surface tag is recommended to assess accessibility
192226617,way,surface,MISSING,Surface tag is recommended to assess accessibility
192227435,way,surface,MISSING,Surface tag is recommended to assess accessibility
192227436,way,surface,MISSING,Surface tag is recommended to assess accessibility
192227437,way,surface,MISSING,Surface tag is recommended to assess accessibility
192579889,way,surface,MISSING,Surface tag is recommended to assess accessibility
192579902,way,surface,MISSING,Surface tag is recommended to assess accessibility
192579909,way,surface,MISSING,Surface tag is recommended to assess accessibility
192579910,way,surface,MISSING,Surface tag is recommended to assess accessibility
192579912,way,surface,MISSING,Surface tag is recommended to assess accessibility
192579913,way,surface,MISSING,Surface tag is recommended to assess accessibility
192579914,way,surface,MISSING,Surface tag is recommended to assess accessibility
192579915,way,surface,MISSING,Surface tag is recommended to assess accessibility
192579916,way,surface,MISSING,Surface tag is recommended to assess accessibility
192579917,way,surface,MISSING,Surface tag is recommended to assess accessibility
192579918,way,surface,MISSING,Surface tag is recommended to assess accessibility
192579921,way,surface,MISSING,Surface tag is recommended to assess accessibility
192579922,way,surface,MISSING,Surface tag is recommended to assess accessibility
192579923,way,surface,MISSING,Surface tag is recommended to assess accessibility
192579924,way,surface,MISSING,Surface tag is recommended to assess accessibility
192579925,way,surface,MISSING,Surface tag is recommended to assess accessibility
192579926,way,surface,MISSING,Surface tag is recommended to assess accessibility
192579927,way,surface,MISSING,Surface tag is recommended to assess accessibility
192579928,way,surface,MISSING,Surface tag is recommended to assess accessibility
192579929,way,surface,MISSING,Surface tag is recommended to assess accessibility
192579930,way,surface,MISSING,Surface tag is recommended to assess accessibility
192579931,way,surface,MISSING,Surface tag is recommended to assess accessibility
192579932,way,surface,MISSING,Surface tag is recommended to assess accessibility
192579933,way,surface,MISSING,Surface tag is recommended to assess accessibility
192579934,way,surface,MISSING,Surface tag is recommended to assess accessibility
192579935,way,surface,MISSING,Surface tag is recommended to assess accessibility
192579936,way,surface,MISSING,Surface tag is recommended to assess accessibility
192579937,way,surface,MISSING,Surface tag is recommended to assess accessibility
192579940,way,surface,MISSING,Surface tag is recommended to assess accessibility
192579944,way,surface,MISSING,Surface tag is recommended to assess accessibility
192581334,way,surface,MISSING,Surface tag is recommended to assess accessibility
192581335,way,surface,MISSING,Surface tag is recommended to assess accessibility
192581336,way,surface,MISSING,Surface tag is recommended to assess accessibility
192581337,way,surface,MISSING,Surface tag is recommended to assess accessibility
195089129,way,surface,MISSING,Surface tag is recommended to assess accessibility
195089132,way,surface,MISSING,Surface tag is recommended to assess accessibility
195089133,way,surface,MISSING,Surface tag is recommended to assess accessibility
195089134,way,surface,MISSING,Surface tag is recommended to assess accessibility
196291841,way,surface,MISSING,Surface tag is recommended to assess accessibility
197773490,way,surface,MISSING,Surface tag is recommended to assess accessibility
197773492,way,surface,MISSING,Surface tag is recommended to assess accessibility
197773495,way,surface,MISSING,Surface tag is recommended to assess accessibility
197773503,way,surface,MISSING,Surface tag is recommended to assess accessibility
197773505,way,surface,MISSING,Surface tag is recommended to assess accessibility
197773519,way,surface,MISSING,Surface tag is recommended to assess accessibility
197773524,way,surface,MISSING,Surface tag is recommended to assess accessibility
197773527,way,surface,MISSING,Surface tag is recommended to assess accessibility
197773536,way,surface,MISSING,Surface tag is recommended to assess accessibility
197775730,way,surface,MISSING,Surface tag is recommended to assess accessibility
198997736,way,surface,MISSING,Surface tag is recommended to assess accessibility
199074935,way,surface,MISSING,Surface tag is recommended to assess accessibility
199074937,way,surface,MISSING,Surface tag is recommended to assess accessibility
199074938,way,surface,MISSING,Surface tag is recommended to assess accessibility
199074939,way,surface,MISSING,Surface tag is recommended to assess accessibility
199074940,way,surface,MISSING,Surface tag is recommended to assess accessibility
199074941,way,surface,MISSING,Surface tag is recommended to assess accessibility
199074942,way,surface,MISSING,Surface tag is recommended to assess accessibility
199074943,way,surface,MISSING,Surface tag is recommended to assess accessibility
199074944,way,surface,MISSING,Surface tag is recommended to assess accessibility
199074947,way,surface,MISSING,Surface tag is recommended to assess accessibility
199074949,way,surface,MISSING,Surface tag is recommended to assess accessibility
199074950,way,surface,MISSING,Surface tag is recommended to assess accessibility
199074951,way,surface,MISSING,Surface tag is recommended to assess accessibility
199074952,way,surface,MISSING,Surface tag is recommended to assess accessibility
199074954,way,surface,MISSING,Surface tag is recommended to assess accessibility
199074956,way,surface,MISSING,Surface tag is recommended to assess accessibility
199074957,way,surface,MISSING,Surface tag is recommended to assess accessibility
199074958,way,surface,MISSING,Surface tag is recommended to assess accessibility
199074960,way,surface,MISSING,Surface tag is recommended to assess accessibility
199074961,way,surface,MISSING,Surface tag is recommended to assess accessibility
199074962,way,surface,MISSING,Surface tag is recommended to assess accessibility
199074963,way,surface,MISSING,Surface tag is recommended to assess accessibility
199074964,way,surface,MISSING,Surface tag is recommended to assess accessibility
199080223,way,surface,MISSING,Surface tag is recommended to assess accessibility
199080224,way,surface,MISSING,Surface tag is recommended to assess accessibility
199080225,way,surface,MISSING,Surface tag is recommended to assess accessibility
199080226,way,surface,MISSING,Surface tag is recommended to assess accessibility
199080227,way,surface,MISSING,Surface tag is recommended to assess accessibility
199080230,way,surface,MISSING,Surface tag is recommended to assess accessibility
199080231,way,surface,MISSING,Surface tag is recommended to assess accessibility
199137820,way,surface,MISSING,Surface tag is recommended to assess accessibility
199137821,way,surface,MISSING,Surface tag is recommended to assess accessibility
199137824,way,surface,MISSING,Surface tag is recommended to assess accessibility
199137825,way,surface,MISSING,Surface tag is recommended to assess accessibility
199137827,way,surface,MISSING,Surface tag is recommended to assess accessibility
199137829,way,surface,MISSING,Surface tag is recommended to assess accessibility
199138496,way,surface,MISSING,Surface tag is recommended to assess accessibility
200539111,way,surface,MISSING,Surface tag is recommended to assess accessibility
200539113,way,surface,MISSING,Surface tag is recommended to assess accessibility
200539114,way,surface,MISSING,Surface tag is recommended to assess accessibility
200539115,way,surface,MISSING,Surface tag is recommended to assess accessibility
200539117,way,surface,MISSING,Surface tag is recommended to assess accessibility
200539118,way,surface,MISSING,Surface tag is recommended to assess accessibility
200539119,way,surface,MISSING,Surface tag is recommended to assess accessibility
200539120,way,surface,MISSING,Surface tag is recommended to assess accessibility
200539121,way,surface,MISSING,Surface tag is recommended to assess accessibility
200539128,way,surface,MISSING,Surface tag is recommended to assess accessibility
200540812,way,surface,MISSING,Surface tag is recommended to assess accessibility
200551557,way,surface,MISSING,Surface tag is recommended to assess accessibility
200551558,way,surface,MISSING,Surface tag is recommended to assess accessibility
200551560,way,surface,MISSING,Surface tag is recommended to assess accessibility
200551562,way,surface,MISSING,Surface tag is recommended to assess accessibility
200551563,way,surface,MISSING,Surface tag is recommended to assess accessibility
200875396,way,surface,MISSING,Surface tag is recommended to assess accessibility
200875397,way,surface,MISSING,Surface tag is recommended to assess accessibility
200875401,way,surface,MISSING,Surface tag is recommended to assess accessibility
200875402,way,surface,MISSING,Surface tag is recommended to assess accessibility
200875403,way,surface,MISSING,Surface tag is recommended to assess accessibility
200875404,way,surface,MISSING,Surface tag is recommended to assess accessibility
203052707,way,surface,MISSING,Surface tag is recommended to assess accessibility
203052708,way,surface,MISSING,Surface tag is recommended to assess accessibility
203052709,way,surface,MISSING,Surface tag is recommended to assess accessibility
204802219,way,surface,MISSING,Surface tag is recommended to assess accessibility
204802238,way,surface,MISSING,Surface tag is recommended to assess accessibility
204802248,way,surface,MISSING,Surface tag is recommended to assess accessibility
204802250,way,surface,MISSING,Surface tag is recommended to assess accessibility
204802251,way,surface,MISSING,Surface tag is recommended to assess accessibility
204802252,way,surface,MISSING,Surface tag is recommended to assess accessibility
204802254,way,surface,MISSING,Surface tag is recommended to assess accessibility
204802255,way,surface,MISSING,Surface tag is recommended to assess accessibility
204802256,way,surface,MISSING,Surface tag is recommended to assess accessibility
204802257,way,surface,MISSING,Surface tag is recommended to assess accessibility
204802258,way,surface,MISSING,Surface tag is recommended to assess accessibility
204802259,way,surface,MISSING,Surface tag is recommended to assess accessibility
204802260,way,surface,MISSING,Surface tag is recommended to assess accessibility
204802262,way,surface,MISSING,Surface tag is recommended to assess accessibility
204802263,way,surface,MISSING,Surface tag is recommended to assess accessibility
204802264,way,surface,MISSING,Surface tag is recommended to assess accessibility
204802265,way,surface,MISSING,Surface tag is recommended to assess accessibility
204802266,way,surface,MISSING,Surface tag is recommended to assess accessibility
204802267,way,surface,MISSING,Surface tag is recommended to assess accessibility
204802268,way,surface,MISSING,Surface tag is recommended to assess accessibility
204802269,way,surface,MISSING,Surface tag is recommended to assess accessibility
204802271,way,surface,MISSING,Surface tag is recommended to assess accessibility
204802272,way,surface,MISSING,Surface tag is recommended to assess accessibility
204802275,way,surface,MISSING,Surface tag is recommended to assess accessibility
204802277,way,surface,MISSING,Surface tag is recommended to assess accessibility
204802279,way,surface,MISSING,Surface tag is recommended to assess accessibility
204802280,way,surface,MISSING,Surface tag is recommended to assess accessibility
204802281,way,surface,MISSING,Surface tag is recommended to assess accessibility
204802283,way,surface,MISSING,Surface tag is recommended to assess accessibility
204802284,way,surface,MISSING,Surface tag is recommended to assess accessibility
204802285,way,surface,MISSING,Surface tag is recommended to assess accessibility
204802288,way,surface,MISSING,Surface tag is recommended to assess accessibility
204802290,way,surface,MISSING,Surface tag is recommended to assess accessibility
204802294,way,surface,MISSING,Surface tag is recommended to assess accessibility
205724615,way,surface,MISSING,Surface tag is recommended to assess accessibility
206831445,way,surface,MISSING,Surface tag is recommended to assess accessibility
206831447,way,surface,MISSING,Surface tag is recommended to assess accessibility
206831449,way,surface,MISSING,Surface tag is recommended to assess accessibility
206831450,way,surface,MISSING,Surface tag is recommended to assess accessibility
206831451,way,surface,MISSING,Surface tag is recommended to assess accessibility
206831452,way,surface,MISSING,Surface tag is recommended to assess accessibility
206831455,way,surface,MISSING,Surface tag is recommended to assess accessibility
206834444,way,surface,MISSING,Surface tag is recommended to assess accessibility
206834445,way,surface,MISSING,Surface tag is recommended to assess accessibility
206834446,way,surface,MISSING,Surface tag is recommended to assess accessibility
206834447,way,surface,MISSING,Surface tag is recommended to assess accessibility
206834448,way,surface,MISSING,Surface tag is recommended to assess accessibility
206834449,way,surface,MISSING,Surface tag is recommended to assess accessibility
206834450,way,surface,MISSING,Surface tag is recommended to assess accessibility
206834451,way,surface,MISSING,Surface tag is recommended to assess accessibility
206834452,way,surface,MISSING,Surface tag is recommended to assess accessibility
206834453,way,surface,MISSING,Surface tag is recommended to assess accessibility
206834454,way,surface,MISSING,Surface tag is recommended to assess accessibility
206834455,way,surface,MISSING,Surface tag is recommended to assess accessibility
206834456,way,surface,MISSING,Surface tag is recommended to assess accessibility
206834458,way,surface,MISSING,Surface tag is recommended to assess accessibility
206836482,way,surface,MISSING,Surface tag is recommended to assess accessibility
206839845,way,surface,MISSING,Surface tag is recommended to assess accessibility
206839846,way,surface,MISSING,Surface tag is recommended to assess accessibility
206839847,way,surface,MISSING,Surface tag is recommended to assess accessibility
206839848,way,surface,MISSING,Surface tag is recommended to assess accessibility
206839849,way,surface,MISSING,Surface tag is recommended to assess accessibility
206839850,way,surface,MISSING,Surface tag is recommended to assess accessibility
206839851,way,surface,MISSING,Surface tag is recommended to assess accessibility
206839852,way,surface,MISSING,Surface tag is recommended to assess accessibility
207899811,way,surface,MISSING,Surface tag is recommended to assess accessibility
207899813,way,surface,MISSING,Surface tag is recommended to assess accessibility
207899815,way,surface,MISSING,Surface tag is recommended to assess accessibility
207899816,way,surface,MISSING,Surface tag is recommended to assess accessibility
207899817,way,surface,MISSING,Surface tag is recommended to assess accessibility
207899819,way,surface,MISSING,Surface tag is recommended to assess accessibility
207899821,way,surface,MISSING,Surface tag is recommended to assess accessibility
207899824,way,surface,MISSING,Surface tag is recommended to assess accessibility
207899827,way,surface,MISSING,Surface tag is recommended to assess accessibility
207899828,way,surface,MISSING,Surface tag is recommended to assess accessibility
207899829,way,surface,MISSING,Surface tag is recommended to assess accessibility
207899830,way,surface,MISSING,Surface tag is recommended to assess accessibility
207899831,way,surface,MISSING,Surface tag is recommended to assess accessibility
207899832,way,surface,MISSING,Surface tag is recommended to assess accessibility
207899833,way,surface,MISSING,Surface tag is recommended to assess accessibility
207899834,way,surface,MISSING,Surface tag is recommended to assess accessibility
207899835,way,surface,MISSING,Surface tag is recommended to assess accessibility
207899836,way,surface,MISSING,Surface tag is recommended to assess accessibility
207899840,way,surface,MISSING,Surface tag is recommended to assess accessibility
207899842,way,surface,MISSING,Surface tag is recommended to assess accessibility
207899843,way,surface,MISSING,Surface tag is recommended to assess accessibility
207899844,way,surface,MISSING,Surface tag is recommended to assess accessibility
207899845,way,surface,MISSING,Surface tag is recommended to assess accessibility
207899846,way,surface,MISSING,Surface tag is recommended to assess accessibility
207899847,way,surface,MISSING,Surface tag is recommended to assess accessibility
207899848,way,surface,MISSING,Surface tag is recommended to assess accessibility
207899850,way,surface,MISSING,Surface tag is recommended to assess accessibility
207899851,way,surface,MISSING,Surface tag is recommended to assess accessibility
207899852,way,surface,MISSING,Surface tag is recommended to assess accessibility
207899854,way,surface,MISSING,Surface tag is recommended to assess accessibility
207899855,way,surface,MISSING,Surface tag is recommended to assess accessibility
207899856,way,surface,MISSING,Surface tag is recommended to assess accessibility
207899857,way,surface,MISSING,Surface tag is recommended to assess accessibility
207899858,way,surface,MISSING,Surface tag is recommended to assess accessibility
207899859,way,surface,MISSING,Surface tag is recommended to assess accessibility
207899861,way,surface,MISSING,Surface tag is recommended to assess accessibility
207899862,way,surface,MISSING,Surface tag is recommended to assess accessibility
207899864,way,surface,MISSING,Surface tag is recommended to assess accessibility
207899866,way,surface,MISSING,Surface tag is recommended to assess accessibility
207899868,way,surface,MISSING,Surface tag is recommended to assess accessibility
207899870,way,surface,MISSING,Surface tag is recommended to assess accessibility
207899872,way,surface,MISSING,Surface tag is recommended to assess accessibility
207899876,way,surface,MISSING,Surface tag is recommended to assess accessibility
210228776,way,surface,MISSING,Surface tag is recommended to assess accessibility
210228777,way,surface,MISSING,Surface tag is recommended to assess accessibility
210228778,way,surface,MISSING,Surface tag is recommended to assess accessibility
210228779,way,surface,MISSING,Surface tag is recommended to assess accessibility
210228780,way,surface,MISSING,Surface tag is recommended to assess accessibility
210228781,way,surface,MISSING,Surface tag is recommended to assess accessibility
210228782,way,surface,MISSING,Surface tag is recommended to assess accessibility
210544428,way,surface,MISSING,Surface tag is recommended to assess accessibility
210544429,way,surface,MISSING,Surface tag is recommended to assess accessibility
210544430,way,surface,MISSING,Surface tag is recommended to assess accessibility
210544431,way,surface,MISSING,Surface tag is recommended to assess accessibility
210544432,way,surface,MISSING,Surface tag is recommended to assess accessibility
210544433,way,surface,MISSING,Surface tag is recommended to assess accessibility
210544434,way,surface,MISSING,Surface tag is recommended to assess accessibility
210544438,way,surface,MISSING,Surface tag is recommended to assess accessibility
210544866,way,surface,MISSING,Surface tag is recommended to assess accessibility
210544867,way,surface,MISSING,Surface tag is recommended to assess accessibility
210544868,way,surface,MISSING,Surface tag is recommended to assess accessibility
210544869,way,surface,MISSING,Surface tag is recommended to assess accessibility
210544870,way,surface,MISSING,Surface tag is recommended to assess accessibility
210544871,way,surface,MISSING,Surface tag is recommended to assess accessibility
210544872,way,surface,MISSING,Surface tag is recommended to assess accessibility
210544873,way,surface,MISSING,Surface tag is recommended to assess accessibility
210544874,way,surface,MISSING,Surface tag is recommended to assess accessibility
210544875,way,surface,MISSING,Surface tag is recommended to assess accessibility
210544876,way,surface,MISSING,Surface tag is recommended to assess accessibility
210544877,way,surface,MISSING,Surface tag is recommended to assess accessibility
210544878,way,surface,MISSING,Surface tag is recommended to assess accessibility
210544879,way,surface,MISSING,Surface tag is recommended to assess accessibility
210544880,way,surface,MISSING,Surface tag is recommended to assess accessibility
210544881,way,surface,MISSING,Surface tag is recommended to assess accessibility
210544882,way,surface,MISSING,Surface tag is recommended to assess accessibility
210544883,way,surface,MISSING,Surface tag is recommended to assess accessibility
210544884,way,surface,MISSING,Surface tag is recommended to assess accessibility
210544885,way,surface,MISSING,Surface tag is recommended to assess accessibility
210544888,way,surface,MISSING,Surface tag is recommended to assess accessibility
210544889,way,surface,MISSING,Surface tag is recommended to assess accessibility
210544890,way,surface,MISSING,Surface tag is recommended to assess accessibility
210544891,way,surface,MISSING,Surface tag is recommended to assess accessibility
210544892,way,surface,MISSING,Surface tag is recommended to assess accessibility
210544893,way,surface,MISSING,Surface tag is recommended to assess accessibility
210544894,way,surface,MISSING,Surface tag is recommended to assess accessibility
211840266,way,surface,MISSING,Surface tag is recommended to assess accessibility
211840267,way,surface,MISSING,Surface tag is recommended to assess accessibility
211840268,way,surface,MISSING,Surface tag is recommended to assess accessibility
211840271,way,surface,MISSING,Surface tag is recommended to assess accessibility
211840274,way,surface,MISSING,Surface tag is recommended to assess accessibility
211840278,way,surface,MISSING,Surface tag is recommended to assess accessibility
211840279,way,surface,MISSING,Surface tag is recommended to assess accessibility
211840280,way,surface,MISSING,Surface tag is recommended to assess accessibility
211840281,way,surface,MISSING,Surface tag is recommended to assess accessibility
211840282,way,surface,MISSING,Surface tag is recommended to assess accessibility
211840283,way,surface,MISSING,Surface tag is recommended to assess accessibility
211840287,way,surface,MISSING,Surface tag is recommended to assess accessibility
211840290,way,surface,MISSING,Surface tag is recommended to assess accessibility
211840293,way,surface,MISSING,Surface tag is recommended to assess accessibility
211840294,way,surface,MISSING,Surface tag is recommended to assess accessibility
211840295,way,surface,MISSING,Surface tag is recommended to assess accessibility
211840297,way,surface,MISSING,Surface tag is recommended to assess accessibility
211840301,way,surface,MISSING,Surface tag is recommended to assess accessibility
211840302,way,surface,MISSING,Surface tag is recommended to assess accessibility
211849392,way,surface,MISSING,Surface tag is recommended to assess accessibility
211849393,way,surface,MISSING,Surface tag is recommended to assess accessibility
211849394,way,surface,MISSING,Surface tag is recommended to assess accessibility
211849395,way,surface,MISSING,Surface tag is recommended to assess accessibility
211849396,way,surface,MISSING,Surface tag is recommended to assess accessibility
211849397,way,surface,MISSING,Surface tag is recommended to assess accessibility
214600569,way,surface,MISSING,Surface tag is recommended to assess accessibility
214600571,way,surface,MISSING,Surface tag is recommended to assess accessibility
214600572,way,surface,MISSING,Surface tag is recommended to assess accessibility
214600574,way,surface,MISSING,Surface tag is recommended to assess accessibility
214600575,way,surface,MISSING,Surface tag is recommended to assess accessibility
214600576,way,surface,MISSING,Surface tag is recommended to assess accessibility
214600581,way,surface,MISSING,Surface tag is recommended to assess accessibility
216033106,way,surface,MISSING,Surface tag is recommended to assess accessibility
216033108,way,surface,MISSING,Surface tag is recommended to assess accessibility
216033110,way,surface,MISSING,Surface tag is recommended to assess accessibility
216033112,way,surface,MISSING,Surface tag is recommended to assess accessibility
216033114,way,surface,MISSING,Surface tag is recommended to assess accessibility
216033116,way,surface,MISSING,Surface tag is recommended to assess accessibility
216033118,way,surface,MISSING,Surface tag is recommended to assess accessibility
216033119,way,surface,MISSING,Surface tag is recommended to assess accessibility
216033121,way,surface,MISSING,Surface tag is recommended to assess accessibility
216033122,way,surface,MISSING,Surface tag is recommended to assess accessibility
216033124,way,surface,MISSING,Surface tag is recommended to assess accessibility
216033127,way,surface,MISSING,Surface tag is recommended to assess accessibility
216033129,way,surface,MISSING,Surface tag is recommended to assess accessibility
216033131,way,surface,MISSING,Surface tag is recommended to assess accessibility
216033134,way,surface,MISSING,Surface tag is recommended to assess accessibility
216033136,way,surface,MISSING,Surface tag is recommended to assess accessibility
216033138,way,surface,MISSING,Surface tag is recommended to assess accessibility
216033139,way,surface,MISSING,Surface tag is recommended to assess accessibility
216033141,way,surface,MISSING,Surface tag is recommended to assess accessibility
216033149,way,surface,MISSING,Surface tag is recommended to assess accessibility
216033151,way,surface,MISSING,Surface tag is recommended to assess accessibility
216033152,way,surface,MISSING,Surface tag is recommended to assess accessibility
216033155,way,surface,MISSING,Surface tag is recommended to assess accessibility
216033162,way,surface,MISSING,Surface tag is recommended to assess accessibility
216033165,way,surface,MISSING,Surface tag is recommended to assess accessibility
216033171,way,surface,MISSING,Surface tag is recommended to assess accessibility
216033173,way,surface,MISSING,Surface tag is recommended to assess accessibility
217322445,way,surface,MISSING,Surface tag is recommended to assess accessibility
217322446,way,surface,MISSING,Surface tag is recommended to assess accessibility
217322448,way,surface,MISSING,Surface tag is recommended to assess accessibility
217322449,way,surface,MISSING,Surface tag is recommended to assess accessibility
217322450,way,surface,MISSING,Surface tag is recommended to assess accessibility
217322452,way,surface,MISSING,Surface tag is recommended to assess accessibility
217322454,way,surface,MISSING,Surface tag is recommended to assess accessibility
217322455,way,surface,MISSING,Surface tag is recommended to assess accessibility
217322456,way,surface,MISSING,Surface tag is recommended to assess accessibility
217389177,way,surface,MISSING,Surface tag is recommended to assess accessibility
219171791,way,surface,MISSING,Surface tag is recommended to assess accessibility
219171793,way,surface,MISSING,Surface tag is recommended to assess accessibility
219171798,way,surface,MISSING,Surface tag is recommended to assess accessibility
219171800,way,surface,MISSING,Surface tag is recommended to assess accessibility
219171803,way,surface,MISSING,Surface tag is recommended to assess accessibility
219171804,way,surface,MISSING,Surface tag is recommended to assess accessibility
219478983,way,surface,MISSING,Surface tag is recommended to assess accessibility
219478989,way,surface,MISSING,Surface tag is recommended to assess accessibility
220088233,way,surface,MISSING,Surface tag is recommended to assess accessibility
220723194,way,surface,MISSING,Surface tag is recommended to assess accessibility
220723195,way,surface,MISSING,Surface tag is recommended to assess accessibility
220723196,way,surface,MISSING,Surface tag is recommended to assess accessibility
220990942,way,surface,MISSING,Surface tag is recommended to assess accessibility
220990943,way,surface,MISSING,Surface tag is recommended to assess accessibility
220990944,way,surface,MISSING,Surface tag is recommended to assess accessibility
220990945,way,surface,MISSING,Surface tag is recommended to assess accessibility
220990946,way,surface,MISSING,Surface tag is recommended to assess accessibility
220990948,way,surface,MISSING,Surface tag is recommended to assess accessibility
220990949,way,surface,MISSING,Surface tag is recommended to assess accessibility
223118880,way,surface,MISSING,Surface tag is recommended to assess accessibility
223118881,way,surface,MISSING,Surface tag is recommended to assess accessibility
224060423,way,surface,MISSING,Surface tag is recommended to assess accessibility
224060424,way,surface,MISSING,Surface tag is recommended to assess accessibility
224060425,way,surface,MISSING,Surface tag is recommended to assess accessibility
224061647,way,surface,MISSING,Surface tag is recommended to assess accessibility
224061653,way,surface,MISSING,Surface tag is recommended to assess accessibility
224061654,way,surface,MISSING,Surface tag is recommended to assess accessibility
224061656,way,surface,MISSING,Surface tag is recommended to assess accessibility
224061657,way,surface,MISSING,Surface tag is recommended to assess accessibility
224061658,way,surface,MISSING,Surface tag is recommended to assess accessibility
224061659,way,surface,MISSING,Surface tag is recommended to assess accessibility
224061660,way,surface,MISSING,Surface tag is recommended to assess accessibility
224061662,way,surface,MISSING,Surface tag is recommended to assess accessibility
224061663,way,surface,MISSING,Surface tag is recommended to assess accessibility
224061664,way,surface,MISSING,Surface tag is recommended to assess accessibility
224061665,way,surface,MISSING,Surface tag is recommended to assess accessibility
224061666,way,surface,MISSING,Surface tag is recommended to assess accessibility
224061667,way,surface,MISSING,Surface tag is recommended to assess accessibility
224061673,way,surface,MISSING,Surface tag is recommended to assess accessibility
224827717,way,surface,MISSING,Surface tag is recommended to assess accessibility
224827718,way,surface,MISSING,Surface tag is recommended to assess accessibility
224945717,way,surface,MISSING,Surface tag is recommended to assess accessibility
224945732,way,surface,MISSING,Surface tag is recommended to assess accessibility
224945733,way,surface,MISSING,Surface tag is recommended to assess accessibility
224945734,way,surface,MISSING,Surface tag is recommended to assess accessibility
224945735,way,surface,MISSING,Surface tag is recommended to assess accessibility
224945736,way,surface,MISSING,Surface tag is recommended to assess accessibility
224945737,way,surface,MISSING,Surface tag is recommended to assess accessibility
224945738,way,surface,MISSING,Surface tag is recommended to assess accessibility
224945739,way,surface,MISSING,Surface tag is recommended to assess accessibility
224945740,way,surface,MISSING,Surface tag is recommended to assess accessibility
224945741,way,surface,MISSING,Surface tag is recommended to assess accessibility
224945742,way,surface,MISSING,Surface tag is recommended to assess accessibility
224945744,way,surface,MISSING,Surface tag is recommended to assess accessibility
224945745,way,surface,MISSING,Surface tag is recommended to assess accessibility
224945746,way,surface,MISSING,Surface tag is recommended to assess accessibility
224945748,way,surface,MISSING,Surface tag is recommended to assess accessibility
224945749,way,surface,MISSING,Surface tag is recommended to assess accessibility
224945750,way,surface,MISSING,Surface tag is recommended to assess accessibility
224945751,way,surface,MISSING,Surface tag is recommended to assess accessibility
224945752,way,surface,MISSING,Surface tag is recommended to assess accessibility
224945753,way,surface,MISSING,Surface tag is recommended to assess accessibility
224945755,way,surface,MISSING,Surface tag is recommended to assess accessibility
224945757,way,surface,MISSING,Surface tag is recommended to assess accessibility
224945758,way,surface,MISSING,Surface tag is recommended to assess accessibility
224945759,way,surface,MISSING,Surface tag is recommended to assess accessibility
224945760,way,surface,MISSING,Surface tag is recommended to assess accessibility
224945761,way,surface,MISSING,Surface tag is recommended to assess accessibility
224945762,way,surface,MISSING,Surface tag is recommended to assess accessibility
224945768,way,surface,MISSING,Surface tag is recommended to assess accessibility
228512984,way,surface,MISSING,Surface tag is recommended to assess accessibility
228512985,way,surface,MISSING,Surface tag is recommended to assess accessibility
228512986,way,surface,MISSING,Surface tag is recommended to assess accessibility
228512987,way,surface,MISSING,Surface tag is recommended to assess accessibility
228512988,way,surface,MISSING,Surface tag is recommended to assess accessibility
228512991,way,surface,MISSING,Surface tag is recommended to assess accessibility
228512992,way,surface,MISSING,Surface tag is recommended to assess accessibility
228512993,way,surface,MISSING,Surface tag is recommended to assess accessibility
228512995,way,surface,MISSING,Surface tag is recommended to assess accessibility
228512996,way,surface,MISSING,Surface tag is recommended to assess accessibility
228512997,way,surface,MISSING,Surface tag is recommended to assess accessibility
228513000,way,surface,MISSING,Surface tag is recommended to assess accessibility
228513001,way,surface,MISSING,Surface tag is recommended to assess accessibility
228513003,way,surface,MISSING,Surface tag is recommended to assess accessibility
228513005,way,surface,MISSING,Surface tag is recommended to assess accessibility
228513007,way,surface,MISSING,Surface tag is recommended to assess accessibility
228513010,way,surface,MISSING,Surface tag is recommended to assess accessibility
228513012,way,surface,MISSING,Surface tag is recommended to assess accessibility
228513019,way,surface,MISSING,Surface tag is recommended to assess accessibility
228513021,way,surface,MISSING,Surface tag is recommended to assess accessibility
228513025,way,surface,MISSING,Surface tag is recommended to assess accessibility
228513027,way,surface,MISSING,Surface tag is recommended to assess accessibility
228513029,way,surface,MISSING,Surface tag is recommended to assess accessibility
228513030,way,surface,MISSING,Surface tag is recommended to assess accessibility
228513032,way,surface,MISSING,Surface tag is recommended to assess accessibility
228513034,way,surface,MISSING,Surface tag is recommended to assess accessibility
228513036,way,surface,MISSING,Surface tag is recommended to assess accessibility
228513038,way,surface,MISSING,Surface tag is recommended to assess accessibility
228513039,way,surface,MISSING,Surface tag is recommended to assess accessibility
228513041,way,surface,MISSING,Surface tag is recommended to assess accessibility
228513043,way,surface,MISSING,Surface tag is recommended to assess accessibility
228513049,way,surface,MISSING,Surface tag is recommended to assess accessibility
228513052,way,surface,MISSING,Surface tag is recommended to assess accessibility
228513056,way,surface,MISSING,Surface tag is recommended to assess accessibility
228513058,way,surface,MISSING,Surface tag is recommended to assess accessibility
228513063,way,surface,MISSING,Surface tag is recommended to assess accessibility
228513070,way,surface,MISSING,Surface tag is recommended to assess accessibility
228513072,way,surface,MISSING,Surface tag is recommended to assess accessibility
228513074,way,surface,MISSING,Surface tag is recommended to assess accessibility
230622578,way,surface,MISSING,Surface tag is recommended to assess accessibility
230622580,way,surface,MISSING,Surface tag is recommended to assess accessibility
230622586,way,surface,MISSING,Surface tag is recommended to assess accessibility
233209090,way,surface,MISSING,Surface tag is recommended to assess accessibility
233209091,way,surface,MISSING,Surface tag is recommended to assess accessibility
233209092,way,surface,MISSING,Surface tag is recommended to assess accessibility
233209093,way,surface,MISSING,Surface tag is recommended to assess accessibility
233209094,way,surface,MISSING,Surface tag is recommended to assess accessibility
233209095,way,surface,MISSING,Surface tag is recommended to assess accessibility
233209096,way,surface,MISSING,Surface tag is recommended to assess accessibility
233209097,way,surface,MISSING,Surface tag is recommended to assess accessibility
233209098,way,surface,MISSING,Surface tag is recommended to assess accessibility
233209099,way,surface,MISSING,Surface tag is recommended to assess accessibility
233209100,way,surface,MISSING,Surface tag is recommended to assess accessibility
233209101,way,surface,MISSING,Surface tag is recommended to assess accessibility
233339334,way,surface,MISSING,Surface tag is recommended to assess accessibility
233339337,way,surface,MISSING,Surface tag is recommended to assess accessibility
233473823,way,surface,MISSING,Surface tag is recommended to assess accessibility
238454492,way,surface,MISSING,Surface tag is recommended to assess accessibility
238454494,way,surface,MISSING,Surface tag is recommended to assess accessibility
238454495,way,surface,MISSING,Surface tag is recommended to assess accessibility
238454496,way,surface,MISSING,Surface tag is recommended to assess accessibility
238454497,way,surface,MISSING,Surface tag is recommended to assess accessibility
238454498,way,surface,MISSING,Surface tag is recommended to assess accessibility
238454499,way,surface,MISSING,Surface tag is recommended to assess accessibility
238454501,way,surface,MISSING,Surface tag is recommended to assess accessibility
238454502,way,surface,MISSING,Surface tag is recommended to assess accessibility
238454506,way,surface,MISSING,Surface tag is recommended to assess accessibility
238962831,way,surface,MISSING,Surface tag is recommended to assess accessibility
238962832,way,surface,MISSING,Surface tag is recommended to assess accessibility
238962834,way,surface,MISSING,Surface tag is recommended to assess accessibility
238962835,way,surface,MISSING,Surface tag is recommended to assess accessibility
238962836,way,surface,MISSING,Surface tag is recommended to assess accessibility
238962837,way,surface,MISSING,Surface tag is recommended to assess accessibility
238962838,way,surface,MISSING,Surface tag is recommended to assess accessibility
238962839,way,surface,MISSING,Surface tag is recommended to assess accessibility
238962840,way,surface,MISSING,Surface tag is recommended to assess accessibility
238962841,way,surface,MISSING,Surface tag is recommended to assess accessibility
238962842,way,surface,MISSING,Surface tag is recommended to assess accessibility
238962843,way,surface,MISSING,Surface tag is recommended to assess accessibility
238962844,way,surface,MISSING,Surface tag is recommended to assess accessibility
238962845,way,surface,MISSING,Surface tag is recommended to assess accessibility
238962847,way,surface,MISSING,Surface tag is recommended to assess accessibility
238962849,way,surface,MISSING,Surface tag is recommended to assess accessibility
238962851,way,surface,MISSING,Surface tag is recommended to assess accessibility
238962852,way,surface,MISSING,Surface tag is recommended to assess accessibility
238962855,way,surface,MISSING,Surface tag is recommended to assess accessibility
238962857,way,surface,MISSING,Surface tag is recommended to assess accessibility
239832044,way,surface,MISSING,Surface tag is recommended to assess accessibility
239832045,way,surface,MISSING,Surface tag is recommended to assess accessibility
239832046,way,surface,MISSING,Surface tag is recommended to assess accessibility
239832047,way,surface,MISSING,Surface tag is recommended to assess accessibility
239832048,way,surface,MISSING,Surface tag is recommended to assess accessibility
241887354,way,surface,MISSING,Surface tag is recommended to assess accessibility
241887369,way,surface,MISSING,Surface tag is recommended to assess accessibility
241887370,way,surface,MISSING,Surface tag is recommended to assess accessibility
241887371,way,surface,MISSING,Surface tag is recommended to assess accessibility
241887372,way,surface,MISSING,Surface tag is recommended to assess accessibility
241887373,way,surface,MISSING,Surface tag is recommended to assess accessibility
241887375,way,surface,MISSING,Surface tag is recommended to assess accessibility
241887376,way,surface,MISSING,Surface tag is recommended to assess accessibility
241887377,way,surface,MISSING,Surface tag is recommended to assess accessibility
241887378,way,surface,MISSING,Surface tag is recommended to assess accessibility
241887379,way,surface,MISSING,Surface tag is recommended to assess accessibility
241887390,way,surface,MISSING,Surface tag is recommended to assess accessibility
242216870,way,surface,MISSING,Surface tag is recommended to assess accessibility
242216872,way,surface,MISSING,Surface tag is recommended to assess accessibility
242216874,way,surface,MISSING,Surface tag is recommended to assess accessibility
247207904,way,surface,MISSING,Surface tag is recommended to assess accessibility
247207906,way,surface,MISSING,Surface tag is recommended to assess accessibility
247207912,way,surface,MISSING,Surface tag is recommended to assess accessibility
249344715,way,surface,MISSING,Surface tag is recommended to assess accessibility
249344716,way,surface,MISSING,Surface tag is recommended to assess accessibility
249344718,way,surface,MISSING,Surface tag is recommended to assess accessibility
249344719,way,surface,MISSING,Surface tag is recommended to assess accessibility
249344720,way,surface,MISSING,Surface tag is recommended to assess accessibility
250734021,way,surface,MISSING,Surface tag is recommended to assess accessibility
254604200,way,surface,MISSING,Surface tag is recommended to assess accessibility
254604202,way,surface,MISSING,Surface tag is recommended to assess accessibility
254604203,way,surface,MISSING,Surface tag is recommended to assess accessibility
254604204,way,surface,MISSING,Surface tag is recommended to assess accessibility
255360386,way,surface,MISSING,Surface tag is recommended to assess accessibility
255360387,way,surface,MISSING,Surface tag is recommended to assess accessibility
255360389,way,surface,MISSING,Surface tag is recommended to assess accessibility
255360390,way,surface,MISSING,Surface tag is recommended to assess accessibility
255360392,way,surface,MISSING,Surface tag is recommended to assess accessibility
258277987,way,surface,MISSING,Surface tag is recommended to assess accessibility
258277989,way,surface,MISSING,Surface tag is recommended to assess accessibility
258277992,way,surface,MISSING,Surface tag is recommended to assess accessibility
258277995,way,surface,MISSING,Surface tag is recommended to assess accessibility
258277998,way,surface,MISSING,Surface tag is recommended to assess accessibility
258278001,way,surface,MISSING,Surface tag is recommended to assess accessibility
258278004,way,surface,MISSING,Surface tag is recommended to assess accessibility
258278010,way,surface,MISSING,Surface tag is recommended to assess accessibility
258278012,way,surface,MISSING,Surface tag is recommended to assess accessibility
258278015,way,surface,MISSING,Surface tag is recommended to assess accessibility
258278019,way,surface,MISSING,Surface tag is recommended to assess accessibility
258278022,way,surface,MISSING,Surface tag is recommended to assess accessibility
258450242,way,surface,MISSING,Surface tag is recommended to assess accessibility
258450243,way,surface,MISSING,Surface tag is recommended to assess accessibility
258450245,way,surface,MISSING,Surface tag is recommended to assess accessibility
258452764,way,surface,MISSING,Surface tag is recommended to assess accessibility
258452765,way,surface,MISSING,Surface tag is recommended to assess accessibility
258452767,way,surface,MISSING,Surface tag is recommended to assess accessibility
258452768,way,surface,MISSING,Surface tag is recommended to assess accessibility
258452769,way,surface,MISSING,Surface tag is recommended to assess accessibility
258452770,way,surface,MISSING,Surface tag is recommended to assess accessibility
258452771,way,surface,MISSING,Surface tag is recommended to assess accessibility
258452773,way,surface,MISSING,Surface tag is recommended to assess accessibility
258452774,way,surface,MISSING,Surface tag is recommended to assess accessibility
258452775,way,surface,MISSING,Surface tag is recommended to assess accessibility
258452777,way,surface,MISSING,Surface tag is recommended to assess accessibility
258452778,way,surface,MISSING,Surface tag is recommended to assess accessibility
258452780,way,surface,MISSING,Surface tag is recommended to assess accessibility
258452781,way,surface,MISSING,Surface tag is recommended to assess accessibility
258452782,way,surface,MISSING,Surface tag is recommended to assess accessibility
258452783,way,surface,MISSING,Surface tag is recommended to assess accessibility
258452784,way,surface,MISSING,Surface tag is recommended to assess accessibility
258452785,way,surface,MISSING,Surface tag is recommended to assess accessibility
258452787,way,surface,MISSING,Surface tag is recommended to assess accessibility
258452788,way,surface,MISSING,Surface tag is recommended to assess accessibility
259494228,way,surface,MISSING,Surface tag is recommended to assess accessibility
259494229,way,surface,MISSING,Surface tag is recommended to assess accessibility
259494230,way,surface,MISSING,Surface tag is recommended to assess accessibility
259494231,way,surface,MISSING,Surface tag is recommended to assess accessibility
259494232,way,surface,MISSING,Surface tag is recommended to assess accessibility
259494234,way,surface,MISSING,Surface tag is recommended to assess accessibility
259494235,way,surface,MISSING,Surface tag is recommended to assess accessibility
259494236,way,surface,MISSING,Surface tag is recommended to assess accessibility
261712795,way,surface,MISSING,Surface tag is recommended to assess accessibility
261712796,way,surface,MISSING,Surface tag is recommended to assess accessibility
261712797,way,surface,MISSING,Surface tag is recommended to assess accessibility
261712798,way,surface,MISSING,Surface tag is recommended to assess accessibility
261712799,way,surface,MISSING,Surface tag is recommended to assess accessibility
261806198,way,surface,MISSING,Surface tag is recommended to assess accessibility
261812520,way,surface,MISSING,Surface tag is recommended to assess accessibility
261812521,way,surface,MISSING,Surface tag is recommended to assess accessibility
261812522,way,surface,MISSING,Surface tag is recommended to assess accessibility
261812523,way,surface,MISSING,Surface tag is recommended to assess accessibility
261812524,way,surface,MISSING,Surface tag is recommended to assess accessibility
261812527,way,surface,MISSING,Surface tag is recommended to assess accessibility
261812529,way,surface,MISSING,Surface tag is recommended to assess accessibility
261812530,way,surface,MISSING,Surface tag is recommended to assess accessibility
261812531,way,surface,MISSING,Surface tag is recommended to assess accessibility
261812532,way,surface,MISSING,Surface tag is recommended to assess accessibility
261812533,way,surface,MISSING,Surface tag is recommended to assess accessibility
261812535,way,surface,MISSING,Surface tag is recommended to assess accessibility
261812537,way,surface,MISSING,Surface tag is recommended to assess accessibility
261812538,way,surface,MISSING,Surface tag is recommended to assess accessibility
261812540,way,surface,MISSING,Surface tag is recommended to assess accessibility
261812541,way,surface,MISSING,Surface tag is recommended to assess accessibility
261812542,way,surface,MISSING,Surface tag is recommended to assess accessibility
261812544,way,surface,MISSING,Surface tag is recommended to assess accessibility
261812545,way,surface,MISSING,Surface tag is recommended to assess accessibility
261812546,way,surface,MISSING,Surface tag is recommended to assess accessibility
261812550,way,surface,MISSING,Surface tag is recommended to assess accessibility
262835343,way,surface,MISSING,Surface tag is recommended to assess accessibility
262835345,way,surface,MISSING,Surface tag is recommended to assess accessibility
262835346,way,surface,MISSING,Surface tag is recommended to assess accessibility
262835352,way,surface,MISSING,Surface tag is recommended to assess accessibility
262835354,way,surface,MISSING,Surface tag is recommended to assess accessibility
262835356,way,surface,MISSING,Surface tag is recommended to assess accessibility
262835365,way,surface,MISSING,Surface tag is recommended to assess accessibility
262835367,way,surface,MISSING,Surface tag is recommended to assess accessibility
262835369,way,surface,MISSING,Surface tag is recommended to assess accessibility
262835375,way,surface,MISSING,Surface tag is recommended to assess accessibility
262835376,way,surface,MISSING,Surface tag is recommended to assess accessibility
262835378,way,surface,MISSING,Surface tag is recommended to assess accessibility
262835382,way,surface,MISSING,Surface tag is recommended to assess accessibility
262835384,way,surface,MISSING,Surface tag is recommended to assess accessibility
262835389,way,surface,MISSING,Surface tag is recommended to assess accessibility
262835392,way,surface,MISSING,Surface tag is recommended to assess accessibility
262836683,way,surface,MISSING,Surface tag is recommended to assess accessibility
262836684,way,surface,MISSING,Surface tag is recommended to assess accessibility
262836685,way,surface,MISSING,Surface tag is recommended to assess accessibility
262977525,way,surface,MISSING,Surface tag is recommended to assess accessibility
262977526,way,surface,MISSING,Surface tag is recommended to assess accessibility
262977527,way,surface,MISSING,Surface tag is recommended to assess accessibility
262977528,way,surface,MISSING,Surface tag is recommended to assess accessibility
262977529,way,surface,MISSING,Surface tag is recommended to assess accessibility
264052558,way,surface,MISSING,Surface tag is recommended to assess accessibility
264052562,way,surface,MISSING,Surface tag is recommended to assess accessibility
264052563,way,surface,MISSING,Surface tag is recommended to assess accessibility
264052565,way,surface,MISSING,Surface tag is recommended to assess accessibility
296878470,way,surface,MISSING,Surface tag is recommended to assess accessibility
296878471,way,surface,MISSING,Surface tag is recommended to assess accessibility
299255356,way,surface,MISSING,Surface tag is recommended to assess accessibility
299255358,way,surface,MISSING,Surface tag is recommended to assess accessibility
299255361,way,surface,MISSING,Surface tag is recommended to assess accessibility
299255366,way,surface,MISSING,Surface tag is recommended to assess accessibility
330645507,way,surface,MISSING,Surface tag is recommended to assess accessibility
330645508,way,surface,MISSING,Surface tag is recommended to assess accessibility
330645509,way,surface,MISSING,Surface tag is recommended to assess accessibility
330669819,way,surface,MISSING,Surface tag is recommended to assess accessibility
330669820,way,surface,MISSING,Surface tag is recommended to assess accessibility
330669826,way,surface,MISSING,Surface tag is recommended to assess accessibility
332391827,way,surface,MISSING,Surface tag is recommended to assess accessibility
332391828,way,surface,MISSING,Surface tag is recommended to assess accessibility
332391829,way,surface,MISSING,Surface tag is recommended to assess accessibility
353383427,way,surface,MISSING,Surface tag is recommended to assess accessibility
353383428,way,surface,MISSING,Surface tag is recommended to assess accessibility
353383429,way,surface,MISSING,Surface tag is recommended to assess accessibility
353383430,way,surface,MISSING,Surface tag is recommended to assess accessibility
353383431,way,surface,MISSING,Surface tag is recommended to assess accessibility
356749962,way,surface,MISSING,Surface tag is recommended to assess accessibility
356749963,way,surface,MISSING,Surface tag is recommended to assess accessibility
356749964,way,surface,MISSING,Surface tag is recommended to assess accessibility
356749965,way,surface,MISSING,Surface tag is recommended to assess accessibility
356876492,way,surface,MISSING,Surface tag is recommended to assess accessibility
356876493,way,surface,MISSING,Surface tag is recommended to assess accessibility
356876495,way,surface,MISSING,Surface tag is recommended to assess accessibility
356876496,way,surface,MISSING,Surface tag is recommended to assess accessibility
356876498,way,surface,MISSING,Surface tag is recommended to assess accessibility
356894511,way,surface,MISSING,Surface tag is recommended to assess accessibility
356894512,way,surface,MISSING,Surface tag is recommended to assess accessibility
356894513,way,surface,MISSING,Surface tag is recommended to assess accessibility
356894514,way,surface,MISSING,Surface tag is recommended to assess accessibility
356894515,way,surface,MISSING,Surface tag is recommended to assess accessibility
389188984,way,surface,MISSING,Surface tag is recommended to assess accessibility
389188985,way,surface,MISSING,Surface tag is recommended to assess accessibility
389188986,way,surface,MISSING,Surface tag is recommended to assess accessibility
389188987,way,surface,MISSING,Surface tag is recommended to assess accessibility
389188988,way,surface,MISSING,Surface tag is recommended to assess accessibility
389188989,way,surface,MISSING,Surface tag is recommended to assess accessibility
389188990,way,surface,MISSING,Surface tag is recommended to assess accessibility
389188991,way,surface,MISSING,Surface tag is recommended to assess accessibility
389188992,way,surface,MISSING,Surface tag is recommended to assess accessibility
389188997,way,surface,MISSING,Surface tag is recommended to assess accessibility
389188998,way,surface,MISSING,Surface tag is recommended to assess accessibility
389650311,way,surface,MISSING,Surface tag is recommended to assess accessibility
389650312,way,surface,MISSING,Surface tag is recommended to assess accessibility
389650313,way,surface,MISSING,Surface tag is recommended to assess accessibility
389650314,way,surface,MISSING,Surface tag is recommended to assess accessibility
389650315,way,surface,MISSING,Surface tag is recommended to assess accessibility
389650316,way,surface,MISSING,Surface tag is recommended to assess accessibility
390230931,way,surface,MISSING,Surface tag is recommended to assess accessibility
390230933,way,surface,MISSING,Surface tag is recommended to assess accessibility
399434201,way,surface,MISSING,Surface tag is recommended to assess accessibility
399437566,way,surface,MISSING,Surface tag is recommended to assess accessibility
399439924,way,surface,MISSING,Surface tag is recommended to assess accessibility
399439926,way,surface,MISSING,Surface tag is recommended to assess accessibility
399439928,way,surface,MISSING,Surface tag is recommended to assess accessibility
413606862,way,surface,MISSING,Surface tag is recommended to assess accessibility
423395210,way,surface,MISSING,Surface tag is recommended to assess accessibility
423395211,way,surface,MISSING,Surface tag is recommended to assess accessibility
424461932,way,surface,MISSING,Surface tag is recommended to assess accessibility
427989856,way,surface,MISSING,Surface tag is recommended to assess accessibility
427989857,way,surface,MISSING,Surface tag is recommended to assess accessibility
427989858,way,surface,MISSING,Surface tag is recommended to assess accessibility
427989859,way,surface,MISSING,Surface tag is recommended to assess accessibility
427989860,way,surface,MISSING,Surface tag is recommended to assess accessibility
427989861,way,surface,MISSING,Surface tag is recommended to assess accessibility
429452881,way,surface,MISSING,Surface tag is recommended to assess accessibility
429452882,way,surface,MISSING,Surface tag is recommended to assess accessibility
429452883,way,surface,MISSING,Surface tag is recommended to assess accessibility
429455934,way,surface,MISSING,Surface tag is recommended to assess accessibility
429455945,way,surface,MISSING,Surface tag is recommended to assess accessibility
429455947,way,surface,MISSING,Surface tag is recommended to assess accessibility
429455948,way,surface,MISSING,Surface tag is recommended to assess accessibility
429455950,way,surface,MISSING,Surface tag is recommended to assess accessibility
429455955,way,surface,MISSING,Surface tag is recommended to assess accessibility
429455956,way,surface,MISSING,Surface tag is recommended to assess accessibility
429455957,way,surface,MISSING,Surface tag is recommended to assess accessibility
429455958,way,surface,MISSING,Surface tag is recommended to assess accessibility
429455960,way,surface,MISSING,Surface tag is recommended to assess accessibility
429455964,way,surface,MISSING,Surface tag is recommended to assess accessibility
429455966,way,surface,MISSING,Surface tag is recommended to assess accessibility
429455969,way,surface,MISSING,Surface tag is recommended to assess accessibility
429455970,way,surface,MISSING,Surface tag is recommended to assess accessibility
429455972,way,surface,MISSING,Surface tag is recommended to assess accessibility
429455974,way,surface,MISSING,Surface tag is recommended to assess accessibility
429455976,way,surface,MISSING,Surface tag is recommended to assess accessibility
429457951,way,surface,MISSING,Surface tag is recommended to assess accessibility
429457954,way,surface,MISSING,Surface tag is recommended to assess accessibility
429457955,way,surface,MISSING,Surface tag is recommended to assess accessibility
429457957,way,surface,MISSING,Surface tag is recommended to assess accessibility
432139938,way,surface,MISSING,Surface tag is recommended to assess accessibility
432139941,way,surface,MISSING,Surface tag is recommended to assess accessibility
432352130,way,surface,MISSING,Surface tag is recommended to assess accessibility
432352131,way,surface,MISSING,Surface tag is recommended to assess accessibility
432352132,way,surface,MISSING,Surface tag is recommended to assess accessibility
432352133,way,surface,MISSING,Surface tag is recommended to assess accessibility
432352134,way,surface,MISSING,Surface tag is recommended to assess accessibility
432352137,way,surface,MISSING,Surface tag is recommended to assess accessibility
432352138,way,surface,MISSING,Surface tag is recommended to assess accessibility
432352139,way,surface,MISSING,Surface tag is recommended to assess accessibility
432352140,way,surface,MISSING,Surface tag is recommended to assess accessibility
432913046,way,surface,MISSING,Surface tag is recommended to assess accessibility
442927668,way,surface,MISSING,Surface tag is recommended to assess accessibility
442927669,way,surface,MISSING,Surface tag is recommended to assess accessibility
442927670,way,surface,MISSING,Surface tag is recommended to assess accessibility
442927672,way,surface,MISSING,Surface tag is recommended to assess accessibility
445263407,way,surface,MISSING,Surface tag is recommended to assess accessibility
445263408,way,surface,MISSING,Surface tag is recommended to assess accessibility
445263412,way,surface,MISSING,Surface tag is recommended to assess accessibility
445263414,way,surface,MISSING,Surface tag is recommended to assess accessibility
445329990,way,surface,MISSING,Surface tag is recommended to assess accessibility
445329993,way,surface,MISSING,Surface tag is recommended to assess accessibility
445329997,way,surface,MISSING,Surface tag is recommended to assess accessibility
445329998,way,surface,MISSING,Surface tag is recommended to assess accessibility
445330001,way,surface,MISSING,Surface tag is recommended to assess accessibility
446846626,way,surface,MISSING,Surface tag is recommended to assess accessibility
446846628,way,surface,MISSING,Surface tag is recommended to assess accessibility
446846630,way,surface,MISSING,Surface tag is recommended to assess accessibility
446846632,way,surface,MISSING,Surface tag is recommended to assess accessibility
446846634,way,surface,MISSING,Surface tag is recommended to assess accessibility
446858615,way,surface,MISSING,Surface tag is recommended to assess accessibility
446858617,way,surface,MISSING,Surface tag is recommended to assess accessibility
446858619,way,surface,MISSING,Surface tag is recommended to assess accessibility
446858620,way,surface,MISSING,Surface tag is recommended to assess accessibility
446858621,way,surface,MISSING,Surface tag is recommended to assess accessibility
449913363,way,surface,MISSING,Surface tag is recommended to assess accessibility
449913370,way,surface,MISSING,Surface tag is recommended to assess accessibility
449913379,way,surface,MISSING,Surface tag is recommended to assess accessibility
449913418,way,surface,MISSING,Surface tag is recommended to assess accessibility
449913428,way,surface,MISSING,Surface tag is recommended to assess accessibility
450360763,way,surface,MISSING,Surface tag is recommended to assess accessibility
450360764,way,surface,MISSING,Surface tag is recommended to assess accessibility
450360768,way,surface,MISSING,Surface tag is recommended to assess accessibility
450360770,way,surface,MISSING,Surface tag is recommended to assess accessibility
450360776,way,surface,MISSING,Surface tag is recommended to assess accessibility
450360778,way,surface,MISSING,Surface tag is recommended to assess accessibility
450360782,way,surface,MISSING,Surface tag is recommended to assess accessibility
450360784,way,surface,MISSING,Surface tag is recommended to assess accessibility
450360786,way,surface,MISSING,Surface tag is recommended to assess accessibility
450360789,way,surface,MISSING,Surface tag is recommended to assess accessibility
450597578,way,surface,MISSING,Surface tag is recommended to assess accessibility
450597598,way,surface,MISSING,Surface tag is recommended to assess accessibility
450914575,way,surface,MISSING,Surface tag is recommended to assess accessibility
450914577,way,surface,MISSING,Surface tag is recommended to assess accessibility
450914581,way,surface,MISSING,Surface tag is recommended to assess accessibility
450914582,way,surface,MISSING,Surface tag is recommended to assess accessibility
450914583,way,surface,MISSING,Surface tag is recommended to assess accessibility
450914584,way,surface,MISSING,Surface tag is recommended to assess accessibility
451722345,way,surface,MISSING,Surface tag is recommended to assess accessibility
453727129,way,surface,MISSING,Surface tag is recommended to assess accessibility
453727130,way,surface,MISSING,Surface tag is recommended to assess accessibility
453728412,way,surface,MISSING,Surface tag is recommended to assess accessibility
454891991,way,surface,MISSING,Surface tag is recommended to assess accessibility
454891994,way,surface,MISSING,Surface tag is recommended to assess accessibility
454891996,way,surface,MISSING,Surface tag is recommended to assess accessibility
454891998,way,surface,MISSING,Surface tag is recommended to assess accessibility
454891999,way,surface,MISSING,Surface tag is recommended to assess accessibility
454892002,way,surface,MISSING,Surface tag is recommended to assess accessibility
454892003,way,surface,MISSING,Surface tag is recommended to assess accessibility
454892004,way,surface,MISSING,Surface tag is recommended to assess accessibility
454892006,way,surface,MISSING,Surface tag is recommended to assess accessibility
454892009,way,surface,MISSING,Surface tag is recommended to assess accessibility
454892012,way,surface,MISSING,Surface tag is recommended to assess accessibility
454892014,way,surface,MISSING,Surface tag is recommended to assess accessibility
454892015,way,surface,MISSING,Surface tag is recommended to assess accessibility
454892016,way,surface,MISSING,Surface tag is recommended to assess accessibility
454892023,way,surface,MISSING,Surface tag is recommended to assess accessibility
454892034,way,surface,MISSING,Surface tag is recommended to assess accessibility
454892044,way,surface,MISSING,Surface tag is recommended to assess accessibility
454892048,way,surface,MISSING,Surface tag is recommended to assess accessibility
454892064,way,surface,MISSING,Surface tag is recommended to assess accessibility
454892067,way,surface,MISSING,Surface tag is recommended to assess accessibility
454892071,way,surface,MISSING,Surface tag is recommended to assess accessibility
454892087,way,surface,MISSING,Surface tag is recommended to assess accessibility
454892089,way,surface,MISSING,Surface tag is recommended to assess accessibility
454892091,way,surface,MISSING,Surface tag is recommended to assess accessibility
454892093,way,surface,MISSING,Surface tag is recommended to assess accessibility
454892095,way,surface,MISSING,Surface tag is recommended to assess accessibility
454892097,way,surface,MISSING,Surface tag is recommended to assess accessibility
455025811,way,surface,MISSING,Surface tag is recommended to assess accessibility
455025812,way,surface,MISSING,Surface tag is recommended to assess accessibility
455025817,way,surface,MISSING,Surface tag is recommended to assess accessibility
455025818,way,surface,MISSING,Surface tag is recommended to assess accessibility
455025822,way,surface,MISSING,Surface tag is recommended to assess accessibility
455025823,way,surface,MISSING,Surface tag is recommended to assess accessibility
455025827,way,surface,MISSING,Surface tag is recommended to assess accessibility
455025837,way,surface,MISSING,Surface tag is recommended to assess accessibility
455025838,way,surface,MISSING,Surface tag is recommended to assess accessibility
455025840,way,surface,MISSING,Surface tag is recommended to assess accessibility
455025843,way,surface,MISSING,Surface tag is recommended to assess accessibility
455025846,way,surface,MISSING,Surface tag is recommended to assess accessibility
455025848,way,surface,MISSING,Surface tag is recommended to assess accessibility
455025850,way,surface,MISSING,Surface tag is recommended to assess accessibility
455025853,way,surface,MISSING,Surface tag is recommended to assess accessibility
455025855,way,surface,MISSING,Surface tag is recommended to assess accessibility
455181598,way,surface,MISSING,Surface tag is recommended to assess accessibility
455181600,way,surface,MISSING,Surface tag is recommended to assess accessibility
455181605,way,surface,MISSING,Surface tag is recommended to assess accessibility
455181608,way,surface,MISSING,Surface tag is recommended to assess accessibility
455181610,way,surface,MISSING,Surface tag is recommended to assess accessibility
455181613,way,surface,MISSING,Surface tag is recommended to assess accessibility
455181617,way,surface,MISSING,Surface tag is recommended to assess accessibility
455181619,way,surface,MISSING,Surface tag is recommended to assess accessibility
455181624,way,surface,MISSING,Surface tag is recommended to assess accessibility
455181626,way,surface,MISSING,Surface tag is recommended to assess accessibility
455181628,way,surface,MISSING,Surface tag is recommended to assess accessibility
455181629,way,surface,MISSING,Surface tag is recommended to assess accessibility
455181633,way,surface,MISSING,Surface tag is recommended to assess accessibility
455181635,way,surface,MISSING,Surface tag is recommended to assess accessibility
455181637,way,surface,MISSING,Surface tag is recommended to assess accessibility
455181639,way,surface,MISSING,Surface tag is recommended to assess accessibility
455239222,way,surface,MISSING,Surface tag is recommended to assess accessibility
455239224,way,surface,MISSING,Surface tag is recommended to assess accessibility
455264974,way,surface,MISSING,Surface tag is recommended to assess accessibility
455264977,way,surface,MISSING,Surface tag is recommended to assess accessibility
455264979,way,surface,MISSING,Surface tag is recommended to assess accessibility
455264983,way,surface,MISSING,Surface tag is recommended to assess accessibility
455264994,way,surface,MISSING,Surface tag is recommended to assess accessibility
456293275,way,surface,MISSING,Surface tag is recommended to assess accessibility
456293276,way,surface,MISSING,Surface tag is recommended to assess accessibility
460047244,way,surface,MISSING,Surface tag is recommended to assess accessibility
460047245,way,surface,MISSING,Surface tag is recommended to assess accessibility
460047246,way,surface,MISSING,Surface tag is recommended to assess accessibility
460047248,way,surface,MISSING,Surface tag is recommended to assess accessibility
460047250,way,surface,MISSING,Surface tag is recommended to assess accessibility
460047255,way,surface,MISSING,Surface tag is recommended to assess accessibility
460047257,way,surface,MISSING,Surface tag is recommended to assess accessibility
460047259,way,surface,MISSING,Surface tag is recommended to assess accessibility
460047261,way,surface,MISSING,Surface tag is recommended to assess accessibility
460047322,way,surface,MISSING,Surface tag is recommended to assess accessibility
460047333,way,surface,MISSING,Surface tag is recommended to assess accessibility
460047386,way,surface,MISSING,Surface tag is recommended to assess accessibility
460047388,way,surface,MISSING,Surface tag is recommended to assess accessibility
460352621,way,surface,MISSING,Surface tag is recommended to assess accessibility
460352622,way,surface,MISSING,Surface tag is recommended to assess accessibility
460352624,way,surface,MISSING,Surface tag is recommended to assess accessibility
460352625,way,surface,MISSING,Surface tag is recommended to assess accessibility
460352636,way,surface,MISSING,Surface tag is recommended to assess accessibility
460352637,way,surface,MISSING,Surface tag is recommended to assess accessibility
460352638,way,surface,MISSING,Surface tag is recommended to assess accessibility
460352641,way,surface,MISSING,Surface tag is recommended to assess accessibility
460352642,way,surface,MISSING,Surface tag is recommended to assess accessibility
460352643,way,surface,MISSING,Surface tag is recommended to assess accessibility
460352644,way,surface,MISSING,Surface tag is recommended to assess accessibility
460352645,way,surface,MISSING,Surface tag is recommended to assess accessibility
460352646,way,surface,MISSING,Surface tag is recommended to assess accessibility
460352647,way,surface,MISSING,Surface tag is recommended to assess accessibility
460352648,way,surface,MISSING,Surface tag is recommended to assess accessibility
460352649,way,surface,MISSING,Surface tag is recommended to assess accessibility
460352650,way,surface,MISSING,Surface tag is recommended to assess accessibility
460352651,way,surface,MISSING,Surface tag is recommended to assess accessibility
460352652,way,surface,MISSING,Surface tag is recommended to assess accessibility
460352655,way,surface,MISSING,Surface tag is recommended to assess accessibility
460352671,way,surface,MISSING,Surface tag is recommended to assess accessibility
460352674,way,surface,MISSING,Surface tag is recommended to assess accessibility
460352675,way,surface,MISSING,Surface tag is recommended to assess accessibility
460352679,way,surface,MISSING,Surface tag is recommended to assess accessibility
460558875,way,surface,MISSING,Surface tag is recommended to assess accessibility
460558877,way,surface,MISSING,Surface tag is recommended to assess accessibility
460558879,way,surface,MISSING,Surface tag is recommended to assess accessibility
460558882,way,surface,MISSING,Surface tag is recommended to assess accessibility
460558885,way,surface,MISSING,Surface tag is recommended to assess accessibility
462890640,way,surface,MISSING,Surface tag is recommended to assess accessibility
462890651,way,surface,MISSING,Surface tag is recommended to assess accessibility
462890655,way,surface,MISSING,Surface tag is recommended to assess accessibility
462890657,way,surface,MISSING,Surface tag is recommended to assess accessibility
462890661,way,surface,MISSING,Surface tag is recommended to assess accessibility
462890662,way,surface,MISSING,Surface tag is recommended to assess accessibility
462890667,way,surface,MISSING,Surface tag is recommended to assess accessibility
462890671,way,surface,MISSING,Surface tag is recommended to assess accessibility
462890672,way,surface,MISSING,Surface tag is recommended to assess accessibility
462890673,way,surface,MISSING,Surface tag is recommended to assess accessibility
462902289,way,surface,MISSING,Surface tag is recommended to assess accessibility
477295543,way,surface,MISSING,Surface tag is recommended to assess accessibility
477295544,way,surface,MISSING,Surface tag is recommended to assess accessibility
477299808,way,surface,MISSING,Surface tag is recommended to assess accessibility
477299810,way,surface,MISSING,Surface tag is recommended to assess accessibility
477299813,way,surface,MISSING,Surface tag is recommended to assess accessibility
477299815,way,surface,MISSING,Surface tag is recommended to assess accessibility
477299818,way,surface,MISSING,Surface tag is recommended to assess accessibility
477299819,way,surface,MISSING,Surface tag is recommended to assess accessibility
477299824,way,surface,MISSING,Surface tag is recommended to assess accessibility
477299826,way,surface,MISSING,Surface tag is recommended to assess accessibility
477299827,way,surface,MISSING,Surface tag is recommended to assess accessibility
477299831,way,surface,MISSING,Surface tag is recommended to assess accessibility
477299835,way,surface,MISSING,Surface tag is recommended to assess accessibility
477299840,way,surface,MISSING,Surface tag is recommended to assess accessibility
477515318,way,surface,MISSING,Surface tag is recommended to assess accessibility
477515326,way,surface,MISSING,Surface tag is recommended to assess accessibility
477515328,way,surface,MISSING,Surface tag is recommended to assess accessibility
477515341,way,surface,MISSING,Surface tag is recommended to assess accessibility
477515343,way,surface,MISSING,Surface tag is recommended to assess accessibility
477515345,way,surface,MISSING,Surface tag is recommended to assess accessibility
477515347,way,surface,MISSING,Surface tag is recommended to assess accessibility
477515349,way,surface,MISSING,Surface tag is recommended to assess accessibility
477515350,way,surface,MISSING,Surface tag is recommended to assess accessibility
477515351,way,surface,MISSING,Surface tag is recommended to assess accessibility
477515352,way,surface,MISSING,Surface tag is recommended to assess accessibility
477515358,way,surface,MISSING,Surface tag is recommended to assess accessibility
478021615,way,surface,MISSING,Surface tag is recommended to assess accessibility
478021617,way,surface,MISSING,Surface tag is recommended to assess accessibility
478021623,way,surface,MISSING,Surface tag is recommended to assess accessibility
478021629,way,surface,MISSING,Surface tag is recommended to assess accessibility
478021631,way,surface,MISSING,Surface tag is recommended to assess accessibility
478021637,way,surface,MISSING,Surface tag is recommended to assess accessibility
478021644,way,surface,MISSING,Surface tag is recommended to assess accessibility
478216040,way,surface,MISSING,Surface tag is recommended to assess accessibility
478216044,way,surface,MISSING,Surface tag is recommended to assess accessibility
478216046,way,surface,MISSING,Surface tag is recommended to assess accessibility
478216050,way,surface,MISSING,Surface tag is recommended to assess accessibility
478216053,way,surface,MISSING,Surface tag is recommended to assess accessibility
478216071,way,surface,MISSING,Surface tag is recommended to assess accessibility
478216078,way,surface,MISSING,Surface tag is recommended to assess accessibility
478216080,way,surface,MISSING,Surface tag is recommended to assess accessibility
478216082,way,surface,MISSING,Surface tag is recommended to assess accessibility
478216088,way,surface,MISSING,Surface tag is recommended to assess accessibility
478217578,way,surface,MISSING,Surface tag is recommended to assess accessibility
478535437,way,surface,MISSING,Surface tag is recommended to assess accessibility
478538199,way,surface,MISSING,Surface tag is recommended to assess accessibility
478538202,way,surface,MISSING,Surface tag is recommended to assess accessibility
478538203,way,surface,MISSING,Surface tag is recommended to assess accessibility
478538207,way,surface,MISSING,Surface tag is recommended to assess accessibility
478538210,way,surface,MISSING,Surface tag is recommended to assess accessibility
478538212,way,surface,MISSING,Surface tag is recommended to assess accessibility
570557816,way,surface,MISSING,Surface tag is recommended to assess accessibility
585924799,way,surface,MISSING,Surface tag is recommended to assess accessibility
609133854,way,surface,MISSING,Surface tag is recommended to assess accessibility
609134012,way,surface,MISSING,Surface tag is recommended to assess accessibility
609134034,way,surface,MISSING,Surface tag is recommended to assess accessibility
609134377,way,surface,MISSING,Surface tag is recommended to assess accessibility
609134406,way,surface,MISSING,Surface tag is recommended to assess accessibility
609134412,way,surface,MISSING,Surface tag is recommended to assess accessibility
609134414,way,surface,MISSING,Surface tag is recommended to assess accessibility
609134416,way,surface,MISSING,Surface tag is recommended to assess accessibility
609134418,way,surface,MISSING,Surface tag is recommended to assess accessibility
609134450,way,surface,MISSING,Surface tag is recommended to assess accessibility
609134468,way,surface,MISSING,Surface tag is recommended to assess accessibility
609134486,way,surface,MISSING,Surface tag is recommended to assess accessibility
609134488,way,surface,MISSING,Surface tag is recommended to assess accessibility
611965118,way,surface,MISSING,Surface tag is recommended to assess accessibility
611965120,way,surface,MISSING,Surface tag is recommended to assess accessibility
611965122,way,surface,MISSING,Surface tag is recommended to assess accessibility
611965125,way,surface,MISSING,Surface tag is recommended to assess accessibility
611965129,way,surface,MISSING,Surface tag is recommended to assess accessibility
611965139,way,surface,MISSING,Surface tag is recommended to assess accessibility
611965157,way,surface,MISSING,Surface tag is recommended to assess accessibility
611965244,way,surface,MISSING,Surface tag is recommended to assess accessibility
611965247,way,surface,MISSING,Surface tag is recommended to assess accessibility
611965249,way,surface,MISSING,Surface tag is recommended to assess accessibility
614461850,way,surface,MISSING,Surface tag is recommended to assess accessibility
615240623,way,surface,MISSING,Surface tag is recommended to assess accessibility
615240625,way,surface,MISSING,Surface tag is recommended to assess accessibility
615240738,way,surface,MISSING,Surface tag is recommended to assess accessibility
615240745,way,surface,MISSING,Surface tag is recommended to assess accessibility
615240748,way,surface,MISSING,Surface tag is recommended to assess accessibility
615240787,way,surface,MISSING,Surface tag is recommended to assess accessibility
616821390,way,surface,MISSING,Surface tag is recommended to assess accessibility
616821392,way,surface,MISSING,Surface tag is recommended to assess accessibility
617312973,way,surface,MISSING,Surface tag is recommended to assess accessibility
617312979,way,surface,MISSING,Surface tag is recommended to assess accessibility
617312981,way,surface,MISSING,Surface tag is recommended to assess accessibility
617312983,way,surface,MISSING,Surface tag is recommended to assess accessibility
617312987,way,surface,MISSING,Surface tag is recommended to assess accessibility
617312989,way,surface,MISSING,Surface tag is recommended to assess accessibility
617312995,way,surface,MISSING,Surface tag is recommended to assess accessibility
617312996,way,surface,MISSING,Surface tag is recommended to assess accessibility
617313022,way,surface,MISSING,Surface tag is recommended to assess accessibility
617313024,way,surface,MISSING,Surface tag is recommended to assess accessibility
617313027,way,surface,MISSING,Surface tag is recommended to assess accessibility
617313030,way,surface,MISSING,Surface tag is recommended to assess accessibility
617398570,way,surface,MISSING,Surface tag is recommended to assess accessibility
617398584,way,surface,MISSING,Surface tag is recommended to assess accessibility
619374267,way,surface,MISSING,Surface tag is recommended to assess accessibility
619374271,way,surface,MISSING,Surface tag is recommended to assess accessibility
619374309,way,surface,MISSING,Surface tag is recommended to assess accessibility
619374319,way,surface,MISSING,Surface tag is recommended to assess accessibility
619374321,way,surface,MISSING,Surface tag is recommended to assess accessibility
619374323,way,surface,MISSING,Surface tag is recommended to assess accessibility
619374329,way,surface,MISSING,Surface tag is recommended to assess accessibility
619374335,way,surface,MISSING,Surface tag is recommended to assess accessibility
619374337,way,surface,MISSING,Surface tag is recommended to assess accessibility
619374338,way,surface,MISSING,Surface tag is recommended to assess accessibility
619374339,way,surface,MISSING,Surface tag is recommended to assess accessibility
619374344,way,surface,MISSING,Surface tag is recommended to assess accessibility
619374346,way,surface,MISSING,Surface tag is recommended to assess accessibility
619374348,way,surface,MISSING,Surface tag is recommended to assess accessibility
627932960,way,surface,MISSING,Surface tag is recommended to assess accessibility
627932970,way,surface,MISSING,Surface tag is recommended to assess accessibility
629166115,way,surface,MISSING,Surface tag is recommended to assess accessibility
629166117,way,surface,MISSING,Surface tag is recommended to assess accessibility
629166119,way,surface,MISSING,Surface tag is recommended to assess accessibility
629166121,way,surface,MISSING,Surface tag is recommended to assess accessibility
629166123,way,surface,MISSING,Surface tag is recommended to assess accessibility
629175809,way,surface,MISSING,Surface tag is recommended to assess accessibility
629175830,way,surface,MISSING,Surface tag is recommended to assess accessibility
629175835,way,surface,MISSING,Surface tag is recommended to assess accessibility
629175836,way,surface,MISSING,Surface tag is recommended to assess accessibility
629175845,way,surface,MISSING,Surface tag is recommended to assess accessibility
629175856,way,surface,MISSING,Surface tag is recommended to assess accessibility
629175859,way,surface,MISSING,Surface tag is recommended to assess accessibility
629175861,way,surface,MISSING,Surface tag is recommended to assess accessibility
629175864,way,surface,MISSING,Surface tag is recommended to assess accessibility
629175867,way,surface,MISSING,Surface tag is recommended to assess accessibility
629175868,way,surface,MISSING,Surface tag is recommended to assess accessibility
629175873,way,surface,MISSING,Surface tag is recommended to assess accessibility
629175877,way,surface,MISSING,Surface tag is recommended to assess accessibility
629175879,way,surface,MISSING,Surface tag is recommended to assess accessibility
629175881,way,surface,MISSING,Surface tag is recommended to assess accessibility
629175883,way,surface,MISSING,Surface tag is recommended to assess accessibility
629175884,way,surface,MISSING,Surface tag is recommended to assess accessibility
629175889,way,surface,MISSING,Surface tag is recommended to assess accessibility
629175891,way,surface,MISSING,Surface tag is recommended to assess accessibility
629175892,way,surface,MISSING,Surface tag is recommended to assess accessibility
629175896,way,surface,MISSING,Surface tag is recommended to assess accessibility
629175897,way,surface,MISSING,Surface tag is recommended to assess accessibility
629175898,way,surface,MISSING,Surface tag is recommended to assess accessibility
629175904,way,surface,MISSING,Surface tag is recommended to assess accessibility
629175915,way,surface,MISSING,Surface tag is recommended to assess accessibility
629175936,way,surface,MISSING,Surface tag is recommended to assess accessibility
629175937,way,surface,MISSING,Surface tag is recommended to assess accessibility
629175941,way,surface,MISSING,Surface tag is recommended to assess accessibility
629175943,way,surface,MISSING,Surface tag is recommended to assess accessibility
629178621,way,surface,MISSING,Surface tag is recommended to assess accessibility
636743457,way,surface,MISSING,Surface tag is recommended to assess accessibility
636743459,way,surface,MISSING,Surface tag is recommended to assess accessibility
639705876,way,surface,MISSING,Surface tag is recommended to assess accessibility
639705878,way,surface,MISSING,Surface tag is recommended to assess accessibility
639705880,way,surface,MISSING,Surface tag is recommended to assess accessibility
639705884,way,surface,MISSING,Surface tag is recommended to assess accessibility
639705886,way,surface,MISSING,Surface tag is recommended to assess accessibility
639705888,way,surface,MISSING,Surface tag is recommended to assess accessibility
639705890,way,surface,MISSING,Surface tag is recommended to assess accessibility
639705893,way,surface,MISSING,Surface tag is recommended to assess accessibility
639705895,way,surface,MISSING,Surface tag is recommended to assess accessibility
639705900,way,surface,MISSING,Surface tag is recommended to assess accessibility
639705903,way,surface,MISSING,Surface tag is recommended to assess accessibility
640214099,way,surface,MISSING,Surface tag is recommended to assess accessibility
640214100,way,surface,MISSING,Surface tag is recommended to assess accessibility
640214101,way,surface,MISSING,Surface tag is recommended to assess accessibility
640214102,way,surface,MISSING,Surface tag is recommended to assess accessibility
640214103,way,surface,MISSING,Surface tag is recommended to assess accessibility
640214104,way,surface,MISSING,Surface tag is recommended to assess accessibility
640214105,way,surface,MISSING,Surface tag is recommended to assess accessibility
640214111,way,surface,MISSING,Surface tag is recommended to assess accessibility
640214116,way,surface,MISSING,Surface tag is recommended to assess accessibility
640214118,way,surface,MISSING,Surface tag is recommended to assess accessibility
640214131,way,surface,MISSING,Surface tag is recommended to assess accessibility
640214132,way,surface,MISSING,Surface tag is recommended to assess accessibility
640214135,way,surface,MISSING,Surface tag is recommended to assess accessibility
640214138,way,surface,MISSING,Surface tag is recommended to assess accessibility
640214140,way,surface,MISSING,Surface tag is recommended to assess accessibility
640214141,way,surface,MISSING,Surface tag is recommended to assess accessibility
640214147,way,surface,MISSING,Surface tag is recommended to assess accessibility
640214156,way,surface,MISSING,Surface tag is recommended to assess accessibility
640214159,way,surface,MISSING,Surface tag is recommended to assess accessibility
640214160,way,surface,MISSING,Surface tag is recommended to assess accessibility
640214163,way,surface,MISSING,Surface tag is recommended to assess accessibility
641195937,way,surface,MISSING,Surface tag is recommended to assess accessibility
641195939,way,surface,MISSING,Surface tag is recommended to assess accessibility
641195958,way,surface,MISSING,Surface tag is recommended to assess accessibility
641195961,way,surface,MISSING,Surface tag is recommended to assess accessibility
641195963,way,surface,MISSING,Surface tag is recommended to assess accessibility
641195965,way,surface,MISSING,Surface tag is recommended to assess accessibility
641195967,way,surface,MISSING,Surface tag is recommended to assess accessibility
641195971,way,surface,MISSING,Surface tag is recommended to assess accessibility
641195973,way,surface,MISSING,Surface tag is recommended to assess accessibility
641195979,way,surface,MISSING,Surface tag is recommended to assess accessibility
641195981,way,surface,MISSING,Surface tag is recommended to assess accessibility
641195993,way,surface,MISSING,Surface tag is recommended to assess accessibility
641195995,way,surface,MISSING,Surface tag is recommended to assess accessibility
641195997,way,surface,MISSING,Surface tag is recommended to assess accessibility
641195999,way,surface,MISSING,Surface tag is recommended to assess accessibility
641196005,way,surface,MISSING,Surface tag is recommended to assess accessibility
641196007,way,surface,MISSING,Surface tag is recommended to assess accessibility
641196009,way,surface,MISSING,Surface tag is recommended to assess accessibility
641196012,way,surface,MISSING,Surface tag is recommended to assess accessibility
641196014,way,surface,MISSING,Surface tag is recommended to assess accessibility
641196020,way,surface,MISSING,Surface tag is recommended to assess accessibility
641196022,way,surface,MISSING,Surface tag is recommended to assess accessibility
641196024,way,surface,MISSING,Surface tag is recommended to assess accessibility
641196026,way,surface,MISSING,Surface tag is recommended to assess accessibility
641196032,way,surface,MISSING,Surface tag is recommended to assess accessibility
641201708,way,surface,MISSING,Surface tag is recommended to assess accessibility
641201717,way,surface,MISSING,Surface tag is recommended to assess accessibility
641201724,way,surface,MISSING,Surface tag is recommended to assess accessibility
641413462,way,surface,MISSING,Surface tag is recommended to assess accessibility
641413464,way,surface,MISSING,Surface tag is recommended to assess accessibility
641413466,way,surface,MISSING,Surface tag is recommended to assess accessibility
641413484,way,surface,MISSING,Surface tag is recommended to assess accessibility
641413503,way,surface,MISSING,Surface tag is recommended to assess accessibility
641413518,way,surface,MISSING,Surface tag is recommended to assess accessibility
641918066,way,surface,MISSING,Surface tag is recommended to assess accessibility
641918068,way,surface,MISSING,Surface tag is recommended to assess accessibility
641918125,way,surface,MISSING,Surface tag is recommended to assess accessibility
641918127,way,surface,MISSING,Surface tag is recommended to assess accessibility
641918130,way,surface,MISSING,Surface tag is recommended to assess accessibility
641918132,way,surface,MISSING,Surface tag is recommended to assess accessibility
641918134,way,surface,MISSING,Surface tag is recommended to assess accessibility
641918135,way,surface,MISSING,Surface tag is recommended to assess accessibility
641918138,way,surface,MISSING,Surface tag is recommended to assess accessibility
641918142,way,surface,MISSING,Surface tag is recommended to assess accessibility
641918144,way,surface,MISSING,Surface tag is recommended to assess accessibility
641918146,way,surface,MISSING,Surface tag is recommended to assess accessibility
641918151,way,surface,MISSING,Surface tag is recommended to assess accessibility
641918155,way,surface,MISSING,Surface tag is recommended to assess accessibility
641918157,way,surface,MISSING,Surface tag is recommended to assess accessibility
641918162,way,surface,MISSING,Surface tag is recommended to assess accessibility
641918164,way,surface,MISSING,Surface tag is recommended to assess accessibility
641918167,way,surface,MISSING,Surface tag is recommended to assess accessibility
641918170,way,surface,MISSING,Surface tag is recommended to assess accessibility
641918172,way,surface,MISSING,Surface tag is recommended to assess accessibility
641918187,way,surface,MISSING,Surface tag is recommended to assess accessibility
642204662,way,surface,MISSING,Surface tag is recommended to assess accessibility
645146663,way,surface,MISSING,Surface tag is recommended to assess accessibility
646178624,way,surface,MISSING,Surface tag is recommended to assess accessibility
646178626,way,surface,MISSING,Surface tag is recommended to assess accessibility
646178628,way,surface,MISSING,Surface tag is recommended to assess accessibility
646178630,way,surface,MISSING,Surface tag is recommended to assess accessibility
646178634,way,surface,MISSING,Surface tag is recommended to assess accessibility
646178636,way,surface,MISSING,Surface tag is recommended to assess accessibility
646399180,way,surface,MISSING,Surface tag is recommended to assess accessibility
646399182,way,surface,MISSING,Surface tag is recommended to assess accessibility
648318889,way,surface,MISSING,Surface tag is recommended to assess accessibility
648962430,way,surface,MISSING,Surface tag is recommended to assess accessibility
651751889,way,surface,MISSING,Surface tag is recommended to assess accessibility
651899685,way,surface,MISSING,Surface tag is recommended to assess accessibility
651899691,way,surface,MISSING,Surface tag is recommended to assess accessibility
651899720,way,surface,MISSING,Surface tag is recommended to assess accessibility
651987189,way,surface,MISSING,Surface tag is recommended to assess accessibility
651987191,way,surface,MISSING,Surface tag is recommended to assess accessibility
651987193,way,surface,MISSING,Surface tag is recommended to assess accessibility
651987195,way,surface,MISSING,Surface tag is recommended to assess accessibility
651987201,way,surface,MISSING,Surface tag is recommended to assess accessibility
651987203,way,surface,MISSING,Surface tag is recommended to assess accessibility
651987205,way,surface,MISSING,Surface tag is recommended to assess accessibility
651987206,way,surface,MISSING,Surface tag is recommended to assess accessibility
652286943,way,surface,MISSING,Surface tag is recommended to assess accessibility
652286947,way,surface,MISSING,Surface tag is recommended to assess accessibility
652286969,way,surface,MISSING,Surface tag is recommended to assess accessibility
652286998,way,surface,MISSING,Surface tag is recommended to assess accessibility
652287026,way,surface,MISSING,Surface tag is recommended to assess accessibility
652287108,way,surface,MISSING,Surface tag is recommended to assess accessibility
652287110,way,surface,MISSING,Surface tag is recommended to assess accessibility
652562922,way,surface,MISSING,Surface tag is recommended to assess accessibility
652562923,way,surface,MISSING,Surface tag is recommended to assess accessibility
653128470,way,surface,MISSING,Surface tag is recommended to assess accessibility
653128481,way,surface,MISSING,Surface tag is recommended to assess accessibility
653128482,way,surface,MISSING,Surface tag is recommended to assess accessibility
653128487,way,surface,MISSING,Surface tag is recommended to assess accessibility
653128489,way,surface,MISSING,Surface tag is recommended to assess accessibility
653128491,way,surface,MISSING,Surface tag is recommended to assess accessibility
653128494,way,surface,MISSING,Surface tag is recommended to assess accessibility
653128508,way,surface,MISSING,Surface tag is recommended to assess accessibility
653128514,way,surface,MISSING,Surface tag is recommended to assess accessibility
653128516,way,surface,MISSING,Surface tag is recommended to assess accessibility
653128518,way,surface,MISSING,Surface tag is recommended to assess accessibility
653128525,way,surface,MISSING,Surface tag is recommended to assess accessibility
653128535,way,surface,MISSING,Surface tag is recommended to assess accessibility
653128537,way,surface,MISSING,Surface tag is recommended to assess accessibility
653287296,way,surface,MISSING,Surface tag is recommended to assess accessibility
653287298,way,surface,MISSING,Surface tag is recommended to assess accessibility
653287302,way,surface,MISSING,Surface tag is recommended to assess accessibility
653287309,way,surface,MISSING,Surface tag is recommended to assess accessibility
653287311,way,surface,MISSING,Surface tag is recommended to assess accessibility
653287313,way,surface,MISSING,Surface tag is recommended to assess accessibility
653287318,way,surface,MISSING,Surface tag is recommended to assess accessibility
653287324,way,surface,MISSING,Surface tag is recommended to assess accessibility
653287326,way,surface,MISSING,Surface tag is recommended to assess accessibility
653287328,way,surface,MISSING,Surface tag is recommended to assess accessibility
653287331,way,surface,MISSING,Surface tag is recommended to assess accessibility
653287333,way,surface,MISSING,Surface tag is recommended to assess accessibility
653287337,way,surface,MISSING,Surface tag is recommended to assess accessibility
653510670,way,surface,MISSING,Surface tag is recommended to assess accessibility
663164227,way,surface,MISSING,Surface tag is recommended to assess accessibility
663164230,way,surface,MISSING,Surface tag is recommended to assess accessibility
663164232,way,surface,MISSING,Surface tag is recommended to assess accessibility
663164238,way,surface,MISSING,Surface tag is recommended to assess accessibility
663164246,way,surface,MISSING,Surface tag is recommended to assess accessibility
663164251,way,surface,MISSING,Surface tag is recommended to assess accessibility
663164256,way,surface,MISSING,Surface tag is recommended to assess accessibility
663164259,way,surface,MISSING,Surface tag is recommended to assess accessibility
663164266,way,surface,MISSING,Surface tag is recommended to assess accessibility
663164270,way,surface,MISSING,Surface tag is recommended to assess accessibility
663164277,way,surface,MISSING,Surface tag is recommended to assess accessibility
663164284,way,surface,MISSING,Surface tag is recommended to assess accessibility
663164288,way,surface,MISSING,Surface tag is recommended to assess accessibility
663164292,way,surface,MISSING,Surface tag is recommended to assess accessibility
663164296,way,surface,MISSING,Surface tag is recommended to assess accessibility
669548485,way,surface,MISSING,Surface tag is recommended to assess accessibility
669548487,way,surface,MISSING,Surface tag is recommended to assess accessibility
669548491,way,surface,MISSING,Surface tag is recommended to assess accessibility
669548534,way,surface,MISSING,Surface tag is recommended to assess accessibility
678442068,way,surface,MISSING,Surface tag is recommended to assess accessibility
678442076,way,surface,MISSING,Surface tag is recommended to assess accessibility
678442080,way,surface,MISSING,Surface tag is recommended to assess accessibility
678442088,way,surface,MISSING,Surface tag is recommended to assess accessibility
678442111,way,surface,MISSING,Surface tag is recommended to assess accessibility
678442126,way,surface,MISSING,Surface tag is recommended to assess accessibility
678864546,way,surface,MISSING,Surface tag is recommended to assess accessibility
678864548,way,surface,MISSING,Surface tag is recommended to assess accessibility
678864551,way,surface,MISSING,Surface tag is recommended to assess accessibility
678864553,way,surface,MISSING,Surface tag is recommended to assess accessibility
678864555,way,surface,MISSING,Surface tag is recommended to assess accessibility
678864557,way,surface,MISSING,Surface tag is recommended to assess accessibility
678864560,way,surface,MISSING,Surface tag is recommended to assess accessibility
678864563,way,surface,MISSING,Surface tag is recommended to assess accessibility
686663525,way,surface,MISSING,Surface tag is recommended to assess accessibility
686663531,way,surface,MISSING,Surface tag is recommended to assess accessibility
686663532,way,surface,MISSING,Surface tag is recommended to assess accessibility
686663533,way,surface,MISSING,Surface tag is recommended to assess accessibility
686663541,way,surface,MISSING,Surface tag is recommended to assess accessibility
686767384,way,surface,MISSING,Surface tag is recommended to assess accessibility
686767386,way,surface,MISSING,Surface tag is recommended to assess accessibility
686767387,way,surface,MISSING,Surface tag is recommended to assess accessibility
686767390,way,surface,MISSING,Surface tag is recommended to assess accessibility
686767395,way,surface,MISSING,Surface tag is recommended to assess accessibility
686767397,way,surface,MISSING,Surface tag is recommended to assess accessibility
686934377,way,surface,MISSING,Surface tag is recommended to assess accessibility
689029682,way,surface,MISSING,Surface tag is recommended to assess accessibility
689029694,way,surface,MISSING,Surface tag is recommended to assess accessibility
689029697,way,surface,MISSING,Surface tag is recommended to assess accessibility
689029701,way,surface,MISSING,Surface tag is recommended to assess accessibility
689029703,way,surface,MISSING,Surface tag is recommended to assess accessibility
689029705,way,surface,MISSING,Surface tag is recommended to assess accessibility
689029707,way,surface,MISSING,Surface tag is recommended to assess accessibility
689029711,way,surface,MISSING,Surface tag is recommended to assess accessibility
689029713,way,surface,MISSING,Surface tag is recommended to assess accessibility
689029715,way,surface,MISSING,Surface tag is recommended to assess accessibility
689029717,way,surface,MISSING,Surface tag is recommended to assess accessibility
689029721,way,surface,MISSING,Surface tag is recommended to assess accessibility
689029723,way,surface,MISSING,Surface tag is recommended to assess accessibility
689029725,way,surface,MISSING,Surface tag is recommended to assess accessibility
689029727,way,surface,MISSING,Surface tag is recommended to assess accessibility
689029731,way,surface,MISSING,Surface tag is recommended to assess accessibility
689029733,way,surface,MISSING,Surface tag is recommended to assess accessibility
689029735,way,surface,MISSING,Surface tag is recommended to assess accessibility
689029737,way,surface,MISSING,Surface tag is recommended to assess accessibility
689029740,way,surface,MISSING,Surface tag is recommended to assess accessibility
689502251,way,surface,MISSING,Surface tag is recommended to assess accessibility
689502266,way,surface,MISSING,Surface tag is recommended to assess accessibility
689660308,way,surface,MISSING,Surface tag is recommended to assess accessibility
689660310,way,surface,MISSING,Surface tag is recommended to assess accessibility
689660312,way,surface,MISSING,Surface tag is recommended to assess accessibility
689660315,way,surface,MISSING,Surface tag is recommended to assess accessibility
689660317,way,surface,MISSING,Surface tag is recommended to assess accessibility
689660319,way,surface,MISSING,Surface tag is recommended to assess accessibility
689660321,way,surface,MISSING,Surface tag is recommended to assess accessibility
689660325,way,surface,MISSING,Surface tag is recommended to assess accessibility
689660327,way,surface,MISSING,Surface tag is recommended to assess accessibility
689660331,way,surface,MISSING,Surface tag is recommended to assess accessibility
689660333,way,surface,MISSING,Surface tag is recommended to assess accessibility
689660335,way,surface,MISSING,Surface tag is recommended to assess accessibility
689660338,way,surface,MISSING,Surface tag is recommended to assess accessibility
690973861,way,surface,MISSING,Surface tag is recommended to assess accessibility
690973862,way,surface,MISSING,Surface tag is recommended to assess accessibility
690973863,way,surface,MISSING,Surface tag is recommended to assess accessibility
690973864,way,surface,MISSING,Surface tag is recommended to assess accessibility
690973869,way,surface,MISSING,Surface tag is recommended to assess accessibility
730463383,way,surface,MISSING,Surface tag is recommended to assess accessibility
731253131,way,surface,MISSING,Surface tag is recommended to assess accessibility
731253133,way,surface,MISSING,Surface tag is recommended to assess accessibility
731268994,way,surface,MISSING,Surface tag is recommended to assess accessibility
732644111,way,surface,MISSING,Surface tag is recommended to assess accessibility
736287637,way,surface,MISSING,Surface tag is recommended to assess accessibility
738535152,way,surface,MISSING,Surface tag is recommended to assess accessibility
765716118,way,surface,MISSING,Surface tag is recommended to assess accessibility
767429270,way,surface,MISSING,Surface tag is recommended to assess accessibility
767629184,way,surface,MISSING,Surface tag is recommended to assess accessibility
767629186,way,surface,MISSING,Surface tag is recommended to assess accessibility
767762809,way,surface,MISSING,Surface tag is recommended to assess accessibility
768672594,way,surface,MISSING,Surface tag is recommended to assess accessibility
768672595,way,surface,MISSING,Surface tag is recommended to assess accessibility
768672597,way,surface,MISSING,Surface tag is recommended to assess accessibility
768672599,way,surface,MISSING,Surface tag is recommended to assess accessibility
768969598,way,surface,MISSING,Surface tag is recommended to assess accessibility
770924449,way,surface,MISSING,Surface tag is recommended to assess accessibility
770925274,way,surface,MISSING,Surface tag is recommended to assess accessibility
770925278,way,surface,MISSING,Surface tag is recommended to assess accessibility
770930026,way,surface,MISSING,Surface tag is recommended to assess accessibility
770930029,way,surface,MISSING,Surface tag is recommended to assess accessibility
770930030,way,surface,MISSING,Surface tag is recommended to assess accessibility
770934262,way,surface,MISSING,Surface tag is recommended to assess accessibility
771684606,way,surface,MISSING,Surface tag is recommended to assess accessibility
771684988,way,surface,MISSING,Surface tag is recommended to assess accessibility
771690089,way,surface,MISSING,Surface tag is recommended to assess accessibility
771690090,way,surface,MISSING,Surface tag is recommended to assess accessibility
771691970,way,surface,MISSING,Surface tag is recommended to assess accessibility
771710427,way,surface,MISSING,Surface tag is recommended to assess accessibility
771710429,way,surface,MISSING,Surface tag is recommended to assess accessibility
771710430,way,surface,MISSING,Surface tag is recommended to assess accessibility
771710431,way,surface,MISSING,Surface tag is recommended to assess accessibility
771713369,way,surface,MISSING,Surface tag is recommended to assess accessibility
771713371,way,surface,MISSING,Surface tag is recommended to assess accessibility
771713373,way,surface,MISSING,Surface tag is recommended to assess accessibility
771716318,way,surface,MISSING,Surface tag is recommended to assess accessibility
771716319,way,surface,MISSING,Surface tag is recommended to assess accessibility
771716321,way,surface,MISSING,Surface tag is recommended to assess accessibility
771716322,way,surface,MISSING,Surface tag is recommended to assess accessibility
771716323,way,surface,MISSING,Surface tag is recommended to assess accessibility
771716324,way,surface,MISSING,Surface tag is recommended to assess accessibility
771716325,way,surface,MISSING,Surface tag is recommended to assess accessibility
771716326,way,surface,MISSING,Surface tag is recommended to assess accessibility
771719075,way,surface,MISSING,Surface tag is recommended to assess accessibility
771719076,way,surface,MISSING,Surface tag is recommended to assess accessibility
771719077,way,surface,MISSING,Surface tag is recommended to assess accessibility
771719079,way,surface,MISSING,Surface tag is recommended to assess accessibility
771719083,way,surface,MISSING,Surface tag is recommended to assess accessibility
771719084,way,surface,MISSING,Surface tag is recommended to assess accessibility
771719087,way,surface,MISSING,Surface tag is recommended to assess accessibility
771719088,way,surface,MISSING,Surface tag is recommended to assess accessibility
771721765,way,surface,MISSING,Surface tag is recommended to assess accessibility
771721766,way,surface,MISSING,Surface tag is recommended to assess accessibility
771724389,way,surface,MISSING,Surface tag is recommended to assess accessibility
771724390,way,surface,MISSING,Surface tag is recommended to assess accessibility
771724391,way,surface,MISSING,Surface tag is recommended to assess accessibility
771724395,way,surface,MISSING,Surface tag is recommended to assess accessibility
771740035,way,surface,MISSING,Surface tag is recommended to assess accessibility
771740036,way,surface,MISSING,Surface tag is recommended to assess accessibility
771740038,way,surface,MISSING,Surface tag is recommended to assess accessibility
771744321,way,surface,MISSING,Surface tag is recommended to assess accessibility
771744323,way,surface,MISSING,Surface tag is recommended to assess accessibility
771744325,way,surface,MISSING,Surface tag is recommended to assess accessibility
771744326,way,surface,MISSING,Surface tag is recommended to assess accessibility
771744329,way,surface,MISSING,Surface tag is recommended to assess accessibility
771744330,way,surface,MISSING,Surface tag is recommended to assess accessibility
771744331,way,surface,MISSING,Surface tag is recommended to assess accessibility
771744332,way,surface,MISSING,Surface tag is recommended to assess accessibility
771747922,way,surface,MISSING,Surface tag is recommended to assess accessibility
771747925,way,surface,MISSING,Surface tag is recommended to assess accessibility
771747926,way,surface,MISSING,Surface tag is recommended to assess accessibility
771747927,way,surface,MISSING,Surface tag is recommended to assess accessibility
771747928,way,surface,MISSING,Surface tag is recommended to assess accessibility
771747930,way,surface,MISSING,Surface tag is recommended to assess accessibility
771747933,way,surface,MISSING,Surface tag is recommended to assess accessibility
771747934,way,surface,MISSING,Surface tag is recommended to assess accessibility
771747935,way,surface,MISSING,Surface tag is recommended to assess accessibility
771758143,way,surface,MISSING,Surface tag is recommended to assess accessibility
772236706,way,surface,MISSING,Surface tag is recommended to assess accessibility
772247394,way,surface,MISSING,Surface tag is recommended to assess accessibility
772248303,way,surface,MISSING,Surface tag is recommended to assess accessibility
772248304,way,surface,MISSING,Surface tag is recommended to assess accessibility
772255308,way,surface,MISSING,Surface tag is recommended to assess accessibility
772255309,way,surface,MISSING,Surface tag is recommended to assess accessibility
772255310,way,surface,MISSING,Surface tag is recommended to assess accessibility
772255312,way,surface,MISSING,Surface tag is recommended to assess accessibility
772255314,way,surface,MISSING,Surface tag is recommended to assess accessibility
772255315,way,surface,MISSING,Surface tag is recommended to assess accessibility
772255316,way,surface,MISSING,Surface tag is recommended to assess accessibility
772255318,way,surface,MISSING,Surface tag is recommended to assess accessibility
772255322,way,surface,MISSING,Surface tag is recommended to assess accessibility
772255323,way,surface,MISSING,Surface tag is recommended to assess accessibility
773641940,way,surface,MISSING,Surface tag is recommended to assess accessibility
773641944,way,surface,MISSING,Surface tag is recommended to assess accessibility
773641945,way,surface,MISSING,Surface tag is recommended to assess accessibility
773641952,way,surface,MISSING,Surface tag is recommended to assess accessibility
773641953,way,surface,MISSING,Surface tag is recommended to assess accessibility
773641955,way,surface,MISSING,Surface tag is recommended to assess accessibility
773827087,way,surface,MISSING,Surface tag is recommended to assess accessibility
773827089,way,surface,MISSING,Surface tag is recommended to assess accessibility
773840433,way,surface,MISSING,Surface tag is recommended to assess accessibility
773848210,way,surface,MISSING,Surface tag is recommended to assess accessibility
774859011,way,surface,MISSING,Surface tag is recommended to assess accessibility
774859017,way,surface,MISSING,Surface tag is recommended to assess accessibility
774859019,way,surface,MISSING,Surface tag is recommended to assess accessibility
774859020,way,surface,MISSING,Surface tag is recommended to assess accessibility
776031144,way,surface,MISSING,Surface tag is recommended to assess accessibility
776031150,way,surface,MISSING,Surface tag is recommended to assess accessibility
776031152,way,surface,MISSING,Surface tag is recommended to assess accessibility
776031154,way,surface,MISSING,Surface tag is recommended to assess accessibility
776031155,way,surface,MISSING,Surface tag is recommended to assess accessibility
776031157,way,surface,MISSING,Surface tag is recommended to assess accessibility
776046025,way,surface,MISSING,Surface tag is recommended to assess accessibility
776604943,way,surface,MISSING,Surface tag is recommended to assess accessibility
776604946,way,surface,MISSING,Surface tag is recommended to assess accessibility
776616755,way,surface,MISSING,Surface tag is recommended to assess accessibility
776616760,way,surface,MISSING,Surface tag is recommended to assess accessibility
776616761,way,surface,MISSING,Surface tag is recommended to assess accessibility
776616762,way,surface,MISSING,Surface tag is recommended to assess accessibility
776616775,way,surface,MISSING,Surface tag is recommended to assess accessibility
777260046,way,surface,MISSING,Surface tag is recommended to assess accessibility
777260049,way,surface,MISSING,Surface tag is recommended to assess accessibility
777260050,way,surface,MISSING,Surface tag is recommended to assess accessibility
777260051,way,surface,MISSING,Surface tag is recommended to assess accessibility
777260052,way,surface,MISSING,Surface tag is recommended to assess accessibility
777260053,way,surface,MISSING,Surface tag is recommended to assess accessibility
777260054,way,surface,MISSING,Surface tag is recommended to assess accessibility
777260055,way,surface,MISSING,Surface tag is recommended to assess accessibility
777260056,way,surface,MISSING,Surface tag is recommended to assess accessibility
777260057,way,surface,MISSING,Surface tag is recommended to assess accessibility
777260058,way,surface,MISSING,Surface tag is recommended to assess accessibility
777260059,way,surface,MISSING,Surface tag is recommended to assess accessibility
777276464,way,surface,MISSING,Surface tag is recommended to assess accessibility
778074379,way,surface,MISSING,Surface tag is recommended to assess accessibility
778579724,way,surface,MISSING,Surface tag is recommended to assess accessibility
778579725,way,surface,MISSING,Surface tag is recommended to assess accessibility
778579727,way,surface,MISSING,Surface tag is recommended to assess accessibility
778579731,way,surface,MISSING,Surface tag is recommended to assess accessibility
778579732,way,surface,MISSING,Surface tag is recommended to assess accessibility
778579733,way,surface,MISSING,Surface tag is recommended to assess accessibility
778579736,way,surface,MISSING,Surface tag is recommended to assess accessibility
778579737,way,surface,MISSING,Surface tag is recommended to assess accessibility
778579738,way,surface,MISSING,Surface tag is recommended to assess accessibility
778579739,way,surface,MISSING,Surface tag is recommended to assess accessibility
778582309,way,surface,MISSING,Surface tag is recommended to assess accessibility
778582310,way,surface,MISSING,Surface tag is recommended to assess accessibility
779380720,way,surface,MISSING,Surface tag is recommended to assess accessibility
779380721,way,surface,MISSING,Surface tag is recommended to assess accessibility
779380728,way,surface,MISSING,Surface tag is recommended to assess accessibility
779440165,way,surface,MISSING,Surface tag is recommended to assess accessibility
779440169,way,surface,MISSING,Surface tag is recommended to assess accessibility
779440171,way,surface,MISSING,Surface tag is recommended to assess accessibility
779440172,way,surface,MISSING,Surface tag is recommended to assess accessibility
779660557,way,surface,MISSING,Surface tag is recommended to assess accessibility
779660560,way,surface,MISSING,Surface tag is recommended to assess accessibility
779660561,way,surface,MISSING,Surface tag is recommended to assess accessibility
779660563,way,surface,MISSING,Surface tag is recommended to assess accessibility
779660565,way,surface,MISSING,Surface tag is recommended to assess accessibility
779660567,way,surface,MISSING,Surface tag is recommended to assess accessibility
781071651,way,surface,MISSING,Surface tag is recommended to assess accessibility
781071652,way,surface,MISSING,Surface tag is recommended to assess accessibility
781071666,way,surface,MISSING,Surface tag is recommended to assess accessibility
785180896,way,surface,MISSING,Surface tag is recommended to assess accessibility
785180898,way,surface,MISSING,Surface tag is recommended to assess accessibility
785965156,way,surface,MISSING,Surface tag is recommended to assess accessibility
785965157,way,surface,MISSING,Surface tag is recommended to assess accessibility
786952856,way,surface,MISSING,Surface tag is recommended to assess accessibility
786952857,way,surface,MISSING,Surface tag is recommended to assess accessibility
786952860,way,surface,MISSING,Surface tag is recommended to assess accessibility
786952868,way,surface,MISSING,Surface tag is recommended to assess accessibility
786952875,way,surface,MISSING,Surface tag is recommended to assess accessibility
786952876,way,surface,MISSING,Surface tag is recommended to assess accessibility
786952877,way,surface,MISSING,Surface tag is recommended to assess accessibility
786952878,way,surface,MISSING,Surface tag is recommended to assess accessibility
786952882,way,surface,MISSING,Surface tag is recommended to assess accessibility
788307183,way,surface,MISSING,Surface tag is recommended to assess accessibility
790018767,way,surface,MISSING,Surface tag is recommended to assess accessibility
790018770,way,surface,MISSING,Surface tag is recommended to assess accessibility
790018772,way,surface,MISSING,Surface tag is recommended to assess accessibility
790018773,way,surface,MISSING,Surface tag is recommended to assess accessibility
790034531,way,surface,MISSING,Surface tag is recommended to assess accessibility
790034533,way,surface,MISSING,Surface tag is recommended to assess accessibility
790034537,way,surface,MISSING,Surface tag is recommended to assess accessibility
790034540,way,surface,MISSING,Surface tag is recommended to assess accessibility
790438930,way,surface,MISSING,Surface tag is recommended to assess accessibility
790438932,way,surface,MISSING,Surface tag is recommended to assess accessibility
790438935,way,surface,MISSING,Surface tag is recommended to assess accessibility
790438938,way,surface,MISSING,Surface tag is recommended to assess accessibility
790438944,way,surface,MISSING,Surface tag is recommended to assess accessibility
790438947,way,surface,MISSING,Surface tag is recommended to assess accessibility
790438949,way,surface,MISSING,Surface tag is recommended to assess accessibility
790438951,way,surface,MISSING,Surface tag is recommended to assess accessibility
790438953,way,surface,MISSING,Surface tag is recommended to assess accessibility
790438954,way,surface,MISSING,Surface tag is recommended to assess accessibility
790438956,way,surface,MISSING,Surface tag is recommended to assess accessibility
790438958,way,surface,MISSING,Surface tag is recommended to assess accessibility
790438959,way,surface,MISSING,Surface tag is recommended to assess accessibility
790438960,way,surface,MISSING,Surface tag is recommended to assess accessibility
790438962,way,surface,MISSING,Surface tag is recommended to assess accessibility
790438963,way,surface,MISSING,Surface tag is recommended to assess accessibility
790438986,way,surface,MISSING,Surface tag is recommended to assess accessibility
790438988,way,surface,MISSING,Surface tag is recommended to assess accessibility
790438989,way,surface,MISSING,Surface tag is recommended to assess accessibility
790438992,way,surface,MISSING,Surface tag is recommended to assess accessibility
795380020,way,surface,MISSING,Surface tag is recommended to assess accessibility
795380023,way,surface,MISSING,Surface tag is recommended to assess accessibility
795399542,way,surface,MISSING,Surface tag is recommended to assess accessibility
795399544,way,surface,MISSING,Surface tag is recommended to assess accessibility
795399546,way,surface,MISSING,Surface tag is recommended to assess accessibility
795399548,way,surface,MISSING,Surface tag is recommended to assess accessibility
795399550,way,surface,MISSING,Surface tag is recommended to assess accessibility
795399551,way,surface,MISSING,Surface tag is recommended to assess accessibility
795399553,way,surface,MISSING,Surface tag is recommended to assess accessibility
795399554,way,surface,MISSING,Surface tag is recommended to assess accessibility
795399555,way,surface,MISSING,Surface tag is recommended to assess accessibility
795399556,way,surface,MISSING,Surface tag is recommended to assess accessibility
795399577,way,surface,MISSING,Surface tag is recommended to assess accessibility
795399578,way,surface,MISSING,Surface tag is recommended to assess accessibility
795399579,way,surface,MISSING,Surface tag is recommended to assess accessibility
795399580,way,surface,MISSING,Surface tag is recommended to assess accessibility
796499438,way,surface,MISSING,Surface tag is recommended to assess accessibility
796499439,way,surface,MISSING,Surface tag is recommended to assess accessibility
796499442,way,surface,MISSING,Surface tag is recommended to assess accessibility
796560996,way,surface,MISSING,Surface tag is recommended to assess accessibility
796560997,way,surface,MISSING,Surface tag is recommended to assess accessibility
796594182,way,surface,MISSING,Surface tag is recommended to assess accessibility
796594191,way,surface,MISSING,Surface tag is recommended to assess accessibility
796594194,way,surface,MISSING,Surface tag is recommended to assess accessibility
796594197,way,surface,MISSING,Surface tag is recommended to assess accessibility
796594198,way,surface,MISSING,Surface tag is recommended to assess accessibility
796594199,way,surface,MISSING,Surface tag is recommended to assess accessibility
796594201,way,surface,MISSING,Surface tag is recommended to assess accessibility
796594202,way,surface,MISSING,Surface tag is recommended to assess accessibility
796594205,way,surface,MISSING,Surface tag is recommended to assess accessibility
796594206,way,surface,MISSING,Surface tag is recommended to assess accessibility
796594212,way,surface,MISSING,Surface tag is recommended to assess accessibility
796594215,way,surface,MISSING,Surface tag is recommended to assess accessibility
796594217,way,surface,MISSING,Surface tag is recommended to assess accessibility
796594221,way,surface,MISSING,Surface tag is recommended to assess accessibility
796594226,way,surface,MISSING,Surface tag is recommended to assess accessibility
796594227,way,surface,MISSING,Surface tag is recommended to assess accessibility
796594232,way,surface,MISSING,Surface tag is recommended to assess accessibility
796594233,way,surface,MISSING,Surface tag is recommended to assess accessibility
796594234,way,surface,MISSING,Surface tag is recommended to assess accessibility
796600262,way,surface,MISSING,Surface tag is recommended to assess accessibility
798536816,way,surface,MISSING,Surface tag is recommended to assess accessibility
798543621,way,surface,MISSING,Surface tag is recommended to assess accessibility
798548896,way,surface,MISSING,Surface tag is recommended to assess accessibility
799811823,way,surface,MISSING,Surface tag is recommended to assess accessibility
799811854,way,surface,MISSING,Surface tag is recommended to assess accessibility
799811856,way,surface,MISSING,Surface tag is recommended to assess accessibility
802057241,way,surface,MISSING,Surface tag is recommended to assess accessibility
802057243,way,surface,MISSING,Surface tag is recommended to assess accessibility
802057249,way,surface,MISSING,Surface tag is recommended to assess accessibility
802057253,way,surface,MISSING,Surface tag is recommended to assess accessibility
802057255,way,surface,MISSING,Surface tag is recommended to assess accessibility
802057261,way,surface,MISSING,Surface tag is recommended to assess accessibility
802538234,way,surface,MISSING,Surface tag is recommended to assess accessibility
802538235,way,surface,MISSING,Surface tag is recommended to assess accessibility
804771153,way,surface,MISSING,Surface tag is recommended to assess accessibility
804771156,way,surface,MISSING,Surface tag is recommended to assess accessibility
804771158,way,surface,MISSING,Surface tag is recommended to assess accessibility
804771159,way,surface,MISSING,Surface tag is recommended to assess accessibility
804771160,way,surface,MISSING,Surface tag is recommended to assess accessibility
804777683,way,surface,MISSING,Surface tag is recommended to assess accessibility
804789633,way,surface,MISSING,Surface tag is recommended to assess accessibility
804789634,way,surface,MISSING,Surface tag is recommended to assess accessibility
804789635,way,surface,MISSING,Surface tag is recommended to assess accessibility
804789650,way,surface,MISSING,Surface tag is recommended to assess accessibility
804789651,way,surface,MISSING,Surface tag is recommended to assess accessibility
805015262,way,surface,MISSING,Surface tag is recommended to assess accessibility
805015265,way,surface,MISSING,Surface tag is recommended to assess accessibility
808196078,way,surface,MISSING,Surface tag is recommended to assess accessibility
808196081,way,surface,MISSING,Surface tag is recommended to assess accessibility
808196091,way,surface,MISSING,Surface tag is recommended to assess accessibility
808889730,way,surface,MISSING,Surface tag is recommended to assess accessibility
808889731,way,surface,MISSING,Surface tag is recommended to assess accessibility
817874455,way,surface,MISSING,Surface tag is recommended to assess accessibility
817874457,way,surface,MISSING,Surface tag is recommended to assess accessibility
817874459,way,surface,MISSING,Surface tag is recommended to assess accessibility
817874461,way,surface,MISSING,Surface tag is recommended to assess accessibility
817874462,way,surface,MISSING,Surface tag is recommended to assess accessibility
817874464,way,surface,MISSING,Surface tag is recommended to assess accessibility
817874475,way,surface,MISSING,Surface tag is recommended to assess accessibility
817874477,way,surface,MISSING,Surface tag is recommended to assess accessibility
817874479,way,surface,MISSING,Surface tag is recommended to assess accessibility
817874481,way,surface,MISSING,Surface tag is recommended to assess accessibility
817874482,way,surface,MISSING,Surface tag is recommended to assess accessibility
817874486,way,surface,MISSING,Surface tag is recommended to assess accessibility
817874488,way,surface,MISSING,Surface tag is recommended to assess accessibility
817874490,way,surface,MISSING,Surface tag is recommended to assess accessibility
844640097,way,surface,MISSING,Surface tag is recommended to assess accessibility
844640098,way,surface,MISSING,Surface tag is recommended to assess accessibility
844640099,way,surface,MISSING,Surface tag is recommended to assess accessibility
844640100,way,surface,MISSING,Surface tag is recommended to assess accessibility
929616240,way,surface,MISSING,Surface tag is recommended to assess accessibility
929616242,way,surface,MISSING,Surface tag is recommended to assess accessibility
929779340,way,surface,MISSING,Surface tag is recommended to assess accessibility
930197358,way,surface,MISSING,Surface tag is recommended to assess accessibility
930197359,way,surface,MISSING,Surface tag is recommended to assess accessibility
930656701,way,surface,MISSING,Surface tag is recommended to assess accessibility
938081672,way,surface,MISSING,Surface tag is recommended to assess accessibility
938081679,way,surface,MISSING,Surface tag is recommended to assess accessibility
938081688,way,surface,MISSING,Surface tag is recommended to assess accessibility
938081689,way,surface,MISSING,Surface tag is recommended to assess accessibility
938081690,way,surface,MISSING,Surface tag is recommended to assess accessibility
938081692,way,surface,MISSING,Surface tag is recommended to assess accessibility
938081707,way,surface,MISSING,Surface tag is recommended to assess accessibility
971309852,way,surface,MISSING,Surface tag is recommended to assess accessibility
971309853,way,surface,MISSING,Surface tag is recommended to assess accessibility
986955931,way,surface,MISSING,Surface tag is recommended to assess accessibility
986955934,way,surface,MISSING,Surface tag is recommended to assess accessibility
986955935,way,surface,MISSING,Surface tag is recommended to assess accessibility
986955938,way,surface,MISSING,Surface tag is recommended to assess accessibility
986955940,way,surface,MISSING,Surface tag is recommended to assess accessibility
993270670,way,surface,MISSING,Surface tag is recommended to assess accessibility
993270672,way,surface,MISSING,Surface tag is recommended to assess accessibility
993270674,way,surface,MISSING,Surface tag is recommended to assess accessibility
995914640,way,surface,MISSING,Surface tag is recommended to assess accessibility
995914642,way,surface,MISSING,Surface tag is recommended to assess accessibility
1000782272,way,surface,MISSING,Surface tag is recommended to assess accessibility
1000782273,way,surface,MISSING,Surface tag is recommended to assess accessibility
1000782275,way,surface,MISSING,Surface tag is recommended to assess accessibility
1000782277,way,surface,MISSING,Surface tag is recommended to assess accessibility
1000782280,way,surface,MISSING,Surface tag is recommended to assess accessibility
1000782281,way,surface,MISSING,Surface tag is recommended to assess accessibility
1000782283,way,surface,MISSING,Surface tag is recommended to assess accessibility
1000782284,way,surface,MISSING,Surface tag is recommended to assess accessibility
1002396381,way,surface,MISSING,Surface tag is recommended to assess accessibility
1003637873,way,surface,MISSING,Surface tag is recommended to assess accessibility
1003637874,way,surface,MISSING,Surface tag is recommended to assess accessibility
1003637875,way,surface,MISSING,Surface tag is recommended to assess accessibility
1003637896,way,surface,MISSING,Surface tag is recommended to assess accessibility
1003637903,way,surface,MISSING,Surface tag is recommended to assess accessibility
1003670718,way,surface,MISSING,Surface tag is recommended to assess accessibility
1003670720,way,surface,MISSING,Surface tag is recommended to assess accessibility
1003670721,way,surface,MISSING,Surface tag is recommended to assess accessibility
1003670722,way,surface,MISSING,Surface tag is recommended to assess accessibility
1003670726,way,surface,MISSING,Surface tag is recommended to assess accessibility
1003670727,way,surface,MISSING,Surface tag is recommended to assess accessibility
1003670728,way,surface,MISSING,Surface tag is recommended to assess accessibility
1025442073,way,surface,MISSING,Surface tag is recommended to assess accessibility
1025442074,way,surface,MISSING,Surface tag is recommended to assess accessibility
1025442075,way,surface,MISSING,Surface tag is recommended to assess accessibility
1027672031,way,surface,MISSING,Surface tag is recommended to assess accessibility
1027672033,way,surface,MISSING,Surface tag is recommended to assess accessibility
1027672035,way,surface,MISSING,Surface tag is recommended to assess accessibility
1027672038,way,surface,MISSING,Surface tag is recommended to assess accessibility
1028122268,way,surface,MISSING,Surface tag is recommended to assess accessibility
1028122270,way,surface,MISSING,Surface tag is recommended to assess accessibility
1028122276,way,surface,MISSING,Surface tag is recommended to assess accessibility
1028649378,way,surface,MISSING,Surface tag is recommended to assess accessibility
1028649380,way,surface,MISSING,Surface tag is recommended to assess accessibility
1028649382,way,surface,MISSING,Surface tag is recommended to assess accessibility
1029010114,way,surface,MISSING,Surface tag is recommended to assess accessibility
1040134263,way,surface,MISSING,Surface tag is recommended to assess accessibility
1075461219,way,surface,MISSING,Surface tag is recommended to assess accessibility
1104453981,way,surface,MISSING,Surface tag is recommended to assess accessibility
1104453982,way,surface,MISSING,Surface tag is recommended to assess accessibility
1115619680,way,surface,MISSING,Surface tag is recommended to assess accessibility
1115619684,way,surface,MISSING,Surface tag is recommended to assess accessibility
1115619686,way,surface,MISSING,Surface tag is recommended to assess accessibility
1115619688,way,surface,MISSING,Surface tag is recommended to assess accessibility
1115619692,way,surface,MISSING,Surface tag is recommended to assess accessibility
1115619694,way,surface,MISSING,Surface tag is recommended to assess accessibility
1115619697,way,surface,MISSING,Surface tag is recommended to assess accessibility
1115619701,way,surface,MISSING,Surface tag is recommended to assess accessibility
1115619704,way,surface,MISSING,Surface tag is recommended to assess accessibility
1115619707,way,surface,MISSING,Surface tag is recommended to assess accessibility
1115619709,way,surface,MISSING,Surface tag is recommended to assess accessibility
1115619712,way,surface,MISSING,Surface tag is recommended to assess accessibility
1115619718,way,surface,MISSING,Surface tag is recommended to assess accessibility
1115619723,way,surface,MISSING,Surface tag is recommended to assess accessibility
1115619725,way,surface,MISSING,Surface tag is recommended to assess accessibility
1115619728,way,surface,MISSING,Surface tag is recommended to assess accessibility
1118917548,way,surface,MISSING,Surface tag is recommended to assess accessibility
1118917572,way,surface,MISSING,Surface tag is recommended to assess accessibility
1118921876,way,surface,MISSING,Surface tag is recommended to assess accessibility
1118921877,way,surface,MISSING,Surface tag is recommended to assess accessibility
1118921881,way,surface,MISSING,Surface tag is recommended to assess accessibility
1118921882,way,surface,MISSING,Surface tag is recommended to assess accessibility
1127841478,way,surface,MISSING,Surface tag is recommended to assess accessibility
1127841479,way,surface,MISSING,Surface tag is recommended to assess accessibility
1127841480,way,surface,MISSING,Surface tag is recommended to assess accessibility
1127841481,way,surface,MISSING,Surface tag is recommended to assess accessibility
1128395255,way,surface,MISSING,Surface tag is recommended to assess accessibility
1128401581,way,surface,MISSING,Surface tag is recommended to assess accessibility
1128401583,way,surface,MISSING,Surface tag is recommended to assess accessibility
1128401584,way,surface,MISSING,Surface tag is recommended to assess accessibility
1128401585,way,surface,MISSING,Surface tag is recommended to assess accessibility
1128401586,way,surface,MISSING,Surface tag is recommended to assess accessibility
1135935998,way,surface,MISSING,Surface tag is recommended to assess accessibility
1136976355,way,surface,MISSING,Surface tag is recommended to assess accessibility
1142036287,way,surface,MISSING,Surface tag is recommended to assess accessibility
1142036288,way,surface,MISSING,Surface tag is recommended to assess accessibility
1142036289,way,surface,MISSING,Surface tag is recommended to assess accessibility
1142036290,way,surface,MISSING,Surface tag is recommended to assess accessibility
1145559566,way,surface,MISSING,Surface tag is recommended to assess accessibility
1145559567,way,surface,MISSING,Surface tag is recommended to assess accessibility
1145559568,way,surface,MISSING,Surface tag is recommended to assess accessibility
1145559570,way,surface,MISSING,Surface tag is recommended to assess accessibility
1145559572,way,surface,MISSING,Surface tag is recommended to assess accessibility
1145559573,way,surface,MISSING,Surface tag is recommended to assess accessibility
1145559574,way,surface,MISSING,Surface tag is recommended to assess accessibility
1145559575,way,surface,MISSING,Surface tag is recommended to assess accessibility
1145559576,way,surface,MISSING,Surface tag is recommended to assess accessibility
1157238982,way,surface,MISSING,Surface tag is recommended to assess accessibility
1157239705,way,surface,MISSING,Surface tag is recommended to assess accessibility
1157241799,way,surface,MISSING,Surface tag is recommended to assess accessibility
1157245313,way,surface,MISSING,Surface tag is recommended to assess accessibility
1158889547,way,surface,MISSING,Surface tag is recommended to assess accessibility
1158889548,way,surface,MISSING,Surface tag is recommended to assess accessibility
1172716063,way,surface,MISSING,Surface tag is recommended to assess accessibility
1173041777,way,surface,MISSING,Surface tag is recommended to assess accessibility
1192453202,way,surface,MISSING,Surface tag is recommended to assess accessibility
1192453203,way,surface,MISSING,Surface tag is recommended to assess accessibility
1192453205,way,surface,MISSING,Surface tag is recommended to assess accessibility
1192716392,way,surface,MISSING,Surface tag is recommended to assess accessibility
1192716393,way,surface,MISSING,Surface tag is recommended to assess accessibility
1192716394,way,surface,MISSING,Surface tag is recommended to assess accessibility
1192716395,way,surface,MISSING,Surface tag is recommended to assess accessibility
1192716397,way,surface,MISSING,Surface tag is recommended to assess accessibility
1192716399,way,surface,MISSING,Surface tag is recommended to assess accessibility
1192716400,way,surface,MISSING,Surface tag is recommended to assess accessibility
1192716401,way,surface,MISSING,Surface tag is recommended to assess accessibility
1192716402,way,surface,MISSING,Surface tag is recommended to assess accessibility
1192716436,way,surface,MISSING,Surface tag is recommended to assess accessibility
1192716438,way,surface,MISSING,Surface tag is recommended to assess accessibility
1193824484,way,surface,MISSING,Surface tag is recommended to assess accessibility
1193824485,way,surface,MISSING,Surface tag is recommended to assess accessibility
1193824486,way,surface,MISSING,Surface tag is recommended to assess accessibility
1193824489,way,surface,MISSING,Surface tag is recommended to assess accessibility
1193824490,way,surface,MISSING,Surface tag is recommended to assess accessibility
1193824492,way,surface,MISSING,Surface tag is recommended to assess accessibility
1193824494,way,surface,MISSING,Surface tag is recommended to assess accessibility
1193824495,way,surface,MISSING,Surface tag is recommended to assess accessibility
1193824497,way,surface,MISSING,Surface tag is recommended to assess accessibility
1194601689,way,surface,MISSING,Surface tag is recommended to assess accessibility
1194603759,way,surface,MISSING,Surface tag is recommended to assess accessibility
1195000398,way,surface,MISSING,Surface tag is recommended to assess accessibility
1195189094,way,surface,MISSING,Surface tag is recommended to assess accessibility
1195265625,way,surface,MISSING,Surface tag is recommended to assess accessibility
1195265666,way,surface,MISSING,Surface tag is recommended to assess accessibility
1195265667,way,surface,MISSING,Surface tag is recommended to assess accessibility
1197206193,way,surface,MISSING,Surface tag is recommended to assess accessibility
1197206194,way,surface,MISSING,Surface tag is recommended to assess accessibility
1197350961,way,surface,MISSING,Surface tag is recommended to assess accessibility
1197414735,way,surface,MISSING,Surface tag is recommended to assess accessibility
1197587914,way,surface,MISSING,Surface tag is recommended to assess accessibility
1197587916,way,surface,MISSING,Surface tag is recommended to assess accessibility
1197587933,way,surface,MISSING,Surface tag is recommended to assess accessibility
1197587934,way,surface,MISSING,Surface tag is recommended to assess accessibility
1197587935,way,surface,MISSING,Surface tag is recommended to assess accessibility
1197587936,way,surface,MISSING,Surface tag is recommended to assess accessibility
1197587937,way,surface,MISSING,Surface tag is recommended to assess accessibility
1197587940,way,surface,MISSING,Surface tag is recommended to assess accessibility
1197587943,way,surface,MISSING,Surface tag is recommended to assess accessibility
1197587944,way,surface,MISSING,Surface tag is recommended to assess accessibility
1198210622,way,surface,MISSING,Surface tag is recommended to assess accessibility
1198210623,way,surface,MISSING,Surface tag is recommended to assess accessibility
1198306737,way,surface,MISSING,Surface tag is recommended to assess accessibility
1198306738,way,surface,MISSING,Surface tag is recommended to assess accessibility
1204951556,way,surface,MISSING,Surface tag is recommended to assess accessibility
1204951557,way,surface,MISSING,Surface tag is recommended to assess accessibility
1206521591,way,surface,MISSING,Surface tag is recommended to assess accessibility
1206521593,way,surface,MISSING,Surface tag is recommended to assess accessibility
1213364934,way,surface,MISSING,Surface tag is recommended to assess accessibility
1213364937,way,surface,MISSING,Surface tag is recommended to assess accessibility
1219284610,way,surface,MISSING,Surface tag is recommended to assess accessibility
1219284613,way,surface,MISSING,Surface tag is recommended to assess accessibility
1219284614,way,surface,MISSING,Surface tag is recommended to assess accessibility
1219284615,way,surface,MISSING,Surface tag is recommended to assess accessibility
1219284616,way,surface,MISSING,Surface tag is recommended to assess accessibility
1226240555,way,surface,MISSING,Surface tag is recommended to assess accessibility
1226981033,way,surface,MISSING,Surface tag is recommended to assess accessibility
1226981039,way,surface,MISSING,Surface tag is recommended to assess accessibility
1226981041,way,surface,MISSING,Surface tag is recommended to assess accessibility
1226981042,way,surface,MISSING,Surface tag is recommended to assess accessibility
1226981043,way,surface,MISSING,Surface tag is recommended to assess accessibility
1227364417,way,surface,MISSING,Surface tag is recommended to assess accessibility
1227434798,way,surface,MISSING,Surface tag is recommended to assess accessibility
1227811525,way,surface,MISSING,Surface tag is recommended to assess accessibility
1227811526,way,surface,MISSING,Surface tag is recommended to assess accessibility
1227811528,way,surface,MISSING,Surface tag is recommended to assess accessibility
1227811531,way,surface,MISSING,Surface tag is recommended to assess accessibility
1227811534,way,surface,MISSING,Surface tag is recommended to assess accessibility
1227811537,way,surface,MISSING,Surface tag is recommended to assess accessibility
1227811539,way,surface,MISSING,Surface tag is recommended to assess accessibility
1227811547,way,surface,MISSING,Surface tag is recommended to assess accessibility
1227811549,way,surface,MISSING,Surface tag is recommended to assess accessibility
1227811556,way,surface,MISSING,Surface tag is recommended to assess accessibility
1227811559,way,surface,MISSING,Surface tag is recommended to assess accessibility
1227889236,way,surface,MISSING,Surface tag is recommended to assess accessibility
1228052346,way,surface,MISSING,Surface tag is recommended to assess accessibility
1228071297,way,surface,MISSING,Surface tag is recommended to assess accessibility
1228133664,way,surface,MISSING,Surface tag is recommended to assess accessibility
1228227572,way,surface,MISSING,Surface tag is recommended to assess accessibility
1228227574,way,surface,MISSING,Surface tag is recommended to assess accessibility
1228274429,way,surface,MISSING,Surface tag is recommended to assess accessibility
1228274432,way,surface,MISSING,Surface tag is recommended to assess accessibility
1228274435,way,surface,MISSING,Surface tag is recommended to assess accessibility
1228274436,way,surface,MISSING,Surface tag is recommended to assess accessibility
1228274437,way,surface,MISSING,Surface tag is recommended to assess accessibility
1228286995,way,surface,MISSING,Surface tag is recommended to assess accessibility
1228286997,way,surface,MISSING,Surface tag is recommended to assess accessibility
1228286998,way,surface,MISSING,Surface tag is recommended to assess accessibility
1228933505,way,surface,MISSING,Surface tag is recommended to assess accessibility
1233517881,way,surface,MISSING,Surface tag is recommended to assess accessibility
1233517883,way,surface,MISSING,Surface tag is recommended to assess accessibility
1233517887,way,surface,MISSING,Surface tag is recommended to assess accessibility
1233517891,way,surface,MISSING,Surface tag is recommended to assess accessibility
1233517902,way,surface,MISSING,Surface tag is recommended to assess accessibility
1233517927,way,surface,MISSING,Surface tag is recommended to assess accessibility
1233553448,way,surface,MISSING,Surface tag is recommended to assess accessibility
1233553449,way,surface,MISSING,Surface tag is recommended to assess accessibility
1235732450,way,surface,MISSING,Surface tag is recommended to assess accessibility
1235876943,way,surface,MISSING,Surface tag is recommended to assess accessibility
1235998659,way,surface,MISSING,Surface tag is recommended to assess accessibility
1235998661,way,surface,MISSING,Surface tag is recommended to assess accessibility
1236163184,way,surface,MISSING,Surface tag is recommended to assess accessibility
1236163186,way,surface,MISSING,Surface tag is recommended to assess accessibility
1245973634,way,surface,MISSING,Surface tag is recommended to assess accessibility
1245977593,way,surface,MISSING,Surface tag is recommended to assess accessibility
1245977596,way,surface,MISSING,Surface tag is recommended to assess accessibility
1245977598,way,surface,MISSING,Surface tag is recommended to assess accessibility
1245977610,way,surface,MISSING,Surface tag is recommended to assess accessibility
1245977612,way,surface,MISSING,Surface tag is recommended to assess accessibility
1245977614,way,surface,MISSING,Surface tag is recommended to assess accessibility
1246040729,way,surface,MISSING,Surface tag is recommended to assess accessibility
1246040731,way,surface,MISSING,Surface tag is recommended to assess accessibility
1246040735,way,surface,MISSING,Surface tag is recommended to assess accessibility
1249455214,way,surface,MISSING,Surface tag is recommended to assess accessibility
1249455226,way,surface,MISSING,Surface tag is recommended to assess accessibility
1249455233,way,surface,MISSING,Surface tag is recommended to assess accessibility
1249455236,way,surface,MISSING,Surface tag is recommended to assess accessibility
1249455238,way,surface,MISSING,Surface tag is recommended to assess accessibility
1249455242,way,surface,MISSING,Surface tag is recommended to assess accessibility
1250318397,way,surface,MISSING,Surface tag is recommended to assess accessibility
1250318398,way,surface,MISSING,Surface tag is recommended to assess accessibility
1251746716,way,surface,MISSING,Surface tag is recommended to assess accessibility
1251746718,way,surface,MISSING,Surface tag is recommended to assess accessibility
1251838503,way,surface,MISSING,Surface tag is recommended to assess accessibility
1251838504,way,surface,MISSING,Surface tag is recommended to assess accessibility
1253666640,way,surface,MISSING,Surface tag is recommended to assess accessibility
1253666641,way,surface,MISSING,Surface tag is recommended to assess accessibility
1253666642,way,surface,MISSING,Surface tag is recommended to assess accessibility
1256914736,way,surface,MISSING,Surface tag is recommended to assess accessibility
1256914738,way,surface,MISSING,Surface tag is recommended to assess accessibility
1256914740,way,surface,MISSING,Surface tag is recommended to assess accessibility
1256914741,way,surface,MISSING,Surface tag is recommended to assess accessibility
1258128993,way,surface,MISSING,Surface tag is recommended to assess accessibility
1259132753,way,surface,MISSING,Surface tag is recommended to assess accessibility
1263040516,way,surface,MISSING,Surface tag is recommended to assess accessibility
1263276492,way,surface,MISSING,Surface tag is recommended to assess accessibility
1272223579,way,surface,MISSING,Surface tag is recommended to assess accessibility
1272223586,way,surface,MISSING,Surface tag is recommended to assess accessibility
1272223589,way,surface,MISSING,Surface tag is recommended to assess accessibility
1272223590,way,surface,MISSING,Surface tag is recommended to assess accessibility
1272223592,way,surface,MISSING,Surface tag is recommended to assess accessibility
1272223594,way,surface,MISSING,Surface tag is recommended to assess accessibility
1272223596,way,surface,MISSING,Surface tag is recommended to assess accessibility
1272223598,way,surface,MISSING,Surface tag is recommended to assess accessibility
1272223600,way,surface,MISSING,Surface tag is recommended to assess accessibility
1272223602,way,surface,MISSING,Surface tag is recommended to assess accessibility
1272223604,way,surface,MISSING,Surface tag is recommended to assess accessibility
1272223606,way,surface,MISSING,Surface tag is recommended to assess accessibility
1272223611,way,surface,MISSING,Surface tag is recommended to assess accessibility
1272223613,way,surface,MISSING,Surface tag is recommended to assess accessibility
1272223615,way,surface,MISSING,Surface tag is recommended to assess accessibility
1277614023,way,surface,MISSING,Surface tag is recommended to assess accessibility
1277614044,way,surface,MISSING,Surface tag is recommended to assess accessibility
1278784557,way,surface,MISSING,Surface tag is recommended to assess accessibility
1278784584,way,surface,MISSING,Surface tag is recommended to assess accessibility
1278803421,way,surface,MISSING,Surface tag is recommended to assess accessibility
1278803426,way,surface,MISSING,Surface tag is recommended to assess accessibility
1278811581,way,surface,MISSING,Surface tag is recommended to assess accessibility
1278828484,way,surface,MISSING,Surface tag is recommended to assess accessibility
1278828487,way,surface,MISSING,Surface tag is recommended to assess accessibility
1278828490,way,surface,MISSING,Surface tag is recommended to assess accessibility
1278828505,way,surface,MISSING,Surface tag is recommended to assess accessibility
1278828510,way,surface,MISSING,Surface tag is recommended to assess accessibility
1278828515,way,surface,MISSING,Surface tag is recommended to assess accessibility
1278828521,way,surface,MISSING,Surface tag is recommended to assess accessibility
1278956669,way,surface,MISSING,Surface tag is recommended to assess accessibility
1278956670,way,surface,MISSING,Surface tag is recommended to assess accessibility
1278956674,way,surface,MISSING,Surface tag is recommended to assess accessibility
1278956677,way,surface,MISSING,Surface tag is recommended to assess accessibility
1278956682,way,surface,MISSING,Surface tag is recommended to assess accessibility
1278956686,way,surface,MISSING,Surface tag is recommended to assess accessibility
1289165742,way,surface,MISSING,Surface tag is recommended to assess accessibility
1289165743,way,surface,MISSING,Surface tag is recommended to assess accessibility
1308606719,way,surface,MISSING,Surface tag is recommended to assess accessibility
1309527282,way,surface,MISSING,Surface tag is recommended to assess accessibility
1309527767,way,surface,MISSING,Surface tag is recommended to assess accessibility
1309528402,way,surface,MISSING,Surface tag is recommended to assess accessibility
1315721896,way,surface,MISSING,Surface tag is recommended to assess accessibility
1315721903,way,surface,MISSING,Surface tag is recommended to assess accessibility
1315721905,way,surface,MISSING,Surface tag is recommended to assess accessibility
1317535243,way,surface,MISSING,Surface tag is recommended to assess accessibility
1317535245,way,surface,MISSING,Surface tag is recommended to assess accessibility
1324746695,way,surface,MISSING,Surface tag is recommended to assess accessibility
1325282341,way,surface,MISSING,Surface tag is recommended to assess accessibility
1325282343,way,surface,MISSING,Surface tag is recommended to assess accessibility
1326059372,way,surface,MISSING,Surface tag is recommended to assess accessibility
1326059373,way,surface,MISSING,Surface tag is recommended to assess accessibility
1326059375,way,surface,MISSING,Surface tag is recommended to assess accessibility
1326278114,way,surface,MISSING,Surface tag is recommended to assess accessibility
1331641849,way,surface,MISSING,Surface tag is recommended to assess accessibility
1333263229,way,surface,MISSING,Surface tag is recommended to assess accessibility
1333263231,way,surface,MISSING,Surface tag is recommended to assess accessibility
1333263234,way,surface,MISSING,Surface tag is recommended to assess accessibility
1333263235,way,surface,MISSING,Surface tag is recommended to assess accessibility
1333263236,way,surface,MISSING,Surface tag is recommended to assess accessibility
1333263240,way,surface,MISSING,Surface tag is recommended to assess accessibility
1333263242,way,surface,MISSING,Surface tag is recommended to assess accessibility
1333506073,way,surface,MISSING,Surface tag is recommended to assess accessibility
1333506074,way,surface,MISSING,Surface tag is recommended to assess accessibility
1334156966,way,surface,MISSING,Surface tag is recommended to assess accessibility
1334156967,way,surface,MISSING,Surface tag is recommended to assess accessibility
1334156968,way,surface,MISSING,Surface tag is recommended to assess accessibility
1334270382,way,surface,MISSING,Surface tag is recommended to assess accessibility
1335589278,way,surface,MISSING,Surface tag is recommended to assess accessibility
1335960845,way,surface,MISSING,Surface tag is recommended to assess accessibility
1335960847,way,surface,MISSING,Surface tag is recommended to assess accessibility
1341027367,way,surface,MISSING,Surface tag is recommended to assess accessibility
1341027389,way,surface,MISSING,Surface tag is recommended to assess accessibility
1343350845,way,surface,MISSING,Surface tag is recommended to assess accessibility
1347105221,way,surface,MISSING,Surface tag is recommended to assess accessibility
1347105222,way,surface,MISSING,Surface tag is recommended to assess accessibility
1347105230,way,surface,MISSING,Surface tag is recommended to assess accessibility
1347105231,way,surface,MISSING,Surface tag is recommended to assess accessibility
1347105235,way,surface,MISSING,Surface tag is recommended to assess accessibility
1347105238,way,surface,MISSING,Surface tag is recommended to assess accessibility
1347105239,way,surface,MISSING,Surface tag is recommended to assess accessibility
1347105243,way,surface,MISSING,Surface tag is recommended to assess accessibility
1347105246,way,surface,MISSING,Surface tag is recommended to assess accessibility
1347105249,way,surface,MISSING,Surface tag is recommended to assess accessibility
1347105251,way,surface,MISSING,Surface tag is recommended to assess accessibility
1347105253,way,surface,MISSING,Surface tag is recommended to assess accessibility
1347118852,way,surface,MISSING,Surface tag is recommended to assess accessibility
1347241594,way,surface,MISSING,Surface tag is recommended to assess accessibility
1347241596,way,surface,MISSING,Surface tag is recommended to assess accessibility
1347241598,way,surface,MISSING,Surface tag is recommended to assess accessibility
1347241600,way,surface,MISSING,Surface tag is recommended to assess accessibility
1347241602,way,surface,MISSING,Surface tag is recommended to assess accessibility
1347241604,way,surface,MISSING,Surface tag is recommended to assess accessibility
1347241606,way,surface,MISSING,Surface tag is recommended to assess accessibility
1347241609,way,surface,MISSING,Surface tag is recommended to assess accessibility
1347336046,way,surface,MISSING,Surface tag is recommended to assess accessibility
1347336048,way,surface,MISSING,Surface tag is recommended to assess accessibility
1347336050,way,surface,MISSING,Surface tag is recommended to assess accessibility
1347336052,way,surface,MISSING,Surface tag is recommended to assess accessibility
1347336054,way,surface,MISSING,Surface tag is recommended to assess accessibility
1347336056,way,surface,MISSING,Surface tag is recommended to assess accessibility
1347336058,way,surface,MISSING,Surface tag is recommended to assess accessibility
1347336063,way,surface,MISSING,Surface tag is recommended to assess accessibility
1347336064,way,surface,MISSING,Surface tag is recommended to assess accessibility
1350372679,way,surface,MISSING,Surface tag is recommended to assess accessibility
1350372680,way,surface,MISSING,Surface tag is recommended to assess accessibility
1350824764,way,surface,MISSING,Surface tag is recommended to assess accessibility
1350824770,way,surface,MISSING,Surface tag is recommended to assess accessibility
1350824771,way,surface,MISSING,Surface tag is recommended to assess accessibility
1350824774,way,surface,MISSING,Surface tag is recommended to assess accessibility
1350824779,way,surface,MISSING,Surface tag is recommended to assess accessibility
1350824787,way,surface,MISSING,Surface tag is recommended to assess accessibility
1350824793,way,surface,MISSING,Surface tag is recommended to assess accessibility
1350824796,way,surface,MISSING,Surface tag is recommended to assess accessibility
1350824817,way,surface,MISSING,Surface tag is recommended to assess accessibility
1350824820,way,surface,MISSING,Surface tag is recommended to assess accessibility
1350824822,way,surface,MISSING,Surface tag is recommended to assess accessibility
1350824824,way,surface,MISSING,Surface tag is recommended to assess accessibility
1350824828,way,surface,MISSING,Surface tag is recommended to assess accessibility
1350824829,way,surface,MISSING,Surface tag is recommended to assess accessibility
1350824832,way,surface,MISSING,Surface tag is recommended to assess accessibility
1350824835,way,surface,MISSING,Surface tag is recommended to assess accessibility
1350824837,way,surface,MISSING,Surface tag is recommended to assess accessibility
1350824839,way,surface,MISSING,Surface tag is recommended to assess accessibility
1350824841,way,surface,MISSING,Surface tag is recommended to assess accessibility
1350824843,way,surface,MISSING,Surface tag is recommended to assess accessibility
1352383495,way,surface,MISSING,Surface tag is recommended to assess accessibility
1352383496,way,surface,MISSING,Surface tag is recommended to assess accessibility
1352471876,way,surface,MISSING,Surface tag is recommended to assess accessibility
1356458155,way,surface,MISSING,Surface tag is recommended to assess accessibility
1356458156,way,surface,MISSING,Surface tag is recommended to assess accessibility
1356458157,way,surface,MISSING,Surface tag is recommended to assess accessibility
1360485602,way,surface,MISSING,Surface tag is recommended to assess accessibility
1361891679,way,surface,MISSING,Surface tag is recommended to assess accessibility
1361891681,way,surface,MISSING,Surface tag is recommended to assess accessibility
1362149219,way,surface,MISSING,Surface tag is recommended to assess accessibility
1362149222,way,surface,MISSING,Surface tag is recommended to assess accessibility
1362149227,way,surface,MISSING,Surface tag is recommended to assess accessibility
1362149228,way,surface,MISSING,Surface tag is recommended to assess accessibility
1362149230,way,surface,MISSING,Surface tag is recommended to assess accessibility
1362149232,way,surface,MISSING,Surface tag is recommended to assess accessibility
1362789794,way,surface,MISSING,Surface tag is recommended to assess accessibility
1362789795,way,surface,MISSING,Surface tag is recommended to assess accessibility
1362789807,way,surface,MISSING,Surface tag is recommended to assess accessibility
1362789808,way,surface,MISSING,Surface tag is recommended to assess accessibility
1362789809,way,surface,MISSING,Surface tag is recommended to assess accessibility
1362789810,way,surface,MISSING,Surface tag is recommended to assess accessibility
1362791285,way,surface,MISSING,Surface tag is recommended to assess accessibility
1362979591,way,surface,MISSING,Surface tag is recommended to assess accessibility
1362979592,way,surface,MISSING,Surface tag is recommended to assess accessibility
1362979593,way,surface,MISSING,Surface tag is recommended to assess accessibility
1362979594,way,surface,MISSING,Surface tag is recommended to assess accessibility
1362979603,way,surface,MISSING,Surface tag is recommended to assess accessibility
1362979606,way,surface,MISSING,Surface tag is recommended to assess accessibility
1362979611,way,surface,MISSING,Surface tag is recommended to assess accessibility
1362979620,way,surface,MISSING,Surface tag is recommended to assess accessibility
1362979624,way,surface,MISSING,Surface tag is recommended to assess accessibility
1362979627,way,surface,MISSING,Surface tag is recommended to assess accessibility
1362979629,way,surface,MISSING,Surface tag is recommended to assess accessibility
1362979630,way,surface,MISSING,Surface tag is recommended to assess accessibility
1362979631,way,surface,MISSING,Surface tag is recommended to assess accessibility
1362979632,way,surface,MISSING,Surface tag is recommended to assess accessibility
1362979635,way,surface,MISSING,Surface tag is recommended to assess accessibility
1362979636,way,surface,MISSING,Surface tag is recommended to assess accessibility
1362979637,way,surface,MISSING,Surface tag is recommended to assess accessibility
1362980491,way,surface,MISSING,Surface tag is recommended to assess accessibility
1362980492,way,surface,MISSING,Surface tag is recommended to assess accessibility
1364644252,way,surface,MISSING,Surface tag is recommended to assess accessibility
1364644278,way,surface,MISSING,Surface tag is recommended to assess accessibility
1364651132,way,surface,MISSING,Surface tag is recommended to assess accessibility
1364651143,way,surface,MISSING,Surface tag is recommended to assess accessibility
1364651148,way,surface,MISSING,Surface tag is recommended to assess accessibility
1364651152,way,surface,MISSING,Surface tag is recommended to assess accessibility
1365432147,way,surface,MISSING,Surface tag is recommended to assess accessibility
1366099047,way,surface,MISSING,Surface tag is recommended to assess accessibility
1366392440,way,surface,MISSING,Surface tag is recommended to assess accessibility
1366480372,way,surface,MISSING,Surface tag is recommended to assess accessibility
1367202337,way,surface,MISSING,Surface tag is recommended to assess accessibility
1367205158,way,surface,MISSING,Surface tag is recommended to assess accessibility
1367207673,way,surface,MISSING,Surface tag is recommended to assess accessibility
1367207674,way,surface,MISSING,Surface tag is recommended to assess accessibility
1367207675,way,surface,MISSING,Surface tag is recommended to assess accessibility
1368028872,way,surface,MISSING,Surface tag is recommended to assess accessibility
1371011045,way,surface,MISSING,Surface tag is recommended to assess accessibility
1371011046,way,surface,MISSING,Surface tag is recommended to assess accessibility
1371011047,way,surface,MISSING,Surface tag is recommended to assess accessibility
1371011048,way,surface,MISSING,Surface tag is recommended to assess accessibility
1371011086,way,surface,MISSING,Surface tag is recommended to assess accessibility
1371381044,way,surface,MISSING,Surface tag is recommended to assess accessibility
1371849849,way,surface,MISSING,Surface tag is recommended to assess accessibility
1371849851,way,surface,MISSING,Surface tag is recommended to assess accessibility
1371849853,way,surface,MISSING,Surface tag is recommended to assess accessibility
1371849855,way,surface,MISSING,Surface tag is recommended to assess accessibility
1371849857,way,surface,MISSING,Surface tag is recommended to assess accessibility
1371849859,way,surface,MISSING,Surface tag is recommended to assess accessibility
1371849861,way,surface,MISSING,Surface tag is recommended to assess accessibility
1371849864,way,surface,MISSING,Surface tag is recommended to assess accessibility
1371849866,way,surface,MISSING,Surface tag is recommended to assess accessibility
1371849869,way,surface,MISSING,Surface tag is recommended to assess accessibility
1371849870,way,surface,MISSING,Surface tag is recommended to assess accessibility
1371849871,way,surface,MISSING,Surface tag is recommended to assess accessibility
1371849872,way,surface,MISSING,Surface tag is recommended to assess accessibility
1371849873,way,surface,MISSING,Surface tag is recommended to assess accessibility
1371849874,way,surface,MISSING,Surface tag is recommended to assess accessibility
1371849876,way,surface,MISSING,Surface tag is recommended to assess accessibility
1371849878,way,surface,MISSING,Surface tag is recommended to assess accessibility
1371849880,way,surface,MISSING,Surface tag is recommended to assess accessibility
1371849881,way,surface,MISSING,Surface tag is recommended to assess accessibility
1371849882,way,surface,MISSING,Surface tag is recommended to assess accessibility
1371849884,way,surface,MISSING,Surface tag is recommended to assess accessibility
1371849885,way,surface,MISSING,Surface tag is recommended to assess accessibility
1371849886,way,surface,MISSING,Surface tag is recommended to assess accessibility
1371849888,way,surface,MISSING,Surface tag is recommended to assess accessibility
1371849889,way,surface,MISSING,Surface tag is recommended to assess accessibility
1371849890,way,surface,MISSING,Surface tag is recommended to assess accessibility
1371849892,way,surface,MISSING,Surface tag is recommended to assess accessibility
1371849893,way,surface,MISSING,Surface tag is recommended to assess accessibility
1371849894,way,surface,MISSING,Surface tag is recommended to assess accessibility
1371849896,way,surface,MISSING,Surface tag is recommended to assess accessibility
1371849897,way,surface,MISSING,Surface tag is recommended to assess accessibility
1371849898,way,surface,MISSING,Surface tag is recommended to assess accessibility
1371849900,way,surface,MISSING,Surface tag is recommended to assess accessibility
1371849902,way,surface,MISSING,Surface tag is recommended to assess accessibility
1371849903,way,surface,MISSING,Surface tag is recommended to assess accessibility
1371849904,way,surface,MISSING,Surface tag is recommended to assess accessibility
1371849905,way,surface,MISSING,Surface tag is recommended to assess accessibility
1371849920,way,surface,MISSING,Surface tag is recommended to assess accessibility
1371958909,way,surface,MISSING,Surface tag is recommended to assess accessibility
1371993029,way,surface,MISSING,Surface tag is recommended to assess accessibility
1371993032,way,surface,MISSING,Surface tag is recommended to assess accessibility
1371993033,way,surface,MISSING,Surface tag is recommended to assess accessibility
1371993034,way,surface,MISSING,Surface tag is recommended to assess accessibility
1371993036,way,surface,MISSING,Surface tag is recommended to assess accessibility
1371993038,way,surface,MISSING,Surface tag is recommended to assess accessibility
1371993040,way,surface,MISSING,Surface tag is recommended to assess accessibility
1372025863,way,surface,MISSING,Surface tag is recommended to assess accessibility
1372025864,way,surface,MISSING,Surface tag is recommended to assess accessibility
1372025865,way,surface,MISSING,Surface tag is recommended to assess accessibility
1372025866,way,surface,MISSING,Surface tag is recommended to assess accessibility
1372025867,way,surface,MISSING,Surface tag is recommended to assess accessibility
1372031705,way,surface,MISSING,Surface tag is recommended to assess accessibility
1372031706,way,surface,MISSING,Surface tag is recommended to assess accessibility
1372031707,way,surface,MISSING,Surface tag is recommended to assess accessibility
1372031708,way,surface,MISSING,Surface tag is recommended to assess accessibility
1373743339,way,surface,MISSING,Surface tag is recommended to assess accessibility
1373743340,way,surface,MISSING,Surface tag is recommended to assess accessibility
1373743342,way,surface,MISSING,Surface tag is recommended to assess accessibility
1373743600,way,surface,MISSING,Surface tag is recommended to assess accessibility
1374160519,way,surface,MISSING,Surface tag is recommended to assess accessibility
1374424910,way,surface,MISSING,Surface tag is recommended to assess accessibility
1374424912,way,surface,MISSING,Surface tag is recommended to assess accessibility
1374424915,way,surface,MISSING,Surface tag is recommended to assess accessibility
1374424916,way,surface,MISSING,Surface tag is recommended to assess accessibility
1374424945,way,surface,MISSING,Surface tag is recommended to assess accessibility
1374424947,way,surface,MISSING,Surface tag is recommended to assess accessibility
1374424949,way,surface,MISSING,Surface tag is recommended to assess accessibility
1374436420,way,surface,MISSING,Surface tag is recommended to assess accessibility
1375581447,way,surface,MISSING,Surface tag is recommended to assess accessibility
1375581460,way,surface,MISSING,Surface tag is recommended to assess accessibility
1375581462,way,surface,MISSING,Surface tag is recommended to assess accessibility
1375620039,way,surface,MISSING,Surface tag is recommended to assess accessibility
1375620053,way,surface,MISSING,Surface tag is recommended to assess accessibility
1375620054,way,surface,MISSING,Surface tag is recommended to assess accessibility
1375620056,way,surface,MISSING,Surface tag is recommended to assess accessibility
1375620058,way,surface,MISSING,Surface tag is recommended to assess accessibility
1375620064,way,surface,MISSING,Surface tag is recommended to assess accessibility
1375627758,way,surface,MISSING,Surface tag is recommended to assess accessibility
1375827335,way,surface,MISSING,Surface tag is recommended to assess accessibility
1377030462,way,surface,MISSING,Surface tag is recommended to assess accessibility
1377030465,way,surface,MISSING,Surface tag is recommended to assess accessibility
1377030466,way,surface,MISSING,Surface tag is recommended to assess accessibility
1377030469,way,surface,MISSING,Surface tag is recommended to assess accessibility
1377030472,way,surface,MISSING,Surface tag is recommended to assess accessibility
1377030474,way,surface,MISSING,Surface tag is recommended to assess accessibility
1377338539,way,surface,MISSING,Surface tag is recommended to assess accessibility
1377505097,way,surface,MISSING,Surface tag is recommended to assess accessibility
1378893347,way,surface,MISSING,Surface tag is recommended to assess accessibility
1378912609,way,surface,MISSING,Surface tag is recommended to assess accessibility
1378912610,way,surface,MISSING,Surface tag is recommended to assess accessibility
1378912611,way,surface,MISSING,Surface tag is recommended to assess accessibility
1378912612,way,surface,MISSING,Surface tag is recommended to assess accessibility
1378912614,way,surface,MISSING,Surface tag is recommended to assess accessibility
1378927731,way,surface,MISSING,Surface tag is recommended to assess accessibility
1381690237,way,surface,MISSING,Surface tag is recommended to assess accessibility
1383672375,way,surface,MISSING,Surface tag is recommended to assess accessibility
1383760460,way,surface,MISSING,Surface tag is recommended to assess accessibility
1383760461,way,surface,MISSING,Surface tag is recommended to assess accessibility
1383760463,way,surface,MISSING,Surface tag is recommended to assess accessibility
1385344642,way,surface,MISSING,Surface tag is recommended to assess accessibility
1385344644,way,surface,MISSING,Surface tag is recommended to assess accessibility
1387677720,way,surface,MISSING,Surface tag is recommended to assess accessibility
1387799950,way,surface,MISSING,Surface tag is recommended to assess accessibility
1388041662,way,surface,MISSING,Surface tag is recommended to assess accessibility
1391288595,way,surface,MISSING,Surface tag is recommended to assess accessibility
1391288598,way,surface,MISSING,Surface tag is recommended to assess accessibility
1391288600,way,surface,MISSING,Surface tag is recommended to assess accessibility
1391288602,way,surface,MISSING,Surface tag is recommended to assess accessibility
1391601618,way,surface,MISSING,Surface tag is recommended to assess accessibility
1391601619,way,surface,MISSING,Surface tag is recommended to assess accessibility
1391608547,way,surface,MISSING,Surface tag is recommended to assess accessibility
1392148228,way,surface,MISSING,Surface tag is recommended to assess accessibility
1392148233,way,surface,MISSING,Surface tag is recommended to assess accessibility
1392148234,way,surface,MISSING,Surface tag is recommended to assess accessibility
1395144955,way,surface,MISSING,Surface tag is recommended to assess accessibility
1395144956,way,surface,MISSING,Surface tag is recommended to assess accessibility
1408453618,way,surface,MISSING,Surface tag is recommended to assess accessibility
1409153404,way,surface,MISSING,Surface tag is recommended to assess accessibility
1409153408,way,surface,MISSING,Surface tag is recommended to assess accessibility
1415928622,way,surface,MISSING,Surface tag is recommended to assess accessibility
1420215220,way,surface,MISSING,Surface tag is recommended to assess accessibility
1421786191,way,surface,MISSING,Surface tag is recommended to assess accessibility
1421786197,way,surface,MISSING,Surface tag is recommended to assess accessibility
1421786199,way,surface,MISSING,Surface tag is recommended to assess accessibility
1421786200,way,surface,MISSING,Surface tag is recommended to assess accessibility
1421786201,way,surface,MISSING,Surface tag is recommended to assess accessibility
1422192554,way,surface,MISSING,Surface tag is recommended to assess accessibility
1426675807,way,surface,MISSING,Surface tag is recommended to assess accessibility
1427254038,way,surface,MISSING,Surface tag is recommended to assess accessibility
1428538430,way,surface,MISSING,Surface tag is recommended to assess accessibility
1428538432,way,surface,MISSING,Surface tag is recommended to assess accessibility
1428538434,way,surface,MISSING,Surface tag is recommended to assess accessibility
1428538436,way,surface,MISSING,Surface tag is recommended to assess accessibility
1429702456,way,surface,MISSING,Surface tag is recommended to assess accessibility
1429702457,way,surface,MISSING,Surface tag is recommended to assess accessibility
1429702473,way,surface,MISSING,Surface tag is recommended to assess accessibility
1429702474,way,surface,MISSING,Surface tag is recommended to assess accessibility
1429702475,way,surface,MISSING,Surface tag is recommended to assess accessibility
1430473846,way,surface,MISSING,Surface tag is recommended to assess accessibility
1430570560,way,surface,MISSING,Surface tag is recommended to assess accessibility
1432190198,way,surface,MISSING,Surface tag is recommended to assess accessibility
1432190202,way,surface,MISSING,Surface tag is recommended to assess accessibility
1432190204,way,surface,MISSING,Surface tag is recommended to assess accessibility
1432190205,way,surface,MISSING,Surface tag is recommended to assess accessibility
1432190206,way,surface,MISSING,Surface tag is recommended to assess accessibility
1433595178,way,surface,MISSING,Surface tag is recommended to assess accessibility
1434624224,way,surface,MISSING,Surface tag is recommended to assess accessibility
1434624227,way,surface,MISSING,Surface tag is recommended to assess accessibility
1434624234,way,surface,MISSING,Surface tag is recommended to assess accessibility
1435914646,way,surface,MISSING,Surface tag is recommended to assess accessibility
1435914647,way,surface,MISSING,Surface tag is recommended to assess accessibility
1435914648,way,surface,MISSING,Surface tag is recommended to assess accessibility
1435917666,way,surface,MISSING,Surface tag is recommended to assess accessibility
1442153297,way,surface,MISSING,Surface tag is recommended to assess accessibility
1442153308,way,surface,MISSING,Surface tag is recommended to assess accessibility
1443049732,way,surface,MISSING,Surface tag is recommended to assess accessibility
1443049745,way,surface,MISSING,Surface tag is recommended to assess accessibility
1443049748,way,surface,MISSING,Surface tag is recommended to assess accessibility
1443391564,way,surface,MISSING,Surface tag is recommended to assess accessibility
1443391565,way,surface,MISSING,Surface tag is recommended to assess accessibility
1443703419,way,surface,MISSING,Surface tag is recommended to assess accessibility
1443703420,way,surface,MISSING,Surface tag is recommended to assess accessibility
1443929904,way,surface,MISSING,Surface tag is recommended to assess accessibility
1444249251,way,surface,MISSING,Surface tag is recommended to assess accessibility
1444249254,way,surface,MISSING,Surface tag is recommended to assess accessibility
1444249257,way,surface,MISSING,Surface tag is recommended to assess accessibility
1444249259,way,surface,MISSING,Surface tag is recommended to assess accessibility
1444249261,way,surface,MISSING,Surface tag is recommended to assess accessibility
1444832536,way,surface,MISSING,Surface tag is recommended to assess accessibility
1444832545,way,surface,MISSING,Surface tag is recommended to assess accessibility
1444927093,way,surface,MISSING,Surface tag is recommended to assess accessibility
1444927097,way,surface,MISSING,Surface tag is recommended to assess accessibility
1445009839,way,surface,MISSING,Surface tag is recommended to assess accessibility
1445095621,way,surface,MISSING,Surface tag is recommended to assess accessibility
1445661599,way,surface,MISSING,Surface tag is recommended to assess accessibility
1445814875,way,surface,MISSING,Surface tag is recommended to assess accessibility
1445957917,way,surface,MISSING,Surface tag is recommended to assess accessibility
1446673793,way,surface,MISSING,Surface tag is recommended to assess accessibility
1446673795,way,surface,MISSING,Surface tag is recommended to assess accessibility
1446673796,way,surface,MISSING,Surface tag is recommended to assess accessibility
1446695907,way,surface,MISSING,Surface tag is recommended to assess accessibility
1446829233,way,surface,MISSING,Surface tag is recommended to assess accessibility
1446829235,way,surface,MISSING,Surface tag is recommended to assess accessibility
1446829237,way,surface,MISSING,Surface tag is recommended to assess accessibility
1446829239,way,surface,MISSING,Surface tag is recommended to assess accessibility
1446829241,way,surface,MISSING,Surface tag is recommended to assess accessibility
1446843067,way,surface,MISSING,Surface tag is recommended to assess accessibility
1447136958,way,surface,MISSING,Surface tag is recommended to assess accessibility
1448469020,way,surface,MISSING,Surface tag is recommended to assess accessibility
1448469021,way,surface,MISSING,Surface tag is recommended to assess accessibility
1451074931,way,surface,MISSING,Surface tag is recommended to assess accessibility
1451074933,way,surface,MISSING,Surface tag is recommended to assess accessibility
1451074935,way,surface,MISSING,Surface tag is recommended to assess accessibility
1451074937,way,surface,MISSING,Surface tag is recommended to assess accessibility
1451074939,way,surface,MISSING,Surface tag is recommended to assess accessibility
1451074941,way,surface,MISSING,Surface tag is recommended to assess accessibility
1451074943,way,surface,MISSING,Surface tag is recommended to assess accessibility
1451074945,way,surface,MISSING,Surface tag is recommended to assess accessibility
1451074947,way,surface,MISSING,Surface tag is recommended to assess accessibility
1451074948,way,surface,MISSING,Surface tag is recommended to assess accessibility
1451074950,way,surface,MISSING,Surface tag is recommended to assess accessibility
1451074952,way,surface,MISSING,Surface tag is recommended to assess accessibility
1451074954,way,surface,MISSING,Surface tag is recommended to assess accessibility
1451074956,way,surface,MISSING,Surface tag is recommended to assess accessibility
1451074961,way,surface,MISSING,Surface tag is recommended to assess accessibility
1451074963,way,surface,MISSING,Surface tag is recommended to assess accessibility
1451074965,way,surface,MISSING,Surface tag is recommended to assess accessibility
1451074967,way,surface,MISSING,Surface tag is recommended to assess accessibility
1451074973,way,surface,MISSING,Surface tag is recommended to assess accessibility
1451074975,way,surface,MISSING,Surface tag is recommended to assess accessibility
1451074977,way,surface,MISSING,Surface tag is recommended to assess accessibility
1451074979,way,surface,MISSING,Surface tag is recommended to assess accessibility
1451074989,way,surface,MISSING,Surface tag is recommended to assess accessibility
1451074991,way,surface,MISSING,Surface tag is recommended to assess accessibility
1451074993,way,surface,MISSING,Surface tag is recommended to assess accessibility
1451074995,way,surface,MISSING,Surface tag is recommended to assess accessibility
1451842776,way,surface,MISSING,Surface tag is recommended to assess accessibility
1456639258,way,surface,MISSING,Surface tag is recommended to assess accessibility
1456639260,way,surface,MISSING,Surface tag is recommended to assess accessibility
1456639262,way,surface,MISSING,Surface tag is recommended to assess accessibility
1456639264,way,surface,MISSING,Surface tag is recommended to assess accessibility
1456639266,way,surface,MISSING,Surface tag is recommended to assess accessibility
1456791842,way,surface,MISSING,Surface tag is recommended to assess accessibility
1456791847,way,surface,MISSING,Surface tag is recommended to assess accessibility
1457138709,way,surface,MISSING,Surface tag is recommended to assess accessibility
1457138712,way,surface,MISSING,Surface tag is recommended to assess accessibility
1457138715,way,surface,MISSING,Surface tag is recommended to assess accessibility
1457138718,way,surface,MISSING,Surface tag is recommended to assess accessibility
1462258795,way,surface,MISSING,Surface tag is recommended to assess accessibility
1463208119,way,surface,MISSING,Surface tag is recommended to assess accessibility
1463208136,way,surface,MISSING,Surface tag is recommended to assess accessibility
1463212527,way,surface,MISSING,Surface tag is recommended to assess accessibility
1463212530,way,surface,MISSING,Surface tag is recommended to assess accessibility
1463216096,way,surface,MISSING,Surface tag is recommended to assess accessibility
1463412161,way,surface,MISSING,Surface tag is recommended to assess accessibility
1463412163,way,surface,MISSING,Surface tag is recommended to assess accessibility
1463412164,way,surface,MISSING,Surface tag is recommended to assess accessibility
1463412166,way,surface,MISSING,Surface tag is recommended to assess accessibility
1463412168,way,surface,MISSING,Surface tag is recommended to assess accessibility
1463430584,way,surface,MISSING,Surface tag is recommended to assess accessibility
1463658802,way,surface,MISSING,Surface tag is recommended to assess accessibility
1463711736,way,surface,MISSING,Surface tag is recommended to assess accessibility
1463711737,way,surface,MISSING,Surface tag is recommended to assess accessibility
1463711738,way,surface,MISSING,Surface tag is recommended to assess accessibility
1463711741,way,surface,MISSING,Surface tag is recommended to assess accessibility
1463711744,way,surface,MISSING,Surface tag is recommended to assess accessibility
1463711747,way,surface,MISSING,Surface tag is recommended to assess accessibility
1463711750,way,surface,MISSING,Surface tag is recommended to assess accessibility
1463711834,way,surface,MISSING,Surface tag is recommended to assess accessibility
1464811898,way,surface,MISSING,Surface tag is recommended to assess accessibility
1464811903,way,surface,MISSING,Surface tag is recommended to assess accessibility
1464816958,way,surface,MISSING,Surface tag is recommended to assess accessibility
1464857821,way,surface,MISSING,Surface tag is recommended to assess accessibility
1464857824,way,surface,MISSING,Surface tag is recommended to assess accessibility
1464857825,way,surface,MISSING,Surface tag is recommended to assess accessibility
1465108753,way,surface,MISSING,Surface tag is recommended to assess accessibility
1465129972,way,surface,MISSING,Surface tag is recommended to assess accessibility
1465142210,way,surface,MISSING,Surface tag is recommended to assess accessibility
1465142213,way,surface,MISSING,Surface tag is recommended to assess accessibility
1465331523,way,surface,MISSING,Surface tag is recommended to assess accessibility
1465331525,way,surface,MISSING,Surface tag is recommended to assess accessibility
1465332106,way,surface,MISSING,Surface tag is recommended to assess accessibility
1465332108,way,surface,MISSING,Surface tag is recommended to assess accessibility
1466463125,way,surface,MISSING,Surface tag is recommended to assess accessibility
1466759115,way,surface,MISSING,Surface tag is recommended to assess accessibility
1467935683,way,surface,MISSING,Surface tag is recommended to assess accessibility
1467935688,way,surface,MISSING,Surface tag is recommended to assess accessibility
1467935691,way,surface,MISSING,Surface tag is recommended to assess accessibility
1467935695,way,surface,MISSING,Surface tag is recommended to assess accessibility
1471747648,way,surface,MISSING,Surface tag is recommended to assess accessibility
1471747650,way,surface,MISSING,Surface tag is recommended to assess accessibility
1471747658,way,surface,MISSING,Surface tag is recommended to assess accessibility
1472368267,way,surface,MISSING,Surface tag is recommended to assess accessibility
1474768859,way,surface,MISSING,Surface tag is recommended to assess accessibility
1475187252,way,surface,MISSING,Surface tag is recommended to assess accessibility
1475187254,way,surface,MISSING,Surface tag is recommended to assess accessibility
1475187256,way,surface,MISSING,Surface tag is recommended to assess accessibility
1475187258,way,surface,MISSING,Surface tag is recommended to assess accessibility
1475187290,way,surface,MISSING,Surface tag is recommended to assess accessibility
1475187305,way,surface,MISSING,Surface tag is recommended to assess accessibility
1475187315,way,surface,MISSING,Surface tag is recommended to assess accessibility
1475187359,way,surface,MISSING,Surface tag is recommended to assess accessibility
1475187360,way,surface,MISSING,Surface tag is recommended to assess accessibility
1475187361,way,surface,MISSING,Surface tag is recommended to assess accessibility
1475187374,way,surface,MISSING,Surface tag is recommended to assess accessibility
1476250631,way,surface,MISSING,Surface tag is recommended to assess accessibility
1476250632,way,surface,MISSING,Surface tag is recommended to assess accessibility
1481555103,way,surface,MISSING,Surface tag is recommended to assess accessibility
1481555104,way,surface,MISSING,Surface tag is recommended to assess accessibility
1481555105,way,surface,MISSING,Surface tag is recommended to assess accessibility
1481555107,way,surface,MISSING,Surface tag is recommended to assess accessibility
1482244883,way,surface,MISSING,Surface tag is recommended to assess accessibility
1483291446,way,surface,MISSING,Surface tag is recommended to assess accessibility
1484095876,way,surface,MISSING,Surface tag is recommended to assess accessibility
1484095878,way,surface,MISSING,Surface tag is recommended to assess accessibility
1484095879,way,surface,MISSING,Surface tag is recommended to assess accessibility
1484095880,way,surface,MISSING,Surface tag is recommended to assess accessibility
1484095884,way,surface,MISSING,Surface tag is recommended to assess accessibility
1484095885,way,surface,MISSING,Surface tag is recommended to assess accessibility
1484095890,way,surface,MISSING,Surface tag is recommended to assess accessibility
1484095892,way,surface,MISSING,Surface tag is recommended to assess accessibility
1484095895,way,surface,MISSING,Surface tag is recommended to assess accessibility
1484095896,way,surface,MISSING,Surface tag is recommended to assess accessibility
1484095901,way,surface,MISSING,Surface tag is recommended to assess accessibility
1484095902,way,surface,MISSING,Surface tag is recommended to assess accessibility
1484095905,way,surface,MISSING,Surface tag is recommended to assess accessibility
1484095906,way,surface,MISSING,Surface tag is recommended to assess accessibility
1484095909,way,surface,MISSING,Surface tag is recommended to assess accessibility
1484095910,way,surface,MISSING,Surface tag is recommended to assess accessibility
1484095912,way,surface,MISSING,Surface tag is recommended to assess accessibility
1484095913,way,surface,MISSING,Surface tag is recommended to assess accessibility
1484095914,way,surface,MISSING,Surface tag is recommended to assess accessibility
1484095915,way,surface,MISSING,Surface tag is recommended to assess accessibility
1484095922,way,surface,MISSING,Surface tag is recommended to assess accessibility
1484095923,way,surface,MISSING,Surface tag is recommended to assess accessibility
1484095926,way,surface,MISSING,Surface tag is recommended to assess accessibility
1484095927,way,surface,MISSING,Surface tag is recommended to assess accessibility
1484095930,way,surface,MISSING,Surface tag is recommended to assess accessibility
1484095931,way,surface,MISSING,Surface tag is recommended to assess accessibility
1484095934,way,surface,MISSING,Surface tag is recommended to assess accessibility
1484095935,way,surface,MISSING,Surface tag is recommended to assess accessibility
1484095936,way,surface,MISSING,Surface tag is recommended to assess accessibility
1484095939,way,surface,MISSING,Surface tag is recommended to assess accessibility
1484095940,way,surface,MISSING,Surface tag is recommended to assess accessibility
1484095941,way,surface,MISSING,Surface tag is recommended to assess accessibility
1484095946,way,surface,MISSING,Surface tag is recommended to assess accessibility
1484095947,way,surface,MISSING,Surface tag is recommended to assess accessibility
1484095948,way,surface,MISSING,Surface tag is recommended to assess accessibility
1484095953,way,surface,MISSING,Surface tag is recommended to assess accessibility
1484095954,way,surface,MISSING,Surface tag is recommended to assess accessibility
1484095955,way,surface,MISSING,Surface tag is recommended to assess accessibility
1484095956,way,surface,MISSING,Surface tag is recommended to assess accessibility
1484095957,way,surface,MISSING,Surface tag is recommended to assess accessibility
1484095958,way,surface,MISSING,Surface tag is recommended to assess accessibility
1484095959,way,surface,MISSING,Surface tag is recommended to assess accessibility
1484095960,way,surface,MISSING,Surface tag is recommended to assess accessibility
1484095961,way,surface,MISSING,Surface tag is recommended to assess accessibility
1484095962,way,surface,MISSING,Surface tag is recommended to assess accessibility
1484095963,way,surface,MISSING,Surface tag is recommended to assess accessibility
1484095965,way,surface,MISSING,Surface tag is recommended to assess accessibility
1484095966,way,surface,MISSING,Surface tag is recommended to assess accessibility
1484095967,way,surface,MISSING,Surface tag is recommended to assess accessibility
1484095968,way,surface,MISSING,Surface tag is recommended to assess accessibility
1484095977,way,surface,MISSING,Surface tag is recommended to assess accessibility
1484107618,way,surface,MISSING,Surface tag is recommended to assess accessibility
1484174903,way,surface,MISSING,Surface tag is recommended to assess accessibility
1484174904,way,surface,MISSING,Surface tag is recommended to assess accessibility
1484174909,way,surface,MISSING,Surface tag is recommended to assess accessibility
1484184428,way,surface,MISSING,Surface tag is recommended to assess accessibility
1484184431,way,surface,MISSING,Surface tag is recommended to assess accessibility
1485107169,way,surface,MISSING,Surface tag is recommended to assess accessibility
1485107175,way,surface,MISSING,Surface tag is recommended to assess accessibility
1485107178,way,surface,MISSING,Surface tag is recommended to assess accessibility
1485131373,way,surface,MISSING,Surface tag is recommended to assess accessibility
1485131394,way,surface,MISSING,Surface tag is recommended to assess accessibility
1485131395,way,surface,MISSING,Surface tag is recommended to assess accessibility
1485131396,way,surface,MISSING,Surface tag is recommended to assess accessibility
1485131398,way,surface,MISSING,Surface tag is recommended to assess accessibility
1485131405,way,surface,MISSING,Surface tag is recommended to assess accessibility
1485131407,way,surface,MISSING,Surface tag is recommended to assess accessibility
1485135853,way,surface,MISSING,Surface tag is recommended to assess accessibility
1485138079,way,surface,MISSING,Surface tag is recommended to assess accessibility
1485138080,way,surface,MISSING,Surface tag is recommended to assess accessibility
1485140848,way,surface,MISSING,Surface tag is recommended to assess accessibility
1485493555,way,surface,MISSING,Surface tag is recommended to assess accessibility
1485493556,way,surface,MISSING,Surface tag is recommended to assess accessibility
1485493557,way,surface,MISSING,Surface tag is recommended to assess accessibility
1485493558,way,surface,MISSING,Surface tag is recommended to assess accessibility
1485493559,way,surface,MISSING,Surface tag is recommended to assess accessibility
1485493560,way,surface,MISSING,Surface tag is recommended to assess accessibility
1485493561,way,surface,MISSING,Surface tag is recommended to assess accessibility
1485759948,way,surface,MISSING,Surface tag is recommended to assess accessibility
1485759950,way,surface,MISSING,Surface tag is recommended to assess accessibility
1486058723,way,surface,MISSING,Surface tag is recommended to assess accessibility
1486058735,way,surface,MISSING,Surface tag is recommended to assess accessibility
1486058744,way,surface,MISSING,Surface tag is recommended to assess accessibility
1486058746,way,surface,MISSING,Surface tag is recommended to assess accessibility
1486058748,way,surface,MISSING,Surface tag is recommended to assess accessibility
1486058749,way,surface,MISSING,Surface tag is recommended to assess accessibility
1486058753,way,surface,MISSING,Surface tag is recommended to assess accessibility
1486058755,way,surface,MISSING,Surface tag is recommended to assess accessibility
1486058756,way,surface,MISSING,Surface tag is recommended to assess accessibility
1486058757,way,surface,MISSING,Surface tag is recommended to assess accessibility
1486058758,way,surface,MISSING,Surface tag is recommended to assess accessibility
1486058759,way,surface,MISSING,Surface tag is recommended to assess accessibility
1486058760,way,surface,MISSING,Surface tag is recommended to assess accessibility
1486058762,way,surface,MISSING,Surface tag is recommended to assess accessibility
1486058763,way,surface,MISSING,Surface tag is recommended to assess accessibility
1486058765,way,surface,MISSING,Surface tag is recommended to assess accessibility
1486058766,way,surface,MISSING,Surface tag is recommended to assess accessibility
1486058767,way,surface,MISSING,Surface tag is recommended to assess accessibility
1486058768,way,surface,MISSING,Surface tag is recommended to assess accessibility
1486058771,way,surface,MISSING,Surface tag is recommended to assess accessibility
1486058773,way,surface,MISSING,Surface tag is recommended to assess accessibility
1486150483,way,surface,MISSING,Surface tag is recommended to assess accessibility
1486150484,way,surface,MISSING,Surface tag is recommended to assess accessibility
1486150485,way,surface,MISSING,Surface tag is recommended to assess accessibility
1486150486,way,surface,MISSING,Surface tag is recommended to assess accessibility
1486177498,way,surface,MISSING,Surface tag is recommended to assess accessibility
1486177501,way,surface,MISSING,Surface tag is recommended to assess accessibility
1486177502,way,surface,MISSING,Surface tag is recommended to assess accessibility
1486177503,way,surface,MISSING,Surface tag is recommended to assess accessibility
1486177504,way,surface,MISSING,Surface tag is recommended to assess accessibility
1486513409,way,surface,MISSING,Surface tag is recommended to assess accessibility
1486513412,way,surface,MISSING,Surface tag is recommended to assess accessibility
1486513414,way,surface,MISSING,Surface tag is recommended to assess accessibility
1486513416,way,surface,MISSING,Surface tag is recommended to assess accessibility
1489024652,way,surface,MISSING,Surface tag is recommended to assess accessibility
1489024662,way,surface,MISSING,Surface tag is recommended to assess accessibility
1489309899,way,surface,MISSING,Surface tag is recommended to assess accessibility
1491241378,way,surface,MISSING,Surface tag is recommended to assess accessibility
1495971774,way,surface,MISSING,Surface tag is recommended to assess accessibility
1495971776,way,surface,MISSING,Surface tag is recommended to assess accessibility
1507671468,way,surface,MISSING,Surface tag is recommended to assess accessibility
1507671472,way,surface,MISSING,Surface tag is recommended to assess accessibility
1507819956,way,surface,MISSING,Surface tag is recommended to assess accessibility
1508174412,way,surface,MISSING,Surface tag is recommended to assess accessibility
1508174434,way,surface,MISSING,Surface tag is recommended to assess accessibility
1508174436,way,surface,MISSING,Surface tag is recommended to assess accessibility
1508174438,way,surface,MISSING,Surface tag is recommended to assess accessibility
1508306473,way,surface,MISSING,Surface tag is recommended to assess accessibility
1508306474,way,surface,MISSING,Surface tag is recommended to assess accessibility
1508773664,way,surface,MISSING,Surface tag is recommended to assess accessibility
1508773707,way,surface,MISSING,Surface tag is recommended to assess accessibility
1508773709,way,surface,MISSING,Surface tag is recommended to assess accessibility
1508785303,way,surface,MISSING,Surface tag is recommended to assess accessibility
1508800820,way,surface,MISSING,Surface tag is recommended to assess accessibility
1508995153,way,surface,MISSING,Surface tag is recommended to assess accessibility
1508995155,way,surface,MISSING,Surface tag is recommended to assess accessibility
1509317780,way,surface,MISSING,Surface tag is recommended to assess accessibility
1509317782,way,surface,MISSING,Surface tag is recommended to assess accessibility
1509454052,way,surface,MISSING,Surface tag is recommended to assess accessibility
1509680056,way,surface,MISSING,Surface tag is recommended to assess accessibility
1509680057,way,surface,MISSING,Surface tag is recommended to assess accessibility
1509680061,way,surface,MISSING,Surface tag is recommended to assess accessibility
1509690455,way,surface,MISSING,Surface tag is recommended to assess accessibility
1509690457,way,surface,MISSING,Surface tag is recommended to assess accessibility
1510251980,way,surface,MISSING,Surface tag is recommended to assess accessibility
1510602310,way,surface,MISSING,Surface tag is recommended to assess accessibility
1510602311,way,surface,MISSING,Surface tag is recommended to assess accessibility
1510602312,way,surface,MISSING,Surface tag is recommended to assess accessibility
1510602315,way,surface,MISSING,Surface tag is recommended to assess accessibility
1510670046,way,surface,MISSING,Surface tag is recommended to assess accessibility
1510670047,way,surface,MISSING,Surface tag is recommended to assess accessibility
1510670048,way,surface,MISSING,Surface tag is recommended to assess accessibility
1511531179,way,surface,MISSING,Surface tag is recommended to assess accessibility
1511531182,way,surface,MISSING,Surface tag is recommended to assess accessibility
1511531183,way,surface,MISSING,Surface tag is recommended to assess accessibility
1511531184,way,surface,MISSING,Surface tag is recommended to assess accessibility
1512103720,way,surface,MISSING,Surface tag is recommended to assess accessibility
1512459186,way,surface,MISSING,Surface tag is recommended to assess accessibility
1512459189,way,surface,MISSING,Surface tag is recommended to assess accessibility
1512460424,way,surface,MISSING,Surface tag is recommended to assess accessibility
1512460426,way,surface,MISSING,Surface tag is recommended to assess accessibility
1512460427,way,surface,MISSING,Surface tag is recommended to assess accessibility
1512461461,way,surface,MISSING,Surface tag is recommended to assess accessibility
1512582169,way,surface,MISSING,Surface tag is recommended to assess accessibility
1512582173,way,surface,MISSING,Surface tag is recommended to assess accessibility
1512582174,way,surface,MISSING,Surface tag is recommended to assess accessibility
1512582175,way,surface,MISSING,Surface tag is recommended to assess accessibility
1512582177,way,surface,MISSING,Surface tag is recommended to assess accessibility
1512582180,way,surface,MISSING,Surface tag is recommended to assess accessibility
1512616872,way,surface,MISSING,Surface tag is recommended to assess accessibility
1512616873,way,surface,MISSING,Surface tag is recommended to assess accessibility
1513535013,way,surface,MISSING,Surface tag is recommended to assess accessibility
1517265818,way,surface,MISSING,Surface tag is recommended to assess accessibility
1517265819,way,surface,MISSING,Surface tag is recommended to assess accessibility
1517872297,way,surface,MISSING,Surface tag is recommended to assess accessibility
1518532954,way,surface,MISSING,Surface tag is recommended to assess accessibility
1518532956,way,surface,MISSING,Surface tag is recommended to assess accessibility
1518532959,way,surface,MISSING,Surface tag is recommended to assess accessibility
1526728415,way,surface,MISSING,Surface tag is recommended to assess accessibility
1526728417,way,surface,MISSING,Surface tag is recommended to assess accessibility
1526728419,way,surface,MISSING,Surface tag is recommended to assess accessibility
1528772525,way,surface,MISSING,Surface tag is recommended to assess accessibility
1528772526,way,surface,MISSING,Surface tag is recommended to assess accessibility
1528772527,way,surface,MISSING,Surface tag is recommended to assess accessibility
1528772530,way,surface,MISSING,Surface tag is recommended to assess accessibility
1528772531,way,surface,MISSING,Surface tag is recommended to assess accessibility
1528772533,way,surface,MISSING,Surface tag is recommended to assess accessibility
1534653421,way,surface,MISSING,Surface tag is recommended to assess accessibility
1537219414,way,surface,MISSING,Surface tag is recommended to assess accessibility
1537219415,way,surface,MISSING,Surface tag is recommended to assess accessibility
1552544991,way,surface,MISSING,Surface tag is recommended to assess accessibility
1552544997,way,surface,MISSING,Surface tag is recommended to assess accessibility
1552544998,way,surface,MISSING,Surface tag is recommended to assess accessibility
1553123521,way,surface,MISSING,Surface tag is recommended to assess accessibility
1553177416,way,surface,MISSING,Surface tag is recommended to assess accessibility
1553177419,way,surface,MISSING,Surface tag is recommended to assess accessibility
1553177421,way,surface,MISSING,Surface tag is recommended to assess accessibility
1553177423,way,surface,MISSING,Surface tag is recommended to assess accessibility
1553177424,way,surface,MISSING,Surface tag is recommended to assess accessibility
1553177425,way,surface,MISSING,Surface tag is recommended to assess accessibility
1553177426,way,surface,MISSING,Surface tag is recommended to assess accessibility
1553177428,way,surface,MISSING,Surface tag is recommended to assess accessibility
1553177465,way,surface,MISSING,Surface tag is recommended to assess accessibility
1553177467,way,surface,MISSING,Surface tag is recommended to assess accessibility
1553177477,way,surface,MISSING,Surface tag is recommended to assess accessibility
1553177479,way,surface,MISSING,Surface tag is recommended to assess accessibility
1553177480,way,surface,MISSING,Surface tag is recommended to assess accessibility
1553177482,way,surface,MISSING,Surface tag is recommended to assess accessibility
1553212337,way,surface,MISSING,Surface tag is recommended to assess accessibility
1553212365,way,surface,MISSING,Surface tag is recommended to assess accessibility
1553212366,way,surface,MISSING,Surface tag is recommended to assess accessibility
