osm_id,feat_type,key,value,commentary
111985985,way,last_update,4-10-2012,Feature has not been updated in 5 years or more
123546110,way,last_update,31-8-2011,Feature has not been updated in 5 years or more
124723395,way,last_update,6-8-2011,Feature has not been updated in 5 years or more
124723435,way,last_update,5-8-2011,Feature has not been updated in 5 years or more
124723436,way,last_update,6-11-2016,Feature has not been updated in 5 years or more
124723437,way,last_update,14-8-2011,Feature has not been updated in 5 years or more
124723438,way,last_update,6-11-2016,Feature has not been updated in 5 years or more
124723440,way,last_update,13-8-2011,Feature has not been updated in 5 years or more
124723441,way,last_update,6-11-2016,Feature has not been updated in 5 years or more
124723442,way,last_update,5-8-2011,Feature has not been updated in 5 years or more
124723443,way,last_update,6-8-2011,Feature has not been updated in 5 years or more
124723447,way,last_update,13-8-2011,Feature has not been updated in 5 years or more
124723448,way,last_update,6-11-2016,Feature has not been updated in 5 years or more
124723449,way,last_update,5-8-2011,Feature has not been updated in 5 years or more
124723450,way,last_update,6-8-2011,Feature has not been updated in 5 years or more
124723452,way,last_update,6-8-2011,Feature has not been updated in 5 years or more
124723453,way,last_update,14-8-2011,Feature has not been updated in 5 years or more
124723457,way,last_update,6-8-2011,Feature has not been updated in 5 years or more
124723459,way,last_update,14-4-2021,Feature has not been updated in 5 years or more
124723462,way,last_update,14-8-2011,Feature has not been updated in 5 years or more
124723464,way,last_update,5-8-2011,Feature has not been updated in 5 years or more
124723465,way,last_update,13-8-2011,Feature has not been updated in 5 years or more
124723466,way,last_update,5-8-2011,Feature has not been updated in 5 years or more
124723467,way,last_update,5-8-2011,Feature has not been updated in 5 years or more
124723469,way,last_update,6-11-2016,Feature has not been updated in 5 years or more
124723474,way,last_update,6-11-2016,Feature has not been updated in 5 years or more
124723482,way,last_update,13-8-2011,Feature has not been updated in 5 years or more
124824525,way,last_update,6-8-2011,Feature has not been updated in 5 years or more
124824527,way,last_update,6-8-2011,Feature has not been updated in 5 years or more
124824528,way,last_update,6-8-2011,Feature has not been updated in 5 years or more
124824532,way,last_update,6-8-2011,Feature has not been updated in 5 years or more
124824533,way,last_update,6-8-2011,Feature has not been updated in 5 years or more
124824534,way,last_update,6-8-2011,Feature has not been updated in 5 years or more
124824536,way,last_update,6-8-2011,Feature has not been updated in 5 years or more
124824537,way,last_update,6-8-2011,Feature has not been updated in 5 years or more
124824538,way,last_update,6-8-2011,Feature has not been updated in 5 years or more
124824540,way,last_update,15-12-2011,Feature has not been updated in 5 years or more
124824541,way,last_update,6-8-2011,Feature has not been updated in 5 years or more
124824542,way,last_update,6-8-2011,Feature has not been updated in 5 years or more
124824543,way,last_update,16-8-2011,Feature has not been updated in 5 years or more
124824544,way,last_update,6-8-2011,Feature has not been updated in 5 years or more
124824545,way,last_update,6-8-2011,Feature has not been updated in 5 years or more
124824546,way,last_update,6-8-2011,Feature has not been updated in 5 years or more
124824547,way,last_update,6-8-2011,Feature has not been updated in 5 years or more
124824548,way,last_update,6-8-2011,Feature has not been updated in 5 years or more
124824549,way,last_update,6-8-2011,Feature has not been updated in 5 years or more
124824551,way,last_update,6-8-2011,Feature has not been updated in 5 years or more
124824552,way,last_update,6-8-2011,Feature has not been updated in 5 years or more
124824553,way,last_update,6-8-2011,Feature has not been updated in 5 years or more
124824554,way,last_update,6-8-2011,Feature has not been updated in 5 years or more
124824555,way,last_update,6-8-2011,Feature has not been updated in 5 years or more
124824556,way,last_update,6-8-2011,Feature has not been updated in 5 years or more
124824558,way,last_update,6-8-2011,Feature has not been updated in 5 years or more
124824559,way,last_update,6-8-2011,Feature has not been updated in 5 years or more
124824560,way,last_update,6-8-2011,Feature has not been updated in 5 years or more
124824561,way,last_update,15-12-2011,Feature has not been updated in 5 years or more
124824563,way,last_update,6-8-2011,Feature has not been updated in 5 years or more
124824564,way,last_update,6-8-2011,Feature has not been updated in 5 years or more
124824566,way,last_update,6-8-2011,Feature has not been updated in 5 years or more
124824567,way,last_update,6-8-2011,Feature has not been updated in 5 years or more
124824568,way,last_update,6-8-2011,Feature has not been updated in 5 years or more
124824569,way,last_update,6-8-2011,Feature has not been updated in 5 years or more
124824571,way,last_update,6-8-2011,Feature has not been updated in 5 years or more
124824572,way,last_update,6-8-2011,Feature has not been updated in 5 years or more
124824574,way,last_update,6-8-2011,Feature has not been updated in 5 years or more
124824575,way,last_update,6-8-2011,Feature has not been updated in 5 years or more
124824576,way,last_update,6-8-2011,Feature has not been updated in 5 years or more
124824577,way,last_update,6-8-2011,Feature has not been updated in 5 years or more
124824580,way,last_update,6-8-2011,Feature has not been updated in 5 years or more
124862184,way,last_update,6-8-2011,Feature has not been updated in 5 years or more
124862185,way,last_update,6-8-2011,Feature has not been updated in 5 years or more
124862189,way,last_update,6-8-2011,Feature has not been updated in 5 years or more
124862191,way,last_update,6-8-2011,Feature has not been updated in 5 years or more
124862198,way,last_update,6-8-2011,Feature has not been updated in 5 years or more
124862200,way,last_update,6-8-2011,Feature has not been updated in 5 years or more
124862201,way,last_update,6-8-2011,Feature has not been updated in 5 years or more
124862202,way,last_update,6-8-2011,Feature has not been updated in 5 years or more
124862204,way,last_update,6-8-2011,Feature has not been updated in 5 years or more
124862205,way,last_update,6-8-2011,Feature has not been updated in 5 years or more
124862234,way,last_update,6-8-2011,Feature has not been updated in 5 years or more
124862248,way,last_update,6-8-2011,Feature has not been updated in 5 years or more
124862249,way,last_update,6-8-2011,Feature has not been updated in 5 years or more
124862252,way,last_update,6-8-2011,Feature has not been updated in 5 years or more
124862255,way,last_update,6-8-2011,Feature has not been updated in 5 years or more
124862257,way,last_update,6-8-2011,Feature has not been updated in 5 years or more
124862258,way,last_update,6-8-2011,Feature has not been updated in 5 years or more
124862259,way,last_update,6-8-2011,Feature has not been updated in 5 years or more
124862262,way,last_update,6-8-2011,Feature has not been updated in 5 years or more
124862263,way,last_update,6-8-2011,Feature has not been updated in 5 years or more
124862270,way,last_update,6-8-2011,Feature has not been updated in 5 years or more
124862271,way,last_update,6-8-2011,Feature has not been updated in 5 years or more
124862275,way,last_update,6-8-2011,Feature has not been updated in 5 years or more
124862276,way,last_update,6-8-2011,Feature has not been updated in 5 years or more
124862277,way,last_update,6-8-2011,Feature has not been updated in 5 years or more
124862283,way,last_update,6-8-2011,Feature has not been updated in 5 years or more
124862289,way,last_update,6-8-2011,Feature has not been updated in 5 years or more
124862291,way,last_update,6-8-2011,Feature has not been updated in 5 years or more
124862293,way,last_update,6-8-2011,Feature has not been updated in 5 years or more
124862329,way,last_update,6-8-2011,Feature has not been updated in 5 years or more
124950923,way,last_update,21-11-2012,Feature has not been updated in 5 years or more
124950968,way,last_update,21-11-2012,Feature has not been updated in 5 years or more
124950977,way,last_update,13-4-2021,Feature has not been updated in 5 years or more
124950985,way,last_update,21-11-2012,Feature has not been updated in 5 years or more
124950989,way,last_update,6-7-2012,Feature has not been updated in 5 years or more
124963488,way,last_update,7-8-2011,Feature has not been updated in 5 years or more
124963491,way,last_update,7-8-2011,Feature has not been updated in 5 years or more
124963493,way,last_update,7-8-2011,Feature has not been updated in 5 years or more
124963499,way,last_update,7-8-2011,Feature has not been updated in 5 years or more
124963502,way,last_update,12-9-2011,Feature has not been updated in 5 years or more
124963505,way,last_update,4-2-2020,Feature has not been updated in 5 years or more
124963506,way,last_update,7-8-2011,Feature has not been updated in 5 years or more
124963508,way,last_update,7-8-2011,Feature has not been updated in 5 years or more
124963514,way,last_update,7-8-2011,Feature has not been updated in 5 years or more
124963516,way,last_update,7-8-2011,Feature has not been updated in 5 years or more
124963519,way,last_update,7-8-2011,Feature has not been updated in 5 years or more
124963525,way,last_update,4-11-2016,Feature has not been updated in 5 years or more
124963528,way,last_update,6-8-2018,Feature has not been updated in 5 years or more
124963531,way,last_update,7-8-2011,Feature has not been updated in 5 years or more
124963534,way,last_update,7-8-2011,Feature has not been updated in 5 years or more
125128148,way,last_update,8-8-2011,Feature has not been updated in 5 years or more
125128152,way,last_update,8-8-2011,Feature has not been updated in 5 years or more
125128159,way,last_update,8-8-2011,Feature has not been updated in 5 years or more
125128169,way,last_update,8-8-2011,Feature has not been updated in 5 years or more
125128172,way,last_update,4-8-2020,Feature has not been updated in 5 years or more
125128185,way,last_update,8-8-2011,Feature has not been updated in 5 years or more
125144964,way,last_update,8-8-2011,Feature has not been updated in 5 years or more
125144971,way,last_update,8-8-2011,Feature has not been updated in 5 years or more
125144972,way,last_update,8-8-2011,Feature has not been updated in 5 years or more
125144974,way,last_update,8-8-2011,Feature has not been updated in 5 years or more
125144975,way,last_update,8-8-2011,Feature has not been updated in 5 years or more
125144976,way,last_update,8-8-2011,Feature has not been updated in 5 years or more
125144977,way,last_update,8-8-2011,Feature has not been updated in 5 years or more
125144978,way,last_update,8-8-2011,Feature has not been updated in 5 years or more
125144979,way,last_update,8-8-2011,Feature has not been updated in 5 years or more
125144982,way,last_update,8-8-2011,Feature has not been updated in 5 years or more
125144983,way,last_update,8-8-2011,Feature has not been updated in 5 years or more
125144991,way,last_update,16-6-2013,Feature has not been updated in 5 years or more
125321700,way,last_update,9-8-2011,Feature has not been updated in 5 years or more
125321702,way,last_update,9-8-2011,Feature has not been updated in 5 years or more
125321756,way,last_update,9-8-2011,Feature has not been updated in 5 years or more
125321759,way,last_update,9-8-2011,Feature has not been updated in 5 years or more
125321764,way,last_update,9-8-2011,Feature has not been updated in 5 years or more
125321769,way,last_update,9-8-2011,Feature has not been updated in 5 years or more
125321792,way,last_update,9-8-2011,Feature has not been updated in 5 years or more
125321799,way,last_update,9-8-2011,Feature has not been updated in 5 years or more
125321803,way,last_update,9-8-2011,Feature has not been updated in 5 years or more
125321812,way,last_update,9-8-2011,Feature has not been updated in 5 years or more
125321815,way,last_update,9-6-2012,Feature has not been updated in 5 years or more
125321816,way,last_update,9-8-2011,Feature has not been updated in 5 years or more
125321826,way,last_update,9-8-2011,Feature has not been updated in 5 years or more
125321827,way,last_update,9-8-2011,Feature has not been updated in 5 years or more
125321850,way,last_update,9-8-2011,Feature has not been updated in 5 years or more
125321853,way,last_update,9-8-2011,Feature has not been updated in 5 years or more
125321856,way,last_update,9-8-2011,Feature has not been updated in 5 years or more
125321861,way,last_update,9-8-2011,Feature has not been updated in 5 years or more
125321867,way,last_update,9-8-2011,Feature has not been updated in 5 years or more
125321870,way,last_update,9-8-2011,Feature has not been updated in 5 years or more
125321878,way,last_update,9-8-2011,Feature has not been updated in 5 years or more
125321887,way,last_update,9-8-2011,Feature has not been updated in 5 years or more
125321888,way,last_update,9-8-2011,Feature has not been updated in 5 years or more
125321894,way,last_update,9-8-2011,Feature has not been updated in 5 years or more
125321895,way,last_update,9-8-2011,Feature has not been updated in 5 years or more
125321899,way,last_update,9-8-2011,Feature has not been updated in 5 years or more
125321900,way,last_update,9-8-2011,Feature has not been updated in 5 years or more
125321902,way,last_update,9-8-2011,Feature has not been updated in 5 years or more
125321908,way,last_update,9-8-2011,Feature has not been updated in 5 years or more
125321914,way,last_update,9-8-2011,Feature has not been updated in 5 years or more
125321920,way,last_update,9-8-2011,Feature has not been updated in 5 years or more
125321925,way,last_update,9-8-2011,Feature has not been updated in 5 years or more
125321933,way,last_update,9-8-2011,Feature has not been updated in 5 years or more
125321946,way,last_update,9-8-2011,Feature has not been updated in 5 years or more
125321947,way,last_update,9-8-2011,Feature has not been updated in 5 years or more
125321953,way,last_update,9-8-2011,Feature has not been updated in 5 years or more
125321955,way,last_update,9-8-2011,Feature has not been updated in 5 years or more
125321975,way,last_update,22-10-2020,Feature has not been updated in 5 years or more
125321977,way,last_update,9-8-2011,Feature has not been updated in 5 years or more
125322011,way,last_update,22-10-2020,Feature has not been updated in 5 years or more
125322015,way,last_update,22-10-2020,Feature has not been updated in 5 years or more
125322028,way,last_update,6-8-2018,Feature has not been updated in 5 years or more
125437280,way,last_update,10-8-2011,Feature has not been updated in 5 years or more
125437284,way,last_update,10-8-2011,Feature has not been updated in 5 years or more
125437286,way,last_update,10-8-2011,Feature has not been updated in 5 years or more
125437291,way,last_update,10-8-2011,Feature has not been updated in 5 years or more
125437297,way,last_update,10-8-2011,Feature has not been updated in 5 years or more
125437301,way,last_update,10-8-2011,Feature has not been updated in 5 years or more
125437308,way,last_update,10-8-2011,Feature has not been updated in 5 years or more
125437313,way,last_update,10-8-2011,Feature has not been updated in 5 years or more
125437325,way,last_update,10-8-2011,Feature has not been updated in 5 years or more
125450955,way,last_update,10-8-2011,Feature has not been updated in 5 years or more
125450961,way,last_update,10-8-2011,Feature has not been updated in 5 years or more
125450971,way,last_update,10-8-2011,Feature has not been updated in 5 years or more
125450974,way,last_update,10-8-2011,Feature has not been updated in 5 years or more
125450975,way,last_update,10-8-2011,Feature has not been updated in 5 years or more
125483577,way,last_update,7-10-2019,Feature has not been updated in 5 years or more
125483578,way,last_update,10-8-2011,Feature has not been updated in 5 years or more
125483581,way,last_update,7-9-2011,Feature has not been updated in 5 years or more
125483583,way,last_update,10-8-2011,Feature has not been updated in 5 years or more
125483585,way,last_update,10-8-2011,Feature has not been updated in 5 years or more
125483587,way,last_update,10-8-2011,Feature has not been updated in 5 years or more
125483588,way,last_update,10-8-2011,Feature has not been updated in 5 years or more
125483591,way,last_update,10-8-2011,Feature has not been updated in 5 years or more
125483592,way,last_update,10-8-2011,Feature has not been updated in 5 years or more
125483593,way,last_update,10-8-2011,Feature has not been updated in 5 years or more
125483595,way,last_update,10-8-2011,Feature has not been updated in 5 years or more
125483597,way,last_update,10-8-2011,Feature has not been updated in 5 years or more
125483599,way,last_update,10-8-2011,Feature has not been updated in 5 years or more
125483600,way,last_update,10-8-2011,Feature has not been updated in 5 years or more
125483601,way,last_update,10-8-2011,Feature has not been updated in 5 years or more
125483602,way,last_update,10-8-2011,Feature has not been updated in 5 years or more
125483604,way,last_update,10-8-2011,Feature has not been updated in 5 years or more
125483605,way,last_update,10-8-2011,Feature has not been updated in 5 years or more
125483606,way,last_update,10-8-2011,Feature has not been updated in 5 years or more
125483607,way,last_update,7-10-2019,Feature has not been updated in 5 years or more
125483608,way,last_update,16-6-2013,Feature has not been updated in 5 years or more
125483609,way,last_update,10-8-2011,Feature has not been updated in 5 years or more
125483612,way,last_update,7-10-2019,Feature has not been updated in 5 years or more
125483613,way,last_update,16-6-2013,Feature has not been updated in 5 years or more
125483614,way,last_update,10-8-2011,Feature has not been updated in 5 years or more
125483615,way,last_update,10-8-2011,Feature has not been updated in 5 years or more
125483617,way,last_update,16-6-2013,Feature has not been updated in 5 years or more
125483618,way,last_update,7-10-2019,Feature has not been updated in 5 years or more
125483619,way,last_update,10-8-2011,Feature has not been updated in 5 years or more
125483620,way,last_update,10-8-2011,Feature has not been updated in 5 years or more
125483622,way,last_update,16-6-2013,Feature has not been updated in 5 years or more
125483623,way,last_update,10-8-2011,Feature has not been updated in 5 years or more
125483626,way,last_update,10-8-2011,Feature has not been updated in 5 years or more
125483628,way,last_update,16-6-2013,Feature has not been updated in 5 years or more
125483631,way,last_update,16-6-2013,Feature has not been updated in 5 years or more
125483633,way,last_update,10-8-2011,Feature has not been updated in 5 years or more
125483635,way,last_update,10-8-2011,Feature has not been updated in 5 years or more
125483637,way,last_update,10-8-2011,Feature has not been updated in 5 years or more
125483641,way,last_update,10-8-2011,Feature has not been updated in 5 years or more
125483642,way,last_update,16-6-2013,Feature has not been updated in 5 years or more
125483644,way,last_update,10-8-2011,Feature has not been updated in 5 years or more
125483648,way,last_update,10-8-2011,Feature has not been updated in 5 years or more
125483651,way,last_update,10-8-2011,Feature has not been updated in 5 years or more
125483653,way,last_update,10-8-2011,Feature has not been updated in 5 years or more
125483654,way,last_update,16-6-2013,Feature has not been updated in 5 years or more
125483656,way,last_update,13-10-2020,Feature has not been updated in 5 years or more
125483662,way,last_update,13-10-2020,Feature has not been updated in 5 years or more
125483663,way,last_update,10-8-2011,Feature has not been updated in 5 years or more
125483664,way,last_update,16-6-2013,Feature has not been updated in 5 years or more
125483666,way,last_update,16-6-2013,Feature has not been updated in 5 years or more
125483668,way,last_update,13-10-2020,Feature has not been updated in 5 years or more
125483669,way,last_update,16-6-2013,Feature has not been updated in 5 years or more
125483670,way,last_update,19-9-2011,Feature has not been updated in 5 years or more
125483674,way,last_update,13-10-2020,Feature has not been updated in 5 years or more
125483678,way,last_update,18-9-2011,Feature has not been updated in 5 years or more
125594168,way,last_update,29-8-2011,Feature has not been updated in 5 years or more
125594192,way,last_update,11-8-2011,Feature has not been updated in 5 years or more
125594193,way,last_update,22-8-2011,Feature has not been updated in 5 years or more
125594194,way,last_update,12-9-2011,Feature has not been updated in 5 years or more
125594195,way,last_update,4-2-2020,Feature has not been updated in 5 years or more
125594197,way,last_update,11-8-2011,Feature has not been updated in 5 years or more
125594198,way,last_update,11-8-2011,Feature has not been updated in 5 years or more
125594199,way,last_update,12-9-2011,Feature has not been updated in 5 years or more
125594200,way,last_update,14-10-2019,Feature has not been updated in 5 years or more
125594201,way,last_update,11-8-2011,Feature has not been updated in 5 years or more
125594202,way,last_update,12-9-2011,Feature has not been updated in 5 years or more
125594203,way,last_update,11-8-2011,Feature has not been updated in 5 years or more
125594205,way,last_update,11-8-2011,Feature has not been updated in 5 years or more
125594206,way,last_update,12-9-2011,Feature has not been updated in 5 years or more
125594207,way,last_update,12-9-2011,Feature has not been updated in 5 years or more
125594208,way,last_update,11-8-2011,Feature has not been updated in 5 years or more
125594210,way,last_update,11-8-2011,Feature has not been updated in 5 years or more
125594211,way,last_update,11-8-2011,Feature has not been updated in 5 years or more
125594213,way,last_update,11-8-2011,Feature has not been updated in 5 years or more
125594214,way,last_update,11-8-2011,Feature has not been updated in 5 years or more
125594215,way,last_update,14-10-2019,Feature has not been updated in 5 years or more
125594216,way,last_update,12-9-2011,Feature has not been updated in 5 years or more
125594217,way,last_update,11-8-2011,Feature has not been updated in 5 years or more
125594219,way,last_update,22-8-2011,Feature has not been updated in 5 years or more
125594222,way,last_update,24-11-2018,Feature has not been updated in 5 years or more
125594223,way,last_update,11-8-2011,Feature has not been updated in 5 years or more
125746397,way,last_update,12-8-2011,Feature has not been updated in 5 years or more
125746438,way,last_update,12-8-2011,Feature has not been updated in 5 years or more
125746439,way,last_update,12-8-2011,Feature has not been updated in 5 years or more
125746442,way,last_update,12-8-2011,Feature has not been updated in 5 years or more
125746443,way,last_update,13-8-2011,Feature has not been updated in 5 years or more
125746444,way,last_update,30-9-2018,Feature has not been updated in 5 years or more
125746445,way,last_update,12-8-2011,Feature has not been updated in 5 years or more
125746446,way,last_update,12-8-2011,Feature has not been updated in 5 years or more
125746447,way,last_update,12-8-2011,Feature has not been updated in 5 years or more
125746448,way,last_update,12-8-2011,Feature has not been updated in 5 years or more
125746452,way,last_update,13-8-2011,Feature has not been updated in 5 years or more
125746453,way,last_update,12-8-2011,Feature has not been updated in 5 years or more
125746454,way,last_update,12-8-2011,Feature has not been updated in 5 years or more
125746455,way,last_update,12-8-2011,Feature has not been updated in 5 years or more
125746457,way,last_update,28-2-2015,Feature has not been updated in 5 years or more
125746458,way,last_update,12-8-2011,Feature has not been updated in 5 years or more
125746461,way,last_update,30-9-2018,Feature has not been updated in 5 years or more
125746462,way,last_update,12-8-2011,Feature has not been updated in 5 years or more
125746467,way,last_update,12-8-2011,Feature has not been updated in 5 years or more
125746470,way,last_update,12-8-2011,Feature has not been updated in 5 years or more
125746472,way,last_update,13-8-2011,Feature has not been updated in 5 years or more
125746474,way,last_update,12-8-2011,Feature has not been updated in 5 years or more
125746478,way,last_update,12-8-2011,Feature has not been updated in 5 years or more
125746480,way,last_update,12-8-2011,Feature has not been updated in 5 years or more
125746482,way,last_update,30-9-2018,Feature has not been updated in 5 years or more
125746484,way,last_update,12-8-2011,Feature has not been updated in 5 years or more
125746487,way,last_update,30-9-2018,Feature has not been updated in 5 years or more
125746490,way,last_update,15-12-2011,Feature has not been updated in 5 years or more
125746492,way,last_update,12-8-2011,Feature has not been updated in 5 years or more
125746493,way,last_update,4-8-2020,Feature has not been updated in 5 years or more
125746495,way,last_update,12-8-2011,Feature has not been updated in 5 years or more
125746496,way,last_update,12-8-2011,Feature has not been updated in 5 years or more
125746498,way,last_update,12-8-2011,Feature has not been updated in 5 years or more
125746499,way,last_update,7-11-2016,Feature has not been updated in 5 years or more
125746500,way,last_update,13-8-2011,Feature has not been updated in 5 years or more
125746502,way,last_update,12-8-2011,Feature has not been updated in 5 years or more
125746503,way,last_update,13-8-2011,Feature has not been updated in 5 years or more
125746504,way,last_update,23-1-2020,Feature has not been updated in 5 years or more
125746507,way,last_update,12-8-2011,Feature has not been updated in 5 years or more
125746511,way,last_update,12-8-2011,Feature has not been updated in 5 years or more
125746512,way,last_update,12-8-2011,Feature has not been updated in 5 years or more
125746514,way,last_update,26-10-2016,Feature has not been updated in 5 years or more
125746515,way,last_update,12-8-2011,Feature has not been updated in 5 years or more
125746516,way,last_update,30-12-2016,Feature has not been updated in 5 years or more
125746521,way,last_update,20-8-2011,Feature has not been updated in 5 years or more
125746523,way,last_update,12-8-2011,Feature has not been updated in 5 years or more
125746525,way,last_update,12-8-2011,Feature has not been updated in 5 years or more
125746526,way,last_update,12-8-2011,Feature has not been updated in 5 years or more
125746527,way,last_update,13-8-2011,Feature has not been updated in 5 years or more
125746531,way,last_update,12-8-2011,Feature has not been updated in 5 years or more
125844665,way,last_update,13-8-2011,Feature has not been updated in 5 years or more
125844681,way,last_update,6-11-2016,Feature has not been updated in 5 years or more
125844683,way,last_update,13-8-2011,Feature has not been updated in 5 years or more
125844685,way,last_update,30-12-2016,Feature has not been updated in 5 years or more
125844686,way,last_update,13-8-2011,Feature has not been updated in 5 years or more
125844687,way,last_update,26-10-2016,Feature has not been updated in 5 years or more
125844692,way,last_update,27-10-2016,Feature has not been updated in 5 years or more
125844694,way,last_update,13-8-2011,Feature has not been updated in 5 years or more
125844698,way,last_update,13-8-2011,Feature has not been updated in 5 years or more
125844699,way,last_update,13-8-2011,Feature has not been updated in 5 years or more
125844700,way,last_update,13-8-2011,Feature has not been updated in 5 years or more
125844703,way,last_update,13-8-2011,Feature has not been updated in 5 years or more
125844704,way,last_update,13-8-2011,Feature has not been updated in 5 years or more
125844706,way,last_update,13-8-2011,Feature has not been updated in 5 years or more
125844708,way,last_update,3-11-2016,Feature has not been updated in 5 years or more
125844709,way,last_update,13-8-2011,Feature has not been updated in 5 years or more
125844710,way,last_update,13-8-2011,Feature has not been updated in 5 years or more
125844713,way,last_update,13-8-2011,Feature has not been updated in 5 years or more
125844714,way,last_update,13-8-2011,Feature has not been updated in 5 years or more
125844715,way,last_update,13-8-2011,Feature has not been updated in 5 years or more
125844719,way,last_update,13-8-2011,Feature has not been updated in 5 years or more
125844720,way,last_update,13-8-2011,Feature has not been updated in 5 years or more
125844721,way,last_update,15-12-2011,Feature has not been updated in 5 years or more
125844724,way,last_update,13-8-2011,Feature has not been updated in 5 years or more
125844725,way,last_update,13-8-2011,Feature has not been updated in 5 years or more
125844727,way,last_update,13-8-2011,Feature has not been updated in 5 years or more
125844729,way,last_update,13-8-2011,Feature has not been updated in 5 years or more
125844730,way,last_update,13-8-2011,Feature has not been updated in 5 years or more
125844733,way,last_update,3-11-2016,Feature has not been updated in 5 years or more
125844734,way,last_update,13-8-2011,Feature has not been updated in 5 years or more
125844736,way,last_update,13-8-2011,Feature has not been updated in 5 years or more
125844737,way,last_update,1-6-2015,Feature has not been updated in 5 years or more
125844738,way,last_update,13-8-2011,Feature has not been updated in 5 years or more
125844739,way,last_update,13-8-2011,Feature has not been updated in 5 years or more
125844740,way,last_update,13-8-2011,Feature has not been updated in 5 years or more
125844742,way,last_update,13-8-2011,Feature has not been updated in 5 years or more
125844743,way,last_update,13-8-2011,Feature has not been updated in 5 years or more
125844746,way,last_update,13-8-2011,Feature has not been updated in 5 years or more
125844752,way,last_update,13-8-2011,Feature has not been updated in 5 years or more
125844753,way,last_update,26-10-2016,Feature has not been updated in 5 years or more
125844754,way,last_update,13-8-2011,Feature has not been updated in 5 years or more
125844757,way,last_update,23-1-2020,Feature has not been updated in 5 years or more
125844761,way,last_update,27-10-2016,Feature has not been updated in 5 years or more
125844762,way,last_update,13-8-2011,Feature has not been updated in 5 years or more
125844766,way,last_update,13-8-2011,Feature has not been updated in 5 years or more
125844767,way,last_update,13-8-2011,Feature has not been updated in 5 years or more
125844768,way,last_update,26-10-2016,Feature has not been updated in 5 years or more
125844769,way,last_update,13-8-2011,Feature has not been updated in 5 years or more
125844770,way,last_update,13-8-2011,Feature has not been updated in 5 years or more
125844772,way,last_update,13-8-2011,Feature has not been updated in 5 years or more
125844774,way,last_update,13-8-2011,Feature has not been updated in 5 years or more
125844776,way,last_update,13-8-2011,Feature has not been updated in 5 years or more
125844781,way,last_update,13-8-2011,Feature has not been updated in 5 years or more
125844782,way,last_update,13-8-2011,Feature has not been updated in 5 years or more
125844783,way,last_update,13-8-2011,Feature has not been updated in 5 years or more
125844784,way,last_update,13-8-2011,Feature has not been updated in 5 years or more
125844785,way,last_update,13-8-2011,Feature has not been updated in 5 years or more
125844788,way,last_update,28-2-2015,Feature has not been updated in 5 years or more
125844789,way,last_update,13-8-2011,Feature has not been updated in 5 years or more
125844791,way,last_update,13-8-2011,Feature has not been updated in 5 years or more
125844797,way,last_update,12-4-2021,Feature has not been updated in 5 years or more
125844798,way,last_update,13-8-2011,Feature has not been updated in 5 years or more
125844805,way,last_update,13-8-2011,Feature has not been updated in 5 years or more
125844807,way,last_update,13-8-2011,Feature has not been updated in 5 years or more
125844810,way,last_update,13-8-2011,Feature has not been updated in 5 years or more
125844812,way,last_update,28-2-2015,Feature has not been updated in 5 years or more
125844814,way,last_update,13-8-2011,Feature has not been updated in 5 years or more
125844820,way,last_update,13-8-2011,Feature has not been updated in 5 years or more
125844821,way,last_update,13-8-2011,Feature has not been updated in 5 years or more
125844822,way,last_update,13-8-2011,Feature has not been updated in 5 years or more
125844825,way,last_update,28-2-2015,Feature has not been updated in 5 years or more
125844826,way,last_update,13-8-2011,Feature has not been updated in 5 years or more
126014442,way,last_update,16-8-2011,Feature has not been updated in 5 years or more
126014453,way,last_update,20-7-2016,Feature has not been updated in 5 years or more
126014462,way,last_update,20-7-2016,Feature has not been updated in 5 years or more
126014494,way,last_update,14-8-2011,Feature has not been updated in 5 years or more
126014495,way,last_update,14-8-2011,Feature has not been updated in 5 years or more
126014497,way,last_update,14-8-2011,Feature has not been updated in 5 years or more
126014498,way,last_update,3-11-2016,Feature has not been updated in 5 years or more
126014499,way,last_update,22-10-2018,Feature has not been updated in 5 years or more
126014500,way,last_update,14-8-2011,Feature has not been updated in 5 years or more
126014501,way,last_update,14-8-2011,Feature has not been updated in 5 years or more
126014502,way,last_update,14-8-2011,Feature has not been updated in 5 years or more
126014504,way,last_update,14-8-2011,Feature has not been updated in 5 years or more
126014505,way,last_update,14-8-2011,Feature has not been updated in 5 years or more
126014507,way,last_update,14-8-2011,Feature has not been updated in 5 years or more
126014508,way,last_update,14-8-2011,Feature has not been updated in 5 years or more
126014511,way,last_update,14-8-2011,Feature has not been updated in 5 years or more
126014512,way,last_update,14-8-2011,Feature has not been updated in 5 years or more
126014513,way,last_update,14-8-2011,Feature has not been updated in 5 years or more
126014516,way,last_update,14-8-2011,Feature has not been updated in 5 years or more
126014519,way,last_update,14-8-2011,Feature has not been updated in 5 years or more
126014522,way,last_update,14-8-2011,Feature has not been updated in 5 years or more
126014524,way,last_update,14-8-2011,Feature has not been updated in 5 years or more
126014525,way,last_update,14-8-2011,Feature has not been updated in 5 years or more
126014526,way,last_update,28-10-2016,Feature has not been updated in 5 years or more
126014527,way,last_update,14-8-2011,Feature has not been updated in 5 years or more
126014529,way,last_update,20-7-2016,Feature has not been updated in 5 years or more
126014530,way,last_update,14-8-2011,Feature has not been updated in 5 years or more
126014531,way,last_update,14-8-2011,Feature has not been updated in 5 years or more
126014532,way,last_update,22-10-2018,Feature has not been updated in 5 years or more
126014535,way,last_update,14-8-2011,Feature has not been updated in 5 years or more
126014536,way,last_update,22-10-2018,Feature has not been updated in 5 years or more
126014537,way,last_update,14-8-2011,Feature has not been updated in 5 years or more
126014539,way,last_update,14-8-2011,Feature has not been updated in 5 years or more
126014540,way,last_update,28-10-2016,Feature has not been updated in 5 years or more
126073535,way,last_update,14-8-2011,Feature has not been updated in 5 years or more
126073620,way,last_update,14-8-2011,Feature has not been updated in 5 years or more
126073622,way,last_update,14-8-2011,Feature has not been updated in 5 years or more
126073624,way,last_update,14-8-2011,Feature has not been updated in 5 years or more
126073626,way,last_update,14-8-2011,Feature has not been updated in 5 years or more
126073629,way,last_update,6-11-2016,Feature has not been updated in 5 years or more
126073630,way,last_update,14-8-2011,Feature has not been updated in 5 years or more
126073632,way,last_update,14-8-2011,Feature has not been updated in 5 years or more
126073633,way,last_update,14-8-2011,Feature has not been updated in 5 years or more
126073635,way,last_update,14-8-2011,Feature has not been updated in 5 years or more
126073636,way,last_update,14-8-2011,Feature has not been updated in 5 years or more
126073637,way,last_update,14-8-2011,Feature has not been updated in 5 years or more
126073638,way,last_update,14-8-2011,Feature has not been updated in 5 years or more
126073639,way,last_update,14-8-2011,Feature has not been updated in 5 years or more
126073640,way,last_update,14-8-2011,Feature has not been updated in 5 years or more
126073642,way,last_update,14-8-2011,Feature has not been updated in 5 years or more
126073644,way,last_update,14-8-2011,Feature has not been updated in 5 years or more
126073647,way,last_update,14-8-2011,Feature has not been updated in 5 years or more
126073649,way,last_update,14-8-2011,Feature has not been updated in 5 years or more
126073650,way,last_update,14-8-2011,Feature has not been updated in 5 years or more
126073651,way,last_update,14-8-2011,Feature has not been updated in 5 years or more
126073652,way,last_update,14-8-2011,Feature has not been updated in 5 years or more
126073653,way,last_update,14-8-2011,Feature has not been updated in 5 years or more
126073655,way,last_update,14-8-2011,Feature has not been updated in 5 years or more
126073656,way,last_update,6-11-2016,Feature has not been updated in 5 years or more
126073657,way,last_update,6-11-2016,Feature has not been updated in 5 years or more
126073658,way,last_update,14-8-2011,Feature has not been updated in 5 years or more
126073659,way,last_update,6-11-2016,Feature has not been updated in 5 years or more
126073660,way,last_update,14-8-2011,Feature has not been updated in 5 years or more
126073663,way,last_update,14-8-2011,Feature has not been updated in 5 years or more
126073664,way,last_update,14-8-2011,Feature has not been updated in 5 years or more
126073665,way,last_update,14-8-2011,Feature has not been updated in 5 years or more
126073666,way,last_update,14-8-2011,Feature has not been updated in 5 years or more
126073671,way,last_update,14-8-2011,Feature has not been updated in 5 years or more
126073672,way,last_update,14-8-2011,Feature has not been updated in 5 years or more
126073673,way,last_update,14-8-2011,Feature has not been updated in 5 years or more
126073675,way,last_update,14-8-2011,Feature has not been updated in 5 years or more
126073680,way,last_update,14-8-2011,Feature has not been updated in 5 years or more
126073681,way,last_update,14-8-2011,Feature has not been updated in 5 years or more
126073683,way,last_update,6-11-2016,Feature has not been updated in 5 years or more
126073685,way,last_update,6-11-2016,Feature has not been updated in 5 years or more
126073686,way,last_update,14-8-2011,Feature has not been updated in 5 years or more
126073687,way,last_update,14-8-2011,Feature has not been updated in 5 years or more
126073688,way,last_update,14-8-2011,Feature has not been updated in 5 years or more
126073689,way,last_update,14-8-2011,Feature has not been updated in 5 years or more
126073690,way,last_update,14-8-2011,Feature has not been updated in 5 years or more
126073691,way,last_update,14-8-2011,Feature has not been updated in 5 years or more
126073693,way,last_update,14-8-2011,Feature has not been updated in 5 years or more
126073694,way,last_update,6-11-2016,Feature has not been updated in 5 years or more
126073695,way,last_update,14-8-2011,Feature has not been updated in 5 years or more
126073696,way,last_update,14-8-2011,Feature has not been updated in 5 years or more
126073697,way,last_update,14-8-2011,Feature has not been updated in 5 years or more
126073699,way,last_update,14-8-2011,Feature has not been updated in 5 years or more
126073701,way,last_update,14-8-2011,Feature has not been updated in 5 years or more
126073703,way,last_update,14-8-2011,Feature has not been updated in 5 years or more
126073704,way,last_update,14-8-2011,Feature has not been updated in 5 years or more
126073705,way,last_update,14-8-2011,Feature has not been updated in 5 years or more
126073707,way,last_update,14-8-2011,Feature has not been updated in 5 years or more
126073708,way,last_update,6-11-2016,Feature has not been updated in 5 years or more
126073709,way,last_update,14-8-2011,Feature has not been updated in 5 years or more
126073710,way,last_update,14-8-2011,Feature has not been updated in 5 years or more
126073711,way,last_update,14-8-2011,Feature has not been updated in 5 years or more
126073713,way,last_update,14-8-2011,Feature has not been updated in 5 years or more
126073714,way,last_update,14-8-2011,Feature has not been updated in 5 years or more
126073719,way,last_update,14-8-2011,Feature has not been updated in 5 years or more
126073737,way,last_update,14-8-2011,Feature has not been updated in 5 years or more
126073739,way,last_update,14-8-2011,Feature has not been updated in 5 years or more
126309987,way,last_update,16-8-2011,Feature has not been updated in 5 years or more
126310029,way,last_update,16-8-2011,Feature has not been updated in 5 years or more
126310056,way,last_update,16-8-2011,Feature has not been updated in 5 years or more
126310060,way,last_update,16-8-2011,Feature has not been updated in 5 years or more
126310061,way,last_update,16-8-2011,Feature has not been updated in 5 years or more
126310062,way,last_update,16-8-2011,Feature has not been updated in 5 years or more
126310063,way,last_update,16-8-2011,Feature has not been updated in 5 years or more
126310064,way,last_update,16-8-2011,Feature has not been updated in 5 years or more
126310065,way,last_update,16-8-2011,Feature has not been updated in 5 years or more
126310067,way,last_update,16-8-2011,Feature has not been updated in 5 years or more
126310068,way,last_update,16-8-2011,Feature has not been updated in 5 years or more
126310069,way,last_update,16-8-2011,Feature has not been updated in 5 years or more
126310071,way,last_update,16-8-2011,Feature has not been updated in 5 years or more
126310074,way,last_update,16-8-2011,Feature has not been updated in 5 years or more
126310075,way,last_update,16-8-2011,Feature has not been updated in 5 years or more
126310077,way,last_update,16-8-2011,Feature has not been updated in 5 years or more
126310078,way,last_update,16-8-2011,Feature has not been updated in 5 years or more
126310079,way,last_update,16-8-2011,Feature has not been updated in 5 years or more
126310080,way,last_update,16-8-2011,Feature has not been updated in 5 years or more
126310081,way,last_update,16-8-2011,Feature has not been updated in 5 years or more
126310082,way,last_update,16-8-2011,Feature has not been updated in 5 years or more
126310083,way,last_update,16-8-2011,Feature has not been updated in 5 years or more
126310084,way,last_update,16-8-2011,Feature has not been updated in 5 years or more
126310086,way,last_update,16-8-2011,Feature has not been updated in 5 years or more
126310087,way,last_update,16-8-2011,Feature has not been updated in 5 years or more
126310088,way,last_update,16-8-2011,Feature has not been updated in 5 years or more
126310089,way,last_update,16-8-2011,Feature has not been updated in 5 years or more
126310090,way,last_update,16-8-2011,Feature has not been updated in 5 years or more
126310091,way,last_update,16-8-2011,Feature has not been updated in 5 years or more
126310092,way,last_update,16-8-2011,Feature has not been updated in 5 years or more
126310094,way,last_update,16-8-2011,Feature has not been updated in 5 years or more
126310095,way,last_update,30-12-2016,Feature has not been updated in 5 years or more
126310097,way,last_update,30-12-2016,Feature has not been updated in 5 years or more
126310101,way,last_update,16-8-2011,Feature has not been updated in 5 years or more
126310102,way,last_update,16-8-2011,Feature has not been updated in 5 years or more
126310103,way,last_update,28-2-2015,Feature has not been updated in 5 years or more
126310105,way,last_update,16-8-2011,Feature has not been updated in 5 years or more
126310106,way,last_update,16-8-2011,Feature has not been updated in 5 years or more
126310107,way,last_update,16-8-2011,Feature has not been updated in 5 years or more
126310108,way,last_update,16-8-2011,Feature has not been updated in 5 years or more
126310109,way,last_update,16-8-2011,Feature has not been updated in 5 years or more
126310110,way,last_update,16-8-2011,Feature has not been updated in 5 years or more
126310111,way,last_update,16-8-2011,Feature has not been updated in 5 years or more
126310112,way,last_update,16-8-2011,Feature has not been updated in 5 years or more
126310113,way,last_update,16-8-2011,Feature has not been updated in 5 years or more
126310114,way,last_update,16-8-2011,Feature has not been updated in 5 years or more
126310115,way,last_update,16-8-2011,Feature has not been updated in 5 years or more
126310116,way,last_update,16-8-2011,Feature has not been updated in 5 years or more
126310117,way,last_update,16-8-2011,Feature has not been updated in 5 years or more
126310118,way,last_update,28-2-2015,Feature has not been updated in 5 years or more
126310120,way,last_update,12-1-2013,Feature has not been updated in 5 years or more
126310121,way,last_update,16-8-2011,Feature has not been updated in 5 years or more
126310123,way,last_update,16-8-2011,Feature has not been updated in 5 years or more
126310124,way,last_update,16-8-2011,Feature has not been updated in 5 years or more
126310125,way,last_update,16-8-2011,Feature has not been updated in 5 years or more
126310126,way,last_update,16-8-2011,Feature has not been updated in 5 years or more
126310131,way,last_update,16-8-2011,Feature has not been updated in 5 years or more
126310132,way,last_update,16-8-2011,Feature has not been updated in 5 years or more
126310134,way,last_update,16-8-2011,Feature has not been updated in 5 years or more
126310135,way,last_update,20-8-2011,Feature has not been updated in 5 years or more
126310136,way,last_update,16-8-2011,Feature has not been updated in 5 years or more
126310137,way,last_update,5-2-2020,Feature has not been updated in 5 years or more
126310138,way,last_update,16-8-2011,Feature has not been updated in 5 years or more
126310139,way,last_update,16-8-2011,Feature has not been updated in 5 years or more
126310140,way,last_update,16-8-2011,Feature has not been updated in 5 years or more
126310141,way,last_update,12-1-2013,Feature has not been updated in 5 years or more
126310143,way,last_update,16-8-2011,Feature has not been updated in 5 years or more
126310144,way,last_update,16-8-2011,Feature has not been updated in 5 years or more
126310145,way,last_update,16-8-2011,Feature has not been updated in 5 years or more
126310146,way,last_update,16-8-2011,Feature has not been updated in 5 years or more
126310149,way,last_update,28-2-2015,Feature has not been updated in 5 years or more
126310152,way,last_update,28-2-2015,Feature has not been updated in 5 years or more
126310153,way,last_update,16-8-2011,Feature has not been updated in 5 years or more
126310158,way,last_update,20-8-2011,Feature has not been updated in 5 years or more
126310159,way,last_update,13-10-2020,Feature has not been updated in 5 years or more
126310189,way,last_update,23-8-2011,Feature has not been updated in 5 years or more
126319926,way,last_update,20-7-2016,Feature has not been updated in 5 years or more
126319928,way,last_update,16-8-2011,Feature has not been updated in 5 years or more
126319931,way,last_update,16-8-2011,Feature has not been updated in 5 years or more
126319934,way,last_update,16-8-2011,Feature has not been updated in 5 years or more
126319936,way,last_update,16-8-2011,Feature has not been updated in 5 years or more
126319939,way,last_update,16-8-2011,Feature has not been updated in 5 years or more
126319940,way,last_update,20-7-2016,Feature has not been updated in 5 years or more
126319941,way,last_update,28-10-2016,Feature has not been updated in 5 years or more
126319945,way,last_update,16-8-2011,Feature has not been updated in 5 years or more
126319947,way,last_update,28-10-2016,Feature has not been updated in 5 years or more
126319949,way,last_update,16-8-2011,Feature has not been updated in 5 years or more
126319953,way,last_update,16-8-2011,Feature has not been updated in 5 years or more
126319955,way,last_update,16-8-2011,Feature has not been updated in 5 years or more
126319957,way,last_update,16-8-2011,Feature has not been updated in 5 years or more
126319960,way,last_update,28-10-2016,Feature has not been updated in 5 years or more
126319961,way,last_update,16-8-2011,Feature has not been updated in 5 years or more
126319967,way,last_update,1-11-2019,Feature has not been updated in 5 years or more
126319969,way,last_update,16-8-2011,Feature has not been updated in 5 years or more
126319971,way,last_update,16-8-2011,Feature has not been updated in 5 years or more
126319974,way,last_update,1-11-2019,Feature has not been updated in 5 years or more
126319978,way,last_update,20-7-2016,Feature has not been updated in 5 years or more
126319979,way,last_update,28-10-2016,Feature has not been updated in 5 years or more
126319980,way,last_update,16-8-2011,Feature has not been updated in 5 years or more
126319983,way,last_update,16-8-2011,Feature has not been updated in 5 years or more
126319988,way,last_update,20-7-2016,Feature has not been updated in 5 years or more
126319996,way,last_update,1-11-2019,Feature has not been updated in 5 years or more
126319997,way,last_update,28-10-2016,Feature has not been updated in 5 years or more
126319999,way,last_update,16-8-2011,Feature has not been updated in 5 years or more
126320003,way,last_update,16-8-2011,Feature has not been updated in 5 years or more
126320007,way,last_update,20-7-2016,Feature has not been updated in 5 years or more
126320011,way,last_update,12-4-2021,Feature has not been updated in 5 years or more
126320012,way,last_update,12-4-2021,Feature has not been updated in 5 years or more
126320016,way,last_update,20-7-2016,Feature has not been updated in 5 years or more
126320022,way,last_update,16-8-2011,Feature has not been updated in 5 years or more
126618253,way,last_update,18-8-2011,Feature has not been updated in 5 years or more
126618255,way,last_update,2-3-2013,Feature has not been updated in 5 years or more
126618256,way,last_update,18-8-2011,Feature has not been updated in 5 years or more
126618257,way,last_update,31-10-2016,Feature has not been updated in 5 years or more
126618259,way,last_update,22-10-2018,Feature has not been updated in 5 years or more
126618261,way,last_update,18-8-2011,Feature has not been updated in 5 years or more
126618262,way,last_update,18-8-2011,Feature has not been updated in 5 years or more
126618265,way,last_update,18-8-2011,Feature has not been updated in 5 years or more
126618266,way,last_update,18-8-2011,Feature has not been updated in 5 years or more
126618267,way,last_update,18-8-2011,Feature has not been updated in 5 years or more
126618269,way,last_update,28-2-2015,Feature has not been updated in 5 years or more
126618271,way,last_update,18-8-2011,Feature has not been updated in 5 years or more
126618273,way,last_update,18-8-2011,Feature has not been updated in 5 years or more
126618274,way,last_update,28-2-2015,Feature has not been updated in 5 years or more
126618275,way,last_update,18-8-2011,Feature has not been updated in 5 years or more
126618279,way,last_update,18-8-2011,Feature has not been updated in 5 years or more
126618280,way,last_update,18-8-2011,Feature has not been updated in 5 years or more
126618282,way,last_update,18-8-2011,Feature has not been updated in 5 years or more
126618285,way,last_update,10-7-2018,Feature has not been updated in 5 years or more
126618288,way,last_update,18-8-2011,Feature has not been updated in 5 years or more
126618290,way,last_update,18-8-2011,Feature has not been updated in 5 years or more
126618292,way,last_update,18-8-2011,Feature has not been updated in 5 years or more
126618293,way,last_update,18-8-2011,Feature has not been updated in 5 years or more
126618296,way,last_update,18-8-2011,Feature has not been updated in 5 years or more
126618297,way,last_update,18-8-2011,Feature has not been updated in 5 years or more
126618299,way,last_update,28-2-2015,Feature has not been updated in 5 years or more
126618300,way,last_update,18-8-2011,Feature has not been updated in 5 years or more
126618303,way,last_update,18-8-2011,Feature has not been updated in 5 years or more
126618304,way,last_update,18-8-2011,Feature has not been updated in 5 years or more
126618309,way,last_update,18-8-2011,Feature has not been updated in 5 years or more
126618313,way,last_update,18-8-2011,Feature has not been updated in 5 years or more
126618314,way,last_update,18-8-2011,Feature has not been updated in 5 years or more
126618316,way,last_update,18-8-2011,Feature has not been updated in 5 years or more
126618318,way,last_update,18-8-2011,Feature has not been updated in 5 years or more
126618321,way,last_update,18-8-2011,Feature has not been updated in 5 years or more
126618322,way,last_update,14-10-2019,Feature has not been updated in 5 years or more
126618329,way,last_update,18-8-2011,Feature has not been updated in 5 years or more
126618330,way,last_update,18-8-2011,Feature has not been updated in 5 years or more
126618333,way,last_update,28-2-2015,Feature has not been updated in 5 years or more
126618335,way,last_update,28-2-2015,Feature has not been updated in 5 years or more
126618340,way,last_update,28-2-2015,Feature has not been updated in 5 years or more
126618347,way,last_update,28-2-2015,Feature has not been updated in 5 years or more
126774639,way,last_update,4-9-2016,Feature has not been updated in 5 years or more
126774640,way,last_update,19-8-2011,Feature has not been updated in 5 years or more
126774642,way,last_update,13-1-2013,Feature has not been updated in 5 years or more
126774643,way,last_update,13-1-2013,Feature has not been updated in 5 years or more
126774644,way,last_update,13-1-2013,Feature has not been updated in 5 years or more
126774645,way,last_update,19-8-2011,Feature has not been updated in 5 years or more
126774646,way,last_update,19-8-2011,Feature has not been updated in 5 years or more
126774647,way,last_update,19-8-2011,Feature has not been updated in 5 years or more
126774648,way,last_update,19-8-2011,Feature has not been updated in 5 years or more
126774649,way,last_update,19-8-2011,Feature has not been updated in 5 years or more
126774651,way,last_update,19-8-2011,Feature has not been updated in 5 years or more
126774652,way,last_update,10-7-2018,Feature has not been updated in 5 years or more
126774653,way,last_update,19-8-2011,Feature has not been updated in 5 years or more
126774655,way,last_update,19-8-2011,Feature has not been updated in 5 years or more
126774657,way,last_update,19-8-2011,Feature has not been updated in 5 years or more
126774658,way,last_update,4-9-2016,Feature has not been updated in 5 years or more
126774659,way,last_update,19-8-2011,Feature has not been updated in 5 years or more
126774660,way,last_update,19-8-2011,Feature has not been updated in 5 years or more
126774661,way,last_update,13-1-2013,Feature has not been updated in 5 years or more
126774662,way,last_update,10-7-2018,Feature has not been updated in 5 years or more
126774663,way,last_update,19-8-2011,Feature has not been updated in 5 years or more
126774664,way,last_update,19-8-2011,Feature has not been updated in 5 years or more
126774666,way,last_update,19-8-2011,Feature has not been updated in 5 years or more
126774667,way,last_update,19-8-2011,Feature has not been updated in 5 years or more
126774668,way,last_update,19-8-2011,Feature has not been updated in 5 years or more
126774669,way,last_update,19-8-2011,Feature has not been updated in 5 years or more
126774670,way,last_update,19-8-2011,Feature has not been updated in 5 years or more
126774671,way,last_update,19-8-2011,Feature has not been updated in 5 years or more
126774672,way,last_update,13-1-2013,Feature has not been updated in 5 years or more
126774674,way,last_update,19-8-2011,Feature has not been updated in 5 years or more
126774675,way,last_update,19-8-2011,Feature has not been updated in 5 years or more
126774676,way,last_update,19-8-2011,Feature has not been updated in 5 years or more
126774677,way,last_update,4-9-2016,Feature has not been updated in 5 years or more
126774678,way,last_update,13-1-2013,Feature has not been updated in 5 years or more
126774679,way,last_update,19-8-2011,Feature has not been updated in 5 years or more
126774680,way,last_update,12-1-2013,Feature has not been updated in 5 years or more
126774681,way,last_update,10-7-2018,Feature has not been updated in 5 years or more
126774682,way,last_update,12-1-2013,Feature has not been updated in 5 years or more
126774683,way,last_update,19-8-2011,Feature has not been updated in 5 years or more
126774684,way,last_update,19-8-2011,Feature has not been updated in 5 years or more
126774686,way,last_update,19-8-2011,Feature has not been updated in 5 years or more
126774687,way,last_update,19-8-2011,Feature has not been updated in 5 years or more
126774688,way,last_update,19-8-2011,Feature has not been updated in 5 years or more
126774689,way,last_update,19-8-2011,Feature has not been updated in 5 years or more
126774690,way,last_update,19-8-2011,Feature has not been updated in 5 years or more
126774691,way,last_update,30-12-2016,Feature has not been updated in 5 years or more
126774692,way,last_update,19-8-2011,Feature has not been updated in 5 years or more
126774694,way,last_update,4-9-2016,Feature has not been updated in 5 years or more
126774698,way,last_update,4-9-2016,Feature has not been updated in 5 years or more
126774699,way,last_update,19-8-2011,Feature has not been updated in 5 years or more
126774703,way,last_update,4-9-2016,Feature has not been updated in 5 years or more
126774704,way,last_update,19-8-2011,Feature has not been updated in 5 years or more
126774705,way,last_update,19-8-2011,Feature has not been updated in 5 years or more
126774706,way,last_update,30-12-2016,Feature has not been updated in 5 years or more
126774707,way,last_update,19-8-2011,Feature has not been updated in 5 years or more
126774709,way,last_update,19-8-2011,Feature has not been updated in 5 years or more
126774710,way,last_update,13-1-2013,Feature has not been updated in 5 years or more
126774711,way,last_update,19-8-2011,Feature has not been updated in 5 years or more
126774713,way,last_update,19-8-2011,Feature has not been updated in 5 years or more
126774714,way,last_update,13-1-2013,Feature has not been updated in 5 years or more
126774716,way,last_update,19-8-2011,Feature has not been updated in 5 years or more
126774717,way,last_update,4-9-2016,Feature has not been updated in 5 years or more
126774718,way,last_update,19-8-2011,Feature has not been updated in 5 years or more
126774719,way,last_update,4-9-2016,Feature has not been updated in 5 years or more
126774720,way,last_update,19-8-2011,Feature has not been updated in 5 years or more
126774721,way,last_update,5-2-2020,Feature has not been updated in 5 years or more
126774722,way,last_update,19-8-2011,Feature has not been updated in 5 years or more
126774723,way,last_update,19-8-2011,Feature has not been updated in 5 years or more
126774724,way,last_update,19-8-2011,Feature has not been updated in 5 years or more
126774726,way,last_update,19-8-2011,Feature has not been updated in 5 years or more
126774727,way,last_update,10-7-2018,Feature has not been updated in 5 years or more
126774728,way,last_update,19-8-2011,Feature has not been updated in 5 years or more
126774729,way,last_update,30-12-2016,Feature has not been updated in 5 years or more
126774730,way,last_update,13-10-2020,Feature has not been updated in 5 years or more
126774735,way,last_update,13-10-2020,Feature has not been updated in 5 years or more
126774741,way,last_update,13-10-2020,Feature has not been updated in 5 years or more
126774742,way,last_update,13-10-2020,Feature has not been updated in 5 years or more
126774743,way,last_update,13-10-2020,Feature has not been updated in 5 years or more
126774748,way,last_update,13-10-2020,Feature has not been updated in 5 years or more
126867907,way,last_update,20-8-2011,Feature has not been updated in 5 years or more
126867908,way,last_update,20-8-2011,Feature has not been updated in 5 years or more
126867909,way,last_update,28-8-2019,Feature has not been updated in 5 years or more
126867911,way,last_update,20-8-2011,Feature has not been updated in 5 years or more
126867912,way,last_update,20-8-2011,Feature has not been updated in 5 years or more
126867913,way,last_update,20-8-2011,Feature has not been updated in 5 years or more
126867914,way,last_update,20-8-2011,Feature has not been updated in 5 years or more
126867916,way,last_update,20-8-2011,Feature has not been updated in 5 years or more
126867917,way,last_update,20-8-2011,Feature has not been updated in 5 years or more
126867918,way,last_update,20-8-2011,Feature has not been updated in 5 years or more
126867919,way,last_update,20-8-2011,Feature has not been updated in 5 years or more
126867923,way,last_update,20-8-2011,Feature has not been updated in 5 years or more
126867926,way,last_update,20-8-2011,Feature has not been updated in 5 years or more
126867927,way,last_update,20-8-2011,Feature has not been updated in 5 years or more
126867928,way,last_update,20-8-2011,Feature has not been updated in 5 years or more
126867929,way,last_update,20-8-2011,Feature has not been updated in 5 years or more
126867931,way,last_update,20-8-2011,Feature has not been updated in 5 years or more
126867936,way,last_update,20-8-2011,Feature has not been updated in 5 years or more
126867941,way,last_update,28-8-2019,Feature has not been updated in 5 years or more
127018702,way,last_update,21-8-2011,Feature has not been updated in 5 years or more
127018704,way,last_update,21-8-2011,Feature has not been updated in 5 years or more
127018705,way,last_update,21-8-2011,Feature has not been updated in 5 years or more
127018707,way,last_update,21-8-2011,Feature has not been updated in 5 years or more
127018708,way,last_update,21-8-2011,Feature has not been updated in 5 years or more
127018709,way,last_update,21-8-2011,Feature has not been updated in 5 years or more
127018710,way,last_update,21-8-2011,Feature has not been updated in 5 years or more
127018711,way,last_update,28-10-2016,Feature has not been updated in 5 years or more
127018712,way,last_update,31-10-2016,Feature has not been updated in 5 years or more
127018715,way,last_update,21-8-2011,Feature has not been updated in 5 years or more
127018716,way,last_update,28-10-2016,Feature has not been updated in 5 years or more
127018717,way,last_update,21-8-2011,Feature has not been updated in 5 years or more
127018718,way,last_update,21-8-2011,Feature has not been updated in 5 years or more
127018721,way,last_update,31-10-2016,Feature has not been updated in 5 years or more
127018722,way,last_update,21-8-2011,Feature has not been updated in 5 years or more
127018723,way,last_update,21-8-2011,Feature has not been updated in 5 years or more
127018724,way,last_update,31-10-2016,Feature has not been updated in 5 years or more
127018725,way,last_update,21-8-2011,Feature has not been updated in 5 years or more
127018726,way,last_update,21-8-2011,Feature has not been updated in 5 years or more
127018727,way,last_update,21-8-2011,Feature has not been updated in 5 years or more
127018728,way,last_update,21-8-2011,Feature has not been updated in 5 years or more
127018729,way,last_update,21-8-2011,Feature has not been updated in 5 years or more
127018730,way,last_update,21-8-2011,Feature has not been updated in 5 years or more
127018731,way,last_update,21-8-2011,Feature has not been updated in 5 years or more
127018735,way,last_update,21-8-2011,Feature has not been updated in 5 years or more
127018736,way,last_update,21-8-2011,Feature has not been updated in 5 years or more
127018738,way,last_update,21-8-2011,Feature has not been updated in 5 years or more
127018741,way,last_update,21-8-2011,Feature has not been updated in 5 years or more
127018743,way,last_update,21-8-2011,Feature has not been updated in 5 years or more
127018744,way,last_update,21-8-2011,Feature has not been updated in 5 years or more
127018745,way,last_update,21-8-2011,Feature has not been updated in 5 years or more
127018746,way,last_update,28-10-2016,Feature has not been updated in 5 years or more
127018748,way,last_update,21-8-2011,Feature has not been updated in 5 years or more
127018750,way,last_update,21-8-2011,Feature has not been updated in 5 years or more
127018751,way,last_update,28-10-2016,Feature has not been updated in 5 years or more
127018752,way,last_update,21-8-2011,Feature has not been updated in 5 years or more
127018753,way,last_update,31-10-2016,Feature has not been updated in 5 years or more
127018754,way,last_update,28-10-2016,Feature has not been updated in 5 years or more
127018756,way,last_update,28-10-2016,Feature has not been updated in 5 years or more
127018758,way,last_update,21-8-2011,Feature has not been updated in 5 years or more
127018759,way,last_update,21-8-2011,Feature has not been updated in 5 years or more
127018762,way,last_update,21-8-2011,Feature has not been updated in 5 years or more
127018763,way,last_update,21-8-2011,Feature has not been updated in 5 years or more
127018764,way,last_update,21-8-2011,Feature has not been updated in 5 years or more
127018765,way,last_update,21-8-2011,Feature has not been updated in 5 years or more
127018766,way,last_update,21-8-2011,Feature has not been updated in 5 years or more
127018767,way,last_update,21-8-2011,Feature has not been updated in 5 years or more
127018768,way,last_update,31-10-2016,Feature has not been updated in 5 years or more
127018769,way,last_update,21-8-2011,Feature has not been updated in 5 years or more
127018770,way,last_update,21-8-2011,Feature has not been updated in 5 years or more
127018771,way,last_update,28-10-2016,Feature has not been updated in 5 years or more
127018772,way,last_update,28-10-2016,Feature has not been updated in 5 years or more
127018774,way,last_update,21-8-2011,Feature has not been updated in 5 years or more
127018776,way,last_update,28-10-2016,Feature has not been updated in 5 years or more
127018777,way,last_update,21-8-2011,Feature has not been updated in 5 years or more
127018779,way,last_update,28-10-2016,Feature has not been updated in 5 years or more
127018780,way,last_update,28-10-2016,Feature has not been updated in 5 years or more
127018781,way,last_update,28-10-2016,Feature has not been updated in 5 years or more
127018783,way,last_update,28-10-2016,Feature has not been updated in 5 years or more
127018788,way,last_update,22-10-2018,Feature has not been updated in 5 years or more
127018789,way,last_update,21-8-2011,Feature has not been updated in 5 years or more
127018791,way,last_update,22-10-2018,Feature has not been updated in 5 years or more
127018795,way,last_update,28-10-2016,Feature has not been updated in 5 years or more
127018797,way,last_update,13-4-2021,Feature has not been updated in 5 years or more
127018800,way,last_update,28-10-2016,Feature has not been updated in 5 years or more
127018801,way,last_update,28-10-2016,Feature has not been updated in 5 years or more
127018805,way,last_update,28-10-2016,Feature has not been updated in 5 years or more
127018806,way,last_update,28-10-2016,Feature has not been updated in 5 years or more
127018808,way,last_update,28-10-2016,Feature has not been updated in 5 years or more
127018810,way,last_update,28-10-2016,Feature has not been updated in 5 years or more
127018811,way,last_update,28-10-2016,Feature has not been updated in 5 years or more
127018813,way,last_update,28-10-2016,Feature has not been updated in 5 years or more
127018822,way,last_update,28-10-2016,Feature has not been updated in 5 years or more
127190299,way,last_update,22-8-2011,Feature has not been updated in 5 years or more
127190300,way,last_update,22-8-2011,Feature has not been updated in 5 years or more
127190301,way,last_update,22-8-2011,Feature has not been updated in 5 years or more
127190306,way,last_update,22-8-2011,Feature has not been updated in 5 years or more
127190307,way,last_update,22-8-2011,Feature has not been updated in 5 years or more
127190310,way,last_update,22-8-2011,Feature has not been updated in 5 years or more
127190313,way,last_update,22-8-2011,Feature has not been updated in 5 years or more
127190317,way,last_update,22-8-2011,Feature has not been updated in 5 years or more
127190318,way,last_update,22-8-2011,Feature has not been updated in 5 years or more
127190325,way,last_update,22-8-2011,Feature has not been updated in 5 years or more
127190326,way,last_update,22-8-2011,Feature has not been updated in 5 years or more
127190328,way,last_update,22-8-2011,Feature has not been updated in 5 years or more
127190330,way,last_update,22-8-2011,Feature has not been updated in 5 years or more
127190333,way,last_update,22-8-2011,Feature has not been updated in 5 years or more
127190335,way,last_update,22-8-2011,Feature has not been updated in 5 years or more
127190336,way,last_update,22-8-2011,Feature has not been updated in 5 years or more
127190340,way,last_update,24-11-2018,Feature has not been updated in 5 years or more
127190343,way,last_update,22-8-2011,Feature has not been updated in 5 years or more
127190344,way,last_update,22-8-2011,Feature has not been updated in 5 years or more
127190345,way,last_update,22-8-2011,Feature has not been updated in 5 years or more
127330235,way,last_update,1-11-2016,Feature has not been updated in 5 years or more
127330274,way,last_update,1-11-2016,Feature has not been updated in 5 years or more
127330298,way,last_update,23-8-2011,Feature has not been updated in 5 years or more
127330299,way,last_update,23-8-2011,Feature has not been updated in 5 years or more
127330301,way,last_update,23-8-2011,Feature has not been updated in 5 years or more
127330304,way,last_update,23-8-2011,Feature has not been updated in 5 years or more
127330305,way,last_update,23-8-2011,Feature has not been updated in 5 years or more
127330306,way,last_update,23-8-2011,Feature has not been updated in 5 years or more
127330308,way,last_update,23-8-2011,Feature has not been updated in 5 years or more
127330309,way,last_update,23-8-2011,Feature has not been updated in 5 years or more
127330310,way,last_update,23-8-2011,Feature has not been updated in 5 years or more
127330312,way,last_update,23-8-2011,Feature has not been updated in 5 years or more
127330313,way,last_update,23-8-2011,Feature has not been updated in 5 years or more
127330314,way,last_update,23-8-2011,Feature has not been updated in 5 years or more
127330315,way,last_update,23-8-2011,Feature has not been updated in 5 years or more
127330316,way,last_update,31-10-2016,Feature has not been updated in 5 years or more
127330317,way,last_update,23-8-2011,Feature has not been updated in 5 years or more
127330318,way,last_update,23-8-2011,Feature has not been updated in 5 years or more
127330319,way,last_update,23-8-2011,Feature has not been updated in 5 years or more
127330320,way,last_update,23-8-2011,Feature has not been updated in 5 years or more
127330321,way,last_update,23-8-2011,Feature has not been updated in 5 years or more
127330322,way,last_update,23-8-2011,Feature has not been updated in 5 years or more
127330323,way,last_update,23-8-2011,Feature has not been updated in 5 years or more
127330324,way,last_update,30-9-2018,Feature has not been updated in 5 years or more
127330325,way,last_update,23-8-2011,Feature has not been updated in 5 years or more
127330326,way,last_update,30-9-2018,Feature has not been updated in 5 years or more
127330328,way,last_update,30-9-2018,Feature has not been updated in 5 years or more
127330329,way,last_update,1-11-2016,Feature has not been updated in 5 years or more
127330330,way,last_update,23-8-2011,Feature has not been updated in 5 years or more
127330331,way,last_update,23-8-2011,Feature has not been updated in 5 years or more
127330332,way,last_update,30-9-2018,Feature has not been updated in 5 years or more
127330333,way,last_update,31-10-2016,Feature has not been updated in 5 years or more
127330334,way,last_update,30-9-2018,Feature has not been updated in 5 years or more
127330335,way,last_update,23-8-2011,Feature has not been updated in 5 years or more
127330336,way,last_update,23-8-2011,Feature has not been updated in 5 years or more
127330338,way,last_update,29-7-2018,Feature has not been updated in 5 years or more
127330339,way,last_update,23-8-2011,Feature has not been updated in 5 years or more
127330340,way,last_update,23-8-2011,Feature has not been updated in 5 years or more
127330341,way,last_update,23-8-2011,Feature has not been updated in 5 years or more
127330344,way,last_update,30-9-2018,Feature has not been updated in 5 years or more
127330345,way,last_update,23-8-2011,Feature has not been updated in 5 years or more
127330346,way,last_update,23-8-2011,Feature has not been updated in 5 years or more
127330347,way,last_update,13-10-2020,Feature has not been updated in 5 years or more
127330348,way,last_update,13-10-2020,Feature has not been updated in 5 years or more
127330349,way,last_update,13-10-2020,Feature has not been updated in 5 years or more
127330353,way,last_update,13-10-2020,Feature has not been updated in 5 years or more
127330356,way,last_update,13-10-2020,Feature has not been updated in 5 years or more
127330357,way,last_update,13-10-2020,Feature has not been updated in 5 years or more
127330360,way,last_update,13-10-2020,Feature has not been updated in 5 years or more
127330361,way,last_update,13-10-2020,Feature has not been updated in 5 years or more
127330364,way,last_update,13-10-2020,Feature has not been updated in 5 years or more
128008625,way,last_update,1-11-2016,Feature has not been updated in 5 years or more
128008631,way,last_update,28-8-2011,Feature has not been updated in 5 years or more
128008647,way,last_update,28-8-2011,Feature has not been updated in 5 years or more
128008648,way,last_update,28-8-2011,Feature has not been updated in 5 years or more
128008649,way,last_update,28-8-2011,Feature has not been updated in 5 years or more
128008651,way,last_update,28-8-2011,Feature has not been updated in 5 years or more
128008653,way,last_update,28-8-2011,Feature has not been updated in 5 years or more
128008654,way,last_update,28-8-2011,Feature has not been updated in 5 years or more
128008655,way,last_update,28-8-2011,Feature has not been updated in 5 years or more
128008656,way,last_update,1-11-2016,Feature has not been updated in 5 years or more
128008657,way,last_update,28-8-2011,Feature has not been updated in 5 years or more
128008659,way,last_update,28-8-2011,Feature has not been updated in 5 years or more
128008662,way,last_update,28-8-2011,Feature has not been updated in 5 years or more
128008663,way,last_update,28-8-2011,Feature has not been updated in 5 years or more
128008667,way,last_update,28-8-2011,Feature has not been updated in 5 years or more
128008670,way,last_update,28-8-2011,Feature has not been updated in 5 years or more
128008671,way,last_update,1-11-2016,Feature has not been updated in 5 years or more
128008672,way,last_update,1-11-2016,Feature has not been updated in 5 years or more
128008673,way,last_update,28-8-2011,Feature has not been updated in 5 years or more
128008674,way,last_update,28-8-2011,Feature has not been updated in 5 years or more
128008675,way,last_update,28-8-2011,Feature has not been updated in 5 years or more
128008676,way,last_update,28-8-2011,Feature has not been updated in 5 years or more
128008678,way,last_update,28-8-2011,Feature has not been updated in 5 years or more
128008679,way,last_update,1-11-2016,Feature has not been updated in 5 years or more
128008680,way,last_update,28-8-2011,Feature has not been updated in 5 years or more
128008681,way,last_update,28-8-2011,Feature has not been updated in 5 years or more
128008682,way,last_update,28-8-2011,Feature has not been updated in 5 years or more
128008683,way,last_update,28-8-2011,Feature has not been updated in 5 years or more
128008684,way,last_update,31-10-2016,Feature has not been updated in 5 years or more
128008685,way,last_update,28-8-2011,Feature has not been updated in 5 years or more
128008686,way,last_update,28-8-2011,Feature has not been updated in 5 years or more
128008687,way,last_update,1-11-2016,Feature has not been updated in 5 years or more
128008691,way,last_update,28-8-2011,Feature has not been updated in 5 years or more
128008692,way,last_update,28-8-2011,Feature has not been updated in 5 years or more
128008693,way,last_update,1-11-2016,Feature has not been updated in 5 years or more
128008694,way,last_update,28-8-2011,Feature has not been updated in 5 years or more
128008702,way,last_update,30-12-2016,Feature has not been updated in 5 years or more
128008703,way,last_update,28-10-2016,Feature has not been updated in 5 years or more
128046299,way,last_update,13-4-2021,Feature has not been updated in 5 years or more
128046398,way,last_update,7-6-2012,Feature has not been updated in 5 years or more
128046401,way,last_update,28-8-2011,Feature has not been updated in 5 years or more
128046402,way,last_update,22-10-2018,Feature has not been updated in 5 years or more
128046407,way,last_update,7-11-2018,Feature has not been updated in 5 years or more
128046410,way,last_update,22-10-2018,Feature has not been updated in 5 years or more
128046411,way,last_update,22-10-2018,Feature has not been updated in 5 years or more
128046414,way,last_update,7-11-2018,Feature has not been updated in 5 years or more
128046417,way,last_update,7-11-2018,Feature has not been updated in 5 years or more
128046422,way,last_update,7-11-2018,Feature has not been updated in 5 years or more
128046429,way,last_update,7-11-2018,Feature has not been updated in 5 years or more
128046437,way,last_update,28-8-2011,Feature has not been updated in 5 years or more
128046445,way,last_update,22-10-2018,Feature has not been updated in 5 years or more
128046448,way,last_update,28-8-2011,Feature has not been updated in 5 years or more
128046449,way,last_update,28-8-2011,Feature has not been updated in 5 years or more
128046450,way,last_update,28-8-2011,Feature has not been updated in 5 years or more
128046454,way,last_update,28-8-2011,Feature has not been updated in 5 years or more
128046455,way,last_update,7-6-2012,Feature has not been updated in 5 years or more
128046461,way,last_update,28-8-2011,Feature has not been updated in 5 years or more
128046464,way,last_update,7-11-2018,Feature has not been updated in 5 years or more
128046465,way,last_update,7-11-2018,Feature has not been updated in 5 years or more
128046467,way,last_update,7-11-2018,Feature has not been updated in 5 years or more
128046470,way,last_update,28-8-2011,Feature has not been updated in 5 years or more
128046472,way,last_update,7-11-2018,Feature has not been updated in 5 years or more
128046476,way,last_update,7-11-2018,Feature has not been updated in 5 years or more
128046479,way,last_update,7-11-2018,Feature has not been updated in 5 years or more
128046480,way,last_update,22-10-2018,Feature has not been updated in 5 years or more
128046497,way,last_update,22-10-2018,Feature has not been updated in 5 years or more
128046503,way,last_update,7-11-2018,Feature has not been updated in 5 years or more
128046504,way,last_update,7-11-2018,Feature has not been updated in 5 years or more
128046514,way,last_update,7-11-2018,Feature has not been updated in 5 years or more
128046516,way,last_update,28-8-2011,Feature has not been updated in 5 years or more
128046518,way,last_update,7-11-2018,Feature has not been updated in 5 years or more
128046529,way,last_update,22-10-2018,Feature has not been updated in 5 years or more
128046531,way,last_update,22-10-2018,Feature has not been updated in 5 years or more
128046535,way,last_update,7-11-2018,Feature has not been updated in 5 years or more
128171054,way,last_update,29-8-2011,Feature has not been updated in 5 years or more
128171080,way,last_update,29-8-2011,Feature has not been updated in 5 years or more
128171081,way,last_update,29-8-2011,Feature has not been updated in 5 years or more
128171082,way,last_update,29-8-2011,Feature has not been updated in 5 years or more
128171083,way,last_update,29-8-2011,Feature has not been updated in 5 years or more
128171084,way,last_update,29-8-2011,Feature has not been updated in 5 years or more
128171086,way,last_update,29-8-2011,Feature has not been updated in 5 years or more
128171087,way,last_update,29-8-2011,Feature has not been updated in 5 years or more
128171089,way,last_update,29-8-2011,Feature has not been updated in 5 years or more
128171090,way,last_update,29-8-2011,Feature has not been updated in 5 years or more
128171092,way,last_update,29-8-2011,Feature has not been updated in 5 years or more
128171093,way,last_update,29-8-2011,Feature has not been updated in 5 years or more
128171094,way,last_update,29-8-2011,Feature has not been updated in 5 years or more
128171095,way,last_update,29-8-2011,Feature has not been updated in 5 years or more
128171097,way,last_update,29-8-2011,Feature has not been updated in 5 years or more
128171099,way,last_update,29-8-2011,Feature has not been updated in 5 years or more
128171100,way,last_update,29-8-2011,Feature has not been updated in 5 years or more
128171104,way,last_update,29-8-2011,Feature has not been updated in 5 years or more
128171105,way,last_update,29-8-2011,Feature has not been updated in 5 years or more
128171106,way,last_update,29-8-2011,Feature has not been updated in 5 years or more
128171107,way,last_update,29-8-2011,Feature has not been updated in 5 years or more
128171108,way,last_update,29-8-2011,Feature has not been updated in 5 years or more
128171109,way,last_update,29-8-2011,Feature has not been updated in 5 years or more
128171110,way,last_update,29-8-2011,Feature has not been updated in 5 years or more
128171111,way,last_update,29-8-2011,Feature has not been updated in 5 years or more
128171114,way,last_update,29-8-2011,Feature has not been updated in 5 years or more
128171115,way,last_update,29-8-2011,Feature has not been updated in 5 years or more
128171117,way,last_update,29-8-2011,Feature has not been updated in 5 years or more
128171119,way,last_update,29-8-2011,Feature has not been updated in 5 years or more
128183791,way,last_update,29-8-2011,Feature has not been updated in 5 years or more
128183792,way,last_update,29-8-2011,Feature has not been updated in 5 years or more
128183800,way,last_update,13-1-2013,Feature has not been updated in 5 years or more
128183801,way,last_update,29-8-2011,Feature has not been updated in 5 years or more
128183803,way,last_update,29-8-2011,Feature has not been updated in 5 years or more
128278038,way,last_update,30-8-2011,Feature has not been updated in 5 years or more
128278040,way,last_update,30-8-2011,Feature has not been updated in 5 years or more
128278041,way,last_update,30-8-2011,Feature has not been updated in 5 years or more
128278043,way,last_update,30-8-2011,Feature has not been updated in 5 years or more
128278044,way,last_update,30-8-2011,Feature has not been updated in 5 years or more
128278048,way,last_update,30-8-2011,Feature has not been updated in 5 years or more
128278051,way,last_update,30-8-2011,Feature has not been updated in 5 years or more
128278055,way,last_update,30-8-2011,Feature has not been updated in 5 years or more
128278056,way,last_update,30-8-2011,Feature has not been updated in 5 years or more
128278057,way,last_update,30-8-2011,Feature has not been updated in 5 years or more
128278058,way,last_update,30-8-2011,Feature has not been updated in 5 years or more
128278059,way,last_update,3-12-2018,Feature has not been updated in 5 years or more
128278060,way,last_update,30-8-2011,Feature has not been updated in 5 years or more
128278061,way,last_update,14-8-2013,Feature has not been updated in 5 years or more
128278063,way,last_update,30-8-2011,Feature has not been updated in 5 years or more
128278066,way,last_update,30-8-2011,Feature has not been updated in 5 years or more
128278067,way,last_update,14-8-2013,Feature has not been updated in 5 years or more
128278068,way,last_update,30-8-2011,Feature has not been updated in 5 years or more
128278069,way,last_update,30-8-2011,Feature has not been updated in 5 years or more
128278071,way,last_update,30-8-2011,Feature has not been updated in 5 years or more
128278074,way,last_update,30-8-2011,Feature has not been updated in 5 years or more
128278075,way,last_update,30-8-2011,Feature has not been updated in 5 years or more
128278076,way,last_update,30-8-2011,Feature has not been updated in 5 years or more
128278077,way,last_update,30-8-2011,Feature has not been updated in 5 years or more
128278078,way,last_update,30-8-2011,Feature has not been updated in 5 years or more
128278080,way,last_update,30-8-2011,Feature has not been updated in 5 years or more
128278081,way,last_update,30-8-2011,Feature has not been updated in 5 years or more
128278082,way,last_update,30-8-2011,Feature has not been updated in 5 years or more
128278083,way,last_update,30-8-2011,Feature has not been updated in 5 years or more
128278086,way,last_update,30-8-2011,Feature has not been updated in 5 years or more
128278089,way,last_update,30-8-2011,Feature has not been updated in 5 years or more
128278090,way,last_update,30-8-2011,Feature has not been updated in 5 years or more
128278092,way,last_update,30-8-2011,Feature has not been updated in 5 years or more
128278096,way,last_update,30-8-2011,Feature has not been updated in 5 years or more
128278097,way,last_update,30-8-2011,Feature has not been updated in 5 years or more
128278100,way,last_update,30-8-2011,Feature has not been updated in 5 years or more
128278102,way,last_update,30-8-2011,Feature has not been updated in 5 years or more
128278103,way,last_update,14-8-2013,Feature has not been updated in 5 years or more
128278104,way,last_update,30-8-2011,Feature has not been updated in 5 years or more
128278105,way,last_update,30-8-2011,Feature has not been updated in 5 years or more
128278107,way,last_update,30-8-2011,Feature has not been updated in 5 years or more
128278116,way,last_update,12-9-2011,Feature has not been updated in 5 years or more
128396423,way,last_update,18-1-2014,Feature has not been updated in 5 years or more
128396438,way,last_update,31-8-2011,Feature has not been updated in 5 years or more
128396439,way,last_update,31-8-2011,Feature has not been updated in 5 years or more
128396442,way,last_update,31-8-2011,Feature has not been updated in 5 years or more
128396443,way,last_update,31-8-2011,Feature has not been updated in 5 years or more
128396446,way,last_update,31-8-2011,Feature has not been updated in 5 years or more
128396448,way,last_update,31-8-2011,Feature has not been updated in 5 years or more
128396450,way,last_update,31-8-2011,Feature has not been updated in 5 years or more
128396454,way,last_update,31-8-2011,Feature has not been updated in 5 years or more
128396456,way,last_update,31-8-2011,Feature has not been updated in 5 years or more
128396458,way,last_update,31-8-2011,Feature has not been updated in 5 years or more
128396459,way,last_update,31-8-2011,Feature has not been updated in 5 years or more
128396461,way,last_update,31-8-2011,Feature has not been updated in 5 years or more
128396463,way,last_update,31-8-2011,Feature has not been updated in 5 years or more
128396465,way,last_update,31-8-2011,Feature has not been updated in 5 years or more
128396466,way,last_update,31-8-2011,Feature has not been updated in 5 years or more
128396467,way,last_update,31-8-2011,Feature has not been updated in 5 years or more
128396470,way,last_update,31-8-2011,Feature has not been updated in 5 years or more
128396472,way,last_update,31-8-2011,Feature has not been updated in 5 years or more
128396482,way,last_update,31-8-2011,Feature has not been updated in 5 years or more
128396488,way,last_update,31-8-2011,Feature has not been updated in 5 years or more
128396492,way,last_update,17-2-2020,Feature has not been updated in 5 years or more
128396495,way,last_update,31-8-2011,Feature has not been updated in 5 years or more
128396496,way,last_update,31-8-2011,Feature has not been updated in 5 years or more
128396497,way,last_update,31-8-2011,Feature has not been updated in 5 years or more
128396498,way,last_update,31-8-2011,Feature has not been updated in 5 years or more
128396499,way,last_update,31-8-2011,Feature has not been updated in 5 years or more
128396501,way,last_update,31-8-2011,Feature has not been updated in 5 years or more
128396502,way,last_update,31-8-2011,Feature has not been updated in 5 years or more
128396505,way,last_update,31-8-2011,Feature has not been updated in 5 years or more
128396506,way,last_update,31-8-2011,Feature has not been updated in 5 years or more
128396511,way,last_update,5-4-2020,Feature has not been updated in 5 years or more
128396530,way,last_update,31-8-2011,Feature has not been updated in 5 years or more
128486378,way,last_update,20-1-2013,Feature has not been updated in 5 years or more
128486448,way,last_update,1-9-2011,Feature has not been updated in 5 years or more
128486454,way,last_update,1-9-2011,Feature has not been updated in 5 years or more
128486456,way,last_update,1-9-2011,Feature has not been updated in 5 years or more
128486458,way,last_update,1-9-2011,Feature has not been updated in 5 years or more
128486467,way,last_update,1-9-2011,Feature has not been updated in 5 years or more
128486472,way,last_update,3-9-2019,Feature has not been updated in 5 years or more
128486474,way,last_update,1-9-2011,Feature has not been updated in 5 years or more
128486482,way,last_update,1-9-2011,Feature has not been updated in 5 years or more
128486484,way,last_update,1-9-2011,Feature has not been updated in 5 years or more
128486489,way,last_update,1-9-2011,Feature has not been updated in 5 years or more
128486491,way,last_update,1-9-2011,Feature has not been updated in 5 years or more
128576017,way,last_update,2-9-2011,Feature has not been updated in 5 years or more
128576018,way,last_update,2-9-2011,Feature has not been updated in 5 years or more
128576019,way,last_update,2-9-2011,Feature has not been updated in 5 years or more
128576020,way,last_update,2-9-2011,Feature has not been updated in 5 years or more
128576021,way,last_update,2-9-2011,Feature has not been updated in 5 years or more
128576023,way,last_update,2-9-2011,Feature has not been updated in 5 years or more
128576024,way,last_update,2-9-2011,Feature has not been updated in 5 years or more
128600808,way,last_update,3-12-2018,Feature has not been updated in 5 years or more
128600811,way,last_update,3-12-2018,Feature has not been updated in 5 years or more
128600814,way,last_update,3-12-2018,Feature has not been updated in 5 years or more
128600818,way,last_update,2-9-2011,Feature has not been updated in 5 years or more
128600821,way,last_update,3-12-2018,Feature has not been updated in 5 years or more
128600828,way,last_update,2-9-2011,Feature has not been updated in 5 years or more
128714895,way,last_update,3-9-2011,Feature has not been updated in 5 years or more
128714904,way,last_update,3-9-2011,Feature has not been updated in 5 years or more
128714905,way,last_update,3-9-2011,Feature has not been updated in 5 years or more
128714912,way,last_update,3-9-2011,Feature has not been updated in 5 years or more
129077852,way,last_update,6-9-2011,Feature has not been updated in 5 years or more
129077853,way,last_update,6-9-2011,Feature has not been updated in 5 years or more
129077855,way,last_update,6-9-2011,Feature has not been updated in 5 years or more
129077860,way,last_update,4-11-2016,Feature has not been updated in 5 years or more
129209865,way,last_update,7-9-2011,Feature has not been updated in 5 years or more
129209875,way,last_update,7-9-2011,Feature has not been updated in 5 years or more
129209877,way,last_update,7-9-2011,Feature has not been updated in 5 years or more
129209879,way,last_update,7-9-2011,Feature has not been updated in 5 years or more
129209880,way,last_update,7-9-2011,Feature has not been updated in 5 years or more
129209881,way,last_update,7-9-2011,Feature has not been updated in 5 years or more
129209883,way,last_update,7-9-2011,Feature has not been updated in 5 years or more
129209885,way,last_update,7-9-2011,Feature has not been updated in 5 years or more
129209886,way,last_update,7-9-2011,Feature has not been updated in 5 years or more
129209887,way,last_update,7-9-2011,Feature has not been updated in 5 years or more
129209888,way,last_update,7-9-2011,Feature has not been updated in 5 years or more
129209890,way,last_update,7-9-2011,Feature has not been updated in 5 years or more
129209891,way,last_update,7-9-2011,Feature has not been updated in 5 years or more
129209892,way,last_update,7-9-2011,Feature has not been updated in 5 years or more
129209893,way,last_update,7-9-2011,Feature has not been updated in 5 years or more
129209894,way,last_update,7-9-2011,Feature has not been updated in 5 years or more
129209895,way,last_update,24-7-2012,Feature has not been updated in 5 years or more
129209896,way,last_update,7-9-2011,Feature has not been updated in 5 years or more
129209897,way,last_update,7-9-2011,Feature has not been updated in 5 years or more
129209899,way,last_update,7-9-2011,Feature has not been updated in 5 years or more
129209900,way,last_update,7-9-2011,Feature has not been updated in 5 years or more
129209901,way,last_update,7-9-2011,Feature has not been updated in 5 years or more
129209902,way,last_update,7-9-2011,Feature has not been updated in 5 years or more
129209903,way,last_update,7-9-2011,Feature has not been updated in 5 years or more
129209905,way,last_update,7-9-2011,Feature has not been updated in 5 years or more
129209906,way,last_update,7-9-2011,Feature has not been updated in 5 years or more
129209907,way,last_update,7-9-2011,Feature has not been updated in 5 years or more
129209908,way,last_update,7-9-2011,Feature has not been updated in 5 years or more
129209909,way,last_update,7-9-2011,Feature has not been updated in 5 years or more
129209911,way,last_update,7-9-2011,Feature has not been updated in 5 years or more
129209912,way,last_update,7-9-2011,Feature has not been updated in 5 years or more
129209913,way,last_update,7-9-2011,Feature has not been updated in 5 years or more
129209914,way,last_update,7-9-2011,Feature has not been updated in 5 years or more
129209915,way,last_update,7-9-2011,Feature has not been updated in 5 years or more
129209916,way,last_update,7-9-2011,Feature has not been updated in 5 years or more
129209917,way,last_update,7-9-2011,Feature has not been updated in 5 years or more
129209918,way,last_update,7-9-2011,Feature has not been updated in 5 years or more
129209919,way,last_update,13-10-2020,Feature has not been updated in 5 years or more
129209920,way,last_update,13-10-2020,Feature has not been updated in 5 years or more
129209921,way,last_update,13-10-2020,Feature has not been updated in 5 years or more
129614141,way,last_update,3-12-2018,Feature has not been updated in 5 years or more
129614150,way,last_update,11-9-2011,Feature has not been updated in 5 years or more
129614161,way,last_update,11-9-2011,Feature has not been updated in 5 years or more
129751743,way,last_update,12-9-2011,Feature has not been updated in 5 years or more
129751744,way,last_update,12-9-2011,Feature has not been updated in 5 years or more
129751746,way,last_update,12-9-2011,Feature has not been updated in 5 years or more
129751748,way,last_update,12-9-2011,Feature has not been updated in 5 years or more
129751749,way,last_update,12-9-2011,Feature has not been updated in 5 years or more
129751750,way,last_update,12-9-2011,Feature has not been updated in 5 years or more
129765725,way,last_update,12-9-2011,Feature has not been updated in 5 years or more
129765727,way,last_update,12-9-2011,Feature has not been updated in 5 years or more
129765734,way,last_update,12-9-2011,Feature has not been updated in 5 years or more
129765737,way,last_update,12-9-2011,Feature has not been updated in 5 years or more
129765741,way,last_update,12-9-2011,Feature has not been updated in 5 years or more
129765744,way,last_update,12-9-2011,Feature has not been updated in 5 years or more
129765745,way,last_update,12-9-2011,Feature has not been updated in 5 years or more
129765746,way,last_update,12-9-2011,Feature has not been updated in 5 years or more
129765749,way,last_update,12-9-2011,Feature has not been updated in 5 years or more
129765750,way,last_update,12-9-2011,Feature has not been updated in 5 years or more
129765751,way,last_update,12-9-2011,Feature has not been updated in 5 years or more
129765752,way,last_update,12-9-2011,Feature has not been updated in 5 years or more
129765755,way,last_update,12-9-2011,Feature has not been updated in 5 years or more
129765756,way,last_update,12-9-2011,Feature has not been updated in 5 years or more
129765757,way,last_update,12-9-2011,Feature has not been updated in 5 years or more
129765758,way,last_update,12-9-2011,Feature has not been updated in 5 years or more
129765759,way,last_update,12-9-2011,Feature has not been updated in 5 years or more
129765761,way,last_update,12-9-2011,Feature has not been updated in 5 years or more
129765762,way,last_update,12-9-2011,Feature has not been updated in 5 years or more
129765763,way,last_update,12-9-2011,Feature has not been updated in 5 years or more
129765764,way,last_update,16-11-2018,Feature has not been updated in 5 years or more
129765765,way,last_update,12-9-2011,Feature has not been updated in 5 years or more
129765766,way,last_update,12-9-2011,Feature has not been updated in 5 years or more
129765767,way,last_update,12-9-2011,Feature has not been updated in 5 years or more
129765772,way,last_update,12-9-2011,Feature has not been updated in 5 years or more
129765774,way,last_update,12-9-2011,Feature has not been updated in 5 years or more
129765777,way,last_update,12-9-2011,Feature has not been updated in 5 years or more
129765778,way,last_update,12-9-2011,Feature has not been updated in 5 years or more
129765779,way,last_update,12-9-2011,Feature has not been updated in 5 years or more
129765781,way,last_update,12-9-2011,Feature has not been updated in 5 years or more
129765782,way,last_update,12-9-2011,Feature has not been updated in 5 years or more
129765784,way,last_update,12-9-2011,Feature has not been updated in 5 years or more
129765785,way,last_update,12-9-2011,Feature has not been updated in 5 years or more
129836088,way,last_update,3-11-2016,Feature has not been updated in 5 years or more
129836089,way,last_update,13-9-2011,Feature has not been updated in 5 years or more
129836090,way,last_update,13-9-2011,Feature has not been updated in 5 years or more
129836092,way,last_update,20-7-2016,Feature has not been updated in 5 years or more
129836094,way,last_update,13-9-2011,Feature has not been updated in 5 years or more
129836095,way,last_update,13-9-2011,Feature has not been updated in 5 years or more
129836096,way,last_update,13-9-2011,Feature has not been updated in 5 years or more
129836097,way,last_update,13-9-2011,Feature has not been updated in 5 years or more
129836098,way,last_update,13-9-2011,Feature has not been updated in 5 years or more
129836101,way,last_update,13-9-2011,Feature has not been updated in 5 years or more
129836102,way,last_update,3-11-2016,Feature has not been updated in 5 years or more
129836103,way,last_update,13-9-2011,Feature has not been updated in 5 years or more
129836104,way,last_update,13-9-2011,Feature has not been updated in 5 years or more
129836109,way,last_update,13-9-2011,Feature has not been updated in 5 years or more
129836110,way,last_update,12-4-2021,Feature has not been updated in 5 years or more
129836111,way,last_update,13-9-2011,Feature has not been updated in 5 years or more
129836112,way,last_update,13-9-2011,Feature has not been updated in 5 years or more
129836114,way,last_update,13-9-2011,Feature has not been updated in 5 years or more
129836124,way,last_update,12-4-2021,Feature has not been updated in 5 years or more
130371498,way,last_update,18-9-2011,Feature has not been updated in 5 years or more
130371505,way,last_update,18-9-2011,Feature has not been updated in 5 years or more
130371509,way,last_update,18-9-2011,Feature has not been updated in 5 years or more
130371513,way,last_update,18-9-2011,Feature has not been updated in 5 years or more
130404285,way,last_update,18-9-2011,Feature has not been updated in 5 years or more
130404344,way,last_update,18-9-2011,Feature has not been updated in 5 years or more
130404345,way,last_update,18-9-2011,Feature has not been updated in 5 years or more
130404346,way,last_update,18-9-2011,Feature has not been updated in 5 years or more
130404349,way,last_update,14-10-2019,Feature has not been updated in 5 years or more
130404350,way,last_update,18-9-2011,Feature has not been updated in 5 years or more
130404351,way,last_update,18-9-2011,Feature has not been updated in 5 years or more
130404353,way,last_update,18-9-2011,Feature has not been updated in 5 years or more
130404356,way,last_update,18-9-2011,Feature has not been updated in 5 years or more
130404358,way,last_update,18-9-2011,Feature has not been updated in 5 years or more
130404360,way,last_update,7-10-2019,Feature has not been updated in 5 years or more
130404361,way,last_update,14-10-2019,Feature has not been updated in 5 years or more
130404362,way,last_update,18-9-2011,Feature has not been updated in 5 years or more
130404365,way,last_update,7-10-2019,Feature has not been updated in 5 years or more
130404366,way,last_update,18-9-2011,Feature has not been updated in 5 years or more
130404367,way,last_update,18-9-2011,Feature has not been updated in 5 years or more
130404368,way,last_update,18-9-2011,Feature has not been updated in 5 years or more
130404370,way,last_update,18-9-2011,Feature has not been updated in 5 years or more
130404371,way,last_update,18-9-2011,Feature has not been updated in 5 years or more
130404373,way,last_update,7-10-2019,Feature has not been updated in 5 years or more
130404374,way,last_update,18-9-2011,Feature has not been updated in 5 years or more
130404376,way,last_update,7-10-2019,Feature has not been updated in 5 years or more
130404377,way,last_update,18-9-2011,Feature has not been updated in 5 years or more
130404378,way,last_update,18-9-2011,Feature has not been updated in 5 years or more
130404379,way,last_update,18-9-2011,Feature has not been updated in 5 years or more
130404381,way,last_update,7-10-2019,Feature has not been updated in 5 years or more
130404382,way,last_update,7-10-2019,Feature has not been updated in 5 years or more
130404383,way,last_update,18-9-2011,Feature has not been updated in 5 years or more
130404384,way,last_update,18-9-2011,Feature has not been updated in 5 years or more
130404385,way,last_update,18-9-2011,Feature has not been updated in 5 years or more
130404386,way,last_update,18-9-2011,Feature has not been updated in 5 years or more
130404387,way,last_update,7-10-2019,Feature has not been updated in 5 years or more
130404388,way,last_update,18-9-2011,Feature has not been updated in 5 years or more
130404389,way,last_update,18-9-2011,Feature has not been updated in 5 years or more
130404390,way,last_update,7-10-2019,Feature has not been updated in 5 years or more
130404392,way,last_update,18-9-2011,Feature has not been updated in 5 years or more
130404393,way,last_update,18-9-2011,Feature has not been updated in 5 years or more
130404394,way,last_update,18-9-2011,Feature has not been updated in 5 years or more
130404395,way,last_update,18-9-2011,Feature has not been updated in 5 years or more
130404396,way,last_update,18-9-2011,Feature has not been updated in 5 years or more
130404397,way,last_update,7-10-2019,Feature has not been updated in 5 years or more
130404400,way,last_update,18-9-2011,Feature has not been updated in 5 years or more
130404401,way,last_update,18-9-2011,Feature has not been updated in 5 years or more
130404403,way,last_update,7-10-2019,Feature has not been updated in 5 years or more
130404405,way,last_update,7-10-2019,Feature has not been updated in 5 years or more
130404408,way,last_update,7-10-2019,Feature has not been updated in 5 years or more
130404409,way,last_update,7-10-2019,Feature has not been updated in 5 years or more
130404411,way,last_update,7-10-2019,Feature has not been updated in 5 years or more
130404412,way,last_update,7-10-2019,Feature has not been updated in 5 years or more
130404413,way,last_update,7-10-2019,Feature has not been updated in 5 years or more
130404414,way,last_update,7-10-2019,Feature has not been updated in 5 years or more
130404416,way,last_update,7-10-2019,Feature has not been updated in 5 years or more
130404417,way,last_update,7-10-2019,Feature has not been updated in 5 years or more
130523777,way,last_update,19-9-2011,Feature has not been updated in 5 years or more
130523805,way,last_update,19-9-2011,Feature has not been updated in 5 years or more
130523845,way,last_update,19-9-2011,Feature has not been updated in 5 years or more
130523846,way,last_update,19-9-2011,Feature has not been updated in 5 years or more
130523847,way,last_update,19-9-2011,Feature has not been updated in 5 years or more
130523848,way,last_update,19-9-2011,Feature has not been updated in 5 years or more
130523849,way,last_update,19-9-2011,Feature has not been updated in 5 years or more
130523850,way,last_update,19-9-2011,Feature has not been updated in 5 years or more
130523852,way,last_update,7-10-2019,Feature has not been updated in 5 years or more
130523854,way,last_update,19-9-2011,Feature has not been updated in 5 years or more
130523855,way,last_update,7-10-2019,Feature has not been updated in 5 years or more
130523857,way,last_update,19-9-2011,Feature has not been updated in 5 years or more
130523858,way,last_update,19-9-2011,Feature has not been updated in 5 years or more
130523859,way,last_update,19-9-2011,Feature has not been updated in 5 years or more
130523861,way,last_update,19-9-2011,Feature has not been updated in 5 years or more
130523862,way,last_update,19-9-2011,Feature has not been updated in 5 years or more
130523863,way,last_update,19-9-2011,Feature has not been updated in 5 years or more
130523864,way,last_update,19-9-2011,Feature has not been updated in 5 years or more
130523865,way,last_update,19-9-2011,Feature has not been updated in 5 years or more
130523867,way,last_update,19-9-2011,Feature has not been updated in 5 years or more
130523870,way,last_update,19-9-2011,Feature has not been updated in 5 years or more
130523871,way,last_update,19-9-2011,Feature has not been updated in 5 years or more
130523874,way,last_update,7-10-2019,Feature has not been updated in 5 years or more
130523875,way,last_update,19-9-2011,Feature has not been updated in 5 years or more
130523877,way,last_update,19-9-2011,Feature has not been updated in 5 years or more
130523878,way,last_update,19-9-2011,Feature has not been updated in 5 years or more
130523879,way,last_update,19-9-2011,Feature has not been updated in 5 years or more
130523880,way,last_update,19-9-2011,Feature has not been updated in 5 years or more
130523881,way,last_update,19-9-2011,Feature has not been updated in 5 years or more
130523882,way,last_update,19-9-2011,Feature has not been updated in 5 years or more
130523883,way,last_update,19-9-2011,Feature has not been updated in 5 years or more
130523884,way,last_update,19-9-2011,Feature has not been updated in 5 years or more
130523885,way,last_update,19-9-2011,Feature has not been updated in 5 years or more
130523887,way,last_update,19-9-2011,Feature has not been updated in 5 years or more
130523888,way,last_update,19-9-2011,Feature has not been updated in 5 years or more
130523889,way,last_update,19-9-2011,Feature has not been updated in 5 years or more
130523890,way,last_update,19-9-2011,Feature has not been updated in 5 years or more
130523891,way,last_update,19-9-2011,Feature has not been updated in 5 years or more
130523892,way,last_update,19-9-2011,Feature has not been updated in 5 years or more
130523894,way,last_update,19-9-2011,Feature has not been updated in 5 years or more
130523895,way,last_update,19-9-2011,Feature has not been updated in 5 years or more
130523897,way,last_update,19-9-2011,Feature has not been updated in 5 years or more
130523903,way,last_update,19-9-2011,Feature has not been updated in 5 years or more
130523907,way,last_update,7-10-2019,Feature has not been updated in 5 years or more
130523911,way,last_update,19-9-2011,Feature has not been updated in 5 years or more
130523912,way,last_update,7-10-2019,Feature has not been updated in 5 years or more
130523917,way,last_update,7-10-2019,Feature has not been updated in 5 years or more
130523918,way,last_update,19-9-2011,Feature has not been updated in 5 years or more
130523920,way,last_update,19-9-2011,Feature has not been updated in 5 years or more
130523921,way,last_update,7-10-2019,Feature has not been updated in 5 years or more
130523922,way,last_update,19-9-2011,Feature has not been updated in 5 years or more
130523923,way,last_update,19-9-2011,Feature has not been updated in 5 years or more
130523926,way,last_update,19-9-2011,Feature has not been updated in 5 years or more
130523927,way,last_update,19-9-2011,Feature has not been updated in 5 years or more
130523929,way,last_update,19-9-2011,Feature has not been updated in 5 years or more
130523930,way,last_update,19-9-2011,Feature has not been updated in 5 years or more
130523931,way,last_update,19-9-2011,Feature has not been updated in 5 years or more
130523932,way,last_update,19-9-2011,Feature has not been updated in 5 years or more
130523933,way,last_update,7-10-2019,Feature has not been updated in 5 years or more
130523935,way,last_update,19-9-2011,Feature has not been updated in 5 years or more
130523939,way,last_update,7-10-2019,Feature has not been updated in 5 years or more
130523940,way,last_update,19-9-2011,Feature has not been updated in 5 years or more
130523941,way,last_update,19-9-2011,Feature has not been updated in 5 years or more
130523945,way,last_update,19-9-2011,Feature has not been updated in 5 years or more
130523956,way,last_update,19-9-2011,Feature has not been updated in 5 years or more
130523958,way,last_update,7-10-2019,Feature has not been updated in 5 years or more
130946608,way,last_update,23-9-2011,Feature has not been updated in 5 years or more
130946613,way,last_update,23-9-2011,Feature has not been updated in 5 years or more
130946615,way,last_update,23-9-2011,Feature has not been updated in 5 years or more
130946622,way,last_update,23-9-2011,Feature has not been updated in 5 years or more
130946626,way,last_update,23-9-2011,Feature has not been updated in 5 years or more
130946628,way,last_update,23-9-2011,Feature has not been updated in 5 years or more
130946630,way,last_update,23-9-2011,Feature has not been updated in 5 years or more
130946631,way,last_update,23-9-2011,Feature has not been updated in 5 years or more
130976896,way,last_update,23-9-2011,Feature has not been updated in 5 years or more
130976906,way,last_update,23-9-2011,Feature has not been updated in 5 years or more
131158027,way,last_update,24-9-2011,Feature has not been updated in 5 years or more
131158028,way,last_update,24-9-2011,Feature has not been updated in 5 years or more
131158029,way,last_update,24-9-2011,Feature has not been updated in 5 years or more
131340605,way,last_update,8-3-2018,Feature has not been updated in 5 years or more
131340611,way,last_update,8-3-2018,Feature has not been updated in 5 years or more
131340612,way,last_update,8-3-2018,Feature has not been updated in 5 years or more
131340613,way,last_update,8-3-2018,Feature has not been updated in 5 years or more
131340657,way,last_update,29-7-2018,Feature has not been updated in 5 years or more
131414274,way,last_update,12-4-2021,Feature has not been updated in 5 years or more
131414326,way,last_update,12-4-2021,Feature has not been updated in 5 years or more
131414327,way,last_update,12-4-2021,Feature has not been updated in 5 years or more
131414332,way,last_update,12-4-2021,Feature has not been updated in 5 years or more
131414334,way,last_update,12-4-2021,Feature has not been updated in 5 years or more
131414336,way,last_update,12-4-2021,Feature has not been updated in 5 years or more
131414337,way,last_update,12-4-2021,Feature has not been updated in 5 years or more
131414338,way,last_update,12-4-2021,Feature has not been updated in 5 years or more
131414339,way,last_update,12-4-2021,Feature has not been updated in 5 years or more
131414340,way,last_update,12-4-2021,Feature has not been updated in 5 years or more
131414351,way,last_update,12-4-2021,Feature has not been updated in 5 years or more
131414352,way,last_update,12-4-2021,Feature has not been updated in 5 years or more
131737758,way,last_update,30-9-2011,Feature has not been updated in 5 years or more
131737760,way,last_update,30-9-2011,Feature has not been updated in 5 years or more
131737761,way,last_update,13-1-2013,Feature has not been updated in 5 years or more
131737763,way,last_update,30-9-2011,Feature has not been updated in 5 years or more
131737765,way,last_update,30-9-2011,Feature has not been updated in 5 years or more
131737767,way,last_update,30-9-2011,Feature has not been updated in 5 years or more
131737768,way,last_update,30-9-2011,Feature has not been updated in 5 years or more
131737770,way,last_update,30-9-2011,Feature has not been updated in 5 years or more
131737774,way,last_update,30-9-2011,Feature has not been updated in 5 years or more
131737775,way,last_update,13-10-2020,Feature has not been updated in 5 years or more
131876489,way,last_update,1-10-2011,Feature has not been updated in 5 years or more
131876491,way,last_update,1-10-2011,Feature has not been updated in 5 years or more
131876492,way,last_update,1-10-2011,Feature has not been updated in 5 years or more
131876493,way,last_update,1-10-2011,Feature has not been updated in 5 years or more
131876494,way,last_update,1-10-2011,Feature has not been updated in 5 years or more
131876495,way,last_update,1-10-2011,Feature has not been updated in 5 years or more
131876496,way,last_update,1-10-2011,Feature has not been updated in 5 years or more
131876499,way,last_update,1-10-2011,Feature has not been updated in 5 years or more
131876500,way,last_update,1-10-2011,Feature has not been updated in 5 years or more
131876501,way,last_update,1-10-2011,Feature has not been updated in 5 years or more
131876503,way,last_update,1-10-2011,Feature has not been updated in 5 years or more
131876504,way,last_update,1-10-2011,Feature has not been updated in 5 years or more
131876505,way,last_update,1-10-2011,Feature has not been updated in 5 years or more
131876506,way,last_update,1-10-2011,Feature has not been updated in 5 years or more
131876509,way,last_update,1-10-2011,Feature has not been updated in 5 years or more
131876510,way,last_update,1-10-2011,Feature has not been updated in 5 years or more
131876511,way,last_update,1-10-2011,Feature has not been updated in 5 years or more
131937626,way,last_update,2-10-2011,Feature has not been updated in 5 years or more
131937627,way,last_update,2-10-2011,Feature has not been updated in 5 years or more
131937628,way,last_update,2-10-2011,Feature has not been updated in 5 years or more
131937629,way,last_update,2-10-2011,Feature has not been updated in 5 years or more
131937630,way,last_update,2-10-2011,Feature has not been updated in 5 years or more
131937633,way,last_update,2-10-2011,Feature has not been updated in 5 years or more
131937635,way,last_update,2-10-2011,Feature has not been updated in 5 years or more
131937636,way,last_update,2-10-2011,Feature has not been updated in 5 years or more
131937637,way,last_update,2-10-2011,Feature has not been updated in 5 years or more
131937638,way,last_update,2-10-2011,Feature has not been updated in 5 years or more
132204455,way,last_update,4-10-2011,Feature has not been updated in 5 years or more
132204456,way,last_update,4-10-2011,Feature has not been updated in 5 years or more
132204457,way,last_update,4-10-2011,Feature has not been updated in 5 years or more
132204459,way,last_update,4-10-2011,Feature has not been updated in 5 years or more
132204460,way,last_update,4-10-2011,Feature has not been updated in 5 years or more
132204464,way,last_update,4-10-2011,Feature has not been updated in 5 years or more
132204465,way,last_update,4-10-2011,Feature has not been updated in 5 years or more
132204467,way,last_update,4-10-2011,Feature has not been updated in 5 years or more
132204468,way,last_update,4-10-2011,Feature has not been updated in 5 years or more
132204469,way,last_update,4-10-2011,Feature has not been updated in 5 years or more
132310101,way,last_update,5-10-2011,Feature has not been updated in 5 years or more
132310102,way,last_update,5-10-2011,Feature has not been updated in 5 years or more
132310105,way,last_update,5-10-2011,Feature has not been updated in 5 years or more
132310106,way,last_update,30-9-2018,Feature has not been updated in 5 years or more
132310108,way,last_update,30-9-2018,Feature has not been updated in 5 years or more
132310110,way,last_update,5-10-2011,Feature has not been updated in 5 years or more
132310112,way,last_update,13-10-2020,Feature has not been updated in 5 years or more
132314494,way,last_update,5-10-2011,Feature has not been updated in 5 years or more
132314496,way,last_update,30-9-2018,Feature has not been updated in 5 years or more
132314497,way,last_update,5-10-2011,Feature has not been updated in 5 years or more
132314499,way,last_update,30-9-2018,Feature has not been updated in 5 years or more
132314501,way,last_update,5-10-2011,Feature has not been updated in 5 years or more
132314506,way,last_update,30-9-2018,Feature has not been updated in 5 years or more
132314509,way,last_update,5-10-2011,Feature has not been updated in 5 years or more
132314511,way,last_update,30-9-2018,Feature has not been updated in 5 years or more
132314514,way,last_update,13-4-2021,Feature has not been updated in 5 years or more
132314516,way,last_update,30-9-2018,Feature has not been updated in 5 years or more
132314517,way,last_update,13-4-2021,Feature has not been updated in 5 years or more
132314522,way,last_update,13-4-2021,Feature has not been updated in 5 years or more
132325599,way,last_update,5-10-2011,Feature has not been updated in 5 years or more
132325600,way,last_update,5-10-2011,Feature has not been updated in 5 years or more
132325601,way,last_update,5-10-2011,Feature has not been updated in 5 years or more
132325602,way,last_update,5-10-2011,Feature has not been updated in 5 years or more
132325604,way,last_update,5-10-2011,Feature has not been updated in 5 years or more
132325605,way,last_update,5-10-2011,Feature has not been updated in 5 years or more
132325606,way,last_update,5-10-2011,Feature has not been updated in 5 years or more
132325607,way,last_update,5-10-2011,Feature has not been updated in 5 years or more
132325608,way,last_update,5-10-2011,Feature has not been updated in 5 years or more
132325609,way,last_update,5-10-2011,Feature has not been updated in 5 years or more
132325610,way,last_update,5-10-2011,Feature has not been updated in 5 years or more
132325615,way,last_update,5-10-2011,Feature has not been updated in 5 years or more
132527572,way,last_update,20-7-2016,Feature has not been updated in 5 years or more
132527576,way,last_update,7-10-2011,Feature has not been updated in 5 years or more
132527580,way,last_update,7-10-2011,Feature has not been updated in 5 years or more
132527583,way,last_update,7-10-2011,Feature has not been updated in 5 years or more
132527586,way,last_update,7-10-2011,Feature has not been updated in 5 years or more
132527587,way,last_update,7-10-2011,Feature has not been updated in 5 years or more
132527590,way,last_update,7-10-2011,Feature has not been updated in 5 years or more
132527596,way,last_update,7-10-2011,Feature has not been updated in 5 years or more
132527598,way,last_update,7-10-2011,Feature has not been updated in 5 years or more
132527600,way,last_update,7-10-2011,Feature has not been updated in 5 years or more
132527605,way,last_update,7-10-2011,Feature has not been updated in 5 years or more
132527607,way,last_update,7-10-2011,Feature has not been updated in 5 years or more
132527610,way,last_update,7-10-2011,Feature has not been updated in 5 years or more
132527612,way,last_update,7-10-2011,Feature has not been updated in 5 years or more
132527614,way,last_update,7-10-2011,Feature has not been updated in 5 years or more
132527616,way,last_update,7-10-2011,Feature has not been updated in 5 years or more
132527618,way,last_update,7-10-2011,Feature has not been updated in 5 years or more
132527620,way,last_update,20-7-2016,Feature has not been updated in 5 years or more
132527622,way,last_update,7-10-2011,Feature has not been updated in 5 years or more
132527624,way,last_update,7-10-2011,Feature has not been updated in 5 years or more
132527630,way,last_update,7-10-2011,Feature has not been updated in 5 years or more
132527631,way,last_update,7-10-2011,Feature has not been updated in 5 years or more
132527633,way,last_update,7-10-2011,Feature has not been updated in 5 years or more
132527634,way,last_update,7-10-2011,Feature has not been updated in 5 years or more
132527635,way,last_update,7-10-2011,Feature has not been updated in 5 years or more
132527637,way,last_update,7-10-2011,Feature has not been updated in 5 years or more
132527638,way,last_update,7-10-2011,Feature has not been updated in 5 years or more
132527639,way,last_update,7-10-2011,Feature has not been updated in 5 years or more
132921463,way,last_update,11-10-2011,Feature has not been updated in 5 years or more
132921464,way,last_update,11-10-2011,Feature has not been updated in 5 years or more
132921465,way,last_update,11-10-2011,Feature has not been updated in 5 years or more
132921467,way,last_update,11-10-2011,Feature has not been updated in 5 years or more
132921469,way,last_update,11-10-2011,Feature has not been updated in 5 years or more
132921470,way,last_update,11-10-2011,Feature has not been updated in 5 years or more
132921471,way,last_update,11-10-2011,Feature has not been updated in 5 years or more
132921472,way,last_update,11-10-2011,Feature has not been updated in 5 years or more
133037661,way,last_update,12-10-2011,Feature has not been updated in 5 years or more
133037663,way,last_update,12-10-2011,Feature has not been updated in 5 years or more
133037665,way,last_update,12-10-2011,Feature has not been updated in 5 years or more
133037666,way,last_update,28-8-2019,Feature has not been updated in 5 years or more
133037667,way,last_update,12-10-2011,Feature has not been updated in 5 years or more
133037668,way,last_update,12-10-2011,Feature has not been updated in 5 years or more
133037670,way,last_update,12-10-2011,Feature has not been updated in 5 years or more
133037671,way,last_update,12-10-2011,Feature has not been updated in 5 years or more
133037672,way,last_update,12-10-2011,Feature has not been updated in 5 years or more
133037673,way,last_update,12-10-2011,Feature has not been updated in 5 years or more
133037674,way,last_update,12-10-2011,Feature has not been updated in 5 years or more
133037675,way,last_update,12-10-2011,Feature has not been updated in 5 years or more
133476655,way,last_update,12-4-2021,Feature has not been updated in 5 years or more
133476742,way,last_update,7-11-2018,Feature has not been updated in 5 years or more
133476744,way,last_update,16-10-2011,Feature has not been updated in 5 years or more
133476747,way,last_update,16-10-2011,Feature has not been updated in 5 years or more
133476749,way,last_update,7-11-2018,Feature has not been updated in 5 years or more
133476750,way,last_update,16-10-2011,Feature has not been updated in 5 years or more
133476758,way,last_update,16-10-2011,Feature has not been updated in 5 years or more
133476760,way,last_update,7-11-2018,Feature has not been updated in 5 years or more
133476762,way,last_update,16-10-2011,Feature has not been updated in 5 years or more
133476764,way,last_update,7-11-2018,Feature has not been updated in 5 years or more
133476766,way,last_update,7-11-2018,Feature has not been updated in 5 years or more
133476770,way,last_update,7-11-2018,Feature has not been updated in 5 years or more
133476773,way,last_update,16-10-2011,Feature has not been updated in 5 years or more
133476778,way,last_update,12-4-2021,Feature has not been updated in 5 years or more
133476784,way,last_update,7-11-2018,Feature has not been updated in 5 years or more
133476787,way,last_update,16-10-2011,Feature has not been updated in 5 years or more
133476790,way,last_update,16-10-2011,Feature has not been updated in 5 years or more
133476791,way,last_update,16-10-2011,Feature has not been updated in 5 years or more
133476796,way,last_update,16-10-2011,Feature has not been updated in 5 years or more
133476797,way,last_update,16-10-2011,Feature has not been updated in 5 years or more
133476799,way,last_update,7-11-2018,Feature has not been updated in 5 years or more
133476802,way,last_update,7-11-2018,Feature has not been updated in 5 years or more
133476808,way,last_update,12-4-2021,Feature has not been updated in 5 years or more
133476810,way,last_update,12-4-2021,Feature has not been updated in 5 years or more
133476817,way,last_update,16-10-2011,Feature has not been updated in 5 years or more
133476821,way,last_update,16-10-2011,Feature has not been updated in 5 years or more
133476842,way,last_update,12-4-2021,Feature has not been updated in 5 years or more
133476844,way,last_update,16-10-2011,Feature has not been updated in 5 years or more
133731727,way,last_update,18-10-2011,Feature has not been updated in 5 years or more
133731728,way,last_update,18-10-2011,Feature has not been updated in 5 years or more
133731729,way,last_update,18-10-2011,Feature has not been updated in 5 years or more
133731732,way,last_update,18-10-2011,Feature has not been updated in 5 years or more
133731733,way,last_update,18-10-2011,Feature has not been updated in 5 years or more
133731734,way,last_update,18-10-2011,Feature has not been updated in 5 years or more
133813836,way,last_update,19-10-2011,Feature has not been updated in 5 years or more
133831513,way,last_update,19-10-2011,Feature has not been updated in 5 years or more
133831518,way,last_update,19-10-2011,Feature has not been updated in 5 years or more
133831524,way,last_update,19-10-2011,Feature has not been updated in 5 years or more
134102242,way,last_update,21-10-2011,Feature has not been updated in 5 years or more
134191605,way,last_update,22-10-2011,Feature has not been updated in 5 years or more
134191607,way,last_update,13-6-2015,Feature has not been updated in 5 years or more
134191608,way,last_update,22-10-2011,Feature has not been updated in 5 years or more
134191610,way,last_update,22-10-2011,Feature has not been updated in 5 years or more
134191611,way,last_update,22-10-2011,Feature has not been updated in 5 years or more
134191612,way,last_update,22-10-2011,Feature has not been updated in 5 years or more
134210102,way,last_update,22-10-2011,Feature has not been updated in 5 years or more
134210103,way,last_update,28-10-2016,Feature has not been updated in 5 years or more
134210108,way,last_update,22-10-2011,Feature has not been updated in 5 years or more
134302510,way,last_update,29-7-2018,Feature has not been updated in 5 years or more
135942572,way,last_update,4-9-2016,Feature has not been updated in 5 years or more
135942574,way,last_update,5-11-2011,Feature has not been updated in 5 years or more
135942575,way,last_update,4-9-2016,Feature has not been updated in 5 years or more
135942578,way,last_update,5-11-2011,Feature has not been updated in 5 years or more
135942579,way,last_update,5-11-2011,Feature has not been updated in 5 years or more
135942583,way,last_update,5-11-2011,Feature has not been updated in 5 years or more
135942585,way,last_update,4-9-2016,Feature has not been updated in 5 years or more
135942586,way,last_update,5-11-2011,Feature has not been updated in 5 years or more
135942588,way,last_update,5-11-2011,Feature has not been updated in 5 years or more
135942590,way,last_update,5-11-2011,Feature has not been updated in 5 years or more
135942592,way,last_update,5-11-2011,Feature has not been updated in 5 years or more
135942593,way,last_update,4-9-2016,Feature has not been updated in 5 years or more
135942594,way,last_update,4-9-2016,Feature has not been updated in 5 years or more
135942597,way,last_update,4-9-2016,Feature has not been updated in 5 years or more
135942598,way,last_update,4-9-2016,Feature has not been updated in 5 years or more
135942600,way,last_update,4-9-2016,Feature has not been updated in 5 years or more
135942602,way,last_update,4-9-2016,Feature has not been updated in 5 years or more
135942603,way,last_update,5-11-2011,Feature has not been updated in 5 years or more
135942605,way,last_update,4-9-2016,Feature has not been updated in 5 years or more
136396770,way,last_update,9-11-2011,Feature has not been updated in 5 years or more
136396771,way,last_update,9-11-2011,Feature has not been updated in 5 years or more
136396772,way,last_update,9-11-2011,Feature has not been updated in 5 years or more
136396773,way,last_update,9-11-2011,Feature has not been updated in 5 years or more
136396775,way,last_update,9-11-2011,Feature has not been updated in 5 years or more
136396776,way,last_update,9-11-2011,Feature has not been updated in 5 years or more
136396778,way,last_update,9-11-2011,Feature has not been updated in 5 years or more
136396779,way,last_update,9-11-2011,Feature has not been updated in 5 years or more
136396780,way,last_update,9-11-2011,Feature has not been updated in 5 years or more
136396781,way,last_update,9-11-2011,Feature has not been updated in 5 years or more
136396782,way,last_update,9-11-2011,Feature has not been updated in 5 years or more
136396783,way,last_update,9-11-2011,Feature has not been updated in 5 years or more
136396785,way,last_update,9-11-2011,Feature has not been updated in 5 years or more
136396787,way,last_update,9-11-2011,Feature has not been updated in 5 years or more
136396788,way,last_update,9-11-2011,Feature has not been updated in 5 years or more
136396789,way,last_update,9-11-2011,Feature has not been updated in 5 years or more
136396790,way,last_update,9-11-2011,Feature has not been updated in 5 years or more
136396791,way,last_update,9-11-2011,Feature has not been updated in 5 years or more
136396792,way,last_update,9-11-2011,Feature has not been updated in 5 years or more
136396794,way,last_update,9-11-2011,Feature has not been updated in 5 years or more
136396795,way,last_update,9-11-2011,Feature has not been updated in 5 years or more
136396797,way,last_update,9-11-2011,Feature has not been updated in 5 years or more
136396799,way,last_update,2-10-2019,Feature has not been updated in 5 years or more
136396801,way,last_update,9-11-2011,Feature has not been updated in 5 years or more
136396802,way,last_update,9-11-2011,Feature has not been updated in 5 years or more
136396805,way,last_update,9-11-2011,Feature has not been updated in 5 years or more
136482512,way,last_update,10-11-2011,Feature has not been updated in 5 years or more
136482513,way,last_update,10-11-2011,Feature has not been updated in 5 years or more
136482515,way,last_update,10-11-2011,Feature has not been updated in 5 years or more
136482516,way,last_update,10-11-2011,Feature has not been updated in 5 years or more
136482518,way,last_update,10-11-2011,Feature has not been updated in 5 years or more
136482520,way,last_update,10-11-2011,Feature has not been updated in 5 years or more
136482523,way,last_update,10-11-2011,Feature has not been updated in 5 years or more
136482527,way,last_update,10-11-2011,Feature has not been updated in 5 years or more
136482530,way,last_update,10-11-2011,Feature has not been updated in 5 years or more
136482532,way,last_update,10-11-2011,Feature has not been updated in 5 years or more
136482533,way,last_update,10-11-2011,Feature has not been updated in 5 years or more
136482534,way,last_update,10-11-2011,Feature has not been updated in 5 years or more
136482535,way,last_update,10-11-2011,Feature has not been updated in 5 years or more
136482536,way,last_update,10-11-2011,Feature has not been updated in 5 years or more
136482537,way,last_update,10-11-2011,Feature has not been updated in 5 years or more
136482538,way,last_update,10-11-2011,Feature has not been updated in 5 years or more
136482539,way,last_update,10-11-2011,Feature has not been updated in 5 years or more
136482540,way,last_update,10-11-2011,Feature has not been updated in 5 years or more
136482541,way,last_update,10-11-2011,Feature has not been updated in 5 years or more
136482542,way,last_update,10-11-2011,Feature has not been updated in 5 years or more
136482543,way,last_update,10-11-2011,Feature has not been updated in 5 years or more
136482544,way,last_update,10-11-2011,Feature has not been updated in 5 years or more
136482545,way,last_update,10-11-2011,Feature has not been updated in 5 years or more
136482548,way,last_update,19-12-2016,Feature has not been updated in 5 years or more
136482549,way,last_update,10-11-2011,Feature has not been updated in 5 years or more
136482552,way,last_update,10-11-2011,Feature has not been updated in 5 years or more
136599009,way,last_update,11-11-2011,Feature has not been updated in 5 years or more
136599011,way,last_update,11-11-2011,Feature has not been updated in 5 years or more
136599013,way,last_update,11-11-2011,Feature has not been updated in 5 years or more
136599014,way,last_update,11-11-2011,Feature has not been updated in 5 years or more
136599016,way,last_update,11-11-2011,Feature has not been updated in 5 years or more
136599021,way,last_update,11-11-2011,Feature has not been updated in 5 years or more
136599022,way,last_update,11-11-2011,Feature has not been updated in 5 years or more
136599023,way,last_update,11-11-2011,Feature has not been updated in 5 years or more
136599024,way,last_update,11-11-2011,Feature has not been updated in 5 years or more
136599031,way,last_update,11-11-2011,Feature has not been updated in 5 years or more
136706318,way,last_update,12-11-2011,Feature has not been updated in 5 years or more
136706319,way,last_update,12-11-2011,Feature has not been updated in 5 years or more
136706320,way,last_update,12-11-2011,Feature has not been updated in 5 years or more
136706322,way,last_update,12-11-2011,Feature has not been updated in 5 years or more
136706325,way,last_update,12-11-2011,Feature has not been updated in 5 years or more
136706327,way,last_update,12-11-2011,Feature has not been updated in 5 years or more
136706328,way,last_update,12-11-2011,Feature has not been updated in 5 years or more
136706329,way,last_update,12-11-2011,Feature has not been updated in 5 years or more
136706331,way,last_update,12-11-2011,Feature has not been updated in 5 years or more
136706334,way,last_update,12-11-2011,Feature has not been updated in 5 years or more
136706335,way,last_update,12-11-2011,Feature has not been updated in 5 years or more
136706336,way,last_update,12-11-2011,Feature has not been updated in 5 years or more
136706338,way,last_update,12-11-2011,Feature has not been updated in 5 years or more
136706339,way,last_update,12-11-2011,Feature has not been updated in 5 years or more
136706341,way,last_update,12-11-2011,Feature has not been updated in 5 years or more
136706342,way,last_update,12-11-2011,Feature has not been updated in 5 years or more
136706347,way,last_update,12-11-2011,Feature has not been updated in 5 years or more
136706349,way,last_update,12-11-2011,Feature has not been updated in 5 years or more
136717807,way,last_update,12-11-2011,Feature has not been updated in 5 years or more
136717821,way,last_update,12-11-2011,Feature has not been updated in 5 years or more
136717824,way,last_update,12-11-2011,Feature has not been updated in 5 years or more
136717826,way,last_update,12-11-2011,Feature has not been updated in 5 years or more
136717848,way,last_update,12-11-2011,Feature has not been updated in 5 years or more
136717851,way,last_update,12-11-2011,Feature has not been updated in 5 years or more
136717853,way,last_update,12-11-2011,Feature has not been updated in 5 years or more
136717862,way,last_update,12-11-2011,Feature has not been updated in 5 years or more
136717870,way,last_update,12-11-2011,Feature has not been updated in 5 years or more
136717873,way,last_update,18-12-2016,Feature has not been updated in 5 years or more
136809038,way,last_update,13-11-2011,Feature has not been updated in 5 years or more
136809039,way,last_update,13-11-2011,Feature has not been updated in 5 years or more
136809040,way,last_update,14-10-2019,Feature has not been updated in 5 years or more
136809041,way,last_update,13-11-2011,Feature has not been updated in 5 years or more
136809042,way,last_update,13-11-2011,Feature has not been updated in 5 years or more
136809043,way,last_update,13-11-2011,Feature has not been updated in 5 years or more
136809045,way,last_update,13-11-2011,Feature has not been updated in 5 years or more
136809047,way,last_update,13-11-2011,Feature has not been updated in 5 years or more
136809048,way,last_update,13-11-2011,Feature has not been updated in 5 years or more
136809049,way,last_update,13-11-2011,Feature has not been updated in 5 years or more
136809050,way,last_update,13-11-2011,Feature has not been updated in 5 years or more
136809051,way,last_update,13-11-2011,Feature has not been updated in 5 years or more
136809053,way,last_update,13-11-2011,Feature has not been updated in 5 years or more
136809055,way,last_update,14-10-2019,Feature has not been updated in 5 years or more
136809056,way,last_update,13-11-2011,Feature has not been updated in 5 years or more
136809057,way,last_update,13-11-2011,Feature has not been updated in 5 years or more
136809059,way,last_update,13-11-2011,Feature has not been updated in 5 years or more
136809060,way,last_update,13-11-2011,Feature has not been updated in 5 years or more
136809061,way,last_update,13-11-2011,Feature has not been updated in 5 years or more
136809063,way,last_update,13-11-2011,Feature has not been updated in 5 years or more
136809065,way,last_update,13-11-2011,Feature has not been updated in 5 years or more
136809066,way,last_update,13-11-2011,Feature has not been updated in 5 years or more
136809067,way,last_update,13-11-2011,Feature has not been updated in 5 years or more
136809068,way,last_update,13-11-2011,Feature has not been updated in 5 years or more
136809069,way,last_update,13-11-2011,Feature has not been updated in 5 years or more
136809070,way,last_update,13-11-2011,Feature has not been updated in 5 years or more
136809071,way,last_update,14-10-2019,Feature has not been updated in 5 years or more
136809072,way,last_update,13-11-2011,Feature has not been updated in 5 years or more
136809073,way,last_update,13-11-2011,Feature has not been updated in 5 years or more
136809074,way,last_update,13-11-2011,Feature has not been updated in 5 years or more
136809075,way,last_update,13-11-2011,Feature has not been updated in 5 years or more
136809076,way,last_update,13-11-2011,Feature has not been updated in 5 years or more
136809078,way,last_update,13-11-2011,Feature has not been updated in 5 years or more
136809080,way,last_update,13-11-2011,Feature has not been updated in 5 years or more
136809081,way,last_update,13-10-2020,Feature has not been updated in 5 years or more
136809082,way,last_update,13-11-2011,Feature has not been updated in 5 years or more
136809083,way,last_update,7-10-2019,Feature has not been updated in 5 years or more
136809084,way,last_update,7-10-2019,Feature has not been updated in 5 years or more
136809087,way,last_update,13-11-2011,Feature has not been updated in 5 years or more
136809088,way,last_update,13-11-2011,Feature has not been updated in 5 years or more
136809089,way,last_update,13-10-2020,Feature has not been updated in 5 years or more
136809090,way,last_update,13-11-2011,Feature has not been updated in 5 years or more
136809094,way,last_update,13-11-2011,Feature has not been updated in 5 years or more
136809095,way,last_update,13-11-2011,Feature has not been updated in 5 years or more
136809097,way,last_update,13-11-2011,Feature has not been updated in 5 years or more
136962850,way,last_update,3-9-2016,Feature has not been updated in 5 years or more
136962852,way,last_update,14-11-2011,Feature has not been updated in 5 years or more
136962855,way,last_update,14-11-2011,Feature has not been updated in 5 years or more
136962858,way,last_update,14-11-2011,Feature has not been updated in 5 years or more
136962860,way,last_update,14-11-2011,Feature has not been updated in 5 years or more
136962861,way,last_update,14-11-2011,Feature has not been updated in 5 years or more
136962862,way,last_update,14-11-2011,Feature has not been updated in 5 years or more
136962864,way,last_update,3-9-2016,Feature has not been updated in 5 years or more
136962872,way,last_update,14-11-2011,Feature has not been updated in 5 years or more
136962873,way,last_update,14-11-2011,Feature has not been updated in 5 years or more
136962874,way,last_update,3-9-2016,Feature has not been updated in 5 years or more
136962876,way,last_update,14-11-2011,Feature has not been updated in 5 years or more
136962877,way,last_update,14-11-2011,Feature has not been updated in 5 years or more
136962880,way,last_update,14-11-2011,Feature has not been updated in 5 years or more
136962882,way,last_update,14-11-2011,Feature has not been updated in 5 years or more
136962883,way,last_update,14-11-2011,Feature has not been updated in 5 years or more
136962886,way,last_update,14-11-2011,Feature has not been updated in 5 years or more
136962887,way,last_update,14-11-2011,Feature has not been updated in 5 years or more
136962889,way,last_update,3-9-2016,Feature has not been updated in 5 years or more
136962890,way,last_update,14-11-2011,Feature has not been updated in 5 years or more
136962891,way,last_update,14-11-2011,Feature has not been updated in 5 years or more
136962895,way,last_update,14-11-2011,Feature has not been updated in 5 years or more
136962900,way,last_update,14-11-2011,Feature has not been updated in 5 years or more
136962902,way,last_update,14-11-2011,Feature has not been updated in 5 years or more
136962904,way,last_update,14-11-2011,Feature has not been updated in 5 years or more
136962908,way,last_update,14-11-2011,Feature has not been updated in 5 years or more
136962909,way,last_update,14-11-2011,Feature has not been updated in 5 years or more
136962910,way,last_update,14-11-2011,Feature has not been updated in 5 years or more
136962912,way,last_update,3-9-2016,Feature has not been updated in 5 years or more
136962914,way,last_update,14-11-2011,Feature has not been updated in 5 years or more
136962918,way,last_update,14-11-2011,Feature has not been updated in 5 years or more
136962922,way,last_update,13-10-2020,Feature has not been updated in 5 years or more
136962924,way,last_update,13-10-2020,Feature has not been updated in 5 years or more
136962934,way,last_update,27-6-2020,Feature has not been updated in 5 years or more
136962939,way,last_update,13-10-2020,Feature has not been updated in 5 years or more
136962940,way,last_update,13-10-2020,Feature has not been updated in 5 years or more
136962944,way,last_update,13-10-2020,Feature has not been updated in 5 years or more
136962946,way,last_update,13-10-2020,Feature has not been updated in 5 years or more
136962947,way,last_update,13-10-2020,Feature has not been updated in 5 years or more
136962948,way,last_update,14-11-2011,Feature has not been updated in 5 years or more
136962950,way,last_update,14-11-2011,Feature has not been updated in 5 years or more
136973653,way,last_update,13-1-2013,Feature has not been updated in 5 years or more
136973654,way,last_update,13-1-2013,Feature has not been updated in 5 years or more
136973657,way,last_update,5-8-2018,Feature has not been updated in 5 years or more
136973658,way,last_update,13-1-2013,Feature has not been updated in 5 years or more
136973659,way,last_update,14-11-2011,Feature has not been updated in 5 years or more
136973666,way,last_update,13-10-2020,Feature has not been updated in 5 years or more
136973667,way,last_update,13-10-2020,Feature has not been updated in 5 years or more
136973670,way,last_update,13-10-2020,Feature has not been updated in 5 years or more
137071361,way,last_update,15-11-2011,Feature has not been updated in 5 years or more
137071362,way,last_update,15-11-2011,Feature has not been updated in 5 years or more
137071363,way,last_update,15-11-2011,Feature has not been updated in 5 years or more
137071365,way,last_update,15-11-2011,Feature has not been updated in 5 years or more
137071367,way,last_update,15-11-2011,Feature has not been updated in 5 years or more
137071368,way,last_update,15-11-2011,Feature has not been updated in 5 years or more
137071369,way,last_update,15-11-2011,Feature has not been updated in 5 years or more
137071370,way,last_update,15-11-2011,Feature has not been updated in 5 years or more
137071373,way,last_update,15-11-2011,Feature has not been updated in 5 years or more
137071374,way,last_update,15-11-2011,Feature has not been updated in 5 years or more
137071375,way,last_update,15-11-2011,Feature has not been updated in 5 years or more
137071383,way,last_update,15-11-2011,Feature has not been updated in 5 years or more
137071384,way,last_update,15-11-2011,Feature has not been updated in 5 years or more
139216601,way,last_update,1-12-2011,Feature has not been updated in 5 years or more
139334097,way,last_update,2-12-2011,Feature has not been updated in 5 years or more
139334098,way,last_update,2-12-2011,Feature has not been updated in 5 years or more
139334102,way,last_update,2-12-2011,Feature has not been updated in 5 years or more
139334103,way,last_update,2-12-2011,Feature has not been updated in 5 years or more
139334104,way,last_update,2-12-2011,Feature has not been updated in 5 years or more
139334105,way,last_update,2-12-2011,Feature has not been updated in 5 years or more
139334110,way,last_update,2-12-2011,Feature has not been updated in 5 years or more
139334111,way,last_update,2-12-2011,Feature has not been updated in 5 years or more
139334112,way,last_update,2-12-2011,Feature has not been updated in 5 years or more
139334114,way,last_update,2-12-2011,Feature has not been updated in 5 years or more
139334115,way,last_update,2-12-2011,Feature has not been updated in 5 years or more
139488050,way,last_update,3-12-2011,Feature has not been updated in 5 years or more
139488051,way,last_update,5-12-2018,Feature has not been updated in 5 years or more
139488052,way,last_update,3-12-2011,Feature has not been updated in 5 years or more
139488054,way,last_update,3-12-2011,Feature has not been updated in 5 years or more
139488056,way,last_update,3-12-2011,Feature has not been updated in 5 years or more
139488058,way,last_update,13-6-2015,Feature has not been updated in 5 years or more
139488062,way,last_update,5-12-2018,Feature has not been updated in 5 years or more
139488063,way,last_update,3-12-2011,Feature has not been updated in 5 years or more
139488064,way,last_update,3-12-2011,Feature has not been updated in 5 years or more
139488065,way,last_update,3-12-2011,Feature has not been updated in 5 years or more
139488067,way,last_update,5-12-2018,Feature has not been updated in 5 years or more
139488068,way,last_update,5-12-2018,Feature has not been updated in 5 years or more
139488069,way,last_update,5-12-2018,Feature has not been updated in 5 years or more
139488070,way,last_update,29-7-2018,Feature has not been updated in 5 years or more
139488071,way,last_update,5-12-2018,Feature has not been updated in 5 years or more
139488072,way,last_update,3-12-2011,Feature has not been updated in 5 years or more
139488073,way,last_update,3-12-2011,Feature has not been updated in 5 years or more
139488074,way,last_update,3-12-2011,Feature has not been updated in 5 years or more
139488075,way,last_update,3-12-2011,Feature has not been updated in 5 years or more
139488076,way,last_update,5-12-2018,Feature has not been updated in 5 years or more
139488078,way,last_update,3-12-2011,Feature has not been updated in 5 years or more
139488080,way,last_update,3-12-2011,Feature has not been updated in 5 years or more
139488083,way,last_update,3-12-2011,Feature has not been updated in 5 years or more
139488095,way,last_update,3-12-2011,Feature has not been updated in 5 years or more
139488107,way,last_update,15-10-2013,Feature has not been updated in 5 years or more
139493193,way,last_update,3-12-2011,Feature has not been updated in 5 years or more
139493195,way,last_update,3-12-2011,Feature has not been updated in 5 years or more
139493196,way,last_update,3-12-2011,Feature has not been updated in 5 years or more
139493197,way,last_update,3-12-2011,Feature has not been updated in 5 years or more
139493201,way,last_update,3-12-2011,Feature has not been updated in 5 years or more
139493202,way,last_update,3-12-2011,Feature has not been updated in 5 years or more
139498686,way,last_update,3-12-2011,Feature has not been updated in 5 years or more
139498689,way,last_update,3-12-2011,Feature has not been updated in 5 years or more
139498690,way,last_update,3-12-2011,Feature has not been updated in 5 years or more
139498694,way,last_update,3-12-2011,Feature has not been updated in 5 years or more
139498695,way,last_update,3-12-2011,Feature has not been updated in 5 years or more
139498700,way,last_update,3-12-2011,Feature has not been updated in 5 years or more
139498702,way,last_update,3-12-2011,Feature has not been updated in 5 years or more
139498703,way,last_update,3-12-2011,Feature has not been updated in 5 years or more
139498706,way,last_update,3-12-2011,Feature has not been updated in 5 years or more
139498707,way,last_update,3-12-2011,Feature has not been updated in 5 years or more
139498711,way,last_update,3-12-2011,Feature has not been updated in 5 years or more
139498713,way,last_update,3-12-2011,Feature has not been updated in 5 years or more
139498718,way,last_update,3-12-2011,Feature has not been updated in 5 years or more
139498719,way,last_update,3-12-2011,Feature has not been updated in 5 years or more
139498724,way,last_update,3-12-2011,Feature has not been updated in 5 years or more
139498726,way,last_update,3-12-2011,Feature has not been updated in 5 years or more
139498731,way,last_update,3-12-2011,Feature has not been updated in 5 years or more
139498737,way,last_update,3-12-2011,Feature has not been updated in 5 years or more
139498742,way,last_update,3-12-2011,Feature has not been updated in 5 years or more
139498743,way,last_update,3-12-2011,Feature has not been updated in 5 years or more
139498747,way,last_update,3-12-2011,Feature has not been updated in 5 years or more
139498748,way,last_update,3-12-2011,Feature has not been updated in 5 years or more
139498753,way,last_update,3-12-2011,Feature has not been updated in 5 years or more
139498754,way,last_update,3-12-2011,Feature has not been updated in 5 years or more
139498759,way,last_update,3-12-2011,Feature has not been updated in 5 years or more
139498764,way,last_update,3-12-2011,Feature has not been updated in 5 years or more
139498766,way,last_update,3-12-2011,Feature has not been updated in 5 years or more
139498772,way,last_update,13-10-2020,Feature has not been updated in 5 years or more
139498784,way,last_update,25-11-2012,Feature has not been updated in 5 years or more
139498785,way,last_update,13-10-2020,Feature has not been updated in 5 years or more
140215428,way,last_update,8-12-2011,Feature has not been updated in 5 years or more
140215430,way,last_update,8-12-2011,Feature has not been updated in 5 years or more
140216796,way,last_update,8-12-2011,Feature has not been updated in 5 years or more
140216798,way,last_update,8-12-2011,Feature has not been updated in 5 years or more
140216802,way,last_update,16-11-2018,Feature has not been updated in 5 years or more
140216803,way,last_update,8-12-2011,Feature has not been updated in 5 years or more
140216805,way,last_update,16-11-2018,Feature has not been updated in 5 years or more
140216814,way,last_update,8-12-2011,Feature has not been updated in 5 years or more
140216817,way,last_update,16-11-2018,Feature has not been updated in 5 years or more
140216822,way,last_update,8-12-2011,Feature has not been updated in 5 years or more
140216823,way,last_update,8-12-2011,Feature has not been updated in 5 years or more
140216825,way,last_update,16-11-2018,Feature has not been updated in 5 years or more
140352846,way,last_update,9-12-2011,Feature has not been updated in 5 years or more
140352848,way,last_update,9-12-2011,Feature has not been updated in 5 years or more
140352849,way,last_update,9-12-2011,Feature has not been updated in 5 years or more
140352850,way,last_update,9-12-2011,Feature has not been updated in 5 years or more
140352852,way,last_update,9-12-2011,Feature has not been updated in 5 years or more
140352853,way,last_update,9-12-2011,Feature has not been updated in 5 years or more
140352854,way,last_update,9-12-2011,Feature has not been updated in 5 years or more
140352855,way,last_update,9-12-2011,Feature has not been updated in 5 years or more
140352856,way,last_update,9-12-2011,Feature has not been updated in 5 years or more
140352857,way,last_update,9-12-2011,Feature has not been updated in 5 years or more
140352858,way,last_update,9-12-2011,Feature has not been updated in 5 years or more
140352859,way,last_update,9-12-2011,Feature has not been updated in 5 years or more
140352860,way,last_update,9-12-2011,Feature has not been updated in 5 years or more
140352861,way,last_update,9-12-2011,Feature has not been updated in 5 years or more
140352862,way,last_update,9-12-2011,Feature has not been updated in 5 years or more
140352863,way,last_update,9-12-2011,Feature has not been updated in 5 years or more
140352864,way,last_update,9-12-2011,Feature has not been updated in 5 years or more
140352865,way,last_update,9-12-2011,Feature has not been updated in 5 years or more
140352867,way,last_update,9-12-2011,Feature has not been updated in 5 years or more
140352868,way,last_update,9-12-2011,Feature has not been updated in 5 years or more
140352869,way,last_update,9-12-2011,Feature has not been updated in 5 years or more
140352870,way,last_update,9-12-2011,Feature has not been updated in 5 years or more
140352871,way,last_update,9-12-2011,Feature has not been updated in 5 years or more
140352872,way,last_update,9-12-2011,Feature has not been updated in 5 years or more
140352873,way,last_update,9-12-2011,Feature has not been updated in 5 years or more
140352874,way,last_update,9-12-2011,Feature has not been updated in 5 years or more
140352875,way,last_update,9-12-2011,Feature has not been updated in 5 years or more
140352876,way,last_update,9-12-2011,Feature has not been updated in 5 years or more
140478015,way,last_update,6-11-2016,Feature has not been updated in 5 years or more
140478063,way,last_update,6-11-2016,Feature has not been updated in 5 years or more
140478064,way,last_update,10-12-2011,Feature has not been updated in 5 years or more
140478065,way,last_update,10-12-2011,Feature has not been updated in 5 years or more
140478066,way,last_update,10-12-2011,Feature has not been updated in 5 years or more
140478067,way,last_update,10-12-2011,Feature has not been updated in 5 years or more
140478068,way,last_update,10-12-2011,Feature has not been updated in 5 years or more
140478072,way,last_update,10-12-2011,Feature has not been updated in 5 years or more
140478074,way,last_update,10-12-2011,Feature has not been updated in 5 years or more
140478075,way,last_update,6-11-2016,Feature has not been updated in 5 years or more
140478078,way,last_update,10-12-2011,Feature has not been updated in 5 years or more
140478081,way,last_update,10-12-2011,Feature has not been updated in 5 years or more
140478082,way,last_update,10-12-2011,Feature has not been updated in 5 years or more
140478083,way,last_update,10-12-2011,Feature has not been updated in 5 years or more
140478084,way,last_update,10-12-2011,Feature has not been updated in 5 years or more
140500378,way,last_update,10-12-2011,Feature has not been updated in 5 years or more
140500379,way,last_update,10-12-2011,Feature has not been updated in 5 years or more
140500380,way,last_update,10-12-2011,Feature has not been updated in 5 years or more
140500382,way,last_update,10-12-2011,Feature has not been updated in 5 years or more
140500383,way,last_update,10-12-2011,Feature has not been updated in 5 years or more
140500384,way,last_update,10-12-2011,Feature has not been updated in 5 years or more
140500385,way,last_update,10-12-2011,Feature has not been updated in 5 years or more
140500392,way,last_update,10-12-2011,Feature has not been updated in 5 years or more
140512517,way,last_update,10-12-2011,Feature has not been updated in 5 years or more
140512522,way,last_update,10-12-2011,Feature has not been updated in 5 years or more
140633634,way,last_update,11-12-2011,Feature has not been updated in 5 years or more
141030824,way,last_update,13-12-2011,Feature has not been updated in 5 years or more
141030827,way,last_update,13-12-2011,Feature has not been updated in 5 years or more
141300310,way,last_update,15-12-2011,Feature has not been updated in 5 years or more
141300313,way,last_update,15-12-2011,Feature has not been updated in 5 years or more
141300314,way,last_update,15-12-2011,Feature has not been updated in 5 years or more
141300315,way,last_update,15-12-2011,Feature has not been updated in 5 years or more
141300317,way,last_update,26-5-2013,Feature has not been updated in 5 years or more
141300318,way,last_update,10-5-2019,Feature has not been updated in 5 years or more
141300319,way,last_update,26-5-2013,Feature has not been updated in 5 years or more
141300320,way,last_update,15-12-2011,Feature has not been updated in 5 years or more
141300321,way,last_update,10-5-2019,Feature has not been updated in 5 years or more
141300323,way,last_update,29-7-2018,Feature has not been updated in 5 years or more
141300325,way,last_update,15-12-2011,Feature has not been updated in 5 years or more
142392210,way,last_update,22-12-2011,Feature has not been updated in 5 years or more
142392211,way,last_update,22-12-2011,Feature has not been updated in 5 years or more
142392213,way,last_update,22-12-2011,Feature has not been updated in 5 years or more
142392214,way,last_update,22-12-2011,Feature has not been updated in 5 years or more
142392215,way,last_update,22-12-2011,Feature has not been updated in 5 years or more
144718765,way,last_update,8-1-2012,Feature has not been updated in 5 years or more
144718766,way,last_update,8-1-2012,Feature has not been updated in 5 years or more
144718768,way,last_update,8-1-2012,Feature has not been updated in 5 years or more
144718769,way,last_update,8-1-2012,Feature has not been updated in 5 years or more
144718770,way,last_update,8-1-2012,Feature has not been updated in 5 years or more
144718771,way,last_update,8-1-2012,Feature has not been updated in 5 years or more
144718773,way,last_update,8-1-2012,Feature has not been updated in 5 years or more
144718775,way,last_update,8-1-2012,Feature has not been updated in 5 years or more
144847227,way,last_update,9-1-2012,Feature has not been updated in 5 years or more
144864098,way,last_update,9-1-2012,Feature has not been updated in 5 years or more
144864099,way,last_update,9-1-2012,Feature has not been updated in 5 years or more
144864100,way,last_update,9-1-2012,Feature has not been updated in 5 years or more
144864106,way,last_update,9-1-2012,Feature has not been updated in 5 years or more
144864107,way,last_update,9-1-2012,Feature has not been updated in 5 years or more
144864110,way,last_update,9-1-2012,Feature has not been updated in 5 years or more
144864114,way,last_update,9-1-2012,Feature has not been updated in 5 years or more
144864115,way,last_update,9-1-2012,Feature has not been updated in 5 years or more
144864119,way,last_update,9-1-2012,Feature has not been updated in 5 years or more
147510998,way,last_update,28-2-2015,Feature has not been updated in 5 years or more
147511001,way,last_update,28-2-2015,Feature has not been updated in 5 years or more
147511003,way,last_update,27-1-2012,Feature has not been updated in 5 years or more
147511004,way,last_update,22-10-2018,Feature has not been updated in 5 years or more
147511005,way,last_update,22-10-2018,Feature has not been updated in 5 years or more
147511006,way,last_update,22-10-2018,Feature has not been updated in 5 years or more
147511007,way,last_update,28-2-2015,Feature has not been updated in 5 years or more
147511008,way,last_update,28-2-2015,Feature has not been updated in 5 years or more
147511009,way,last_update,27-1-2012,Feature has not been updated in 5 years or more
147511010,way,last_update,27-1-2012,Feature has not been updated in 5 years or more
147670065,way,last_update,28-1-2012,Feature has not been updated in 5 years or more
147670069,way,last_update,28-1-2012,Feature has not been updated in 5 years or more
147670070,way,last_update,28-1-2012,Feature has not been updated in 5 years or more
147670072,way,last_update,21-11-2016,Feature has not been updated in 5 years or more
148172952,way,last_update,13-4-2021,Feature has not been updated in 5 years or more
148172992,way,last_update,31-1-2012,Feature has not been updated in 5 years or more
148172994,way,last_update,31-1-2012,Feature has not been updated in 5 years or more
148172999,way,last_update,31-1-2012,Feature has not been updated in 5 years or more
148173005,way,last_update,31-1-2012,Feature has not been updated in 5 years or more
148173006,way,last_update,28-10-2016,Feature has not been updated in 5 years or more
148173009,way,last_update,30-7-2018,Feature has not been updated in 5 years or more
148173015,way,last_update,31-1-2012,Feature has not been updated in 5 years or more
148173018,way,last_update,31-1-2012,Feature has not been updated in 5 years or more
148173020,way,last_update,31-1-2012,Feature has not been updated in 5 years or more
148173023,way,last_update,31-1-2012,Feature has not been updated in 5 years or more
148173024,way,last_update,31-1-2012,Feature has not been updated in 5 years or more
148173025,way,last_update,28-10-2016,Feature has not been updated in 5 years or more
148173026,way,last_update,28-10-2016,Feature has not been updated in 5 years or more
148173028,way,last_update,13-4-2021,Feature has not been updated in 5 years or more
148173029,way,last_update,28-10-2016,Feature has not been updated in 5 years or more
148173030,way,last_update,31-12-2016,Feature has not been updated in 5 years or more
148173031,way,last_update,13-4-2021,Feature has not been updated in 5 years or more
148173032,way,last_update,28-10-2016,Feature has not been updated in 5 years or more
148173033,way,last_update,31-1-2012,Feature has not been updated in 5 years or more
148173034,way,last_update,13-4-2021,Feature has not been updated in 5 years or more
148173035,way,last_update,31-1-2012,Feature has not been updated in 5 years or more
148173037,way,last_update,31-1-2012,Feature has not been updated in 5 years or more
148173038,way,last_update,13-4-2021,Feature has not been updated in 5 years or more
148173039,way,last_update,31-1-2012,Feature has not been updated in 5 years or more
148173042,way,last_update,31-1-2012,Feature has not been updated in 5 years or more
148173044,way,last_update,31-1-2012,Feature has not been updated in 5 years or more
148173045,way,last_update,30-7-2018,Feature has not been updated in 5 years or more
148173046,way,last_update,13-4-2021,Feature has not been updated in 5 years or more
148173048,way,last_update,13-4-2021,Feature has not been updated in 5 years or more
148173050,way,last_update,28-10-2016,Feature has not been updated in 5 years or more
148173051,way,last_update,28-10-2016,Feature has not been updated in 5 years or more
148173052,way,last_update,31-1-2012,Feature has not been updated in 5 years or more
148399313,way,last_update,2-2-2012,Feature has not been updated in 5 years or more
148578988,way,last_update,3-2-2012,Feature has not been updated in 5 years or more
148578991,way,last_update,3-2-2012,Feature has not been updated in 5 years or more
148658276,way,last_update,4-2-2012,Feature has not been updated in 5 years or more
148658291,way,last_update,4-2-2012,Feature has not been updated in 5 years or more
148658292,way,last_update,4-2-2012,Feature has not been updated in 5 years or more
148658293,way,last_update,4-2-2012,Feature has not been updated in 5 years or more
148658294,way,last_update,4-2-2012,Feature has not been updated in 5 years or more
148658295,way,last_update,4-2-2012,Feature has not been updated in 5 years or more
148658296,way,last_update,4-2-2012,Feature has not been updated in 5 years or more
148658297,way,last_update,4-2-2012,Feature has not been updated in 5 years or more
148658298,way,last_update,4-2-2012,Feature has not been updated in 5 years or more
148658299,way,last_update,4-2-2012,Feature has not been updated in 5 years or more
148658300,way,last_update,4-2-2012,Feature has not been updated in 5 years or more
148658302,way,last_update,4-2-2012,Feature has not been updated in 5 years or more
148658303,way,last_update,4-2-2012,Feature has not been updated in 5 years or more
148658304,way,last_update,4-2-2012,Feature has not been updated in 5 years or more
148658305,way,last_update,5-11-2018,Feature has not been updated in 5 years or more
148658306,way,last_update,4-2-2012,Feature has not been updated in 5 years or more
148658307,way,last_update,4-2-2012,Feature has not been updated in 5 years or more
148658308,way,last_update,4-2-2012,Feature has not been updated in 5 years or more
148658309,way,last_update,4-2-2012,Feature has not been updated in 5 years or more
148658313,way,last_update,28-10-2016,Feature has not been updated in 5 years or more
148658314,way,last_update,4-2-2012,Feature has not been updated in 5 years or more
148658317,way,last_update,28-10-2016,Feature has not been updated in 5 years or more
148658320,way,last_update,28-10-2016,Feature has not been updated in 5 years or more
148658321,way,last_update,28-10-2016,Feature has not been updated in 5 years or more
148658323,way,last_update,28-10-2016,Feature has not been updated in 5 years or more
148658328,way,last_update,4-2-2012,Feature has not been updated in 5 years or more
149373376,way,last_update,8-2-2012,Feature has not been updated in 5 years or more
149373380,way,last_update,8-2-2012,Feature has not been updated in 5 years or more
149373384,way,last_update,8-2-2012,Feature has not been updated in 5 years or more
149373386,way,last_update,8-2-2012,Feature has not been updated in 5 years or more
149373388,way,last_update,8-2-2012,Feature has not been updated in 5 years or more
149373390,way,last_update,8-2-2012,Feature has not been updated in 5 years or more
149373391,way,last_update,8-2-2012,Feature has not been updated in 5 years or more
149373395,way,last_update,3-12-2018,Feature has not been updated in 5 years or more
149373396,way,last_update,8-2-2012,Feature has not been updated in 5 years or more
149373400,way,last_update,8-2-2012,Feature has not been updated in 5 years or more
149373401,way,last_update,8-2-2012,Feature has not been updated in 5 years or more
149373405,way,last_update,8-2-2012,Feature has not been updated in 5 years or more
149373406,way,last_update,8-2-2012,Feature has not been updated in 5 years or more
149373407,way,last_update,8-2-2012,Feature has not been updated in 5 years or more
149373411,way,last_update,8-2-2012,Feature has not been updated in 5 years or more
149373412,way,last_update,3-12-2018,Feature has not been updated in 5 years or more
149373415,way,last_update,8-2-2012,Feature has not been updated in 5 years or more
149373418,way,last_update,8-2-2012,Feature has not been updated in 5 years or more
149373425,way,last_update,8-2-2012,Feature has not been updated in 5 years or more
149373432,way,last_update,8-2-2012,Feature has not been updated in 5 years or more
149373435,way,last_update,8-2-2012,Feature has not been updated in 5 years or more
149373439,way,last_update,8-2-2012,Feature has not been updated in 5 years or more
149373442,way,last_update,8-2-2012,Feature has not been updated in 5 years or more
149373444,way,last_update,8-2-2012,Feature has not been updated in 5 years or more
149373447,way,last_update,8-2-2012,Feature has not been updated in 5 years or more
149373449,way,last_update,8-2-2012,Feature has not been updated in 5 years or more
149544468,way,last_update,7-11-2018,Feature has not been updated in 5 years or more
149701308,way,last_update,20-4-2012,Feature has not been updated in 5 years or more
150722456,way,last_update,17-2-2012,Feature has not been updated in 5 years or more
150722457,way,last_update,28-10-2016,Feature has not been updated in 5 years or more
150722458,way,last_update,17-2-2012,Feature has not been updated in 5 years or more
150722459,way,last_update,17-2-2012,Feature has not been updated in 5 years or more
150722462,way,last_update,17-2-2012,Feature has not been updated in 5 years or more
150722463,way,last_update,17-2-2012,Feature has not been updated in 5 years or more
150722464,way,last_update,17-2-2012,Feature has not been updated in 5 years or more
150722465,way,last_update,30-12-2016,Feature has not been updated in 5 years or more
150722466,way,last_update,30-12-2016,Feature has not been updated in 5 years or more
150722468,way,last_update,28-10-2016,Feature has not been updated in 5 years or more
150893965,way,last_update,18-2-2012,Feature has not been updated in 5 years or more
150893966,way,last_update,18-2-2012,Feature has not been updated in 5 years or more
150893968,way,last_update,18-2-2012,Feature has not been updated in 5 years or more
152296655,way,last_update,28-2-2012,Feature has not been updated in 5 years or more
152296656,way,last_update,28-2-2012,Feature has not been updated in 5 years or more
152296657,way,last_update,28-2-2012,Feature has not been updated in 5 years or more
152296664,way,last_update,28-2-2012,Feature has not been updated in 5 years or more
152296668,way,last_update,28-2-2012,Feature has not been updated in 5 years or more
152296671,way,last_update,8-8-2018,Feature has not been updated in 5 years or more
152296673,way,last_update,28-2-2012,Feature has not been updated in 5 years or more
152312732,way,last_update,28-2-2012,Feature has not been updated in 5 years or more
152312733,way,last_update,28-2-2012,Feature has not been updated in 5 years or more
152312734,way,last_update,28-2-2012,Feature has not been updated in 5 years or more
152312735,way,last_update,28-2-2012,Feature has not been updated in 5 years or more
153779586,way,last_update,10-4-2012,Feature has not been updated in 5 years or more
153779615,way,last_update,16-9-2019,Feature has not been updated in 5 years or more
153779636,way,last_update,7-3-2012,Feature has not been updated in 5 years or more
153779639,way,last_update,7-3-2012,Feature has not been updated in 5 years or more
153779640,way,last_update,7-3-2012,Feature has not been updated in 5 years or more
153779641,way,last_update,7-3-2012,Feature has not been updated in 5 years or more
153779642,way,last_update,7-3-2012,Feature has not been updated in 5 years or more
153779643,way,last_update,7-3-2012,Feature has not been updated in 5 years or more
153779644,way,last_update,20-10-2019,Feature has not been updated in 5 years or more
153779645,way,last_update,7-3-2012,Feature has not been updated in 5 years or more
153779647,way,last_update,7-3-2012,Feature has not been updated in 5 years or more
153779650,way,last_update,7-3-2012,Feature has not been updated in 5 years or more
153779652,way,last_update,7-3-2012,Feature has not been updated in 5 years or more
153779653,way,last_update,7-3-2012,Feature has not been updated in 5 years or more
153779655,way,last_update,7-3-2012,Feature has not been updated in 5 years or more
153779656,way,last_update,7-3-2012,Feature has not been updated in 5 years or more
153779657,way,last_update,7-3-2012,Feature has not been updated in 5 years or more
153779658,way,last_update,7-3-2012,Feature has not been updated in 5 years or more
153779660,way,last_update,7-3-2012,Feature has not been updated in 5 years or more
153779661,way,last_update,7-3-2012,Feature has not been updated in 5 years or more
153779662,way,last_update,7-3-2012,Feature has not been updated in 5 years or more
153779664,way,last_update,7-3-2012,Feature has not been updated in 5 years or more
153779666,way,last_update,7-3-2012,Feature has not been updated in 5 years or more
153779668,way,last_update,7-3-2012,Feature has not been updated in 5 years or more
153779670,way,last_update,7-3-2012,Feature has not been updated in 5 years or more
153779671,way,last_update,7-3-2012,Feature has not been updated in 5 years or more
154864257,way,last_update,13-3-2012,Feature has not been updated in 5 years or more
154864261,way,last_update,13-3-2012,Feature has not been updated in 5 years or more
154864265,way,last_update,13-3-2012,Feature has not been updated in 5 years or more
154864269,way,last_update,13-3-2012,Feature has not been updated in 5 years or more
154864271,way,last_update,13-3-2012,Feature has not been updated in 5 years or more
154864275,way,last_update,13-3-2012,Feature has not been updated in 5 years or more
154864283,way,last_update,13-3-2012,Feature has not been updated in 5 years or more
154864284,way,last_update,13-3-2012,Feature has not been updated in 5 years or more
154864289,way,last_update,13-3-2012,Feature has not been updated in 5 years or more
154864291,way,last_update,13-3-2012,Feature has not been updated in 5 years or more
154864302,way,last_update,13-3-2012,Feature has not been updated in 5 years or more
154864307,way,last_update,13-3-2012,Feature has not been updated in 5 years or more
154864309,way,last_update,13-3-2012,Feature has not been updated in 5 years or more
154864310,way,last_update,13-3-2012,Feature has not been updated in 5 years or more
154864314,way,last_update,13-3-2012,Feature has not been updated in 5 years or more
154864320,way,last_update,13-3-2012,Feature has not been updated in 5 years or more
154864324,way,last_update,13-3-2012,Feature has not been updated in 5 years or more
155145635,way,last_update,15-3-2012,Feature has not been updated in 5 years or more
155145639,way,last_update,15-3-2012,Feature has not been updated in 5 years or more
155145641,way,last_update,15-3-2012,Feature has not been updated in 5 years or more
155145642,way,last_update,15-3-2012,Feature has not been updated in 5 years or more
155145646,way,last_update,15-3-2012,Feature has not been updated in 5 years or more
155249177,way,last_update,16-3-2012,Feature has not been updated in 5 years or more
155249178,way,last_update,16-3-2012,Feature has not been updated in 5 years or more
155249179,way,last_update,16-3-2012,Feature has not been updated in 5 years or more
155249181,way,last_update,16-3-2012,Feature has not been updated in 5 years or more
155249182,way,last_update,16-3-2012,Feature has not been updated in 5 years or more
155249183,way,last_update,16-3-2012,Feature has not been updated in 5 years or more
155249184,way,last_update,16-3-2012,Feature has not been updated in 5 years or more
155371202,way,last_update,17-3-2012,Feature has not been updated in 5 years or more
155371203,way,last_update,17-3-2012,Feature has not been updated in 5 years or more
155371205,way,last_update,17-3-2012,Feature has not been updated in 5 years or more
155371206,way,last_update,17-3-2012,Feature has not been updated in 5 years or more
155371208,way,last_update,17-3-2012,Feature has not been updated in 5 years or more
157665243,way,last_update,31-3-2012,Feature has not been updated in 5 years or more
157665249,way,last_update,31-3-2012,Feature has not been updated in 5 years or more
157665252,way,last_update,31-3-2012,Feature has not been updated in 5 years or more
157665256,way,last_update,31-3-2012,Feature has not been updated in 5 years or more
157665259,way,last_update,31-3-2012,Feature has not been updated in 5 years or more
158198200,way,last_update,29-9-2013,Feature has not been updated in 5 years or more
158198202,way,last_update,6-4-2012,Feature has not been updated in 5 years or more
158198203,way,last_update,6-4-2012,Feature has not been updated in 5 years or more
158198204,way,last_update,6-4-2012,Feature has not been updated in 5 years or more
158198205,way,last_update,6-4-2012,Feature has not been updated in 5 years or more
158198206,way,last_update,6-4-2012,Feature has not been updated in 5 years or more
158198207,way,last_update,6-4-2012,Feature has not been updated in 5 years or more
158198208,way,last_update,6-4-2012,Feature has not been updated in 5 years or more
158198209,way,last_update,6-4-2012,Feature has not been updated in 5 years or more
158198210,way,last_update,6-4-2012,Feature has not been updated in 5 years or more
158198212,way,last_update,6-4-2012,Feature has not been updated in 5 years or more
158198213,way,last_update,6-4-2012,Feature has not been updated in 5 years or more
158198214,way,last_update,6-4-2012,Feature has not been updated in 5 years or more
158198215,way,last_update,24-5-2012,Feature has not been updated in 5 years or more
158198216,way,last_update,6-4-2012,Feature has not been updated in 5 years or more
158198218,way,last_update,6-4-2012,Feature has not been updated in 5 years or more
158198219,way,last_update,6-4-2012,Feature has not been updated in 5 years or more
158198223,way,last_update,6-4-2012,Feature has not been updated in 5 years or more
158198225,way,last_update,6-4-2012,Feature has not been updated in 5 years or more
158313044,way,last_update,7-4-2012,Feature has not been updated in 5 years or more
158319533,way,last_update,7-4-2012,Feature has not been updated in 5 years or more
158319535,way,last_update,7-4-2012,Feature has not been updated in 5 years or more
158319536,way,last_update,7-4-2012,Feature has not been updated in 5 years or more
158647709,way,last_update,9-4-2012,Feature has not been updated in 5 years or more
158647712,way,last_update,9-4-2012,Feature has not been updated in 5 years or more
158647713,way,last_update,9-4-2012,Feature has not been updated in 5 years or more
158647714,way,last_update,9-4-2012,Feature has not been updated in 5 years or more
158647717,way,last_update,9-4-2012,Feature has not been updated in 5 years or more
158647719,way,last_update,9-4-2012,Feature has not been updated in 5 years or more
158647722,way,last_update,9-4-2012,Feature has not been updated in 5 years or more
158647724,way,last_update,9-4-2012,Feature has not been updated in 5 years or more
158647725,way,last_update,9-4-2012,Feature has not been updated in 5 years or more
158647726,way,last_update,8-8-2018,Feature has not been updated in 5 years or more
158808881,way,last_update,10-4-2012,Feature has not been updated in 5 years or more
158808882,way,last_update,10-4-2012,Feature has not been updated in 5 years or more
158808883,way,last_update,10-4-2012,Feature has not been updated in 5 years or more
158808885,way,last_update,10-4-2012,Feature has not been updated in 5 years or more
158808887,way,last_update,10-4-2012,Feature has not been updated in 5 years or more
158808888,way,last_update,10-4-2012,Feature has not been updated in 5 years or more
158808889,way,last_update,10-4-2012,Feature has not been updated in 5 years or more
158808890,way,last_update,10-4-2012,Feature has not been updated in 5 years or more
158808892,way,last_update,13-10-2018,Feature has not been updated in 5 years or more
158808894,way,last_update,10-4-2012,Feature has not been updated in 5 years or more
158808895,way,last_update,10-4-2012,Feature has not been updated in 5 years or more
158808896,way,last_update,10-4-2012,Feature has not been updated in 5 years or more
158808898,way,last_update,10-4-2012,Feature has not been updated in 5 years or more
158808899,way,last_update,10-4-2012,Feature has not been updated in 5 years or more
158808900,way,last_update,10-4-2012,Feature has not been updated in 5 years or more
158808902,way,last_update,10-4-2012,Feature has not been updated in 5 years or more
158808903,way,last_update,10-4-2012,Feature has not been updated in 5 years or more
158808904,way,last_update,10-4-2012,Feature has not been updated in 5 years or more
158808905,way,last_update,10-4-2012,Feature has not been updated in 5 years or more
158808906,way,last_update,10-4-2012,Feature has not been updated in 5 years or more
158808907,way,last_update,10-4-2012,Feature has not been updated in 5 years or more
158808908,way,last_update,10-4-2012,Feature has not been updated in 5 years or more
158808912,way,last_update,10-4-2012,Feature has not been updated in 5 years or more
158808914,way,last_update,10-4-2012,Feature has not been updated in 5 years or more
158808915,way,last_update,10-4-2012,Feature has not been updated in 5 years or more
158808916,way,last_update,10-4-2012,Feature has not been updated in 5 years or more
158808917,way,last_update,10-4-2012,Feature has not been updated in 5 years or more
158812902,way,last_update,10-4-2012,Feature has not been updated in 5 years or more
158812903,way,last_update,10-4-2012,Feature has not been updated in 5 years or more
158812904,way,last_update,10-4-2012,Feature has not been updated in 5 years or more
158812906,way,last_update,10-4-2012,Feature has not been updated in 5 years or more
158812907,way,last_update,10-4-2012,Feature has not been updated in 5 years or more
158812909,way,last_update,10-4-2012,Feature has not been updated in 5 years or more
158812910,way,last_update,10-4-2012,Feature has not been updated in 5 years or more
158812911,way,last_update,10-4-2012,Feature has not been updated in 5 years or more
158815788,way,last_update,10-4-2012,Feature has not been updated in 5 years or more
158815790,way,last_update,10-4-2012,Feature has not been updated in 5 years or more
158815791,way,last_update,10-4-2012,Feature has not been updated in 5 years or more
158815793,way,last_update,10-4-2012,Feature has not been updated in 5 years or more
158815797,way,last_update,10-4-2012,Feature has not been updated in 5 years or more
158815798,way,last_update,10-4-2012,Feature has not been updated in 5 years or more
158815801,way,last_update,10-4-2012,Feature has not been updated in 5 years or more
158821076,way,last_update,10-4-2012,Feature has not been updated in 5 years or more
158821077,way,last_update,10-4-2012,Feature has not been updated in 5 years or more
158821078,way,last_update,10-4-2012,Feature has not been updated in 5 years or more
158821080,way,last_update,10-4-2012,Feature has not been updated in 5 years or more
158821082,way,last_update,10-4-2012,Feature has not been updated in 5 years or more
158821084,way,last_update,10-4-2012,Feature has not been updated in 5 years or more
158821085,way,last_update,10-4-2012,Feature has not been updated in 5 years or more
158821087,way,last_update,10-4-2012,Feature has not been updated in 5 years or more
158821088,way,last_update,10-4-2012,Feature has not been updated in 5 years or more
158823085,way,last_update,10-4-2012,Feature has not been updated in 5 years or more
158823087,way,last_update,10-4-2012,Feature has not been updated in 5 years or more
158823089,way,last_update,10-4-2012,Feature has not been updated in 5 years or more
158823090,way,last_update,10-4-2012,Feature has not been updated in 5 years or more
158823092,way,last_update,10-4-2012,Feature has not been updated in 5 years or more
158823095,way,last_update,10-4-2012,Feature has not been updated in 5 years or more
158823096,way,last_update,10-4-2012,Feature has not been updated in 5 years or more
158823098,way,last_update,10-4-2012,Feature has not been updated in 5 years or more
158823100,way,last_update,10-4-2012,Feature has not been updated in 5 years or more
158823102,way,last_update,10-4-2012,Feature has not been updated in 5 years or more
158823104,way,last_update,10-4-2012,Feature has not been updated in 5 years or more
158823105,way,last_update,10-4-2012,Feature has not been updated in 5 years or more
158823108,way,last_update,10-4-2012,Feature has not been updated in 5 years or more
158823109,way,last_update,10-4-2012,Feature has not been updated in 5 years or more
158823111,way,last_update,10-4-2012,Feature has not been updated in 5 years or more
158823112,way,last_update,10-4-2012,Feature has not been updated in 5 years or more
158823114,way,last_update,10-4-2012,Feature has not been updated in 5 years or more
158823115,way,last_update,10-4-2012,Feature has not been updated in 5 years or more
158823116,way,last_update,10-4-2012,Feature has not been updated in 5 years or more
158823118,way,last_update,10-4-2012,Feature has not been updated in 5 years or more
158823119,way,last_update,10-4-2012,Feature has not been updated in 5 years or more
158823121,way,last_update,10-4-2012,Feature has not been updated in 5 years or more
158823122,way,last_update,10-4-2012,Feature has not been updated in 5 years or more
158823123,way,last_update,10-4-2012,Feature has not been updated in 5 years or more
158823124,way,last_update,10-4-2012,Feature has not been updated in 5 years or more
158823125,way,last_update,10-4-2012,Feature has not been updated in 5 years or more
158823126,way,last_update,10-4-2012,Feature has not been updated in 5 years or more
158823127,way,last_update,10-4-2012,Feature has not been updated in 5 years or more
158823129,way,last_update,10-4-2012,Feature has not been updated in 5 years or more
158823130,way,last_update,10-4-2012,Feature has not been updated in 5 years or more
158823131,way,last_update,10-4-2012,Feature has not been updated in 5 years or more
158823133,way,last_update,10-4-2012,Feature has not been updated in 5 years or more
158823134,way,last_update,10-4-2012,Feature has not been updated in 5 years or more
158823135,way,last_update,10-4-2012,Feature has not been updated in 5 years or more
158823136,way,last_update,10-4-2012,Feature has not been updated in 5 years or more
158825835,way,last_update,10-4-2012,Feature has not been updated in 5 years or more
158825837,way,last_update,10-4-2012,Feature has not been updated in 5 years or more
158825839,way,last_update,10-4-2012,Feature has not been updated in 5 years or more
158825841,way,last_update,10-4-2012,Feature has not been updated in 5 years or more
158975636,way,last_update,11-4-2012,Feature has not been updated in 5 years or more
158975637,way,last_update,11-4-2012,Feature has not been updated in 5 years or more
158975641,way,last_update,11-4-2012,Feature has not been updated in 5 years or more
158975642,way,last_update,11-4-2012,Feature has not been updated in 5 years or more
158975643,way,last_update,11-4-2012,Feature has not been updated in 5 years or more
158975647,way,last_update,11-4-2012,Feature has not been updated in 5 years or more
158975648,way,last_update,11-4-2012,Feature has not been updated in 5 years or more
158975649,way,last_update,11-4-2012,Feature has not been updated in 5 years or more
158975654,way,last_update,11-4-2012,Feature has not been updated in 5 years or more
158975655,way,last_update,11-4-2012,Feature has not been updated in 5 years or more
158975660,way,last_update,11-4-2012,Feature has not been updated in 5 years or more
158975663,way,last_update,11-4-2012,Feature has not been updated in 5 years or more
158975664,way,last_update,11-4-2012,Feature has not been updated in 5 years or more
158975667,way,last_update,11-4-2012,Feature has not been updated in 5 years or more
158978699,way,last_update,11-4-2012,Feature has not been updated in 5 years or more
158978701,way,last_update,11-4-2012,Feature has not been updated in 5 years or more
158980578,way,last_update,11-4-2012,Feature has not been updated in 5 years or more
158980579,way,last_update,11-4-2012,Feature has not been updated in 5 years or more
158980580,way,last_update,11-4-2012,Feature has not been updated in 5 years or more
158980581,way,last_update,11-4-2012,Feature has not been updated in 5 years or more
158980582,way,last_update,11-4-2012,Feature has not been updated in 5 years or more
158980583,way,last_update,11-4-2012,Feature has not been updated in 5 years or more
158980584,way,last_update,11-4-2012,Feature has not been updated in 5 years or more
158980585,way,last_update,11-4-2012,Feature has not been updated in 5 years or more
158980586,way,last_update,11-4-2012,Feature has not been updated in 5 years or more
158980587,way,last_update,11-4-2012,Feature has not been updated in 5 years or more
158980588,way,last_update,11-4-2012,Feature has not been updated in 5 years or more
158980589,way,last_update,11-4-2012,Feature has not been updated in 5 years or more
158980590,way,last_update,11-4-2012,Feature has not been updated in 5 years or more
158980591,way,last_update,11-4-2012,Feature has not been updated in 5 years or more
158980592,way,last_update,11-4-2012,Feature has not been updated in 5 years or more
158980593,way,last_update,11-4-2012,Feature has not been updated in 5 years or more
158980594,way,last_update,11-4-2012,Feature has not been updated in 5 years or more
158980595,way,last_update,11-4-2012,Feature has not been updated in 5 years or more
159953157,way,last_update,17-4-2012,Feature has not been updated in 5 years or more
159953158,way,last_update,17-4-2012,Feature has not been updated in 5 years or more
159953160,way,last_update,17-4-2012,Feature has not been updated in 5 years or more
159953166,way,last_update,17-4-2012,Feature has not been updated in 5 years or more
159953168,way,last_update,17-4-2012,Feature has not been updated in 5 years or more
159953175,way,last_update,17-4-2012,Feature has not been updated in 5 years or more
159953177,way,last_update,17-4-2012,Feature has not been updated in 5 years or more
159953180,way,last_update,17-4-2012,Feature has not been updated in 5 years or more
159955362,way,last_update,17-4-2012,Feature has not been updated in 5 years or more
159955364,way,last_update,17-4-2012,Feature has not been updated in 5 years or more
159955365,way,last_update,17-4-2012,Feature has not been updated in 5 years or more
159955366,way,last_update,17-4-2012,Feature has not been updated in 5 years or more
159955368,way,last_update,17-4-2012,Feature has not been updated in 5 years or more
159955369,way,last_update,17-4-2012,Feature has not been updated in 5 years or more
159955370,way,last_update,17-4-2012,Feature has not been updated in 5 years or more
159955371,way,last_update,17-4-2012,Feature has not been updated in 5 years or more
159955373,way,last_update,17-4-2012,Feature has not been updated in 5 years or more
159955374,way,last_update,8-8-2018,Feature has not been updated in 5 years or more
159955375,way,last_update,17-4-2012,Feature has not been updated in 5 years or more
159955376,way,last_update,17-4-2012,Feature has not been updated in 5 years or more
159955377,way,last_update,8-8-2018,Feature has not been updated in 5 years or more
159955381,way,last_update,17-4-2012,Feature has not been updated in 5 years or more
159955382,way,last_update,17-4-2012,Feature has not been updated in 5 years or more
159955387,way,last_update,17-4-2012,Feature has not been updated in 5 years or more
160190716,way,last_update,19-4-2012,Feature has not been updated in 5 years or more
160190718,way,last_update,19-4-2012,Feature has not been updated in 5 years or more
160190725,way,last_update,19-4-2012,Feature has not been updated in 5 years or more
160190729,way,last_update,19-4-2012,Feature has not been updated in 5 years or more
160190736,way,last_update,19-4-2012,Feature has not been updated in 5 years or more
160190737,way,last_update,19-4-2012,Feature has not been updated in 5 years or more
160301391,way,last_update,20-4-2012,Feature has not been updated in 5 years or more
160301392,way,last_update,20-4-2012,Feature has not been updated in 5 years or more
160301393,way,last_update,20-4-2012,Feature has not been updated in 5 years or more
160301394,way,last_update,20-4-2012,Feature has not been updated in 5 years or more
160301395,way,last_update,20-4-2012,Feature has not been updated in 5 years or more
160301396,way,last_update,20-4-2012,Feature has not been updated in 5 years or more
160301397,way,last_update,20-4-2012,Feature has not been updated in 5 years or more
160301400,way,last_update,20-4-2012,Feature has not been updated in 5 years or more
160301401,way,last_update,20-4-2012,Feature has not been updated in 5 years or more
160301402,way,last_update,20-4-2012,Feature has not been updated in 5 years or more
160301403,way,last_update,20-4-2012,Feature has not been updated in 5 years or more
160301404,way,last_update,20-4-2012,Feature has not been updated in 5 years or more
160301405,way,last_update,20-4-2012,Feature has not been updated in 5 years or more
160301406,way,last_update,20-4-2012,Feature has not been updated in 5 years or more
160301407,way,last_update,20-4-2012,Feature has not been updated in 5 years or more
160301408,way,last_update,20-4-2012,Feature has not been updated in 5 years or more
160301410,way,last_update,20-4-2012,Feature has not been updated in 5 years or more
160301411,way,last_update,20-4-2012,Feature has not been updated in 5 years or more
160301412,way,last_update,20-4-2012,Feature has not been updated in 5 years or more
160301413,way,last_update,20-4-2012,Feature has not been updated in 5 years or more
160301415,way,last_update,20-4-2012,Feature has not been updated in 5 years or more
160301416,way,last_update,20-4-2012,Feature has not been updated in 5 years or more
160301417,way,last_update,20-4-2012,Feature has not been updated in 5 years or more
160301419,way,last_update,20-4-2012,Feature has not been updated in 5 years or more
160301421,way,last_update,20-4-2012,Feature has not been updated in 5 years or more
160305998,way,last_update,20-4-2012,Feature has not been updated in 5 years or more
161747382,way,last_update,1-11-2016,Feature has not been updated in 5 years or more
161747385,way,last_update,1-11-2016,Feature has not been updated in 5 years or more
161747392,way,last_update,1-5-2012,Feature has not been updated in 5 years or more
161747397,way,last_update,30-9-2018,Feature has not been updated in 5 years or more
161841391,way,last_update,2-5-2012,Feature has not been updated in 5 years or more
161841393,way,last_update,2-5-2012,Feature has not been updated in 5 years or more
161841394,way,last_update,2-5-2012,Feature has not been updated in 5 years or more
161841395,way,last_update,2-5-2012,Feature has not been updated in 5 years or more
161841397,way,last_update,2-5-2012,Feature has not been updated in 5 years or more
161841398,way,last_update,2-5-2012,Feature has not been updated in 5 years or more
161841399,way,last_update,2-5-2012,Feature has not been updated in 5 years or more
161841400,way,last_update,2-5-2012,Feature has not been updated in 5 years or more
161841402,way,last_update,2-5-2012,Feature has not been updated in 5 years or more
161841404,way,last_update,2-5-2012,Feature has not been updated in 5 years or more
161841405,way,last_update,2-5-2012,Feature has not been updated in 5 years or more
161841406,way,last_update,2-5-2012,Feature has not been updated in 5 years or more
161841409,way,last_update,19-2-2021,Feature has not been updated in 5 years or more
161841410,way,last_update,2-5-2012,Feature has not been updated in 5 years or more
161841411,way,last_update,2-5-2012,Feature has not been updated in 5 years or more
161841412,way,last_update,2-5-2012,Feature has not been updated in 5 years or more
161841415,way,last_update,2-5-2012,Feature has not been updated in 5 years or more
161841416,way,last_update,2-5-2012,Feature has not been updated in 5 years or more
161841738,way,last_update,26-3-2013,Feature has not been updated in 5 years or more
161841739,way,last_update,26-3-2013,Feature has not been updated in 5 years or more
161841742,way,last_update,2-5-2012,Feature has not been updated in 5 years or more
161841743,way,last_update,26-3-2013,Feature has not been updated in 5 years or more
161841744,way,last_update,26-3-2013,Feature has not been updated in 5 years or more
161841745,way,last_update,2-5-2012,Feature has not been updated in 5 years or more
161841880,way,last_update,2-5-2012,Feature has not been updated in 5 years or more
161841881,way,last_update,2-5-2012,Feature has not been updated in 5 years or more
164813140,way,last_update,24-5-2012,Feature has not been updated in 5 years or more
164813141,way,last_update,24-5-2012,Feature has not been updated in 5 years or more
164813142,way,last_update,24-5-2012,Feature has not been updated in 5 years or more
164813143,way,last_update,24-5-2012,Feature has not been updated in 5 years or more
164813144,way,last_update,24-5-2012,Feature has not been updated in 5 years or more
164813145,way,last_update,24-5-2012,Feature has not been updated in 5 years or more
164813147,way,last_update,24-5-2012,Feature has not been updated in 5 years or more
164813150,way,last_update,24-5-2012,Feature has not been updated in 5 years or more
164813153,way,last_update,24-5-2012,Feature has not been updated in 5 years or more
164813159,way,last_update,24-5-2012,Feature has not been updated in 5 years or more
164813160,way,last_update,24-5-2012,Feature has not been updated in 5 years or more
164813162,way,last_update,24-5-2012,Feature has not been updated in 5 years or more
164813163,way,last_update,24-5-2012,Feature has not been updated in 5 years or more
164815153,way,last_update,24-5-2012,Feature has not been updated in 5 years or more
165029588,way,last_update,26-5-2012,Feature has not been updated in 5 years or more
165029595,way,last_update,26-5-2012,Feature has not been updated in 5 years or more
165029602,way,last_update,26-5-2012,Feature has not been updated in 5 years or more
165029608,way,last_update,26-5-2012,Feature has not been updated in 5 years or more
165029612,way,last_update,26-5-2012,Feature has not been updated in 5 years or more
165029614,way,last_update,26-5-2012,Feature has not been updated in 5 years or more
165029618,way,last_update,26-5-2012,Feature has not been updated in 5 years or more
165029623,way,last_update,26-5-2012,Feature has not been updated in 5 years or more
165029624,way,last_update,26-5-2012,Feature has not been updated in 5 years or more
165029628,way,last_update,26-5-2012,Feature has not been updated in 5 years or more
165146016,way,last_update,27-5-2012,Feature has not been updated in 5 years or more
165313114,way,last_update,28-5-2012,Feature has not been updated in 5 years or more
165313151,way,last_update,28-5-2012,Feature has not been updated in 5 years or more
165313153,way,last_update,28-5-2012,Feature has not been updated in 5 years or more
165313156,way,last_update,28-5-2012,Feature has not been updated in 5 years or more
165313158,way,last_update,28-5-2012,Feature has not been updated in 5 years or more
165313160,way,last_update,28-5-2012,Feature has not been updated in 5 years or more
165313169,way,last_update,28-5-2012,Feature has not been updated in 5 years or more
165313182,way,last_update,28-5-2012,Feature has not been updated in 5 years or more
165313185,way,last_update,28-5-2012,Feature has not been updated in 5 years or more
166355964,way,last_update,6-6-2012,Feature has not been updated in 5 years or more
166355966,way,last_update,6-6-2012,Feature has not been updated in 5 years or more
166355967,way,last_update,6-6-2012,Feature has not been updated in 5 years or more
166355969,way,last_update,6-6-2012,Feature has not been updated in 5 years or more
166355972,way,last_update,6-6-2012,Feature has not been updated in 5 years or more
166355973,way,last_update,6-6-2012,Feature has not been updated in 5 years or more
166355975,way,last_update,6-6-2012,Feature has not been updated in 5 years or more
166355976,way,last_update,6-6-2012,Feature has not been updated in 5 years or more
166355977,way,last_update,6-6-2012,Feature has not been updated in 5 years or more
166355982,way,last_update,6-6-2012,Feature has not been updated in 5 years or more
166355983,way,last_update,6-6-2012,Feature has not been updated in 5 years or more
166355984,way,last_update,6-6-2012,Feature has not been updated in 5 years or more
166355985,way,last_update,6-6-2012,Feature has not been updated in 5 years or more
166355987,way,last_update,6-6-2012,Feature has not been updated in 5 years or more
166355988,way,last_update,6-6-2012,Feature has not been updated in 5 years or more
166355989,way,last_update,6-6-2012,Feature has not been updated in 5 years or more
166355997,way,last_update,6-6-2012,Feature has not been updated in 5 years or more
166355999,way,last_update,6-6-2012,Feature has not been updated in 5 years or more
166476065,way,last_update,7-6-2012,Feature has not been updated in 5 years or more
166476067,way,last_update,7-6-2012,Feature has not been updated in 5 years or more
166476071,way,last_update,7-6-2012,Feature has not been updated in 5 years or more
166476073,way,last_update,7-6-2012,Feature has not been updated in 5 years or more
166476079,way,last_update,7-11-2018,Feature has not been updated in 5 years or more
166476080,way,last_update,7-6-2012,Feature has not been updated in 5 years or more
166476081,way,last_update,7-11-2018,Feature has not been updated in 5 years or more
166476082,way,last_update,7-6-2012,Feature has not been updated in 5 years or more
166476085,way,last_update,7-6-2012,Feature has not been updated in 5 years or more
166476086,way,last_update,7-6-2012,Feature has not been updated in 5 years or more
166477636,way,last_update,7-6-2012,Feature has not been updated in 5 years or more
166477638,way,last_update,7-6-2012,Feature has not been updated in 5 years or more
166477639,way,last_update,4-12-2018,Feature has not been updated in 5 years or more
166477641,way,last_update,7-6-2012,Feature has not been updated in 5 years or more
166477642,way,last_update,22-10-2018,Feature has not been updated in 5 years or more
166477643,way,last_update,22-10-2018,Feature has not been updated in 5 years or more
166675528,way,last_update,9-6-2012,Feature has not been updated in 5 years or more
166675529,way,last_update,9-6-2012,Feature has not been updated in 5 years or more
166675534,way,last_update,9-6-2012,Feature has not been updated in 5 years or more
166675545,way,last_update,9-6-2012,Feature has not been updated in 5 years or more
166675551,way,last_update,22-10-2020,Feature has not been updated in 5 years or more
166681765,way,last_update,9-6-2012,Feature has not been updated in 5 years or more
166681766,way,last_update,9-6-2012,Feature has not been updated in 5 years or more
166794699,way,last_update,10-6-2012,Feature has not been updated in 5 years or more
166811585,way,last_update,10-6-2012,Feature has not been updated in 5 years or more
167448863,way,last_update,15-6-2012,Feature has not been updated in 5 years or more
167863186,way,last_update,17-6-2012,Feature has not been updated in 5 years or more
167863190,way,last_update,17-6-2012,Feature has not been updated in 5 years or more
167863192,way,last_update,17-6-2012,Feature has not been updated in 5 years or more
167863193,way,last_update,17-6-2012,Feature has not been updated in 5 years or more
167863196,way,last_update,17-6-2012,Feature has not been updated in 5 years or more
167863197,way,last_update,17-6-2012,Feature has not been updated in 5 years or more
167863198,way,last_update,17-6-2012,Feature has not been updated in 5 years or more
167863207,way,last_update,17-6-2012,Feature has not been updated in 5 years or more
168437446,way,last_update,21-6-2012,Feature has not been updated in 5 years or more
168704296,way,last_update,23-6-2012,Feature has not been updated in 5 years or more
168852830,way,last_update,1-11-2016,Feature has not been updated in 5 years or more
169445885,way,last_update,18-3-2018,Feature has not been updated in 5 years or more
169445886,way,last_update,29-6-2012,Feature has not been updated in 5 years or more
169445890,way,last_update,11-3-2018,Feature has not been updated in 5 years or more
169445891,way,last_update,29-6-2012,Feature has not been updated in 5 years or more
169518368,way,last_update,30-6-2012,Feature has not been updated in 5 years or more
169518417,way,last_update,30-6-2012,Feature has not been updated in 5 years or more
169518418,way,last_update,30-6-2012,Feature has not been updated in 5 years or more
169518419,way,last_update,30-6-2012,Feature has not been updated in 5 years or more
169518422,way,last_update,30-6-2012,Feature has not been updated in 5 years or more
169518423,way,last_update,30-6-2012,Feature has not been updated in 5 years or more
169518426,way,last_update,30-6-2012,Feature has not been updated in 5 years or more
169518427,way,last_update,30-6-2012,Feature has not been updated in 5 years or more
169518428,way,last_update,30-6-2012,Feature has not been updated in 5 years or more
169518432,way,last_update,30-6-2012,Feature has not been updated in 5 years or more
169518434,way,last_update,30-6-2012,Feature has not been updated in 5 years or more
169518435,way,last_update,30-6-2012,Feature has not been updated in 5 years or more
169518436,way,last_update,30-6-2012,Feature has not been updated in 5 years or more
169518437,way,last_update,30-6-2012,Feature has not been updated in 5 years or more
169518447,way,last_update,30-6-2012,Feature has not been updated in 5 years or more
169518449,way,last_update,30-6-2012,Feature has not been updated in 5 years or more
169518451,way,last_update,30-6-2012,Feature has not been updated in 5 years or more
169518454,way,last_update,30-6-2012,Feature has not been updated in 5 years or more
169518465,way,last_update,30-6-2012,Feature has not been updated in 5 years or more
169518466,way,last_update,30-6-2012,Feature has not been updated in 5 years or more
169518467,way,last_update,30-6-2012,Feature has not been updated in 5 years or more
169518469,way,last_update,30-6-2012,Feature has not been updated in 5 years or more
169518470,way,last_update,30-6-2012,Feature has not been updated in 5 years or more
169520327,way,last_update,30-6-2012,Feature has not been updated in 5 years or more
169672602,way,last_update,1-7-2012,Feature has not been updated in 5 years or more
169672603,way,last_update,1-7-2012,Feature has not been updated in 5 years or more
169672604,way,last_update,1-7-2012,Feature has not been updated in 5 years or more
169672605,way,last_update,1-7-2012,Feature has not been updated in 5 years or more
169672610,way,last_update,1-7-2012,Feature has not been updated in 5 years or more
169672612,way,last_update,1-7-2012,Feature has not been updated in 5 years or more
170088403,way,last_update,4-7-2012,Feature has not been updated in 5 years or more
170088405,way,last_update,4-7-2012,Feature has not been updated in 5 years or more
170088427,way,last_update,4-7-2012,Feature has not been updated in 5 years or more
170088436,way,last_update,4-7-2012,Feature has not been updated in 5 years or more
170192215,way,last_update,5-7-2012,Feature has not been updated in 5 years or more
170192216,way,last_update,5-7-2012,Feature has not been updated in 5 years or more
170192218,way,last_update,5-7-2012,Feature has not been updated in 5 years or more
170192222,way,last_update,5-7-2012,Feature has not been updated in 5 years or more
170192224,way,last_update,5-7-2012,Feature has not been updated in 5 years or more
170192225,way,last_update,5-7-2012,Feature has not been updated in 5 years or more
170192226,way,last_update,5-7-2012,Feature has not been updated in 5 years or more
170192228,way,last_update,5-7-2012,Feature has not been updated in 5 years or more
170192229,way,last_update,5-7-2012,Feature has not been updated in 5 years or more
170192230,way,last_update,5-7-2012,Feature has not been updated in 5 years or more
170192231,way,last_update,5-7-2012,Feature has not been updated in 5 years or more
170192233,way,last_update,5-7-2012,Feature has not been updated in 5 years or more
170192241,way,last_update,5-7-2012,Feature has not been updated in 5 years or more
170724827,way,last_update,16-6-2021,Feature has not been updated in 5 years or more
170724832,way,last_update,9-7-2012,Feature has not been updated in 5 years or more
170724834,way,last_update,9-7-2012,Feature has not been updated in 5 years or more
170724837,way,last_update,26-11-2018,Feature has not been updated in 5 years or more
170724839,way,last_update,26-11-2018,Feature has not been updated in 5 years or more
170724844,way,last_update,4-12-2018,Feature has not been updated in 5 years or more
171848684,way,last_update,17-7-2012,Feature has not been updated in 5 years or more
171848685,way,last_update,19-3-2018,Feature has not been updated in 5 years or more
171848690,way,last_update,17-7-2012,Feature has not been updated in 5 years or more
171848691,way,last_update,16-5-2020,Feature has not been updated in 5 years or more
171848692,way,last_update,17-7-2012,Feature has not been updated in 5 years or more
171848697,way,last_update,17-2-2020,Feature has not been updated in 5 years or more
171848708,way,last_update,17-7-2012,Feature has not been updated in 5 years or more
172739636,way,last_update,24-7-2012,Feature has not been updated in 5 years or more
172739987,way,last_update,24-7-2012,Feature has not been updated in 5 years or more
172904329,way,last_update,25-7-2012,Feature has not been updated in 5 years or more
173145212,way,last_update,27-7-2012,Feature has not been updated in 5 years or more
173564674,way,last_update,30-7-2012,Feature has not been updated in 5 years or more
173564676,way,last_update,30-7-2012,Feature has not been updated in 5 years or more
173757058,way,last_update,31-7-2012,Feature has not been updated in 5 years or more
173757059,way,last_update,31-7-2012,Feature has not been updated in 5 years or more
173757060,way,last_update,31-7-2012,Feature has not been updated in 5 years or more
173757061,way,last_update,31-7-2012,Feature has not been updated in 5 years or more
173757062,way,last_update,31-7-2012,Feature has not been updated in 5 years or more
173757064,way,last_update,31-7-2012,Feature has not been updated in 5 years or more
173757065,way,last_update,31-7-2012,Feature has not been updated in 5 years or more
173757066,way,last_update,29-7-2018,Feature has not been updated in 5 years or more
173757067,way,last_update,29-7-2018,Feature has not been updated in 5 years or more
173757069,way,last_update,31-7-2012,Feature has not been updated in 5 years or more
173757070,way,last_update,29-7-2018,Feature has not been updated in 5 years or more
173757071,way,last_update,29-7-2018,Feature has not been updated in 5 years or more
173760258,way,last_update,4-12-2018,Feature has not been updated in 5 years or more
173760261,way,last_update,31-7-2012,Feature has not been updated in 5 years or more
173760263,way,last_update,4-12-2018,Feature has not been updated in 5 years or more
173760265,way,last_update,31-7-2012,Feature has not been updated in 5 years or more
173760268,way,last_update,31-7-2012,Feature has not been updated in 5 years or more
173760276,way,last_update,31-7-2012,Feature has not been updated in 5 years or more
173760280,way,last_update,31-7-2012,Feature has not been updated in 5 years or more
173760284,way,last_update,31-7-2012,Feature has not been updated in 5 years or more
173760286,way,last_update,31-7-2012,Feature has not been updated in 5 years or more
173760292,way,last_update,29-7-2018,Feature has not been updated in 5 years or more
173760295,way,last_update,31-7-2012,Feature has not been updated in 5 years or more
173760297,way,last_update,31-7-2012,Feature has not been updated in 5 years or more
173760304,way,last_update,31-7-2012,Feature has not been updated in 5 years or more
173760309,way,last_update,31-7-2012,Feature has not been updated in 5 years or more
173760311,way,last_update,29-7-2018,Feature has not been updated in 5 years or more
173760316,way,last_update,31-7-2012,Feature has not been updated in 5 years or more
173760320,way,last_update,31-7-2012,Feature has not been updated in 5 years or more
173760322,way,last_update,29-7-2018,Feature has not been updated in 5 years or more
173760325,way,last_update,29-7-2018,Feature has not been updated in 5 years or more
173760334,way,last_update,31-7-2012,Feature has not been updated in 5 years or more
173760340,way,last_update,31-7-2012,Feature has not been updated in 5 years or more
174420257,way,last_update,4-8-2012,Feature has not been updated in 5 years or more
174420259,way,last_update,4-8-2012,Feature has not been updated in 5 years or more
174420260,way,last_update,4-8-2012,Feature has not been updated in 5 years or more
174420261,way,last_update,4-8-2012,Feature has not been updated in 5 years or more
174420262,way,last_update,4-8-2012,Feature has not been updated in 5 years or more
174420264,way,last_update,4-8-2012,Feature has not been updated in 5 years or more
174420265,way,last_update,4-8-2012,Feature has not been updated in 5 years or more
174420266,way,last_update,23-1-2020,Feature has not been updated in 5 years or more
174420267,way,last_update,4-8-2012,Feature has not been updated in 5 years or more
174420268,way,last_update,4-8-2012,Feature has not been updated in 5 years or more
176114409,way,last_update,15-8-2012,Feature has not been updated in 5 years or more
176114410,way,last_update,15-8-2012,Feature has not been updated in 5 years or more
176114411,way,last_update,15-8-2012,Feature has not been updated in 5 years or more
176114412,way,last_update,15-8-2012,Feature has not been updated in 5 years or more
176115231,way,last_update,15-8-2012,Feature has not been updated in 5 years or more
176115232,way,last_update,15-8-2012,Feature has not been updated in 5 years or more
176115233,way,last_update,15-8-2012,Feature has not been updated in 5 years or more
176115234,way,last_update,15-8-2012,Feature has not been updated in 5 years or more
176115235,way,last_update,22-2-2015,Feature has not been updated in 5 years or more
176115236,way,last_update,26-3-2013,Feature has not been updated in 5 years or more
176115237,way,last_update,15-8-2012,Feature has not been updated in 5 years or more
176115238,way,last_update,15-8-2012,Feature has not been updated in 5 years or more
176115239,way,last_update,26-3-2013,Feature has not been updated in 5 years or more
176115240,way,last_update,15-8-2012,Feature has not been updated in 5 years or more
176115242,way,last_update,15-8-2012,Feature has not been updated in 5 years or more
176115243,way,last_update,15-8-2012,Feature has not been updated in 5 years or more
176115244,way,last_update,26-3-2013,Feature has not been updated in 5 years or more
176115245,way,last_update,15-8-2012,Feature has not been updated in 5 years or more
176115246,way,last_update,15-8-2012,Feature has not been updated in 5 years or more
176115247,way,last_update,15-8-2012,Feature has not been updated in 5 years or more
176115248,way,last_update,26-3-2013,Feature has not been updated in 5 years or more
176115249,way,last_update,15-8-2012,Feature has not been updated in 5 years or more
176115250,way,last_update,15-8-2012,Feature has not been updated in 5 years or more
176115252,way,last_update,15-8-2012,Feature has not been updated in 5 years or more
176115253,way,last_update,15-8-2012,Feature has not been updated in 5 years or more
176115254,way,last_update,15-8-2012,Feature has not been updated in 5 years or more
176118988,way,last_update,5-2-2021,Feature has not been updated in 5 years or more
176118989,way,last_update,27-5-2020,Feature has not been updated in 5 years or more
176118997,way,last_update,15-8-2012,Feature has not been updated in 5 years or more
176118999,way,last_update,15-8-2012,Feature has not been updated in 5 years or more
176119004,way,last_update,15-8-2012,Feature has not been updated in 5 years or more
176119005,way,last_update,19-2-2021,Feature has not been updated in 5 years or more
176119008,way,last_update,15-8-2012,Feature has not been updated in 5 years or more
176119013,way,last_update,15-8-2012,Feature has not been updated in 5 years or more
176123449,way,last_update,15-8-2012,Feature has not been updated in 5 years or more
176123450,way,last_update,15-8-2012,Feature has not been updated in 5 years or more
176123451,way,last_update,15-8-2012,Feature has not been updated in 5 years or more
176123456,way,last_update,15-8-2012,Feature has not been updated in 5 years or more
176123457,way,last_update,15-8-2012,Feature has not been updated in 5 years or more
176123458,way,last_update,15-8-2012,Feature has not been updated in 5 years or more
176125104,way,last_update,15-8-2012,Feature has not been updated in 5 years or more
176125106,way,last_update,15-8-2012,Feature has not been updated in 5 years or more
176125107,way,last_update,15-8-2012,Feature has not been updated in 5 years or more
176125108,way,last_update,15-8-2012,Feature has not been updated in 5 years or more
176125114,way,last_update,15-8-2012,Feature has not been updated in 5 years or more
176125117,way,last_update,15-8-2012,Feature has not been updated in 5 years or more
176125119,way,last_update,15-8-2012,Feature has not been updated in 5 years or more
176125120,way,last_update,15-8-2012,Feature has not been updated in 5 years or more
176125121,way,last_update,15-8-2012,Feature has not been updated in 5 years or more
176125125,way,last_update,15-8-2012,Feature has not been updated in 5 years or more
176125128,way,last_update,15-8-2012,Feature has not been updated in 5 years or more
176125130,way,last_update,15-8-2012,Feature has not been updated in 5 years or more
176125132,way,last_update,15-8-2012,Feature has not been updated in 5 years or more
176125133,way,last_update,15-8-2012,Feature has not been updated in 5 years or more
176125134,way,last_update,15-8-2012,Feature has not been updated in 5 years or more
176125138,way,last_update,15-8-2012,Feature has not been updated in 5 years or more
176125141,way,last_update,15-8-2012,Feature has not been updated in 5 years or more
176179935,way,last_update,15-8-2012,Feature has not been updated in 5 years or more
176179936,way,last_update,15-8-2012,Feature has not been updated in 5 years or more
176179938,way,last_update,15-8-2012,Feature has not been updated in 5 years or more
176179941,way,last_update,15-8-2012,Feature has not been updated in 5 years or more
176179943,way,last_update,15-8-2012,Feature has not been updated in 5 years or more
176179945,way,last_update,26-5-2013,Feature has not been updated in 5 years or more
176319934,way,last_update,16-8-2012,Feature has not been updated in 5 years or more
176319943,way,last_update,16-8-2012,Feature has not been updated in 5 years or more
176322532,way,last_update,16-8-2012,Feature has not been updated in 5 years or more
176322533,way,last_update,16-8-2012,Feature has not been updated in 5 years or more
176322534,way,last_update,16-8-2012,Feature has not been updated in 5 years or more
176322535,way,last_update,16-8-2012,Feature has not been updated in 5 years or more
176646080,way,last_update,18-8-2012,Feature has not been updated in 5 years or more
176650551,way,last_update,18-8-2012,Feature has not been updated in 5 years or more
176650552,way,last_update,18-8-2012,Feature has not been updated in 5 years or more
176650554,way,last_update,18-8-2012,Feature has not been updated in 5 years or more
176650555,way,last_update,18-8-2012,Feature has not been updated in 5 years or more
176650556,way,last_update,18-8-2012,Feature has not been updated in 5 years or more
176652895,way,last_update,18-8-2012,Feature has not been updated in 5 years or more
176652896,way,last_update,18-8-2012,Feature has not been updated in 5 years or more
176652897,way,last_update,22-7-2019,Feature has not been updated in 5 years or more
176652900,way,last_update,18-8-2012,Feature has not been updated in 5 years or more
176652902,way,last_update,18-8-2012,Feature has not been updated in 5 years or more
177792658,way,last_update,25-8-2012,Feature has not been updated in 5 years or more
177792659,way,last_update,25-8-2012,Feature has not been updated in 5 years or more
177792661,way,last_update,25-8-2012,Feature has not been updated in 5 years or more
177792667,way,last_update,25-8-2012,Feature has not been updated in 5 years or more
177792672,way,last_update,25-8-2012,Feature has not been updated in 5 years or more
177792673,way,last_update,25-8-2012,Feature has not been updated in 5 years or more
177792674,way,last_update,25-8-2012,Feature has not been updated in 5 years or more
178252339,way,last_update,28-8-2012,Feature has not been updated in 5 years or more
178252340,way,last_update,28-8-2012,Feature has not been updated in 5 years or more
178252341,way,last_update,28-8-2012,Feature has not been updated in 5 years or more
178252342,way,last_update,28-8-2012,Feature has not been updated in 5 years or more
178252344,way,last_update,28-8-2012,Feature has not been updated in 5 years or more
178252345,way,last_update,28-8-2012,Feature has not been updated in 5 years or more
178253122,way,last_update,28-8-2012,Feature has not been updated in 5 years or more
178253125,way,last_update,28-8-2012,Feature has not been updated in 5 years or more
178253126,way,last_update,28-8-2012,Feature has not been updated in 5 years or more
178253129,way,last_update,28-8-2012,Feature has not been updated in 5 years or more
178253130,way,last_update,28-8-2012,Feature has not been updated in 5 years or more
178253131,way,last_update,28-8-2012,Feature has not been updated in 5 years or more
178253132,way,last_update,28-8-2012,Feature has not been updated in 5 years or more
178253136,way,last_update,28-8-2012,Feature has not been updated in 5 years or more
178253137,way,last_update,28-8-2012,Feature has not been updated in 5 years or more
178253888,way,last_update,21-11-2018,Feature has not been updated in 5 years or more
178253889,way,last_update,28-8-2012,Feature has not been updated in 5 years or more
178253890,way,last_update,28-8-2012,Feature has not been updated in 5 years or more
178253891,way,last_update,28-8-2012,Feature has not been updated in 5 years or more
178254168,way,last_update,17-7-2018,Feature has not been updated in 5 years or more
178508388,way,last_update,29-8-2012,Feature has not been updated in 5 years or more
178508390,way,last_update,29-8-2012,Feature has not been updated in 5 years or more
178508392,way,last_update,29-8-2012,Feature has not been updated in 5 years or more
178508396,way,last_update,29-8-2012,Feature has not been updated in 5 years or more
178508398,way,last_update,29-8-2012,Feature has not been updated in 5 years or more
178984400,way,last_update,1-9-2012,Feature has not been updated in 5 years or more
178988800,way,last_update,1-9-2012,Feature has not been updated in 5 years or more
178988801,way,last_update,1-9-2012,Feature has not been updated in 5 years or more
178988802,way,last_update,1-9-2012,Feature has not been updated in 5 years or more
178988803,way,last_update,1-9-2012,Feature has not been updated in 5 years or more
178988804,way,last_update,1-9-2012,Feature has not been updated in 5 years or more
178988805,way,last_update,1-9-2012,Feature has not been updated in 5 years or more
178988806,way,last_update,1-9-2012,Feature has not been updated in 5 years or more
178988807,way,last_update,1-9-2012,Feature has not been updated in 5 years or more
178988808,way,last_update,1-9-2012,Feature has not been updated in 5 years or more
178988809,way,last_update,1-9-2012,Feature has not been updated in 5 years or more
178992026,way,last_update,1-9-2012,Feature has not been updated in 5 years or more
178992027,way,last_update,1-9-2012,Feature has not been updated in 5 years or more
178992028,way,last_update,1-9-2012,Feature has not been updated in 5 years or more
178992534,way,last_update,1-9-2012,Feature has not been updated in 5 years or more
178992535,way,last_update,1-9-2012,Feature has not been updated in 5 years or more
179249071,way,last_update,3-9-2012,Feature has not been updated in 5 years or more
179249073,way,last_update,3-9-2012,Feature has not been updated in 5 years or more
179249074,way,last_update,3-9-2012,Feature has not been updated in 5 years or more
179249075,way,last_update,3-9-2012,Feature has not been updated in 5 years or more
179249076,way,last_update,3-9-2012,Feature has not been updated in 5 years or more
179249077,way,last_update,3-9-2012,Feature has not been updated in 5 years or more
179249078,way,last_update,3-9-2012,Feature has not been updated in 5 years or more
179249079,way,last_update,3-9-2012,Feature has not been updated in 5 years or more
179249081,way,last_update,3-9-2012,Feature has not been updated in 5 years or more
179249082,way,last_update,3-9-2012,Feature has not been updated in 5 years or more
179252280,way,last_update,3-9-2012,Feature has not been updated in 5 years or more
179257030,way,last_update,3-9-2012,Feature has not been updated in 5 years or more
179257033,way,last_update,3-9-2012,Feature has not been updated in 5 years or more
179257035,way,last_update,3-9-2012,Feature has not been updated in 5 years or more
179257037,way,last_update,3-9-2012,Feature has not been updated in 5 years or more
179257044,way,last_update,3-9-2012,Feature has not been updated in 5 years or more
179257047,way,last_update,3-9-2012,Feature has not been updated in 5 years or more
179257049,way,last_update,3-9-2012,Feature has not been updated in 5 years or more
179924458,way,last_update,7-9-2012,Feature has not been updated in 5 years or more
179924461,way,last_update,7-9-2012,Feature has not been updated in 5 years or more
179924464,way,last_update,7-9-2012,Feature has not been updated in 5 years or more
179924468,way,last_update,7-9-2012,Feature has not been updated in 5 years or more
179924472,way,last_update,7-9-2012,Feature has not been updated in 5 years or more
179924481,way,last_update,7-9-2012,Feature has not been updated in 5 years or more
179924482,way,last_update,7-9-2012,Feature has not been updated in 5 years or more
179924485,way,last_update,7-9-2012,Feature has not been updated in 5 years or more
179924493,way,last_update,7-9-2012,Feature has not been updated in 5 years or more
179933531,way,last_update,7-9-2012,Feature has not been updated in 5 years or more
179933532,way,last_update,7-9-2012,Feature has not been updated in 5 years or more
179933533,way,last_update,7-9-2012,Feature has not been updated in 5 years or more
179933534,way,last_update,7-9-2012,Feature has not been updated in 5 years or more
179933535,way,last_update,7-9-2012,Feature has not been updated in 5 years or more
179933538,way,last_update,7-9-2012,Feature has not been updated in 5 years or more
179933539,way,last_update,10-2-2019,Feature has not been updated in 5 years or more
179934382,way,last_update,15-10-2019,Feature has not been updated in 5 years or more
181069346,way,last_update,15-9-2012,Feature has not been updated in 5 years or more
181069347,way,last_update,15-9-2012,Feature has not been updated in 5 years or more
181069348,way,last_update,15-9-2012,Feature has not been updated in 5 years or more
181069349,way,last_update,15-9-2012,Feature has not been updated in 5 years or more
181069350,way,last_update,15-9-2012,Feature has not been updated in 5 years or more
181069351,way,last_update,15-9-2012,Feature has not been updated in 5 years or more
181069352,way,last_update,15-9-2012,Feature has not been updated in 5 years or more
181069353,way,last_update,15-9-2012,Feature has not been updated in 5 years or more
181069355,way,last_update,15-9-2012,Feature has not been updated in 5 years or more
181069356,way,last_update,15-9-2012,Feature has not been updated in 5 years or more
181069357,way,last_update,15-9-2012,Feature has not been updated in 5 years or more
181069358,way,last_update,15-9-2012,Feature has not been updated in 5 years or more
181069359,way,last_update,15-9-2012,Feature has not been updated in 5 years or more
181069360,way,last_update,26-1-2015,Feature has not been updated in 5 years or more
181069361,way,last_update,15-9-2012,Feature has not been updated in 5 years or more
181972759,way,last_update,20-9-2012,Feature has not been updated in 5 years or more
181972760,way,last_update,20-9-2012,Feature has not been updated in 5 years or more
181972762,way,last_update,20-9-2012,Feature has not been updated in 5 years or more
181972763,way,last_update,20-9-2012,Feature has not been updated in 5 years or more
181972764,way,last_update,20-9-2012,Feature has not been updated in 5 years or more
181972765,way,last_update,20-9-2012,Feature has not been updated in 5 years or more
181972766,way,last_update,20-9-2012,Feature has not been updated in 5 years or more
181972767,way,last_update,20-9-2012,Feature has not been updated in 5 years or more
181972768,way,last_update,20-9-2012,Feature has not been updated in 5 years or more
181973058,way,last_update,20-9-2012,Feature has not been updated in 5 years or more
181973060,way,last_update,22-11-2016,Feature has not been updated in 5 years or more
181973064,way,last_update,20-9-2012,Feature has not been updated in 5 years or more
181974964,way,last_update,20-9-2012,Feature has not been updated in 5 years or more
181974965,way,last_update,20-9-2012,Feature has not been updated in 5 years or more
181974966,way,last_update,20-9-2012,Feature has not been updated in 5 years or more
181974967,way,last_update,20-9-2012,Feature has not been updated in 5 years or more
182300164,way,last_update,22-9-2012,Feature has not been updated in 5 years or more
182300165,way,last_update,22-9-2012,Feature has not been updated in 5 years or more
182301321,way,last_update,22-9-2012,Feature has not been updated in 5 years or more
182301323,way,last_update,22-9-2012,Feature has not been updated in 5 years or more
182301324,way,last_update,22-9-2012,Feature has not been updated in 5 years or more
182301325,way,last_update,22-9-2012,Feature has not been updated in 5 years or more
182301328,way,last_update,22-9-2012,Feature has not been updated in 5 years or more
182301329,way,last_update,22-9-2012,Feature has not been updated in 5 years or more
182301330,way,last_update,22-9-2012,Feature has not been updated in 5 years or more
182301331,way,last_update,22-9-2012,Feature has not been updated in 5 years or more
182654124,way,last_update,24-9-2012,Feature has not been updated in 5 years or more
182654126,way,last_update,24-9-2012,Feature has not been updated in 5 years or more
182654128,way,last_update,24-9-2012,Feature has not been updated in 5 years or more
182654130,way,last_update,24-9-2012,Feature has not been updated in 5 years or more
182654131,way,last_update,24-9-2012,Feature has not been updated in 5 years or more
182654132,way,last_update,24-9-2012,Feature has not been updated in 5 years or more
182654137,way,last_update,24-9-2012,Feature has not been updated in 5 years or more
182654139,way,last_update,26-5-2013,Feature has not been updated in 5 years or more
182654140,way,last_update,26-5-2013,Feature has not been updated in 5 years or more
182654141,way,last_update,24-9-2012,Feature has not been updated in 5 years or more
182654143,way,last_update,24-9-2012,Feature has not been updated in 5 years or more
182656673,way,last_update,24-9-2012,Feature has not been updated in 5 years or more
182830727,way,last_update,25-9-2012,Feature has not been updated in 5 years or more
182830728,way,last_update,29-9-2012,Feature has not been updated in 5 years or more
182830729,way,last_update,25-9-2012,Feature has not been updated in 5 years or more
182830730,way,last_update,25-9-2012,Feature has not been updated in 5 years or more
182830731,way,last_update,25-9-2012,Feature has not been updated in 5 years or more
182830732,way,last_update,25-9-2012,Feature has not been updated in 5 years or more
182830733,way,last_update,25-9-2012,Feature has not been updated in 5 years or more
182830734,way,last_update,25-9-2012,Feature has not been updated in 5 years or more
182830735,way,last_update,25-9-2012,Feature has not been updated in 5 years or more
182830737,way,last_update,25-9-2012,Feature has not been updated in 5 years or more
182830739,way,last_update,25-9-2012,Feature has not been updated in 5 years or more
182830744,way,last_update,25-9-2012,Feature has not been updated in 5 years or more
182830745,way,last_update,25-9-2012,Feature has not been updated in 5 years or more
182830747,way,last_update,25-9-2012,Feature has not been updated in 5 years or more
182830750,way,last_update,25-9-2012,Feature has not been updated in 5 years or more
182830751,way,last_update,25-9-2012,Feature has not been updated in 5 years or more
182830752,way,last_update,25-9-2012,Feature has not been updated in 5 years or more
182830753,way,last_update,25-9-2012,Feature has not been updated in 5 years or more
182830758,way,last_update,25-9-2012,Feature has not been updated in 5 years or more
182830760,way,last_update,25-9-2012,Feature has not been updated in 5 years or more
182830761,way,last_update,25-9-2012,Feature has not been updated in 5 years or more
182830762,way,last_update,25-9-2012,Feature has not been updated in 5 years or more
182830764,way,last_update,25-9-2012,Feature has not been updated in 5 years or more
182830765,way,last_update,25-9-2012,Feature has not been updated in 5 years or more
182830766,way,last_update,25-9-2012,Feature has not been updated in 5 years or more
182830768,way,last_update,25-9-2012,Feature has not been updated in 5 years or more
182830770,way,last_update,25-9-2012,Feature has not been updated in 5 years or more
182830771,way,last_update,25-9-2012,Feature has not been updated in 5 years or more
182830772,way,last_update,25-9-2012,Feature has not been updated in 5 years or more
182830775,way,last_update,25-9-2012,Feature has not been updated in 5 years or more
182830776,way,last_update,25-9-2012,Feature has not been updated in 5 years or more
182830784,way,last_update,25-9-2012,Feature has not been updated in 5 years or more
182830785,way,last_update,25-9-2012,Feature has not been updated in 5 years or more
182830786,way,last_update,25-9-2012,Feature has not been updated in 5 years or more
182830787,way,last_update,25-9-2012,Feature has not been updated in 5 years or more
182830790,way,last_update,25-9-2012,Feature has not been updated in 5 years or more
182830791,way,last_update,25-9-2012,Feature has not been updated in 5 years or more
182830792,way,last_update,25-9-2012,Feature has not been updated in 5 years or more
182830793,way,last_update,25-9-2012,Feature has not been updated in 5 years or more
182830797,way,last_update,25-9-2012,Feature has not been updated in 5 years or more
182830798,way,last_update,25-9-2012,Feature has not been updated in 5 years or more
182830822,way,last_update,28-9-2012,Feature has not been updated in 5 years or more
182840582,way,last_update,25-9-2012,Feature has not been updated in 5 years or more
182840590,way,last_update,2-2-2014,Feature has not been updated in 5 years or more
182840603,way,last_update,25-9-2012,Feature has not been updated in 5 years or more
182840609,way,last_update,18-2-2020,Feature has not been updated in 5 years or more
182849605,way,last_update,25-9-2012,Feature has not been updated in 5 years or more
183251427,way,last_update,28-9-2012,Feature has not been updated in 5 years or more
183251428,way,last_update,28-9-2012,Feature has not been updated in 5 years or more
183251429,way,last_update,28-9-2012,Feature has not been updated in 5 years or more
183251430,way,last_update,28-9-2012,Feature has not been updated in 5 years or more
183251431,way,last_update,28-9-2012,Feature has not been updated in 5 years or more
183251432,way,last_update,28-9-2012,Feature has not been updated in 5 years or more
183251433,way,last_update,28-9-2012,Feature has not been updated in 5 years or more
183251434,way,last_update,28-9-2012,Feature has not been updated in 5 years or more
183251435,way,last_update,28-9-2012,Feature has not been updated in 5 years or more
183251437,way,last_update,28-9-2012,Feature has not been updated in 5 years or more
183251438,way,last_update,28-9-2012,Feature has not been updated in 5 years or more
183251441,way,last_update,28-9-2012,Feature has not been updated in 5 years or more
183251443,way,last_update,28-9-2012,Feature has not been updated in 5 years or more
183251444,way,last_update,28-9-2012,Feature has not been updated in 5 years or more
183251445,way,last_update,28-9-2012,Feature has not been updated in 5 years or more
183251446,way,last_update,28-9-2012,Feature has not been updated in 5 years or more
183251447,way,last_update,28-9-2012,Feature has not been updated in 5 years or more
183251448,way,last_update,28-9-2012,Feature has not been updated in 5 years or more
183251453,way,last_update,28-9-2012,Feature has not been updated in 5 years or more
183251454,way,last_update,28-9-2012,Feature has not been updated in 5 years or more
183251455,way,last_update,28-9-2012,Feature has not been updated in 5 years or more
183252222,way,last_update,28-9-2012,Feature has not been updated in 5 years or more
183253184,way,last_update,28-9-2012,Feature has not been updated in 5 years or more
183253186,way,last_update,28-9-2012,Feature has not been updated in 5 years or more
183253187,way,last_update,28-9-2012,Feature has not been updated in 5 years or more
183253188,way,last_update,28-9-2012,Feature has not been updated in 5 years or more
183253189,way,last_update,28-9-2012,Feature has not been updated in 5 years or more
183253190,way,last_update,28-9-2012,Feature has not been updated in 5 years or more
183253191,way,last_update,28-9-2012,Feature has not been updated in 5 years or more
183254099,way,last_update,28-9-2012,Feature has not been updated in 5 years or more
183390044,way,last_update,29-9-2012,Feature has not been updated in 5 years or more
183390045,way,last_update,29-9-2012,Feature has not been updated in 5 years or more
183390047,way,last_update,29-9-2012,Feature has not been updated in 5 years or more
183390054,way,last_update,29-9-2012,Feature has not been updated in 5 years or more
183390056,way,last_update,29-9-2012,Feature has not been updated in 5 years or more
184103447,way,last_update,4-10-2012,Feature has not been updated in 5 years or more
184103450,way,last_update,4-10-2012,Feature has not been updated in 5 years or more
184103454,way,last_update,4-10-2012,Feature has not been updated in 5 years or more
184103455,way,last_update,4-10-2012,Feature has not been updated in 5 years or more
184103456,way,last_update,4-10-2012,Feature has not been updated in 5 years or more
184103458,way,last_update,4-10-2012,Feature has not been updated in 5 years or more
184103459,way,last_update,4-10-2012,Feature has not been updated in 5 years or more
184103460,way,last_update,4-10-2012,Feature has not been updated in 5 years or more
184103467,way,last_update,4-10-2012,Feature has not been updated in 5 years or more
184106243,way,last_update,4-10-2012,Feature has not been updated in 5 years or more
184106244,way,last_update,4-10-2012,Feature has not been updated in 5 years or more
184106245,way,last_update,4-10-2012,Feature has not been updated in 5 years or more
184107336,way,last_update,4-10-2012,Feature has not been updated in 5 years or more
184107338,way,last_update,4-10-2012,Feature has not been updated in 5 years or more
184148240,way,last_update,4-10-2012,Feature has not been updated in 5 years or more
184148241,way,last_update,4-10-2012,Feature has not been updated in 5 years or more
184148245,way,last_update,4-10-2012,Feature has not been updated in 5 years or more
184148246,way,last_update,4-10-2012,Feature has not been updated in 5 years or more
184148247,way,last_update,4-10-2012,Feature has not been updated in 5 years or more
184148248,way,last_update,4-10-2012,Feature has not been updated in 5 years or more
184148249,way,last_update,4-10-2012,Feature has not been updated in 5 years or more
184148255,way,last_update,4-10-2012,Feature has not been updated in 5 years or more
184148257,way,last_update,4-10-2012,Feature has not been updated in 5 years or more
184148258,way,last_update,4-10-2012,Feature has not been updated in 5 years or more
184148261,way,last_update,4-10-2012,Feature has not been updated in 5 years or more
184148263,way,last_update,4-10-2012,Feature has not been updated in 5 years or more
184148264,way,last_update,4-10-2012,Feature has not been updated in 5 years or more
184148270,way,last_update,4-10-2012,Feature has not been updated in 5 years or more
184148273,way,last_update,4-10-2012,Feature has not been updated in 5 years or more
184148274,way,last_update,4-10-2012,Feature has not been updated in 5 years or more
184148275,way,last_update,4-10-2012,Feature has not been updated in 5 years or more
184148277,way,last_update,4-10-2012,Feature has not been updated in 5 years or more
184148278,way,last_update,4-10-2012,Feature has not been updated in 5 years or more
184148279,way,last_update,4-10-2012,Feature has not been updated in 5 years or more
184148280,way,last_update,4-10-2012,Feature has not been updated in 5 years or more
184148281,way,last_update,4-10-2012,Feature has not been updated in 5 years or more
185742584,way,last_update,14-10-2012,Feature has not been updated in 5 years or more
185742585,way,last_update,14-10-2012,Feature has not been updated in 5 years or more
185742586,way,last_update,2-11-2018,Feature has not been updated in 5 years or more
185742587,way,last_update,14-10-2012,Feature has not been updated in 5 years or more
185986396,way,last_update,15-10-2012,Feature has not been updated in 5 years or more
185986398,way,last_update,15-10-2012,Feature has not been updated in 5 years or more
185986399,way,last_update,15-10-2012,Feature has not been updated in 5 years or more
185986401,way,last_update,15-10-2012,Feature has not been updated in 5 years or more
185986403,way,last_update,15-10-2012,Feature has not been updated in 5 years or more
185986406,way,last_update,15-10-2012,Feature has not been updated in 5 years or more
185986408,way,last_update,15-10-2012,Feature has not been updated in 5 years or more
185986410,way,last_update,15-10-2012,Feature has not been updated in 5 years or more
186087148,way,last_update,16-10-2012,Feature has not been updated in 5 years or more
186087149,way,last_update,16-10-2012,Feature has not been updated in 5 years or more
188458701,way,last_update,31-10-2012,Feature has not been updated in 5 years or more
188464553,way,last_update,7-10-2019,Feature has not been updated in 5 years or more
189166637,way,last_update,5-11-2012,Feature has not been updated in 5 years or more
189166640,way,last_update,5-11-2012,Feature has not been updated in 5 years or more
189166641,way,last_update,5-11-2012,Feature has not been updated in 5 years or more
189166643,way,last_update,5-11-2012,Feature has not been updated in 5 years or more
189166645,way,last_update,5-11-2012,Feature has not been updated in 5 years or more
189166646,way,last_update,5-11-2012,Feature has not been updated in 5 years or more
189166649,way,last_update,5-11-2012,Feature has not been updated in 5 years or more
189166653,way,last_update,5-11-2012,Feature has not been updated in 5 years or more
189166654,way,last_update,5-11-2012,Feature has not been updated in 5 years or more
189166657,way,last_update,5-11-2012,Feature has not been updated in 5 years or more
189166658,way,last_update,5-11-2012,Feature has not been updated in 5 years or more
189166663,way,last_update,5-11-2012,Feature has not been updated in 5 years or more
189166665,way,last_update,5-11-2012,Feature has not been updated in 5 years or more
189166667,way,last_update,5-11-2012,Feature has not been updated in 5 years or more
189166671,way,last_update,5-11-2012,Feature has not been updated in 5 years or more
189166672,way,last_update,9-4-2020,Feature has not been updated in 5 years or more
189166673,way,last_update,5-11-2012,Feature has not been updated in 5 years or more
189166674,way,last_update,5-11-2012,Feature has not been updated in 5 years or more
189166678,way,last_update,5-11-2012,Feature has not been updated in 5 years or more
189166687,way,last_update,5-11-2012,Feature has not been updated in 5 years or more
189476257,way,last_update,7-11-2012,Feature has not been updated in 5 years or more
189476268,way,last_update,7-11-2012,Feature has not been updated in 5 years or more
189476269,way,last_update,7-11-2012,Feature has not been updated in 5 years or more
189476270,way,last_update,7-11-2012,Feature has not been updated in 5 years or more
189476272,way,last_update,7-11-2012,Feature has not been updated in 5 years or more
189477983,way,last_update,7-11-2012,Feature has not been updated in 5 years or more
189477984,way,last_update,7-11-2012,Feature has not been updated in 5 years or more
189477985,way,last_update,7-11-2012,Feature has not been updated in 5 years or more
189477986,way,last_update,7-11-2012,Feature has not been updated in 5 years or more
189477987,way,last_update,7-11-2012,Feature has not been updated in 5 years or more
189477988,way,last_update,7-11-2012,Feature has not been updated in 5 years or more
189477989,way,last_update,7-11-2012,Feature has not been updated in 5 years or more
189477990,way,last_update,7-11-2012,Feature has not been updated in 5 years or more
189477991,way,last_update,7-11-2012,Feature has not been updated in 5 years or more
189477993,way,last_update,7-11-2012,Feature has not been updated in 5 years or more
189477994,way,last_update,7-11-2012,Feature has not been updated in 5 years or more
189477995,way,last_update,7-11-2012,Feature has not been updated in 5 years or more
189477996,way,last_update,7-11-2012,Feature has not been updated in 5 years or more
189477997,way,last_update,7-11-2012,Feature has not been updated in 5 years or more
189478000,way,last_update,7-11-2012,Feature has not been updated in 5 years or more
189478004,way,last_update,7-11-2012,Feature has not been updated in 5 years or more
189479197,way,last_update,7-11-2012,Feature has not been updated in 5 years or more
190155792,way,last_update,11-11-2012,Feature has not been updated in 5 years or more
190155794,way,last_update,11-11-2012,Feature has not been updated in 5 years or more
190155795,way,last_update,11-11-2012,Feature has not been updated in 5 years or more
190155797,way,last_update,11-11-2012,Feature has not been updated in 5 years or more
190155798,way,last_update,11-11-2012,Feature has not been updated in 5 years or more
190155799,way,last_update,11-11-2012,Feature has not been updated in 5 years or more
190155800,way,last_update,11-11-2012,Feature has not been updated in 5 years or more
190155801,way,last_update,11-11-2012,Feature has not been updated in 5 years or more
190155803,way,last_update,11-11-2012,Feature has not been updated in 5 years or more
190155806,way,last_update,11-11-2012,Feature has not been updated in 5 years or more
191667273,way,last_update,20-11-2012,Feature has not been updated in 5 years or more
191667274,way,last_update,20-11-2012,Feature has not been updated in 5 years or more
191667275,way,last_update,20-11-2012,Feature has not been updated in 5 years or more
191667276,way,last_update,20-11-2012,Feature has not been updated in 5 years or more
191667277,way,last_update,20-11-2012,Feature has not been updated in 5 years or more
191667278,way,last_update,20-11-2012,Feature has not been updated in 5 years or more
191667279,way,last_update,20-11-2012,Feature has not been updated in 5 years or more
191672775,way,last_update,20-11-2012,Feature has not been updated in 5 years or more
191861028,way,last_update,21-11-2012,Feature has not been updated in 5 years or more
191861031,way,last_update,21-11-2012,Feature has not been updated in 5 years or more
191861033,way,last_update,21-11-2012,Feature has not been updated in 5 years or more
191861035,way,last_update,21-11-2012,Feature has not been updated in 5 years or more
192031204,way,last_update,22-11-2012,Feature has not been updated in 5 years or more
192031205,way,last_update,22-11-2012,Feature has not been updated in 5 years or more
192031206,way,last_update,22-11-2012,Feature has not been updated in 5 years or more
192031208,way,last_update,22-11-2012,Feature has not been updated in 5 years or more
192031209,way,last_update,17-7-2019,Feature has not been updated in 5 years or more
192031210,way,last_update,22-11-2012,Feature has not been updated in 5 years or more
192031211,way,last_update,22-11-2012,Feature has not been updated in 5 years or more
192031212,way,last_update,22-11-2012,Feature has not been updated in 5 years or more
192031213,way,last_update,22-11-2012,Feature has not been updated in 5 years or more
192031215,way,last_update,22-11-2012,Feature has not been updated in 5 years or more
192031216,way,last_update,22-11-2012,Feature has not been updated in 5 years or more
192031218,way,last_update,22-11-2012,Feature has not been updated in 5 years or more
192031219,way,last_update,22-11-2012,Feature has not been updated in 5 years or more
192031220,way,last_update,22-11-2012,Feature has not been updated in 5 years or more
192031221,way,last_update,22-11-2012,Feature has not been updated in 5 years or more
192031222,way,last_update,22-11-2012,Feature has not been updated in 5 years or more
192031225,way,last_update,22-11-2012,Feature has not been updated in 5 years or more
192031226,way,last_update,22-11-2012,Feature has not been updated in 5 years or more
192031227,way,last_update,22-11-2012,Feature has not been updated in 5 years or more
192031228,way,last_update,22-11-2012,Feature has not been updated in 5 years or more
192031229,way,last_update,22-11-2012,Feature has not been updated in 5 years or more
192031230,way,last_update,17-7-2019,Feature has not been updated in 5 years or more
192031231,way,last_update,22-11-2012,Feature has not been updated in 5 years or more
192226610,way,last_update,23-11-2012,Feature has not been updated in 5 years or more
192226611,way,last_update,23-11-2012,Feature has not been updated in 5 years or more
192226612,way,last_update,23-11-2012,Feature has not been updated in 5 years or more
192226613,way,last_update,23-11-2012,Feature has not been updated in 5 years or more
192226614,way,last_update,23-11-2012,Feature has not been updated in 5 years or more
192226615,way,last_update,23-11-2012,Feature has not been updated in 5 years or more
192226616,way,last_update,23-11-2012,Feature has not been updated in 5 years or more
192226617,way,last_update,23-11-2012,Feature has not been updated in 5 years or more
192227435,way,last_update,23-11-2012,Feature has not been updated in 5 years or more
192227436,way,last_update,23-11-2012,Feature has not been updated in 5 years or more
192227437,way,last_update,23-11-2012,Feature has not been updated in 5 years or more
192579889,way,last_update,25-11-2012,Feature has not been updated in 5 years or more
192579902,way,last_update,25-11-2012,Feature has not been updated in 5 years or more
192579909,way,last_update,25-11-2012,Feature has not been updated in 5 years or more
192579910,way,last_update,25-11-2012,Feature has not been updated in 5 years or more
192579912,way,last_update,25-11-2012,Feature has not been updated in 5 years or more
192579913,way,last_update,25-11-2012,Feature has not been updated in 5 years or more
192579914,way,last_update,25-11-2012,Feature has not been updated in 5 years or more
192579915,way,last_update,25-11-2012,Feature has not been updated in 5 years or more
192579916,way,last_update,25-11-2012,Feature has not been updated in 5 years or more
192579917,way,last_update,25-11-2012,Feature has not been updated in 5 years or more
192579918,way,last_update,25-11-2012,Feature has not been updated in 5 years or more
192579921,way,last_update,25-11-2012,Feature has not been updated in 5 years or more
192579922,way,last_update,25-11-2012,Feature has not been updated in 5 years or more
192579923,way,last_update,25-11-2012,Feature has not been updated in 5 years or more
192579924,way,last_update,25-11-2012,Feature has not been updated in 5 years or more
192579925,way,last_update,25-11-2012,Feature has not been updated in 5 years or more
192579926,way,last_update,25-11-2012,Feature has not been updated in 5 years or more
192579927,way,last_update,25-11-2012,Feature has not been updated in 5 years or more
192579928,way,last_update,25-11-2012,Feature has not been updated in 5 years or more
192579929,way,last_update,25-11-2012,Feature has not been updated in 5 years or more
192579930,way,last_update,25-11-2012,Feature has not been updated in 5 years or more
192579931,way,last_update,25-11-2012,Feature has not been updated in 5 years or more
192579932,way,last_update,25-11-2012,Feature has not been updated in 5 years or more
192579933,way,last_update,25-11-2012,Feature has not been updated in 5 years or more
192579934,way,last_update,25-11-2012,Feature has not been updated in 5 years or more
192579935,way,last_update,25-11-2012,Feature has not been updated in 5 years or more
192579936,way,last_update,25-11-2012,Feature has not been updated in 5 years or more
192579937,way,last_update,25-11-2012,Feature has not been updated in 5 years or more
192579940,way,last_update,13-10-2020,Feature has not been updated in 5 years or more
192579944,way,last_update,13-10-2020,Feature has not been updated in 5 years or more
192581334,way,last_update,25-11-2012,Feature has not been updated in 5 years or more
192581335,way,last_update,25-11-2012,Feature has not been updated in 5 years or more
192581336,way,last_update,25-11-2012,Feature has not been updated in 5 years or more
192581337,way,last_update,25-11-2012,Feature has not been updated in 5 years or more
195089129,way,last_update,8-12-2012,Feature has not been updated in 5 years or more
195089132,way,last_update,8-12-2012,Feature has not been updated in 5 years or more
195089133,way,last_update,8-12-2012,Feature has not been updated in 5 years or more
195089134,way,last_update,8-12-2012,Feature has not been updated in 5 years or more
196291841,way,last_update,14-12-2012,Feature has not been updated in 5 years or more
197773490,way,last_update,23-12-2012,Feature has not been updated in 5 years or more
197773492,way,last_update,23-12-2012,Feature has not been updated in 5 years or more
197773495,way,last_update,23-12-2012,Feature has not been updated in 5 years or more
197773503,way,last_update,23-12-2012,Feature has not been updated in 5 years or more
197773505,way,last_update,23-12-2012,Feature has not been updated in 5 years or more
197773519,way,last_update,19-11-2018,Feature has not been updated in 5 years or more
197773524,way,last_update,23-12-2012,Feature has not been updated in 5 years or more
197773527,way,last_update,23-12-2012,Feature has not been updated in 5 years or more
197773536,way,last_update,23-12-2012,Feature has not been updated in 5 years or more
197775730,way,last_update,23-12-2012,Feature has not been updated in 5 years or more
198997736,way,last_update,28-10-2016,Feature has not been updated in 5 years or more
199074935,way,last_update,1-1-2013,Feature has not been updated in 5 years or more
199074937,way,last_update,1-1-2013,Feature has not been updated in 5 years or more
199074938,way,last_update,1-1-2013,Feature has not been updated in 5 years or more
199074940,way,last_update,1-1-2013,Feature has not been updated in 5 years or more
199074941,way,last_update,1-1-2013,Feature has not been updated in 5 years or more
199074942,way,last_update,1-1-2013,Feature has not been updated in 5 years or more
199074943,way,last_update,1-1-2013,Feature has not been updated in 5 years or more
199074944,way,last_update,1-1-2013,Feature has not been updated in 5 years or more
199074947,way,last_update,1-1-2013,Feature has not been updated in 5 years or more
199074949,way,last_update,1-1-2013,Feature has not been updated in 5 years or more
199074950,way,last_update,19-11-2018,Feature has not been updated in 5 years or more
199074951,way,last_update,1-1-2013,Feature has not been updated in 5 years or more
199074952,way,last_update,1-1-2013,Feature has not been updated in 5 years or more
199074954,way,last_update,1-1-2013,Feature has not been updated in 5 years or more
199074956,way,last_update,19-11-2018,Feature has not been updated in 5 years or more
199074957,way,last_update,1-1-2013,Feature has not been updated in 5 years or more
199074958,way,last_update,1-1-2013,Feature has not been updated in 5 years or more
199074960,way,last_update,1-1-2013,Feature has not been updated in 5 years or more
199074961,way,last_update,1-1-2013,Feature has not been updated in 5 years or more
199074963,way,last_update,1-1-2013,Feature has not been updated in 5 years or more
199074964,way,last_update,1-1-2013,Feature has not been updated in 5 years or more
199080223,way,last_update,1-1-2013,Feature has not been updated in 5 years or more
199080224,way,last_update,1-1-2013,Feature has not been updated in 5 years or more
199080225,way,last_update,1-1-2013,Feature has not been updated in 5 years or more
199080226,way,last_update,1-1-2013,Feature has not been updated in 5 years or more
199080227,way,last_update,1-1-2013,Feature has not been updated in 5 years or more
199080230,way,last_update,1-1-2013,Feature has not been updated in 5 years or more
199080231,way,last_update,1-1-2013,Feature has not been updated in 5 years or more
199137820,way,last_update,2-1-2013,Feature has not been updated in 5 years or more
199137824,way,last_update,2-1-2013,Feature has not been updated in 5 years or more
199137825,way,last_update,2-1-2013,Feature has not been updated in 5 years or more
199137827,way,last_update,2-1-2013,Feature has not been updated in 5 years or more
199137829,way,last_update,2-1-2013,Feature has not been updated in 5 years or more
199138496,way,last_update,2-1-2013,Feature has not been updated in 5 years or more
200539111,way,last_update,11-1-2013,Feature has not been updated in 5 years or more
200539113,way,last_update,11-1-2013,Feature has not been updated in 5 years or more
200539114,way,last_update,11-1-2013,Feature has not been updated in 5 years or more
200539115,way,last_update,8-8-2021,Feature has not been updated in 5 years or more
200539117,way,last_update,11-1-2013,Feature has not been updated in 5 years or more
200539118,way,last_update,11-1-2013,Feature has not been updated in 5 years or more
200539119,way,last_update,11-1-2013,Feature has not been updated in 5 years or more
200539120,way,last_update,11-1-2013,Feature has not been updated in 5 years or more
200539121,way,last_update,11-1-2013,Feature has not been updated in 5 years or more
200539128,way,last_update,11-1-2013,Feature has not been updated in 5 years or more
200540812,way,last_update,8-8-2021,Feature has not been updated in 5 years or more
200551557,way,last_update,11-1-2013,Feature has not been updated in 5 years or more
200551558,way,last_update,11-1-2013,Feature has not been updated in 5 years or more
200551560,way,last_update,11-1-2013,Feature has not been updated in 5 years or more
200551562,way,last_update,11-1-2013,Feature has not been updated in 5 years or more
200551563,way,last_update,11-1-2013,Feature has not been updated in 5 years or more
200875396,way,last_update,13-1-2013,Feature has not been updated in 5 years or more
200875397,way,last_update,13-1-2013,Feature has not been updated in 5 years or more
200875401,way,last_update,13-1-2013,Feature has not been updated in 5 years or more
200875402,way,last_update,13-1-2013,Feature has not been updated in 5 years or more
200875403,way,last_update,13-1-2013,Feature has not been updated in 5 years or more
200875404,way,last_update,13-1-2013,Feature has not been updated in 5 years or more
203052707,way,last_update,27-1-2013,Feature has not been updated in 5 years or more
203052708,way,last_update,27-1-2013,Feature has not been updated in 5 years or more
203052709,way,last_update,27-1-2013,Feature has not been updated in 5 years or more
204802219,way,last_update,9-2-2013,Feature has not been updated in 5 years or more
204802238,way,last_update,9-2-2013,Feature has not been updated in 5 years or more
204802248,way,last_update,9-2-2013,Feature has not been updated in 5 years or more
204802250,way,last_update,9-2-2013,Feature has not been updated in 5 years or more
204802251,way,last_update,9-2-2013,Feature has not been updated in 5 years or more
204802252,way,last_update,9-2-2013,Feature has not been updated in 5 years or more
204802254,way,last_update,9-2-2013,Feature has not been updated in 5 years or more
204802255,way,last_update,9-2-2013,Feature has not been updated in 5 years or more
204802256,way,last_update,9-2-2013,Feature has not been updated in 5 years or more
204802257,way,last_update,9-2-2013,Feature has not been updated in 5 years or more
204802258,way,last_update,9-2-2013,Feature has not been updated in 5 years or more
204802259,way,last_update,9-2-2013,Feature has not been updated in 5 years or more
204802260,way,last_update,9-2-2013,Feature has not been updated in 5 years or more
204802262,way,last_update,9-2-2013,Feature has not been updated in 5 years or more
204802263,way,last_update,9-2-2013,Feature has not been updated in 5 years or more
204802264,way,last_update,30-4-2019,Feature has not been updated in 5 years or more
204802265,way,last_update,9-2-2013,Feature has not been updated in 5 years or more
204802266,way,last_update,9-2-2013,Feature has not been updated in 5 years or more
204802267,way,last_update,9-2-2013,Feature has not been updated in 5 years or more
204802268,way,last_update,9-2-2013,Feature has not been updated in 5 years or more
204802269,way,last_update,9-2-2013,Feature has not been updated in 5 years or more
204802271,way,last_update,9-2-2013,Feature has not been updated in 5 years or more
204802272,way,last_update,9-2-2013,Feature has not been updated in 5 years or more
204802275,way,last_update,9-2-2013,Feature has not been updated in 5 years or more
204802277,way,last_update,9-2-2013,Feature has not been updated in 5 years or more
204802279,way,last_update,9-2-2013,Feature has not been updated in 5 years or more
204802280,way,last_update,9-2-2013,Feature has not been updated in 5 years or more
204802281,way,last_update,9-2-2013,Feature has not been updated in 5 years or more
204802283,way,last_update,9-2-2013,Feature has not been updated in 5 years or more
204802284,way,last_update,9-2-2013,Feature has not been updated in 5 years or more
204802285,way,last_update,9-2-2013,Feature has not been updated in 5 years or more
204802288,way,last_update,9-2-2013,Feature has not been updated in 5 years or more
204802290,way,last_update,9-2-2013,Feature has not been updated in 5 years or more
204802294,way,last_update,9-2-2013,Feature has not been updated in 5 years or more
205724615,way,last_update,16-2-2013,Feature has not been updated in 5 years or more
206831445,way,last_update,23-2-2013,Feature has not been updated in 5 years or more
206831447,way,last_update,23-2-2013,Feature has not been updated in 5 years or more
206831449,way,last_update,23-2-2013,Feature has not been updated in 5 years or more
206831450,way,last_update,23-2-2013,Feature has not been updated in 5 years or more
206831451,way,last_update,23-2-2013,Feature has not been updated in 5 years or more
206831452,way,last_update,23-2-2013,Feature has not been updated in 5 years or more
206831455,way,last_update,23-2-2013,Feature has not been updated in 5 years or more
206834444,way,last_update,23-2-2013,Feature has not been updated in 5 years or more
206834445,way,last_update,23-2-2013,Feature has not been updated in 5 years or more
206834446,way,last_update,23-2-2013,Feature has not been updated in 5 years or more
206834447,way,last_update,23-2-2013,Feature has not been updated in 5 years or more
206834448,way,last_update,23-2-2013,Feature has not been updated in 5 years or more
206834449,way,last_update,23-2-2013,Feature has not been updated in 5 years or more
206834450,way,last_update,23-2-2013,Feature has not been updated in 5 years or more
206834451,way,last_update,23-2-2013,Feature has not been updated in 5 years or more
206834452,way,last_update,5-11-2018,Feature has not been updated in 5 years or more
206834453,way,last_update,23-2-2013,Feature has not been updated in 5 years or more
206834454,way,last_update,5-11-2018,Feature has not been updated in 5 years or more
206834455,way,last_update,23-2-2013,Feature has not been updated in 5 years or more
206834456,way,last_update,23-2-2013,Feature has not been updated in 5 years or more
206834458,way,last_update,16-2-2014,Feature has not been updated in 5 years or more
206836482,way,last_update,23-2-2013,Feature has not been updated in 5 years or more
206839845,way,last_update,23-2-2013,Feature has not been updated in 5 years or more
206839846,way,last_update,28-10-2016,Feature has not been updated in 5 years or more
206839847,way,last_update,28-10-2016,Feature has not been updated in 5 years or more
206839848,way,last_update,23-2-2013,Feature has not been updated in 5 years or more
206839849,way,last_update,28-10-2016,Feature has not been updated in 5 years or more
206839850,way,last_update,28-10-2016,Feature has not been updated in 5 years or more
206839851,way,last_update,28-10-2016,Feature has not been updated in 5 years or more
206839852,way,last_update,28-10-2016,Feature has not been updated in 5 years or more
207899811,way,last_update,2-3-2013,Feature has not been updated in 5 years or more
207899812,way,last_update,22-1-2020,Feature has not been updated in 5 years or more
207899813,way,last_update,2-3-2013,Feature has not been updated in 5 years or more
207899815,way,last_update,2-3-2013,Feature has not been updated in 5 years or more
207899816,way,last_update,2-3-2013,Feature has not been updated in 5 years or more
207899817,way,last_update,2-3-2013,Feature has not been updated in 5 years or more
207899819,way,last_update,2-3-2013,Feature has not been updated in 5 years or more
207899821,way,last_update,2-3-2013,Feature has not been updated in 5 years or more
207899824,way,last_update,2-3-2013,Feature has not been updated in 5 years or more
207899827,way,last_update,14-10-2019,Feature has not been updated in 5 years or more
207899828,way,last_update,2-3-2013,Feature has not been updated in 5 years or more
207899829,way,last_update,2-3-2013,Feature has not been updated in 5 years or more
207899830,way,last_update,22-1-2020,Feature has not been updated in 5 years or more
207899831,way,last_update,2-3-2013,Feature has not been updated in 5 years or more
207899832,way,last_update,2-3-2013,Feature has not been updated in 5 years or more
207899833,way,last_update,14-10-2019,Feature has not been updated in 5 years or more
207899834,way,last_update,2-3-2013,Feature has not been updated in 5 years or more
207899835,way,last_update,2-3-2013,Feature has not been updated in 5 years or more
207899836,way,last_update,14-10-2019,Feature has not been updated in 5 years or more
207899840,way,last_update,14-10-2019,Feature has not been updated in 5 years or more
207899842,way,last_update,22-1-2020,Feature has not been updated in 5 years or more
207899843,way,last_update,2-3-2013,Feature has not been updated in 5 years or more
207899844,way,last_update,2-3-2013,Feature has not been updated in 5 years or more
207899845,way,last_update,22-1-2020,Feature has not been updated in 5 years or more
207899846,way,last_update,2-3-2013,Feature has not been updated in 5 years or more
207899847,way,last_update,2-3-2013,Feature has not been updated in 5 years or more
207899848,way,last_update,14-10-2019,Feature has not been updated in 5 years or more
207899850,way,last_update,14-10-2019,Feature has not been updated in 5 years or more
207899851,way,last_update,2-3-2013,Feature has not been updated in 5 years or more
207899852,way,last_update,2-3-2013,Feature has not been updated in 5 years or more
207899854,way,last_update,14-10-2019,Feature has not been updated in 5 years or more
207899855,way,last_update,14-10-2019,Feature has not been updated in 5 years or more
207899856,way,last_update,2-3-2013,Feature has not been updated in 5 years or more
207899857,way,last_update,2-3-2013,Feature has not been updated in 5 years or more
207899858,way,last_update,2-3-2013,Feature has not been updated in 5 years or more
207899859,way,last_update,2-3-2013,Feature has not been updated in 5 years or more
207899861,way,last_update,2-3-2013,Feature has not been updated in 5 years or more
207899862,way,last_update,2-3-2013,Feature has not been updated in 5 years or more
207899864,way,last_update,2-3-2013,Feature has not been updated in 5 years or more
207899866,way,last_update,2-3-2013,Feature has not been updated in 5 years or more
207899868,way,last_update,22-1-2020,Feature has not been updated in 5 years or more
207899870,way,last_update,22-1-2020,Feature has not been updated in 5 years or more
207899872,way,last_update,2-3-2013,Feature has not been updated in 5 years or more
207899876,way,last_update,22-1-2020,Feature has not been updated in 5 years or more
210228776,way,last_update,15-3-2013,Feature has not been updated in 5 years or more
210228777,way,last_update,15-3-2013,Feature has not been updated in 5 years or more
210228778,way,last_update,15-3-2013,Feature has not been updated in 5 years or more
210228779,way,last_update,15-3-2013,Feature has not been updated in 5 years or more
210228780,way,last_update,15-3-2013,Feature has not been updated in 5 years or more
210228781,way,last_update,15-3-2013,Feature has not been updated in 5 years or more
210228782,way,last_update,15-3-2013,Feature has not been updated in 5 years or more
210544428,way,last_update,17-3-2013,Feature has not been updated in 5 years or more
210544429,way,last_update,26-11-2018,Feature has not been updated in 5 years or more
210544430,way,last_update,4-12-2018,Feature has not been updated in 5 years or more
210544431,way,last_update,17-3-2013,Feature has not been updated in 5 years or more
210544432,way,last_update,17-3-2013,Feature has not been updated in 5 years or more
210544433,way,last_update,17-3-2013,Feature has not been updated in 5 years or more
210544434,way,last_update,17-3-2013,Feature has not been updated in 5 years or more
210544438,way,last_update,17-3-2013,Feature has not been updated in 5 years or more
210544866,way,last_update,4-12-2018,Feature has not been updated in 5 years or more
210544867,way,last_update,17-3-2013,Feature has not been updated in 5 years or more
210544868,way,last_update,17-3-2013,Feature has not been updated in 5 years or more
210544869,way,last_update,4-12-2018,Feature has not been updated in 5 years or more
210544870,way,last_update,4-12-2018,Feature has not been updated in 5 years or more
210544871,way,last_update,17-3-2013,Feature has not been updated in 5 years or more
210544872,way,last_update,4-12-2018,Feature has not been updated in 5 years or more
210544873,way,last_update,17-3-2013,Feature has not been updated in 5 years or more
210544874,way,last_update,26-11-2018,Feature has not been updated in 5 years or more
210544875,way,last_update,26-11-2018,Feature has not been updated in 5 years or more
210544876,way,last_update,4-12-2018,Feature has not been updated in 5 years or more
210544877,way,last_update,17-3-2013,Feature has not been updated in 5 years or more
210544878,way,last_update,4-12-2018,Feature has not been updated in 5 years or more
210544879,way,last_update,4-12-2018,Feature has not been updated in 5 years or more
210544880,way,last_update,4-12-2018,Feature has not been updated in 5 years or more
210544881,way,last_update,4-12-2018,Feature has not been updated in 5 years or more
210544882,way,last_update,17-3-2013,Feature has not been updated in 5 years or more
210544883,way,last_update,4-12-2018,Feature has not been updated in 5 years or more
210544884,way,last_update,17-3-2013,Feature has not been updated in 5 years or more
210544885,way,last_update,4-12-2018,Feature has not been updated in 5 years or more
210544888,way,last_update,4-12-2018,Feature has not been updated in 5 years or more
210544889,way,last_update,4-12-2018,Feature has not been updated in 5 years or more
210544890,way,last_update,17-3-2013,Feature has not been updated in 5 years or more
210544891,way,last_update,4-12-2018,Feature has not been updated in 5 years or more
210544892,way,last_update,17-3-2013,Feature has not been updated in 5 years or more
210544893,way,last_update,4-12-2018,Feature has not been updated in 5 years or more
210544894,way,last_update,17-3-2013,Feature has not been updated in 5 years or more
211840266,way,last_update,24-3-2013,Feature has not been updated in 5 years or more
211840267,way,last_update,24-3-2013,Feature has not been updated in 5 years or more
211840268,way,last_update,24-3-2013,Feature has not been updated in 5 years or more
211840271,way,last_update,24-3-2013,Feature has not been updated in 5 years or more
211840274,way,last_update,24-3-2013,Feature has not been updated in 5 years or more
211840278,way,last_update,24-3-2013,Feature has not been updated in 5 years or more
211840279,way,last_update,24-3-2013,Feature has not been updated in 5 years or more
211840280,way,last_update,24-3-2013,Feature has not been updated in 5 years or more
211840281,way,last_update,17-7-2018,Feature has not been updated in 5 years or more
211840282,way,last_update,24-3-2013,Feature has not been updated in 5 years or more
211840283,way,last_update,24-3-2013,Feature has not been updated in 5 years or more
211840287,way,last_update,24-3-2013,Feature has not been updated in 5 years or more
211840290,way,last_update,24-3-2013,Feature has not been updated in 5 years or more
211840293,way,last_update,24-3-2013,Feature has not been updated in 5 years or more
211840294,way,last_update,24-3-2013,Feature has not been updated in 5 years or more
211840295,way,last_update,24-3-2013,Feature has not been updated in 5 years or more
211840297,way,last_update,24-3-2013,Feature has not been updated in 5 years or more
211840301,way,last_update,24-3-2013,Feature has not been updated in 5 years or more
211840302,way,last_update,17-7-2018,Feature has not been updated in 5 years or more
211849392,way,last_update,17-7-2018,Feature has not been updated in 5 years or more
211849393,way,last_update,17-7-2018,Feature has not been updated in 5 years or more
211849394,way,last_update,17-7-2018,Feature has not been updated in 5 years or more
211849395,way,last_update,17-7-2018,Feature has not been updated in 5 years or more
211849396,way,last_update,17-7-2018,Feature has not been updated in 5 years or more
211849397,way,last_update,17-7-2018,Feature has not been updated in 5 years or more
214600569,way,last_update,1-4-2013,Feature has not been updated in 5 years or more
214600571,way,last_update,1-4-2013,Feature has not been updated in 5 years or more
214600572,way,last_update,1-4-2013,Feature has not been updated in 5 years or more
214600574,way,last_update,1-4-2013,Feature has not been updated in 5 years or more
214600575,way,last_update,1-4-2013,Feature has not been updated in 5 years or more
214600576,way,last_update,1-4-2013,Feature has not been updated in 5 years or more
216033106,way,last_update,7-4-2013,Feature has not been updated in 5 years or more
216033108,way,last_update,7-4-2013,Feature has not been updated in 5 years or more
216033110,way,last_update,7-4-2013,Feature has not been updated in 5 years or more
216033112,way,last_update,7-4-2013,Feature has not been updated in 5 years or more
216033114,way,last_update,7-4-2013,Feature has not been updated in 5 years or more
216033116,way,last_update,7-4-2013,Feature has not been updated in 5 years or more
216033118,way,last_update,7-4-2013,Feature has not been updated in 5 years or more
216033119,way,last_update,7-4-2013,Feature has not been updated in 5 years or more
216033121,way,last_update,7-4-2013,Feature has not been updated in 5 years or more
216033122,way,last_update,7-4-2013,Feature has not been updated in 5 years or more
216033124,way,last_update,7-4-2013,Feature has not been updated in 5 years or more
216033127,way,last_update,7-4-2013,Feature has not been updated in 5 years or more
216033129,way,last_update,7-4-2013,Feature has not been updated in 5 years or more
216033131,way,last_update,7-4-2013,Feature has not been updated in 5 years or more
216033134,way,last_update,7-4-2013,Feature has not been updated in 5 years or more
216033136,way,last_update,7-4-2013,Feature has not been updated in 5 years or more
216033138,way,last_update,7-4-2013,Feature has not been updated in 5 years or more
216033139,way,last_update,7-4-2013,Feature has not been updated in 5 years or more
216033141,way,last_update,7-4-2013,Feature has not been updated in 5 years or more
216033149,way,last_update,7-4-2013,Feature has not been updated in 5 years or more
216033151,way,last_update,7-4-2013,Feature has not been updated in 5 years or more
216033152,way,last_update,7-4-2013,Feature has not been updated in 5 years or more
216033155,way,last_update,7-4-2013,Feature has not been updated in 5 years or more
216033162,way,last_update,7-4-2013,Feature has not been updated in 5 years or more
216033165,way,last_update,7-4-2013,Feature has not been updated in 5 years or more
216033171,way,last_update,7-4-2013,Feature has not been updated in 5 years or more
216033173,way,last_update,7-4-2013,Feature has not been updated in 5 years or more
217322445,way,last_update,13-4-2013,Feature has not been updated in 5 years or more
217322446,way,last_update,13-4-2013,Feature has not been updated in 5 years or more
217322448,way,last_update,13-4-2013,Feature has not been updated in 5 years or more
217322449,way,last_update,2-3-2020,Feature has not been updated in 5 years or more
217322450,way,last_update,2-3-2020,Feature has not been updated in 5 years or more
217322452,way,last_update,13-4-2013,Feature has not been updated in 5 years or more
217322454,way,last_update,13-4-2013,Feature has not been updated in 5 years or more
217322455,way,last_update,13-4-2013,Feature has not been updated in 5 years or more
217322456,way,last_update,13-4-2013,Feature has not been updated in 5 years or more
219171791,way,last_update,21-11-2016,Feature has not been updated in 5 years or more
219171793,way,last_update,21-11-2016,Feature has not been updated in 5 years or more
219171803,way,last_update,21-11-2016,Feature has not been updated in 5 years or more
219171804,way,last_update,21-11-2016,Feature has not been updated in 5 years or more
219478989,way,last_update,6-7-2016,Feature has not been updated in 5 years or more
220088233,way,last_update,5-5-2013,Feature has not been updated in 5 years or more
220723194,way,last_update,10-5-2013,Feature has not been updated in 5 years or more
220723195,way,last_update,10-5-2013,Feature has not been updated in 5 years or more
220723196,way,last_update,10-5-2013,Feature has not been updated in 5 years or more
220990942,way,last_update,12-5-2013,Feature has not been updated in 5 years or more
220990943,way,last_update,12-5-2013,Feature has not been updated in 5 years or more
220990944,way,last_update,12-5-2013,Feature has not been updated in 5 years or more
220990945,way,last_update,12-5-2013,Feature has not been updated in 5 years or more
220990946,way,last_update,12-5-2013,Feature has not been updated in 5 years or more
220990948,way,last_update,12-5-2013,Feature has not been updated in 5 years or more
220990949,way,last_update,12-5-2013,Feature has not been updated in 5 years or more
223118880,way,last_update,26-5-2013,Feature has not been updated in 5 years or more
223118881,way,last_update,26-5-2013,Feature has not been updated in 5 years or more
224060423,way,last_update,2-6-2013,Feature has not been updated in 5 years or more
224060424,way,last_update,2-6-2013,Feature has not been updated in 5 years or more
224060425,way,last_update,2-6-2013,Feature has not been updated in 5 years or more
224061647,way,last_update,30-3-2020,Feature has not been updated in 5 years or more
224061653,way,last_update,2-6-2013,Feature has not been updated in 5 years or more
224061654,way,last_update,2-6-2013,Feature has not been updated in 5 years or more
224061656,way,last_update,2-6-2013,Feature has not been updated in 5 years or more
224061657,way,last_update,2-6-2013,Feature has not been updated in 5 years or more
224061658,way,last_update,2-6-2013,Feature has not been updated in 5 years or more
224061659,way,last_update,2-6-2013,Feature has not been updated in 5 years or more
224061660,way,last_update,2-6-2013,Feature has not been updated in 5 years or more
224061662,way,last_update,2-6-2013,Feature has not been updated in 5 years or more
224061663,way,last_update,2-6-2013,Feature has not been updated in 5 years or more
224061664,way,last_update,30-3-2020,Feature has not been updated in 5 years or more
224061665,way,last_update,2-6-2013,Feature has not been updated in 5 years or more
224061666,way,last_update,2-6-2013,Feature has not been updated in 5 years or more
224061667,way,last_update,2-6-2013,Feature has not been updated in 5 years or more
224061673,way,last_update,2-6-2013,Feature has not been updated in 5 years or more
224827717,way,last_update,8-6-2013,Feature has not been updated in 5 years or more
224827718,way,last_update,8-6-2013,Feature has not been updated in 5 years or more
224945717,way,last_update,7-12-2018,Feature has not been updated in 5 years or more
224945732,way,last_update,9-6-2013,Feature has not been updated in 5 years or more
224945733,way,last_update,9-6-2013,Feature has not been updated in 5 years or more
224945734,way,last_update,9-6-2013,Feature has not been updated in 5 years or more
224945735,way,last_update,9-6-2013,Feature has not been updated in 5 years or more
224945736,way,last_update,9-6-2013,Feature has not been updated in 5 years or more
224945737,way,last_update,9-6-2013,Feature has not been updated in 5 years or more
224945738,way,last_update,9-6-2013,Feature has not been updated in 5 years or more
224945739,way,last_update,9-6-2013,Feature has not been updated in 5 years or more
224945740,way,last_update,7-12-2018,Feature has not been updated in 5 years or more
224945741,way,last_update,9-6-2013,Feature has not been updated in 5 years or more
224945742,way,last_update,9-6-2013,Feature has not been updated in 5 years or more
224945744,way,last_update,9-6-2013,Feature has not been updated in 5 years or more
224945746,way,last_update,9-6-2013,Feature has not been updated in 5 years or more
224945748,way,last_update,9-6-2013,Feature has not been updated in 5 years or more
224945749,way,last_update,9-6-2013,Feature has not been updated in 5 years or more
224945752,way,last_update,9-6-2013,Feature has not been updated in 5 years or more
224945753,way,last_update,9-6-2013,Feature has not been updated in 5 years or more
224945755,way,last_update,9-6-2013,Feature has not been updated in 5 years or more
224945757,way,last_update,9-6-2013,Feature has not been updated in 5 years or more
224945759,way,last_update,9-6-2013,Feature has not been updated in 5 years or more
224945760,way,last_update,7-12-2018,Feature has not been updated in 5 years or more
224945761,way,last_update,9-6-2013,Feature has not been updated in 5 years or more
224945762,way,last_update,9-6-2013,Feature has not been updated in 5 years or more
228512984,way,last_update,3-7-2013,Feature has not been updated in 5 years or more
228512985,way,last_update,3-7-2013,Feature has not been updated in 5 years or more
228512986,way,last_update,3-7-2013,Feature has not been updated in 5 years or more
228512987,way,last_update,3-7-2013,Feature has not been updated in 5 years or more
228512988,way,last_update,3-7-2013,Feature has not been updated in 5 years or more
228512991,way,last_update,3-7-2013,Feature has not been updated in 5 years or more
228512992,way,last_update,3-7-2013,Feature has not been updated in 5 years or more
228512993,way,last_update,3-7-2013,Feature has not been updated in 5 years or more
228512995,way,last_update,3-7-2013,Feature has not been updated in 5 years or more
228512996,way,last_update,3-7-2013,Feature has not been updated in 5 years or more
228512997,way,last_update,3-7-2013,Feature has not been updated in 5 years or more
228513000,way,last_update,3-7-2013,Feature has not been updated in 5 years or more
228513001,way,last_update,3-7-2013,Feature has not been updated in 5 years or more
228513003,way,last_update,3-7-2013,Feature has not been updated in 5 years or more
228513005,way,last_update,3-7-2013,Feature has not been updated in 5 years or more
228513007,way,last_update,3-7-2013,Feature has not been updated in 5 years or more
228513010,way,last_update,3-7-2013,Feature has not been updated in 5 years or more
228513012,way,last_update,3-7-2013,Feature has not been updated in 5 years or more
228513019,way,last_update,17-7-2018,Feature has not been updated in 5 years or more
228513021,way,last_update,3-7-2013,Feature has not been updated in 5 years or more
228513025,way,last_update,3-7-2013,Feature has not been updated in 5 years or more
228513027,way,last_update,17-7-2018,Feature has not been updated in 5 years or more
228513029,way,last_update,3-7-2013,Feature has not been updated in 5 years or more
228513030,way,last_update,3-7-2013,Feature has not been updated in 5 years or more
228513032,way,last_update,3-7-2013,Feature has not been updated in 5 years or more
228513034,way,last_update,3-7-2013,Feature has not been updated in 5 years or more
228513036,way,last_update,3-7-2013,Feature has not been updated in 5 years or more
228513038,way,last_update,3-7-2013,Feature has not been updated in 5 years or more
228513039,way,last_update,3-7-2013,Feature has not been updated in 5 years or more
228513041,way,last_update,3-7-2013,Feature has not been updated in 5 years or more
228513043,way,last_update,3-7-2013,Feature has not been updated in 5 years or more
228513049,way,last_update,17-7-2018,Feature has not been updated in 5 years or more
228513052,way,last_update,3-7-2013,Feature has not been updated in 5 years or more
228513056,way,last_update,3-7-2013,Feature has not been updated in 5 years or more
228513058,way,last_update,3-7-2013,Feature has not been updated in 5 years or more
228513063,way,last_update,3-7-2013,Feature has not been updated in 5 years or more
228513070,way,last_update,29-7-2018,Feature has not been updated in 5 years or more
228513072,way,last_update,3-7-2013,Feature has not been updated in 5 years or more
228513074,way,last_update,17-7-2018,Feature has not been updated in 5 years or more
230622578,way,last_update,21-7-2013,Feature has not been updated in 5 years or more
230622580,way,last_update,21-7-2013,Feature has not been updated in 5 years or more
233209090,way,last_update,12-8-2013,Feature has not been updated in 5 years or more
233209091,way,last_update,24-8-2018,Feature has not been updated in 5 years or more
233209092,way,last_update,12-8-2013,Feature has not been updated in 5 years or more
233209093,way,last_update,12-8-2013,Feature has not been updated in 5 years or more
233209094,way,last_update,12-8-2013,Feature has not been updated in 5 years or more
233209095,way,last_update,17-11-2018,Feature has not been updated in 5 years or more
233209096,way,last_update,24-8-2018,Feature has not been updated in 5 years or more
233209097,way,last_update,12-8-2013,Feature has not been updated in 5 years or more
233209098,way,last_update,12-8-2013,Feature has not been updated in 5 years or more
233209099,way,last_update,12-8-2013,Feature has not been updated in 5 years or more
233209100,way,last_update,12-8-2013,Feature has not been updated in 5 years or more
233339334,way,last_update,13-8-2013,Feature has not been updated in 5 years or more
233473823,way,last_update,14-8-2013,Feature has not been updated in 5 years or more
238454492,way,last_update,26-2-2017,Feature has not been updated in 5 years or more
238454494,way,last_update,18-9-2013,Feature has not been updated in 5 years or more
238454495,way,last_update,18-9-2013,Feature has not been updated in 5 years or more
238454496,way,last_update,18-9-2013,Feature has not been updated in 5 years or more
238454497,way,last_update,18-9-2013,Feature has not been updated in 5 years or more
238454498,way,last_update,18-9-2013,Feature has not been updated in 5 years or more
238454499,way,last_update,18-9-2013,Feature has not been updated in 5 years or more
238454501,way,last_update,18-9-2013,Feature has not been updated in 5 years or more
238454502,way,last_update,18-9-2013,Feature has not been updated in 5 years or more
238454506,way,last_update,18-9-2013,Feature has not been updated in 5 years or more
238962832,way,last_update,22-9-2013,Feature has not been updated in 5 years or more
238962834,way,last_update,22-9-2013,Feature has not been updated in 5 years or more
238962836,way,last_update,22-9-2013,Feature has not been updated in 5 years or more
238962837,way,last_update,22-9-2013,Feature has not been updated in 5 years or more
238962838,way,last_update,22-9-2013,Feature has not been updated in 5 years or more
238962839,way,last_update,22-9-2013,Feature has not been updated in 5 years or more
238962840,way,last_update,22-9-2013,Feature has not been updated in 5 years or more
238962841,way,last_update,22-9-2013,Feature has not been updated in 5 years or more
238962842,way,last_update,22-9-2013,Feature has not been updated in 5 years or more
238962843,way,last_update,22-9-2013,Feature has not been updated in 5 years or more
238962844,way,last_update,22-9-2013,Feature has not been updated in 5 years or more
238962845,way,last_update,22-9-2013,Feature has not been updated in 5 years or more
238962849,way,last_update,22-9-2013,Feature has not been updated in 5 years or more
238962851,way,last_update,22-9-2013,Feature has not been updated in 5 years or more
238962852,way,last_update,22-9-2013,Feature has not been updated in 5 years or more
238962855,way,last_update,22-9-2013,Feature has not been updated in 5 years or more
238962857,way,last_update,22-9-2013,Feature has not been updated in 5 years or more
239832044,way,last_update,29-9-2013,Feature has not been updated in 5 years or more
239832045,way,last_update,29-9-2013,Feature has not been updated in 5 years or more
239832046,way,last_update,29-9-2013,Feature has not been updated in 5 years or more
239832047,way,last_update,29-9-2013,Feature has not been updated in 5 years or more
239832048,way,last_update,29-9-2013,Feature has not been updated in 5 years or more
241887354,way,last_update,10-4-2016,Feature has not been updated in 5 years or more
241887369,way,last_update,13-10-2013,Feature has not been updated in 5 years or more
241887370,way,last_update,13-10-2013,Feature has not been updated in 5 years or more
241887371,way,last_update,13-10-2013,Feature has not been updated in 5 years or more
241887372,way,last_update,13-10-2013,Feature has not been updated in 5 years or more
241887373,way,last_update,13-10-2013,Feature has not been updated in 5 years or more
241887375,way,last_update,13-10-2013,Feature has not been updated in 5 years or more
241887376,way,last_update,13-10-2013,Feature has not been updated in 5 years or more
241887377,way,last_update,13-10-2013,Feature has not been updated in 5 years or more
241887379,way,last_update,13-10-2013,Feature has not been updated in 5 years or more
241887390,way,last_update,13-10-2013,Feature has not been updated in 5 years or more
242216872,way,last_update,15-10-2013,Feature has not been updated in 5 years or more
242216874,way,last_update,15-10-2013,Feature has not been updated in 5 years or more
249344715,way,last_update,1-12-2013,Feature has not been updated in 5 years or more
249344716,way,last_update,1-12-2013,Feature has not been updated in 5 years or more
249344718,way,last_update,1-12-2013,Feature has not been updated in 5 years or more
249344719,way,last_update,1-12-2013,Feature has not been updated in 5 years or more
249344720,way,last_update,1-12-2013,Feature has not been updated in 5 years or more
250734021,way,last_update,8-12-2013,Feature has not been updated in 5 years or more
254604200,way,last_update,1-1-2014,Feature has not been updated in 5 years or more
254604202,way,last_update,1-1-2014,Feature has not been updated in 5 years or more
254604203,way,last_update,29-7-2018,Feature has not been updated in 5 years or more
254604204,way,last_update,1-1-2014,Feature has not been updated in 5 years or more
255360386,way,last_update,5-1-2014,Feature has not been updated in 5 years or more
255360387,way,last_update,5-1-2014,Feature has not been updated in 5 years or more
255360389,way,last_update,5-1-2014,Feature has not been updated in 5 years or more
255360390,way,last_update,5-1-2014,Feature has not been updated in 5 years or more
255360392,way,last_update,5-1-2014,Feature has not been updated in 5 years or more
258277987,way,last_update,25-1-2014,Feature has not been updated in 5 years or more
258277989,way,last_update,25-1-2014,Feature has not been updated in 5 years or more
258277992,way,last_update,25-1-2014,Feature has not been updated in 5 years or more
258277995,way,last_update,25-1-2014,Feature has not been updated in 5 years or more
258277998,way,last_update,25-1-2014,Feature has not been updated in 5 years or more
258278001,way,last_update,25-1-2014,Feature has not been updated in 5 years or more
258278004,way,last_update,25-1-2014,Feature has not been updated in 5 years or more
258278010,way,last_update,8-2-2020,Feature has not been updated in 5 years or more
258278015,way,last_update,25-1-2014,Feature has not been updated in 5 years or more
258278019,way,last_update,25-1-2014,Feature has not been updated in 5 years or more
258278022,way,last_update,25-1-2014,Feature has not been updated in 5 years or more
258450242,way,last_update,26-1-2014,Feature has not been updated in 5 years or more
258450243,way,last_update,26-1-2014,Feature has not been updated in 5 years or more
258450245,way,last_update,26-1-2014,Feature has not been updated in 5 years or more
258452764,way,last_update,26-1-2014,Feature has not been updated in 5 years or more
258452765,way,last_update,26-1-2014,Feature has not been updated in 5 years or more
258452767,way,last_update,26-1-2014,Feature has not been updated in 5 years or more
258452768,way,last_update,26-1-2014,Feature has not been updated in 5 years or more
258452769,way,last_update,4-10-2018,Feature has not been updated in 5 years or more
258452770,way,last_update,4-10-2018,Feature has not been updated in 5 years or more
258452771,way,last_update,26-1-2014,Feature has not been updated in 5 years or more
258452773,way,last_update,26-1-2014,Feature has not been updated in 5 years or more
258452774,way,last_update,26-1-2014,Feature has not been updated in 5 years or more
258452775,way,last_update,26-1-2014,Feature has not been updated in 5 years or more
258452777,way,last_update,26-1-2014,Feature has not been updated in 5 years or more
258452778,way,last_update,26-1-2014,Feature has not been updated in 5 years or more
258452780,way,last_update,26-1-2014,Feature has not been updated in 5 years or more
258452781,way,last_update,26-1-2014,Feature has not been updated in 5 years or more
258452782,way,last_update,26-1-2014,Feature has not been updated in 5 years or more
258452783,way,last_update,26-1-2014,Feature has not been updated in 5 years or more
258452784,way,last_update,26-1-2014,Feature has not been updated in 5 years or more
258452785,way,last_update,4-10-2018,Feature has not been updated in 5 years or more
258452787,way,last_update,26-1-2014,Feature has not been updated in 5 years or more
258452788,way,last_update,4-10-2018,Feature has not been updated in 5 years or more
259494228,way,last_update,2-2-2014,Feature has not been updated in 5 years or more
259494229,way,last_update,2-2-2014,Feature has not been updated in 5 years or more
259494230,way,last_update,2-2-2014,Feature has not been updated in 5 years or more
259494231,way,last_update,2-2-2014,Feature has not been updated in 5 years or more
259494232,way,last_update,2-2-2014,Feature has not been updated in 5 years or more
259494234,way,last_update,2-2-2014,Feature has not been updated in 5 years or more
259494235,way,last_update,2-2-2014,Feature has not been updated in 5 years or more
259494236,way,last_update,2-2-2014,Feature has not been updated in 5 years or more
261712795,way,last_update,31-10-2018,Feature has not been updated in 5 years or more
261712796,way,last_update,15-2-2014,Feature has not been updated in 5 years or more
261712797,way,last_update,15-2-2014,Feature has not been updated in 5 years or more
261712798,way,last_update,15-2-2014,Feature has not been updated in 5 years or more
261712799,way,last_update,15-2-2014,Feature has not been updated in 5 years or more
261806198,way,last_update,16-2-2014,Feature has not been updated in 5 years or more
261812520,way,last_update,16-2-2014,Feature has not been updated in 5 years or more
261812521,way,last_update,16-2-2014,Feature has not been updated in 5 years or more
261812522,way,last_update,16-2-2014,Feature has not been updated in 5 years or more
261812523,way,last_update,16-2-2014,Feature has not been updated in 5 years or more
261812524,way,last_update,16-2-2014,Feature has not been updated in 5 years or more
261812527,way,last_update,16-2-2014,Feature has not been updated in 5 years or more
261812529,way,last_update,5-11-2018,Feature has not been updated in 5 years or more
261812530,way,last_update,31-10-2018,Feature has not been updated in 5 years or more
261812531,way,last_update,16-2-2014,Feature has not been updated in 5 years or more
261812532,way,last_update,16-2-2014,Feature has not been updated in 5 years or more
261812533,way,last_update,16-2-2014,Feature has not been updated in 5 years or more
261812535,way,last_update,16-2-2014,Feature has not been updated in 5 years or more
261812537,way,last_update,16-2-2014,Feature has not been updated in 5 years or more
261812538,way,last_update,16-2-2014,Feature has not been updated in 5 years or more
261812540,way,last_update,16-2-2014,Feature has not been updated in 5 years or more
261812541,way,last_update,16-2-2014,Feature has not been updated in 5 years or more
261812542,way,last_update,16-2-2014,Feature has not been updated in 5 years or more
261812544,way,last_update,16-2-2014,Feature has not been updated in 5 years or more
261812545,way,last_update,16-2-2014,Feature has not been updated in 5 years or more
261812546,way,last_update,16-2-2014,Feature has not been updated in 5 years or more
261812550,way,last_update,16-2-2014,Feature has not been updated in 5 years or more
262835343,way,last_update,18-5-2019,Feature has not been updated in 5 years or more
262835345,way,last_update,22-2-2014,Feature has not been updated in 5 years or more
262835346,way,last_update,18-5-2019,Feature has not been updated in 5 years or more
262835352,way,last_update,22-2-2014,Feature has not been updated in 5 years or more
262835354,way,last_update,18-5-2019,Feature has not been updated in 5 years or more
262835356,way,last_update,18-5-2019,Feature has not been updated in 5 years or more
262835365,way,last_update,22-2-2014,Feature has not been updated in 5 years or more
262835367,way,last_update,22-2-2014,Feature has not been updated in 5 years or more
262835369,way,last_update,18-5-2019,Feature has not been updated in 5 years or more
262835375,way,last_update,18-5-2019,Feature has not been updated in 5 years or more
262835376,way,last_update,22-2-2014,Feature has not been updated in 5 years or more
262835378,way,last_update,18-5-2019,Feature has not been updated in 5 years or more
262835382,way,last_update,18-5-2019,Feature has not been updated in 5 years or more
262835384,way,last_update,18-5-2019,Feature has not been updated in 5 years or more
262835389,way,last_update,18-5-2019,Feature has not been updated in 5 years or more
262835392,way,last_update,22-2-2014,Feature has not been updated in 5 years or more
262836683,way,last_update,22-2-2014,Feature has not been updated in 5 years or more
262836684,way,last_update,22-2-2014,Feature has not been updated in 5 years or more
262836685,way,last_update,22-2-2014,Feature has not been updated in 5 years or more
262977525,way,last_update,23-2-2014,Feature has not been updated in 5 years or more
262977526,way,last_update,23-2-2014,Feature has not been updated in 5 years or more
262977527,way,last_update,23-2-2014,Feature has not been updated in 5 years or more
262977528,way,last_update,23-2-2014,Feature has not been updated in 5 years or more
262977529,way,last_update,23-2-2014,Feature has not been updated in 5 years or more
264052558,way,last_update,7-11-2018,Feature has not been updated in 5 years or more
264052562,way,last_update,2-3-2014,Feature has not been updated in 5 years or more
264052563,way,last_update,7-11-2018,Feature has not been updated in 5 years or more
264052565,way,last_update,7-11-2018,Feature has not been updated in 5 years or more
296878470,way,last_update,9-8-2014,Feature has not been updated in 5 years or more
296878471,way,last_update,9-8-2014,Feature has not been updated in 5 years or more
299255356,way,last_update,21-8-2014,Feature has not been updated in 5 years or more
299255358,way,last_update,21-8-2014,Feature has not been updated in 5 years or more
299255361,way,last_update,21-8-2014,Feature has not been updated in 5 years or more
299255366,way,last_update,21-8-2014,Feature has not been updated in 5 years or more
330645507,way,last_update,28-2-2015,Feature has not been updated in 5 years or more
330645509,way,last_update,28-2-2015,Feature has not been updated in 5 years or more
330669819,way,last_update,21-7-2016,Feature has not been updated in 5 years or more
330669820,way,last_update,28-2-2015,Feature has not been updated in 5 years or more
330669826,way,last_update,28-2-2015,Feature has not been updated in 5 years or more
332391827,way,last_update,12-3-2015,Feature has not been updated in 5 years or more
332391828,way,last_update,12-3-2015,Feature has not been updated in 5 years or more
332391829,way,last_update,12-3-2015,Feature has not been updated in 5 years or more
353383427,way,last_update,13-6-2015,Feature has not been updated in 5 years or more
353383428,way,last_update,13-6-2015,Feature has not been updated in 5 years or more
353383430,way,last_update,13-6-2015,Feature has not been updated in 5 years or more
353383431,way,last_update,13-6-2015,Feature has not been updated in 5 years or more
356876492,way,last_update,28-6-2015,Feature has not been updated in 5 years or more
356876493,way,last_update,28-6-2015,Feature has not been updated in 5 years or more
356876495,way,last_update,28-6-2015,Feature has not been updated in 5 years or more
356876496,way,last_update,28-6-2015,Feature has not been updated in 5 years or more
356876498,way,last_update,28-6-2015,Feature has not been updated in 5 years or more
356894511,way,last_update,28-6-2015,Feature has not been updated in 5 years or more
356894512,way,last_update,28-6-2015,Feature has not been updated in 5 years or more
356894513,way,last_update,28-6-2015,Feature has not been updated in 5 years or more
356894514,way,last_update,28-6-2015,Feature has not been updated in 5 years or more
356894515,way,last_update,28-6-2015,Feature has not been updated in 5 years or more
389188984,way,last_update,2-1-2016,Feature has not been updated in 5 years or more
389188985,way,last_update,2-1-2016,Feature has not been updated in 5 years or more
389188986,way,last_update,2-1-2016,Feature has not been updated in 5 years or more
389188987,way,last_update,2-1-2016,Feature has not been updated in 5 years or more
389188989,way,last_update,2-1-2016,Feature has not been updated in 5 years or more
389188990,way,last_update,2-1-2016,Feature has not been updated in 5 years or more
389188991,way,last_update,2-1-2016,Feature has not been updated in 5 years or more
389188992,way,last_update,28-10-2016,Feature has not been updated in 5 years or more
389188997,way,last_update,28-10-2016,Feature has not been updated in 5 years or more
389188998,way,last_update,28-10-2016,Feature has not been updated in 5 years or more
389650311,way,last_update,5-1-2016,Feature has not been updated in 5 years or more
389650312,way,last_update,5-1-2016,Feature has not been updated in 5 years or more
389650313,way,last_update,5-1-2016,Feature has not been updated in 5 years or more
389650314,way,last_update,5-1-2016,Feature has not been updated in 5 years or more
389650315,way,last_update,5-1-2016,Feature has not been updated in 5 years or more
389650316,way,last_update,5-1-2016,Feature has not been updated in 5 years or more
390230931,way,last_update,8-1-2016,Feature has not been updated in 5 years or more
399437566,way,last_update,23-2-2016,Feature has not been updated in 5 years or more
399439924,way,last_update,23-2-2016,Feature has not been updated in 5 years or more
399439926,way,last_update,23-2-2016,Feature has not been updated in 5 years or more
399439928,way,last_update,23-2-2016,Feature has not been updated in 5 years or more
413606862,way,last_update,26-4-2016,Feature has not been updated in 5 years or more
423395210,way,last_update,15-10-2019,Feature has not been updated in 5 years or more
423395211,way,last_update,7-6-2016,Feature has not been updated in 5 years or more
424461932,way,last_update,12-6-2016,Feature has not been updated in 5 years or more
427989856,way,last_update,29-6-2016,Feature has not been updated in 5 years or more
427989857,way,last_update,29-6-2016,Feature has not been updated in 5 years or more
427989858,way,last_update,29-6-2016,Feature has not been updated in 5 years or more
427989859,way,last_update,29-6-2016,Feature has not been updated in 5 years or more
427989860,way,last_update,29-6-2016,Feature has not been updated in 5 years or more
427989861,way,last_update,29-6-2016,Feature has not been updated in 5 years or more
429452881,way,last_update,6-7-2016,Feature has not been updated in 5 years or more
429452883,way,last_update,6-7-2016,Feature has not been updated in 5 years or more
429455945,way,last_update,6-7-2016,Feature has not been updated in 5 years or more
429455947,way,last_update,6-7-2016,Feature has not been updated in 5 years or more
429455948,way,last_update,6-7-2016,Feature has not been updated in 5 years or more
429455950,way,last_update,6-7-2016,Feature has not been updated in 5 years or more
429455955,way,last_update,6-7-2016,Feature has not been updated in 5 years or more
429455956,way,last_update,6-7-2016,Feature has not been updated in 5 years or more
429455957,way,last_update,6-7-2016,Feature has not been updated in 5 years or more
429455958,way,last_update,6-7-2016,Feature has not been updated in 5 years or more
429455960,way,last_update,6-7-2016,Feature has not been updated in 5 years or more
429455964,way,last_update,6-7-2016,Feature has not been updated in 5 years or more
429455966,way,last_update,6-7-2016,Feature has not been updated in 5 years or more
429455969,way,last_update,6-7-2016,Feature has not been updated in 5 years or more
429455970,way,last_update,6-7-2016,Feature has not been updated in 5 years or more
429455972,way,last_update,6-7-2016,Feature has not been updated in 5 years or more
429455974,way,last_update,6-7-2016,Feature has not been updated in 5 years or more
429455976,way,last_update,6-7-2016,Feature has not been updated in 5 years or more
429457951,way,last_update,6-7-2016,Feature has not been updated in 5 years or more
429457954,way,last_update,6-7-2016,Feature has not been updated in 5 years or more
429457955,way,last_update,6-7-2016,Feature has not been updated in 5 years or more
429457957,way,last_update,6-7-2016,Feature has not been updated in 5 years or more
432139938,way,last_update,20-7-2016,Feature has not been updated in 5 years or more
432139941,way,last_update,20-7-2016,Feature has not been updated in 5 years or more
432352130,way,last_update,21-7-2016,Feature has not been updated in 5 years or more
432352131,way,last_update,21-7-2016,Feature has not been updated in 5 years or more
432352132,way,last_update,21-7-2016,Feature has not been updated in 5 years or more
432352133,way,last_update,21-7-2016,Feature has not been updated in 5 years or more
432352134,way,last_update,21-7-2016,Feature has not been updated in 5 years or more
432352137,way,last_update,21-7-2016,Feature has not been updated in 5 years or more
432352138,way,last_update,21-7-2016,Feature has not been updated in 5 years or more
432352139,way,last_update,21-7-2016,Feature has not been updated in 5 years or more
432352140,way,last_update,21-7-2016,Feature has not been updated in 5 years or more
442927668,way,last_update,17-9-2016,Feature has not been updated in 5 years or more
442927669,way,last_update,17-9-2016,Feature has not been updated in 5 years or more
442927672,way,last_update,17-9-2016,Feature has not been updated in 5 years or more
443197521,way,last_update,19-9-2016,Feature has not been updated in 5 years or more
443197523,way,last_update,19-9-2016,Feature has not been updated in 5 years or more
445263414,way,last_update,2-10-2016,Feature has not been updated in 5 years or more
445329997,way,last_update,2-10-2016,Feature has not been updated in 5 years or more
445329998,way,last_update,2-10-2016,Feature has not been updated in 5 years or more
449913363,way,last_update,28-10-2016,Feature has not been updated in 5 years or more
449913370,way,last_update,28-10-2016,Feature has not been updated in 5 years or more
449913379,way,last_update,28-10-2016,Feature has not been updated in 5 years or more
449913418,way,last_update,28-10-2016,Feature has not been updated in 5 years or more
449913428,way,last_update,28-10-2016,Feature has not been updated in 5 years or more
450360763,way,last_update,31-10-2016,Feature has not been updated in 5 years or more
450360764,way,last_update,31-10-2016,Feature has not been updated in 5 years or more
450360768,way,last_update,31-10-2016,Feature has not been updated in 5 years or more
450360770,way,last_update,31-10-2016,Feature has not been updated in 5 years or more
450360776,way,last_update,31-10-2016,Feature has not been updated in 5 years or more
450360778,way,last_update,31-10-2016,Feature has not been updated in 5 years or more
450360782,way,last_update,31-10-2016,Feature has not been updated in 5 years or more
450360784,way,last_update,31-10-2016,Feature has not been updated in 5 years or more
450360786,way,last_update,31-10-2016,Feature has not been updated in 5 years or more
450360789,way,last_update,31-10-2016,Feature has not been updated in 5 years or more
450597578,way,last_update,1-11-2016,Feature has not been updated in 5 years or more
450597598,way,last_update,1-11-2016,Feature has not been updated in 5 years or more
450914575,way,last_update,3-11-2016,Feature has not been updated in 5 years or more
450914577,way,last_update,3-11-2016,Feature has not been updated in 5 years or more
450914581,way,last_update,3-11-2016,Feature has not been updated in 5 years or more
450914582,way,last_update,3-11-2016,Feature has not been updated in 5 years or more
450914583,way,last_update,3-11-2016,Feature has not been updated in 5 years or more
450914584,way,last_update,3-11-2016,Feature has not been updated in 5 years or more
451722345,way,last_update,6-11-2016,Feature has not been updated in 5 years or more
453727129,way,last_update,16-11-2016,Feature has not been updated in 5 years or more
453727130,way,last_update,16-11-2016,Feature has not been updated in 5 years or more
453728412,way,last_update,16-11-2016,Feature has not been updated in 5 years or more
454891991,way,last_update,21-11-2016,Feature has not been updated in 5 years or more
454891994,way,last_update,21-11-2016,Feature has not been updated in 5 years or more
454891996,way,last_update,21-11-2016,Feature has not been updated in 5 years or more
454891999,way,last_update,21-11-2016,Feature has not been updated in 5 years or more
454892002,way,last_update,7-8-2019,Feature has not been updated in 5 years or more
454892003,way,last_update,21-11-2016,Feature has not been updated in 5 years or more
454892004,way,last_update,21-11-2016,Feature has not been updated in 5 years or more
454892006,way,last_update,21-11-2016,Feature has not been updated in 5 years or more
454892009,way,last_update,21-11-2016,Feature has not been updated in 5 years or more
454892012,way,last_update,21-11-2016,Feature has not been updated in 5 years or more
454892014,way,last_update,21-11-2016,Feature has not been updated in 5 years or more
454892015,way,last_update,21-11-2016,Feature has not been updated in 5 years or more
454892016,way,last_update,21-11-2016,Feature has not been updated in 5 years or more
454892023,way,last_update,21-11-2016,Feature has not been updated in 5 years or more
454892034,way,last_update,21-11-2016,Feature has not been updated in 5 years or more
454892044,way,last_update,21-11-2016,Feature has not been updated in 5 years or more
454892048,way,last_update,21-11-2016,Feature has not been updated in 5 years or more
454892064,way,last_update,21-11-2016,Feature has not been updated in 5 years or more
454892067,way,last_update,21-11-2016,Feature has not been updated in 5 years or more
454892071,way,last_update,21-11-2016,Feature has not been updated in 5 years or more
454892087,way,last_update,21-11-2016,Feature has not been updated in 5 years or more
454892089,way,last_update,21-11-2016,Feature has not been updated in 5 years or more
454892091,way,last_update,21-11-2016,Feature has not been updated in 5 years or more
454892093,way,last_update,21-11-2016,Feature has not been updated in 5 years or more
454892095,way,last_update,21-11-2016,Feature has not been updated in 5 years or more
454892097,way,last_update,21-11-2016,Feature has not been updated in 5 years or more
455025811,way,last_update,22-11-2016,Feature has not been updated in 5 years or more
455025812,way,last_update,22-11-2016,Feature has not been updated in 5 years or more
455025817,way,last_update,22-11-2016,Feature has not been updated in 5 years or more
455025818,way,last_update,22-11-2016,Feature has not been updated in 5 years or more
455025822,way,last_update,22-11-2016,Feature has not been updated in 5 years or more
455025823,way,last_update,22-11-2016,Feature has not been updated in 5 years or more
455025827,way,last_update,22-11-2016,Feature has not been updated in 5 years or more
455025837,way,last_update,22-11-2016,Feature has not been updated in 5 years or more
455025838,way,last_update,22-11-2016,Feature has not been updated in 5 years or more
455025840,way,last_update,22-11-2016,Feature has not been updated in 5 years or more
455025843,way,last_update,22-11-2016,Feature has not been updated in 5 years or more
455025846,way,last_update,22-11-2016,Feature has not been updated in 5 years or more
455025848,way,last_update,22-11-2016,Feature has not been updated in 5 years or more
455025850,way,last_update,22-11-2016,Feature has not been updated in 5 years or more
455025853,way,last_update,22-11-2016,Feature has not been updated in 5 years or more
455025855,way,last_update,22-11-2016,Feature has not been updated in 5 years or more
455181598,way,last_update,22-11-2016,Feature has not been updated in 5 years or more
455181600,way,last_update,22-11-2016,Feature has not been updated in 5 years or more
455181608,way,last_update,22-11-2016,Feature has not been updated in 5 years or more
455181610,way,last_update,22-11-2016,Feature has not been updated in 5 years or more
455181613,way,last_update,22-11-2016,Feature has not been updated in 5 years or more
455181617,way,last_update,22-11-2016,Feature has not been updated in 5 years or more
455181619,way,last_update,13-8-2019,Feature has not been updated in 5 years or more
455181624,way,last_update,22-11-2016,Feature has not been updated in 5 years or more
455181626,way,last_update,22-11-2016,Feature has not been updated in 5 years or more
455181628,way,last_update,22-11-2016,Feature has not been updated in 5 years or more
455181629,way,last_update,15-8-2019,Feature has not been updated in 5 years or more
455181633,way,last_update,22-11-2016,Feature has not been updated in 5 years or more
455181635,way,last_update,22-11-2016,Feature has not been updated in 5 years or more
455181637,way,last_update,22-11-2016,Feature has not been updated in 5 years or more
455181639,way,last_update,22-11-2016,Feature has not been updated in 5 years or more
455239222,way,last_update,23-11-2016,Feature has not been updated in 5 years or more
455239224,way,last_update,23-11-2016,Feature has not been updated in 5 years or more
455264974,way,last_update,23-11-2016,Feature has not been updated in 5 years or more
455264977,way,last_update,23-11-2016,Feature has not been updated in 5 years or more
455264979,way,last_update,5-11-2018,Feature has not been updated in 5 years or more
455264983,way,last_update,31-12-2016,Feature has not been updated in 5 years or more
455264994,way,last_update,23-11-2016,Feature has not been updated in 5 years or more
456293275,way,last_update,28-11-2016,Feature has not been updated in 5 years or more
456293276,way,last_update,28-11-2016,Feature has not been updated in 5 years or more
460047244,way,last_update,16-12-2016,Feature has not been updated in 5 years or more
460047245,way,last_update,16-12-2016,Feature has not been updated in 5 years or more
460047248,way,last_update,16-12-2016,Feature has not been updated in 5 years or more
460047255,way,last_update,16-12-2016,Feature has not been updated in 5 years or more
460047259,way,last_update,16-12-2016,Feature has not been updated in 5 years or more
460047261,way,last_update,16-12-2016,Feature has not been updated in 5 years or more
460047388,way,last_update,16-12-2016,Feature has not been updated in 5 years or more
460352621,way,last_update,18-12-2016,Feature has not been updated in 5 years or more
460352624,way,last_update,19-12-2016,Feature has not been updated in 5 years or more
460352625,way,last_update,18-12-2016,Feature has not been updated in 5 years or more
460352636,way,last_update,2-10-2019,Feature has not been updated in 5 years or more
460352638,way,last_update,18-12-2016,Feature has not been updated in 5 years or more
460352641,way,last_update,18-12-2016,Feature has not been updated in 5 years or more
460352642,way,last_update,18-12-2016,Feature has not been updated in 5 years or more
460352643,way,last_update,18-12-2016,Feature has not been updated in 5 years or more
460352644,way,last_update,18-12-2016,Feature has not been updated in 5 years or more
460352645,way,last_update,18-12-2016,Feature has not been updated in 5 years or more
460352646,way,last_update,18-12-2016,Feature has not been updated in 5 years or more
460352647,way,last_update,18-12-2016,Feature has not been updated in 5 years or more
460352648,way,last_update,18-12-2016,Feature has not been updated in 5 years or more
460352649,way,last_update,18-12-2016,Feature has not been updated in 5 years or more
460352650,way,last_update,18-12-2016,Feature has not been updated in 5 years or more
460352651,way,last_update,18-12-2016,Feature has not been updated in 5 years or more
460352652,way,last_update,18-12-2016,Feature has not been updated in 5 years or more
460352655,way,last_update,18-12-2016,Feature has not been updated in 5 years or more
460352671,way,last_update,18-12-2016,Feature has not been updated in 5 years or more
460352674,way,last_update,18-12-2016,Feature has not been updated in 5 years or more
460352675,way,last_update,18-12-2016,Feature has not been updated in 5 years or more
460352679,way,last_update,18-12-2016,Feature has not been updated in 5 years or more
460558875,way,last_update,19-12-2016,Feature has not been updated in 5 years or more
460558877,way,last_update,19-12-2016,Feature has not been updated in 5 years or more
460558879,way,last_update,19-12-2016,Feature has not been updated in 5 years or more
460558882,way,last_update,2-10-2019,Feature has not been updated in 5 years or more
460558885,way,last_update,19-12-2016,Feature has not been updated in 5 years or more
462890655,way,last_update,31-12-2016,Feature has not been updated in 5 years or more
462890661,way,last_update,31-12-2016,Feature has not been updated in 5 years or more
462890662,way,last_update,31-12-2016,Feature has not been updated in 5 years or more
462890667,way,last_update,31-12-2016,Feature has not been updated in 5 years or more
462890671,way,last_update,31-12-2016,Feature has not been updated in 5 years or more
462890673,way,last_update,31-12-2016,Feature has not been updated in 5 years or more
462902289,way,last_update,31-12-2016,Feature has not been updated in 5 years or more
477295543,way,last_update,26-2-2017,Feature has not been updated in 5 years or more
477295544,way,last_update,26-2-2017,Feature has not been updated in 5 years or more
477299808,way,last_update,26-2-2017,Feature has not been updated in 5 years or more
477299810,way,last_update,26-2-2017,Feature has not been updated in 5 years or more
477299813,way,last_update,19-7-2018,Feature has not been updated in 5 years or more
477299815,way,last_update,19-7-2018,Feature has not been updated in 5 years or more
477299818,way,last_update,26-2-2017,Feature has not been updated in 5 years or more
477299819,way,last_update,26-2-2017,Feature has not been updated in 5 years or more
477299824,way,last_update,26-2-2017,Feature has not been updated in 5 years or more
477299826,way,last_update,26-2-2017,Feature has not been updated in 5 years or more
477299827,way,last_update,26-2-2017,Feature has not been updated in 5 years or more
477299831,way,last_update,26-2-2017,Feature has not been updated in 5 years or more
477299835,way,last_update,26-2-2017,Feature has not been updated in 5 years or more
477299840,way,last_update,26-2-2017,Feature has not been updated in 5 years or more
477515326,way,last_update,27-2-2017,Feature has not been updated in 5 years or more
477515328,way,last_update,27-2-2017,Feature has not been updated in 5 years or more
477515341,way,last_update,27-2-2017,Feature has not been updated in 5 years or more
477515343,way,last_update,27-2-2017,Feature has not been updated in 5 years or more
477515345,way,last_update,27-2-2017,Feature has not been updated in 5 years or more
477515347,way,last_update,28-2-2017,Feature has not been updated in 5 years or more
477515349,way,last_update,28-2-2017,Feature has not been updated in 5 years or more
477515350,way,last_update,28-2-2017,Feature has not been updated in 5 years or more
477515351,way,last_update,19-9-2018,Feature has not been updated in 5 years or more
477515352,way,last_update,28-2-2017,Feature has not been updated in 5 years or more
478021615,way,last_update,2-3-2017,Feature has not been updated in 5 years or more
478021617,way,last_update,2-3-2017,Feature has not been updated in 5 years or more
478021623,way,last_update,2-3-2017,Feature has not been updated in 5 years or more
478021629,way,last_update,2-3-2017,Feature has not been updated in 5 years or more
478021631,way,last_update,2-3-2017,Feature has not been updated in 5 years or more
478021637,way,last_update,2-3-2017,Feature has not been updated in 5 years or more
478021644,way,last_update,2-3-2017,Feature has not been updated in 5 years or more
478216040,way,last_update,3-3-2017,Feature has not been updated in 5 years or more
478216044,way,last_update,3-3-2017,Feature has not been updated in 5 years or more
478216046,way,last_update,3-3-2017,Feature has not been updated in 5 years or more
478216050,way,last_update,3-3-2017,Feature has not been updated in 5 years or more
478216053,way,last_update,3-3-2017,Feature has not been updated in 5 years or more
478216071,way,last_update,3-3-2017,Feature has not been updated in 5 years or more
478216078,way,last_update,3-3-2017,Feature has not been updated in 5 years or more
478216080,way,last_update,3-3-2017,Feature has not been updated in 5 years or more
478216082,way,last_update,3-3-2017,Feature has not been updated in 5 years or more
478216088,way,last_update,3-3-2017,Feature has not been updated in 5 years or more
478217578,way,last_update,3-3-2017,Feature has not been updated in 5 years or more
478535437,way,last_update,5-3-2017,Feature has not been updated in 5 years or more
478538199,way,last_update,5-3-2017,Feature has not been updated in 5 years or more
478538202,way,last_update,5-3-2017,Feature has not been updated in 5 years or more
478538203,way,last_update,5-3-2017,Feature has not been updated in 5 years or more
478538207,way,last_update,5-3-2017,Feature has not been updated in 5 years or more
478538210,way,last_update,5-3-2017,Feature has not been updated in 5 years or more
478538212,way,last_update,5-3-2017,Feature has not been updated in 5 years or more
570557816,way,last_update,18-3-2018,Feature has not been updated in 5 years or more
585924799,way,last_update,5-5-2018,Feature has not been updated in 5 years or more
609133854,way,last_update,19-7-2018,Feature has not been updated in 5 years or more
609134012,way,last_update,19-7-2018,Feature has not been updated in 5 years or more
609134034,way,last_update,19-7-2018,Feature has not been updated in 5 years or more
609134377,way,last_update,19-7-2018,Feature has not been updated in 5 years or more
609134486,way,last_update,19-7-2018,Feature has not been updated in 5 years or more
611965118,way,last_update,29-7-2018,Feature has not been updated in 5 years or more
611965120,way,last_update,29-7-2018,Feature has not been updated in 5 years or more
611965122,way,last_update,29-7-2018,Feature has not been updated in 5 years or more
611965125,way,last_update,29-7-2018,Feature has not been updated in 5 years or more
611965129,way,last_update,29-7-2018,Feature has not been updated in 5 years or more
611965139,way,last_update,29-7-2018,Feature has not been updated in 5 years or more
611965157,way,last_update,29-7-2018,Feature has not been updated in 5 years or more
611965244,way,last_update,29-7-2018,Feature has not been updated in 5 years or more
611965247,way,last_update,29-7-2018,Feature has not been updated in 5 years or more
614461850,way,last_update,6-8-2018,Feature has not been updated in 5 years or more
615240623,way,last_update,14-4-2021,Feature has not been updated in 5 years or more
615240625,way,last_update,14-4-2021,Feature has not been updated in 5 years or more
615240738,way,last_update,8-8-2018,Feature has not been updated in 5 years or more
615240745,way,last_update,8-8-2018,Feature has not been updated in 5 years or more
615240748,way,last_update,20-10-2019,Feature has not been updated in 5 years or more
615240787,way,last_update,2-11-2018,Feature has not been updated in 5 years or more
616821390,way,last_update,16-8-2018,Feature has not been updated in 5 years or more
616821392,way,last_update,16-8-2018,Feature has not been updated in 5 years or more
617312979,way,last_update,16-8-2018,Feature has not been updated in 5 years or more
617312981,way,last_update,16-8-2018,Feature has not been updated in 5 years or more
617312983,way,last_update,16-8-2018,Feature has not been updated in 5 years or more
617312987,way,last_update,16-8-2018,Feature has not been updated in 5 years or more
617312989,way,last_update,16-8-2018,Feature has not been updated in 5 years or more
617312995,way,last_update,16-8-2018,Feature has not been updated in 5 years or more
617312996,way,last_update,7-8-2019,Feature has not been updated in 5 years or more
617313022,way,last_update,16-8-2018,Feature has not been updated in 5 years or more
617313024,way,last_update,16-8-2018,Feature has not been updated in 5 years or more
617313027,way,last_update,16-8-2018,Feature has not been updated in 5 years or more
617313030,way,last_update,16-8-2018,Feature has not been updated in 5 years or more
617398584,way,last_update,16-8-2018,Feature has not been updated in 5 years or more
619374267,way,last_update,24-8-2018,Feature has not been updated in 5 years or more
619374271,way,last_update,24-8-2018,Feature has not been updated in 5 years or more
619374309,way,last_update,24-8-2018,Feature has not been updated in 5 years or more
619374319,way,last_update,19-9-2018,Feature has not been updated in 5 years or more
619374321,way,last_update,24-8-2018,Feature has not been updated in 5 years or more
619374323,way,last_update,19-9-2018,Feature has not been updated in 5 years or more
619374329,way,last_update,24-8-2018,Feature has not been updated in 5 years or more
619374344,way,last_update,23-7-2019,Feature has not been updated in 5 years or more
619374346,way,last_update,24-8-2018,Feature has not been updated in 5 years or more
619374348,way,last_update,24-8-2018,Feature has not been updated in 5 years or more
629166115,way,last_update,30-9-2018,Feature has not been updated in 5 years or more
629166117,way,last_update,30-9-2018,Feature has not been updated in 5 years or more
629166119,way,last_update,30-9-2018,Feature has not been updated in 5 years or more
629166121,way,last_update,30-9-2018,Feature has not been updated in 5 years or more
629166123,way,last_update,30-9-2018,Feature has not been updated in 5 years or more
629175856,way,last_update,30-9-2018,Feature has not been updated in 5 years or more
629175859,way,last_update,30-9-2018,Feature has not been updated in 5 years or more
629175861,way,last_update,30-9-2018,Feature has not been updated in 5 years or more
629175877,way,last_update,30-9-2018,Feature has not been updated in 5 years or more
629175879,way,last_update,30-9-2018,Feature has not been updated in 5 years or more
629175881,way,last_update,30-9-2018,Feature has not been updated in 5 years or more
629175883,way,last_update,30-9-2018,Feature has not been updated in 5 years or more
629175884,way,last_update,30-9-2018,Feature has not been updated in 5 years or more
629175889,way,last_update,30-9-2018,Feature has not been updated in 5 years or more
629175891,way,last_update,30-9-2018,Feature has not been updated in 5 years or more
629175892,way,last_update,30-9-2018,Feature has not been updated in 5 years or more
629175896,way,last_update,30-9-2018,Feature has not been updated in 5 years or more
629175897,way,last_update,30-9-2018,Feature has not been updated in 5 years or more
629175898,way,last_update,30-9-2018,Feature has not been updated in 5 years or more
629175904,way,last_update,30-9-2018,Feature has not been updated in 5 years or more
636743457,way,last_update,22-10-2018,Feature has not been updated in 5 years or more
636743459,way,last_update,22-10-2018,Feature has not been updated in 5 years or more
639705876,way,last_update,31-10-2018,Feature has not been updated in 5 years or more
639705878,way,last_update,31-10-2018,Feature has not been updated in 5 years or more
639705880,way,last_update,31-10-2018,Feature has not been updated in 5 years or more
639705884,way,last_update,31-10-2018,Feature has not been updated in 5 years or more
639705886,way,last_update,31-10-2018,Feature has not been updated in 5 years or more
639705888,way,last_update,31-10-2018,Feature has not been updated in 5 years or more
639705890,way,last_update,31-10-2018,Feature has not been updated in 5 years or more
639705893,way,last_update,31-10-2018,Feature has not been updated in 5 years or more
639705895,way,last_update,31-10-2018,Feature has not been updated in 5 years or more
639705900,way,last_update,31-10-2018,Feature has not been updated in 5 years or more
639705903,way,last_update,31-10-2018,Feature has not been updated in 5 years or more
640214099,way,last_update,2-11-2018,Feature has not been updated in 5 years or more
640214100,way,last_update,2-11-2018,Feature has not been updated in 5 years or more
640214101,way,last_update,2-11-2018,Feature has not been updated in 5 years or more
640214102,way,last_update,2-11-2018,Feature has not been updated in 5 years or more
640214104,way,last_update,2-11-2018,Feature has not been updated in 5 years or more
640214105,way,last_update,10-6-2019,Feature has not been updated in 5 years or more
640214111,way,last_update,10-6-2019,Feature has not been updated in 5 years or more
640214116,way,last_update,10-6-2019,Feature has not been updated in 5 years or more
640214131,way,last_update,11-10-2019,Feature has not been updated in 5 years or more
640214132,way,last_update,18-10-2019,Feature has not been updated in 5 years or more
640214135,way,last_update,18-10-2019,Feature has not been updated in 5 years or more
640214138,way,last_update,27-3-2019,Feature has not been updated in 5 years or more
640214140,way,last_update,2-11-2018,Feature has not been updated in 5 years or more
640214141,way,last_update,27-3-2019,Feature has not been updated in 5 years or more
640214147,way,last_update,18-10-2019,Feature has not been updated in 5 years or more
640214156,way,last_update,18-10-2019,Feature has not been updated in 5 years or more
640214159,way,last_update,18-10-2019,Feature has not been updated in 5 years or more
640214160,way,last_update,2-11-2018,Feature has not been updated in 5 years or more
641195937,way,last_update,5-11-2018,Feature has not been updated in 5 years or more
641195939,way,last_update,5-11-2018,Feature has not been updated in 5 years or more
641195958,way,last_update,5-11-2018,Feature has not been updated in 5 years or more
641195961,way,last_update,5-11-2018,Feature has not been updated in 5 years or more
641195963,way,last_update,5-11-2018,Feature has not been updated in 5 years or more
641195965,way,last_update,5-11-2018,Feature has not been updated in 5 years or more
641195967,way,last_update,5-11-2018,Feature has not been updated in 5 years or more
641195971,way,last_update,5-11-2018,Feature has not been updated in 5 years or more
641195973,way,last_update,5-11-2018,Feature has not been updated in 5 years or more
641195979,way,last_update,5-11-2018,Feature has not been updated in 5 years or more
641195981,way,last_update,5-11-2018,Feature has not been updated in 5 years or more
641195993,way,last_update,5-11-2018,Feature has not been updated in 5 years or more
641195995,way,last_update,5-11-2018,Feature has not been updated in 5 years or more
641195997,way,last_update,5-11-2018,Feature has not been updated in 5 years or more
641195999,way,last_update,5-11-2018,Feature has not been updated in 5 years or more
641196005,way,last_update,5-11-2018,Feature has not been updated in 5 years or more
641196007,way,last_update,5-11-2018,Feature has not been updated in 5 years or more
641196009,way,last_update,5-11-2018,Feature has not been updated in 5 years or more
641196012,way,last_update,5-11-2018,Feature has not been updated in 5 years or more
641196014,way,last_update,5-11-2018,Feature has not been updated in 5 years or more
641196020,way,last_update,5-11-2018,Feature has not been updated in 5 years or more
641196022,way,last_update,5-11-2018,Feature has not been updated in 5 years or more
641196024,way,last_update,5-11-2018,Feature has not been updated in 5 years or more
641196026,way,last_update,5-11-2018,Feature has not been updated in 5 years or more
641196032,way,last_update,5-11-2018,Feature has not been updated in 5 years or more
641201708,way,last_update,16-6-2021,Feature has not been updated in 5 years or more
641201717,way,last_update,5-11-2018,Feature has not been updated in 5 years or more
641201724,way,last_update,5-11-2018,Feature has not been updated in 5 years or more
641413462,way,last_update,6-11-2018,Feature has not been updated in 5 years or more
641413464,way,last_update,6-11-2018,Feature has not been updated in 5 years or more
641413466,way,last_update,6-11-2018,Feature has not been updated in 5 years or more
641413484,way,last_update,6-11-2018,Feature has not been updated in 5 years or more
641413503,way,last_update,6-11-2018,Feature has not been updated in 5 years or more
641413518,way,last_update,6-11-2018,Feature has not been updated in 5 years or more
641918066,way,last_update,7-11-2018,Feature has not been updated in 5 years or more
641918068,way,last_update,7-11-2018,Feature has not been updated in 5 years or more
641918125,way,last_update,7-11-2018,Feature has not been updated in 5 years or more
641918127,way,last_update,7-11-2018,Feature has not been updated in 5 years or more
641918130,way,last_update,7-11-2018,Feature has not been updated in 5 years or more
641918132,way,last_update,7-11-2018,Feature has not been updated in 5 years or more
641918135,way,last_update,7-11-2018,Feature has not been updated in 5 years or more
641918138,way,last_update,7-11-2018,Feature has not been updated in 5 years or more
641918142,way,last_update,7-11-2018,Feature has not been updated in 5 years or more
641918144,way,last_update,7-11-2018,Feature has not been updated in 5 years or more
641918146,way,last_update,7-11-2018,Feature has not been updated in 5 years or more
641918151,way,last_update,7-11-2018,Feature has not been updated in 5 years or more
641918155,way,last_update,7-11-2018,Feature has not been updated in 5 years or more
641918157,way,last_update,7-11-2018,Feature has not been updated in 5 years or more
641918162,way,last_update,7-11-2018,Feature has not been updated in 5 years or more
641918164,way,last_update,7-11-2018,Feature has not been updated in 5 years or more
641918167,way,last_update,7-11-2018,Feature has not been updated in 5 years or more
641918170,way,last_update,7-11-2018,Feature has not been updated in 5 years or more
641918172,way,last_update,7-11-2018,Feature has not been updated in 5 years or more
641918187,way,last_update,7-11-2018,Feature has not been updated in 5 years or more
642204662,way,last_update,8-11-2018,Feature has not been updated in 5 years or more
645146663,way,last_update,16-11-2018,Feature has not been updated in 5 years or more
646178624,way,last_update,19-11-2018,Feature has not been updated in 5 years or more
646178626,way,last_update,19-11-2018,Feature has not been updated in 5 years or more
646178628,way,last_update,19-11-2018,Feature has not been updated in 5 years or more
646178630,way,last_update,19-11-2018,Feature has not been updated in 5 years or more
646178634,way,last_update,19-11-2018,Feature has not been updated in 5 years or more
646178636,way,last_update,19-11-2018,Feature has not been updated in 5 years or more
646399182,way,last_update,19-11-2018,Feature has not been updated in 5 years or more
648318889,way,last_update,24-11-2018,Feature has not been updated in 5 years or more
648962430,way,last_update,26-11-2018,Feature has not been updated in 5 years or more
651751889,way,last_update,2-12-2018,Feature has not been updated in 5 years or more
651899685,way,last_update,3-12-2018,Feature has not been updated in 5 years or more
651899691,way,last_update,3-12-2018,Feature has not been updated in 5 years or more
651899720,way,last_update,3-12-2018,Feature has not been updated in 5 years or more
651987195,way,last_update,3-12-2018,Feature has not been updated in 5 years or more
651987206,way,last_update,3-12-2018,Feature has not been updated in 5 years or more
652286943,way,last_update,4-12-2018,Feature has not been updated in 5 years or more
652286947,way,last_update,4-12-2018,Feature has not been updated in 5 years or more
652286969,way,last_update,4-12-2018,Feature has not been updated in 5 years or more
652286998,way,last_update,4-12-2018,Feature has not been updated in 5 years or more
652287026,way,last_update,4-12-2018,Feature has not been updated in 5 years or more
652287108,way,last_update,4-12-2018,Feature has not been updated in 5 years or more
652287110,way,last_update,4-12-2018,Feature has not been updated in 5 years or more
652562922,way,last_update,5-12-2018,Feature has not been updated in 5 years or more
652562923,way,last_update,5-12-2018,Feature has not been updated in 5 years or more
653128494,way,last_update,6-12-2018,Feature has not been updated in 5 years or more
653128516,way,last_update,6-12-2018,Feature has not been updated in 5 years or more
653128518,way,last_update,6-12-2018,Feature has not been updated in 5 years or more
653128537,way,last_update,6-12-2018,Feature has not been updated in 5 years or more
653287296,way,last_update,7-12-2018,Feature has not been updated in 5 years or more
653287298,way,last_update,7-12-2018,Feature has not been updated in 5 years or more
653287302,way,last_update,7-12-2018,Feature has not been updated in 5 years or more
653287309,way,last_update,7-12-2018,Feature has not been updated in 5 years or more
653287311,way,last_update,7-12-2018,Feature has not been updated in 5 years or more
653287313,way,last_update,7-12-2018,Feature has not been updated in 5 years or more
653287318,way,last_update,7-12-2018,Feature has not been updated in 5 years or more
653287324,way,last_update,7-12-2018,Feature has not been updated in 5 years or more
653287326,way,last_update,7-12-2018,Feature has not been updated in 5 years or more
653287328,way,last_update,7-12-2018,Feature has not been updated in 5 years or more
653287331,way,last_update,7-12-2018,Feature has not been updated in 5 years or more
653287333,way,last_update,7-12-2018,Feature has not been updated in 5 years or more
653287337,way,last_update,7-12-2018,Feature has not been updated in 5 years or more
653510670,way,last_update,8-12-2018,Feature has not been updated in 5 years or more
663164227,way,last_update,14-1-2019,Feature has not been updated in 5 years or more
663164230,way,last_update,14-1-2019,Feature has not been updated in 5 years or more
663164232,way,last_update,14-1-2019,Feature has not been updated in 5 years or more
663164238,way,last_update,14-1-2019,Feature has not been updated in 5 years or more
663164246,way,last_update,14-1-2019,Feature has not been updated in 5 years or more
663164251,way,last_update,14-1-2019,Feature has not been updated in 5 years or more
663164266,way,last_update,14-1-2019,Feature has not been updated in 5 years or more
663164270,way,last_update,14-1-2019,Feature has not been updated in 5 years or more
663164277,way,last_update,14-1-2019,Feature has not been updated in 5 years or more
663164284,way,last_update,14-1-2019,Feature has not been updated in 5 years or more
663164288,way,last_update,14-1-2019,Feature has not been updated in 5 years or more
663164292,way,last_update,14-1-2019,Feature has not been updated in 5 years or more
663164296,way,last_update,14-1-2019,Feature has not been updated in 5 years or more
669548485,way,last_update,10-2-2019,Feature has not been updated in 5 years or more
669548487,way,last_update,10-2-2019,Feature has not been updated in 5 years or more
669548491,way,last_update,10-2-2019,Feature has not been updated in 5 years or more
669548534,way,last_update,10-2-2019,Feature has not been updated in 5 years or more
678442088,way,last_update,21-3-2019,Feature has not been updated in 5 years or more
678442111,way,last_update,21-3-2019,Feature has not been updated in 5 years or more
678442126,way,last_update,21-3-2019,Feature has not been updated in 5 years or more
678864546,way,last_update,23-3-2019,Feature has not been updated in 5 years or more
678864548,way,last_update,23-3-2019,Feature has not been updated in 5 years or more
678864551,way,last_update,23-3-2019,Feature has not been updated in 5 years or more
678864553,way,last_update,23-3-2019,Feature has not been updated in 5 years or more
678864555,way,last_update,23-3-2019,Feature has not been updated in 5 years or more
678864557,way,last_update,23-3-2019,Feature has not been updated in 5 years or more
678864560,way,last_update,23-3-2019,Feature has not been updated in 5 years or more
678864563,way,last_update,23-3-2019,Feature has not been updated in 5 years or more
686663525,way,last_update,29-4-2019,Feature has not been updated in 5 years or more
686663532,way,last_update,29-4-2019,Feature has not been updated in 5 years or more
686663541,way,last_update,29-4-2019,Feature has not been updated in 5 years or more
686767384,way,last_update,30-4-2019,Feature has not been updated in 5 years or more
686767386,way,last_update,30-4-2019,Feature has not been updated in 5 years or more
686767387,way,last_update,30-4-2019,Feature has not been updated in 5 years or more
686767390,way,last_update,30-4-2019,Feature has not been updated in 5 years or more
686767395,way,last_update,30-4-2019,Feature has not been updated in 5 years or more
686767397,way,last_update,13-10-2020,Feature has not been updated in 5 years or more
686934377,way,last_update,30-4-2019,Feature has not been updated in 5 years or more
689029682,way,last_update,10-5-2019,Feature has not been updated in 5 years or more
689029694,way,last_update,10-5-2019,Feature has not been updated in 5 years or more
689029697,way,last_update,10-5-2019,Feature has not been updated in 5 years or more
689029701,way,last_update,10-5-2019,Feature has not been updated in 5 years or more
689029703,way,last_update,10-5-2019,Feature has not been updated in 5 years or more
689029705,way,last_update,10-5-2019,Feature has not been updated in 5 years or more
689029707,way,last_update,10-5-2019,Feature has not been updated in 5 years or more
689029711,way,last_update,10-5-2019,Feature has not been updated in 5 years or more
689029713,way,last_update,10-5-2019,Feature has not been updated in 5 years or more
689029715,way,last_update,10-5-2019,Feature has not been updated in 5 years or more
689029717,way,last_update,10-5-2019,Feature has not been updated in 5 years or more
689029721,way,last_update,10-5-2019,Feature has not been updated in 5 years or more
689029723,way,last_update,10-5-2019,Feature has not been updated in 5 years or more
689029725,way,last_update,10-5-2019,Feature has not been updated in 5 years or more
689029727,way,last_update,10-5-2019,Feature has not been updated in 5 years or more
689029731,way,last_update,10-5-2019,Feature has not been updated in 5 years or more
689029733,way,last_update,10-5-2019,Feature has not been updated in 5 years or more
689029735,way,last_update,10-5-2019,Feature has not been updated in 5 years or more
689029737,way,last_update,10-5-2019,Feature has not been updated in 5 years or more
689029740,way,last_update,10-5-2019,Feature has not been updated in 5 years or more
689502251,way,last_update,12-5-2019,Feature has not been updated in 5 years or more
689502266,way,last_update,12-5-2019,Feature has not been updated in 5 years or more
689660308,way,last_update,13-5-2019,Feature has not been updated in 5 years or more
689660310,way,last_update,13-5-2019,Feature has not been updated in 5 years or more
689660312,way,last_update,13-5-2019,Feature has not been updated in 5 years or more
689660315,way,last_update,13-5-2019,Feature has not been updated in 5 years or more
689660317,way,last_update,13-5-2019,Feature has not been updated in 5 years or more
689660319,way,last_update,13-5-2019,Feature has not been updated in 5 years or more
689660321,way,last_update,13-5-2019,Feature has not been updated in 5 years or more
689660325,way,last_update,13-5-2019,Feature has not been updated in 5 years or more
689660327,way,last_update,13-5-2019,Feature has not been updated in 5 years or more
689660331,way,last_update,13-5-2019,Feature has not been updated in 5 years or more
689660333,way,last_update,13-5-2019,Feature has not been updated in 5 years or more
689660335,way,last_update,13-5-2019,Feature has not been updated in 5 years or more
689660338,way,last_update,13-5-2019,Feature has not been updated in 5 years or more
690973862,way,last_update,27-11-2019,Feature has not been updated in 5 years or more
690973863,way,last_update,27-11-2019,Feature has not been updated in 5 years or more
690973864,way,last_update,27-11-2019,Feature has not been updated in 5 years or more
690973869,way,last_update,19-5-2019,Feature has not been updated in 5 years or more
730463383,way,last_update,2-10-2019,Feature has not been updated in 5 years or more
731253131,way,last_update,4-10-2019,Feature has not been updated in 5 years or more
731253133,way,last_update,4-10-2019,Feature has not been updated in 5 years or more
731268994,way,last_update,4-10-2019,Feature has not been updated in 5 years or more
732644111,way,last_update,8-10-2019,Feature has not been updated in 5 years or more
736287637,way,last_update,19-10-2019,Feature has not been updated in 5 years or more
765716118,way,last_update,22-1-2020,Feature has not been updated in 5 years or more
767429270,way,last_update,28-1-2020,Feature has not been updated in 5 years or more
767629184,way,last_update,18-2-2020,Feature has not been updated in 5 years or more
767629186,way,last_update,17-2-2020,Feature has not been updated in 5 years or more
767762809,way,last_update,4-8-2020,Feature has not been updated in 5 years or more
768672594,way,last_update,13-2-2020,Feature has not been updated in 5 years or more
768672595,way,last_update,19-2-2020,Feature has not been updated in 5 years or more
768672597,way,last_update,13-2-2020,Feature has not been updated in 5 years or more
768672599,way,last_update,13-2-2020,Feature has not been updated in 5 years or more
768969598,way,last_update,1-2-2020,Feature has not been updated in 5 years or more
770924449,way,last_update,8-2-2020,Feature has not been updated in 5 years or more
770925274,way,last_update,13-2-2020,Feature has not been updated in 5 years or more
770925278,way,last_update,8-2-2020,Feature has not been updated in 5 years or more
770930026,way,last_update,13-2-2020,Feature has not been updated in 5 years or more
770930029,way,last_update,13-2-2020,Feature has not been updated in 5 years or more
770930030,way,last_update,13-2-2020,Feature has not been updated in 5 years or more
770934262,way,last_update,9-2-2020,Feature has not been updated in 5 years or more
771684606,way,last_update,13-2-2020,Feature has not been updated in 5 years or more
771684988,way,last_update,11-2-2020,Feature has not been updated in 5 years or more
771690089,way,last_update,11-2-2020,Feature has not been updated in 5 years or more
771690090,way,last_update,11-2-2020,Feature has not been updated in 5 years or more
771691970,way,last_update,11-2-2020,Feature has not been updated in 5 years or more
771710427,way,last_update,13-2-2020,Feature has not been updated in 5 years or more
771710429,way,last_update,13-2-2020,Feature has not been updated in 5 years or more
771710430,way,last_update,13-2-2020,Feature has not been updated in 5 years or more
771710431,way,last_update,13-2-2020,Feature has not been updated in 5 years or more
771713369,way,last_update,13-2-2020,Feature has not been updated in 5 years or more
771713371,way,last_update,13-2-2020,Feature has not been updated in 5 years or more
771713373,way,last_update,11-2-2020,Feature has not been updated in 5 years or more
771716318,way,last_update,13-2-2020,Feature has not been updated in 5 years or more
771716319,way,last_update,13-2-2020,Feature has not been updated in 5 years or more
771716321,way,last_update,13-2-2020,Feature has not been updated in 5 years or more
771716322,way,last_update,13-2-2020,Feature has not been updated in 5 years or more
771716323,way,last_update,13-2-2020,Feature has not been updated in 5 years or more
771716324,way,last_update,13-2-2020,Feature has not been updated in 5 years or more
771716325,way,last_update,13-2-2020,Feature has not been updated in 5 years or more
771716326,way,last_update,13-2-2020,Feature has not been updated in 5 years or more
771719075,way,last_update,13-2-2020,Feature has not been updated in 5 years or more
771719076,way,last_update,13-2-2020,Feature has not been updated in 5 years or more
771719077,way,last_update,13-2-2020,Feature has not been updated in 5 years or more
771719079,way,last_update,13-2-2020,Feature has not been updated in 5 years or more
771719083,way,last_update,13-2-2020,Feature has not been updated in 5 years or more
771719084,way,last_update,13-2-2020,Feature has not been updated in 5 years or more
771719087,way,last_update,13-2-2020,Feature has not been updated in 5 years or more
771719088,way,last_update,13-2-2020,Feature has not been updated in 5 years or more
771721765,way,last_update,13-2-2020,Feature has not been updated in 5 years or more
771721766,way,last_update,11-2-2020,Feature has not been updated in 5 years or more
771724389,way,last_update,13-2-2020,Feature has not been updated in 5 years or more
771724390,way,last_update,13-2-2020,Feature has not been updated in 5 years or more
771724391,way,last_update,13-2-2020,Feature has not been updated in 5 years or more
771724395,way,last_update,13-2-2020,Feature has not been updated in 5 years or more
771740035,way,last_update,11-2-2020,Feature has not been updated in 5 years or more
771740036,way,last_update,11-2-2020,Feature has not been updated in 5 years or more
771740038,way,last_update,11-2-2020,Feature has not been updated in 5 years or more
771744321,way,last_update,13-2-2020,Feature has not been updated in 5 years or more
771744323,way,last_update,13-2-2020,Feature has not been updated in 5 years or more
771744325,way,last_update,11-2-2020,Feature has not been updated in 5 years or more
771744326,way,last_update,13-2-2020,Feature has not been updated in 5 years or more
771744329,way,last_update,13-2-2020,Feature has not been updated in 5 years or more
771744330,way,last_update,13-2-2020,Feature has not been updated in 5 years or more
771744331,way,last_update,13-2-2020,Feature has not been updated in 5 years or more
771744332,way,last_update,13-2-2020,Feature has not been updated in 5 years or more
771747922,way,last_update,13-2-2020,Feature has not been updated in 5 years or more
771747925,way,last_update,11-2-2020,Feature has not been updated in 5 years or more
771747926,way,last_update,13-2-2020,Feature has not been updated in 5 years or more
771747927,way,last_update,11-2-2020,Feature has not been updated in 5 years or more
771747930,way,last_update,13-2-2020,Feature has not been updated in 5 years or more
771747933,way,last_update,13-2-2020,Feature has not been updated in 5 years or more
771747934,way,last_update,13-2-2020,Feature has not been updated in 5 years or more
771747935,way,last_update,13-2-2020,Feature has not been updated in 5 years or more
771758143,way,last_update,11-2-2020,Feature has not been updated in 5 years or more
772236706,way,last_update,13-2-2020,Feature has not been updated in 5 years or more
772247394,way,last_update,13-2-2020,Feature has not been updated in 5 years or more
772248303,way,last_update,13-2-2020,Feature has not been updated in 5 years or more
772248304,way,last_update,13-2-2020,Feature has not been updated in 5 years or more
772255308,way,last_update,13-2-2020,Feature has not been updated in 5 years or more
772255309,way,last_update,13-2-2020,Feature has not been updated in 5 years or more
772255310,way,last_update,13-2-2020,Feature has not been updated in 5 years or more
772255312,way,last_update,13-2-2020,Feature has not been updated in 5 years or more
772255314,way,last_update,13-2-2020,Feature has not been updated in 5 years or more
772255315,way,last_update,13-2-2020,Feature has not been updated in 5 years or more
772255316,way,last_update,13-2-2020,Feature has not been updated in 5 years or more
772255318,way,last_update,13-2-2020,Feature has not been updated in 5 years or more
772255322,way,last_update,13-2-2020,Feature has not been updated in 5 years or more
772255323,way,last_update,13-2-2020,Feature has not been updated in 5 years or more
773641940,way,last_update,17-2-2020,Feature has not been updated in 5 years or more
773641944,way,last_update,17-2-2020,Feature has not been updated in 5 years or more
773641945,way,last_update,17-2-2020,Feature has not been updated in 5 years or more
773641952,way,last_update,17-2-2020,Feature has not been updated in 5 years or more
773641953,way,last_update,17-2-2020,Feature has not been updated in 5 years or more
773641955,way,last_update,17-2-2020,Feature has not been updated in 5 years or more
773827087,way,last_update,18-2-2020,Feature has not been updated in 5 years or more
773827089,way,last_update,18-2-2020,Feature has not been updated in 5 years or more
773840433,way,last_update,18-2-2020,Feature has not been updated in 5 years or more
773848210,way,last_update,18-2-2020,Feature has not been updated in 5 years or more
774859011,way,last_update,19-2-2020,Feature has not been updated in 5 years or more
774859017,way,last_update,19-2-2020,Feature has not been updated in 5 years or more
774859019,way,last_update,19-2-2020,Feature has not been updated in 5 years or more
774859020,way,last_update,19-2-2020,Feature has not been updated in 5 years or more
776031144,way,last_update,24-2-2020,Feature has not been updated in 5 years or more
776031152,way,last_update,24-2-2020,Feature has not been updated in 5 years or more
776031154,way,last_update,24-2-2020,Feature has not been updated in 5 years or more
776031155,way,last_update,24-2-2020,Feature has not been updated in 5 years or more
776031157,way,last_update,24-2-2020,Feature has not been updated in 5 years or more
776046025,way,last_update,24-2-2020,Feature has not been updated in 5 years or more
776604943,way,last_update,26-5-2020,Feature has not been updated in 5 years or more
776604946,way,last_update,26-2-2020,Feature has not been updated in 5 years or more
776616755,way,last_update,26-2-2020,Feature has not been updated in 5 years or more
776616760,way,last_update,26-2-2020,Feature has not been updated in 5 years or more
776616761,way,last_update,26-2-2020,Feature has not been updated in 5 years or more
776616762,way,last_update,26-2-2020,Feature has not been updated in 5 years or more
776616775,way,last_update,26-2-2020,Feature has not been updated in 5 years or more
777260046,way,last_update,29-2-2020,Feature has not been updated in 5 years or more
777260049,way,last_update,29-2-2020,Feature has not been updated in 5 years or more
777260050,way,last_update,4-5-2020,Feature has not been updated in 5 years or more
777260051,way,last_update,29-2-2020,Feature has not been updated in 5 years or more
777260052,way,last_update,29-2-2020,Feature has not been updated in 5 years or more
777260053,way,last_update,29-2-2020,Feature has not been updated in 5 years or more
777260054,way,last_update,29-2-2020,Feature has not been updated in 5 years or more
777260055,way,last_update,29-2-2020,Feature has not been updated in 5 years or more
777260056,way,last_update,29-2-2020,Feature has not been updated in 5 years or more
777260057,way,last_update,29-2-2020,Feature has not been updated in 5 years or more
777260058,way,last_update,29-2-2020,Feature has not been updated in 5 years or more
777260059,way,last_update,29-2-2020,Feature has not been updated in 5 years or more
777276464,way,last_update,29-2-2020,Feature has not been updated in 5 years or more
778074379,way,last_update,3-3-2020,Feature has not been updated in 5 years or more
778579724,way,last_update,5-3-2020,Feature has not been updated in 5 years or more
778579725,way,last_update,5-3-2020,Feature has not been updated in 5 years or more
778579727,way,last_update,5-3-2020,Feature has not been updated in 5 years or more
778579731,way,last_update,5-3-2020,Feature has not been updated in 5 years or more
778579732,way,last_update,5-3-2020,Feature has not been updated in 5 years or more
778579733,way,last_update,5-3-2020,Feature has not been updated in 5 years or more
778579736,way,last_update,5-3-2020,Feature has not been updated in 5 years or more
778579737,way,last_update,5-3-2020,Feature has not been updated in 5 years or more
778579738,way,last_update,5-3-2020,Feature has not been updated in 5 years or more
778579739,way,last_update,5-3-2020,Feature has not been updated in 5 years or more
778582309,way,last_update,5-3-2020,Feature has not been updated in 5 years or more
778582310,way,last_update,5-3-2020,Feature has not been updated in 5 years or more
779380720,way,last_update,8-3-2020,Feature has not been updated in 5 years or more
779380721,way,last_update,8-3-2020,Feature has not been updated in 5 years or more
779380728,way,last_update,8-3-2020,Feature has not been updated in 5 years or more
779440165,way,last_update,27-3-2020,Feature has not been updated in 5 years or more
779440169,way,last_update,9-3-2020,Feature has not been updated in 5 years or more
779440171,way,last_update,9-3-2020,Feature has not been updated in 5 years or more
779440172,way,last_update,9-3-2020,Feature has not been updated in 5 years or more
779660557,way,last_update,9-3-2020,Feature has not been updated in 5 years or more
779660560,way,last_update,9-3-2020,Feature has not been updated in 5 years or more
779660561,way,last_update,9-3-2020,Feature has not been updated in 5 years or more
779660563,way,last_update,9-3-2020,Feature has not been updated in 5 years or more
779660565,way,last_update,9-3-2020,Feature has not been updated in 5 years or more
779660567,way,last_update,9-3-2020,Feature has not been updated in 5 years or more
781071651,way,last_update,13-3-2020,Feature has not been updated in 5 years or more
781071652,way,last_update,13-3-2020,Feature has not been updated in 5 years or more
781071666,way,last_update,13-3-2020,Feature has not been updated in 5 years or more
785180896,way,last_update,27-3-2020,Feature has not been updated in 5 years or more
785180898,way,last_update,27-3-2020,Feature has not been updated in 5 years or more
785965156,way,last_update,30-3-2020,Feature has not been updated in 5 years or more
785965157,way,last_update,30-3-2020,Feature has not been updated in 5 years or more
786952856,way,last_update,1-4-2020,Feature has not been updated in 5 years or more
786952857,way,last_update,1-4-2020,Feature has not been updated in 5 years or more
786952860,way,last_update,1-4-2020,Feature has not been updated in 5 years or more
786952868,way,last_update,1-4-2020,Feature has not been updated in 5 years or more
786952875,way,last_update,1-4-2020,Feature has not been updated in 5 years or more
786952876,way,last_update,1-4-2020,Feature has not been updated in 5 years or more
786952877,way,last_update,1-4-2020,Feature has not been updated in 5 years or more
786952878,way,last_update,1-4-2020,Feature has not been updated in 5 years or more
786952882,way,last_update,1-4-2020,Feature has not been updated in 5 years or more
788307183,way,last_update,5-4-2020,Feature has not been updated in 5 years or more
790018767,way,last_update,9-4-2020,Feature has not been updated in 5 years or more
790018770,way,last_update,9-4-2020,Feature has not been updated in 5 years or more
790018772,way,last_update,9-4-2020,Feature has not been updated in 5 years or more
790018773,way,last_update,9-4-2020,Feature has not been updated in 5 years or more
790034531,way,last_update,9-4-2020,Feature has not been updated in 5 years or more
790034533,way,last_update,9-4-2020,Feature has not been updated in 5 years or more
790034537,way,last_update,9-4-2020,Feature has not been updated in 5 years or more
790034540,way,last_update,9-4-2020,Feature has not been updated in 5 years or more
790438930,way,last_update,10-4-2020,Feature has not been updated in 5 years or more
790438932,way,last_update,10-4-2020,Feature has not been updated in 5 years or more
790438935,way,last_update,10-4-2020,Feature has not been updated in 5 years or more
790438938,way,last_update,10-4-2020,Feature has not been updated in 5 years or more
790438944,way,last_update,10-4-2020,Feature has not been updated in 5 years or more
790438947,way,last_update,10-4-2020,Feature has not been updated in 5 years or more
790438949,way,last_update,10-4-2020,Feature has not been updated in 5 years or more
790438951,way,last_update,10-4-2020,Feature has not been updated in 5 years or more
790438953,way,last_update,10-4-2020,Feature has not been updated in 5 years or more
790438954,way,last_update,10-4-2020,Feature has not been updated in 5 years or more
790438956,way,last_update,10-4-2020,Feature has not been updated in 5 years or more
790438958,way,last_update,10-4-2020,Feature has not been updated in 5 years or more
790438959,way,last_update,10-4-2020,Feature has not been updated in 5 years or more
790438960,way,last_update,10-4-2020,Feature has not been updated in 5 years or more
790438962,way,last_update,10-4-2020,Feature has not been updated in 5 years or more
790438963,way,last_update,10-4-2020,Feature has not been updated in 5 years or more
790438986,way,last_update,10-4-2020,Feature has not been updated in 5 years or more
790438988,way,last_update,10-4-2020,Feature has not been updated in 5 years or more
790438989,way,last_update,10-4-2020,Feature has not been updated in 5 years or more
790438992,way,last_update,10-4-2020,Feature has not been updated in 5 years or more
795380020,way,last_update,23-4-2020,Feature has not been updated in 5 years or more
795380023,way,last_update,23-4-2020,Feature has not been updated in 5 years or more
795399542,way,last_update,23-4-2020,Feature has not been updated in 5 years or more
795399544,way,last_update,23-4-2020,Feature has not been updated in 5 years or more
795399546,way,last_update,23-4-2020,Feature has not been updated in 5 years or more
795399548,way,last_update,23-4-2020,Feature has not been updated in 5 years or more
795399550,way,last_update,23-4-2020,Feature has not been updated in 5 years or more
795399551,way,last_update,23-4-2020,Feature has not been updated in 5 years or more
795399553,way,last_update,23-4-2020,Feature has not been updated in 5 years or more
795399554,way,last_update,23-4-2020,Feature has not been updated in 5 years or more
795399555,way,last_update,23-4-2020,Feature has not been updated in 5 years or more
795399556,way,last_update,23-4-2020,Feature has not been updated in 5 years or more
795399577,way,last_update,26-4-2020,Feature has not been updated in 5 years or more
795399578,way,last_update,23-4-2020,Feature has not been updated in 5 years or more
795399579,way,last_update,23-4-2020,Feature has not been updated in 5 years or more
795399580,way,last_update,23-4-2020,Feature has not been updated in 5 years or more
796499438,way,last_update,26-4-2020,Feature has not been updated in 5 years or more
796499439,way,last_update,26-4-2020,Feature has not been updated in 5 years or more
796499442,way,last_update,26-4-2020,Feature has not been updated in 5 years or more
796560996,way,last_update,26-4-2020,Feature has not been updated in 5 years or more
796560997,way,last_update,26-4-2020,Feature has not been updated in 5 years or more
796594182,way,last_update,26-4-2020,Feature has not been updated in 5 years or more
796594191,way,last_update,26-4-2020,Feature has not been updated in 5 years or more
796594194,way,last_update,26-4-2020,Feature has not been updated in 5 years or more
796594197,way,last_update,26-4-2020,Feature has not been updated in 5 years or more
796594198,way,last_update,26-4-2020,Feature has not been updated in 5 years or more
796594199,way,last_update,26-4-2020,Feature has not been updated in 5 years or more
796594201,way,last_update,26-4-2020,Feature has not been updated in 5 years or more
796594202,way,last_update,26-4-2020,Feature has not been updated in 5 years or more
796594205,way,last_update,26-4-2020,Feature has not been updated in 5 years or more
796594206,way,last_update,28-4-2020,Feature has not been updated in 5 years or more
796594212,way,last_update,26-4-2020,Feature has not been updated in 5 years or more
796594215,way,last_update,26-4-2020,Feature has not been updated in 5 years or more
796594221,way,last_update,26-4-2020,Feature has not been updated in 5 years or more
796594226,way,last_update,26-4-2020,Feature has not been updated in 5 years or more
796594227,way,last_update,26-4-2020,Feature has not been updated in 5 years or more
796594232,way,last_update,26-4-2020,Feature has not been updated in 5 years or more
796594233,way,last_update,26-4-2020,Feature has not been updated in 5 years or more
796594234,way,last_update,26-4-2020,Feature has not been updated in 5 years or more
796600262,way,last_update,26-4-2020,Feature has not been updated in 5 years or more
798536816,way,last_update,30-4-2020,Feature has not been updated in 5 years or more
798543621,way,last_update,30-4-2020,Feature has not been updated in 5 years or more
798548896,way,last_update,1-5-2020,Feature has not been updated in 5 years or more
799811823,way,last_update,4-5-2020,Feature has not been updated in 5 years or more
799811854,way,last_update,4-5-2020,Feature has not been updated in 5 years or more
799811856,way,last_update,4-5-2020,Feature has not been updated in 5 years or more
802057241,way,last_update,10-5-2020,Feature has not been updated in 5 years or more
802057249,way,last_update,10-5-2020,Feature has not been updated in 5 years or more
802057253,way,last_update,10-5-2020,Feature has not been updated in 5 years or more
802057255,way,last_update,10-5-2020,Feature has not been updated in 5 years or more
802057261,way,last_update,10-5-2020,Feature has not been updated in 5 years or more
802538234,way,last_update,11-5-2020,Feature has not been updated in 5 years or more
802538235,way,last_update,11-5-2020,Feature has not been updated in 5 years or more
804771153,way,last_update,16-5-2020,Feature has not been updated in 5 years or more
804771156,way,last_update,16-5-2020,Feature has not been updated in 5 years or more
804771158,way,last_update,16-5-2020,Feature has not been updated in 5 years or more
804771159,way,last_update,16-5-2020,Feature has not been updated in 5 years or more
804771160,way,last_update,16-5-2020,Feature has not been updated in 5 years or more
804777683,way,last_update,16-5-2020,Feature has not been updated in 5 years or more
804789633,way,last_update,17-5-2020,Feature has not been updated in 5 years or more
804789634,way,last_update,17-5-2020,Feature has not been updated in 5 years or more
804789635,way,last_update,17-5-2020,Feature has not been updated in 5 years or more
804789650,way,last_update,17-5-2020,Feature has not been updated in 5 years or more
804789651,way,last_update,17-5-2020,Feature has not been updated in 5 years or more
805015262,way,last_update,17-5-2020,Feature has not been updated in 5 years or more
805015265,way,last_update,17-5-2020,Feature has not been updated in 5 years or more
808196078,way,last_update,25-5-2020,Feature has not been updated in 5 years or more
808196081,way,last_update,25-5-2020,Feature has not been updated in 5 years or more
808196091,way,last_update,25-5-2020,Feature has not been updated in 5 years or more
808889730,way,last_update,27-5-2020,Feature has not been updated in 5 years or more
808889731,way,last_update,27-5-2020,Feature has not been updated in 5 years or more
817874457,way,last_update,20-6-2020,Feature has not been updated in 5 years or more
817874459,way,last_update,20-6-2020,Feature has not been updated in 5 years or more
817874461,way,last_update,20-6-2020,Feature has not been updated in 5 years or more
817874462,way,last_update,20-6-2020,Feature has not been updated in 5 years or more
817874464,way,last_update,20-6-2020,Feature has not been updated in 5 years or more
844640097,way,last_update,5-9-2020,Feature has not been updated in 5 years or more
844640098,way,last_update,5-9-2020,Feature has not been updated in 5 years or more
844640099,way,last_update,5-9-2020,Feature has not been updated in 5 years or more
844640100,way,last_update,5-9-2020,Feature has not been updated in 5 years or more
929616240,way,last_update,12-4-2021,Feature has not been updated in 5 years or more
929616242,way,last_update,12-4-2021,Feature has not been updated in 5 years or more
930197358,way,last_update,13-4-2021,Feature has not been updated in 5 years or more
930197359,way,last_update,13-4-2021,Feature has not been updated in 5 years or more
930656701,way,last_update,14-4-2021,Feature has not been updated in 5 years or more
938081679,way,last_update,2-5-2021,Feature has not been updated in 5 years or more
971309852,way,last_update,8-8-2021,Feature has not been updated in 5 years or more
