{"type": "FeatureCollection", "features": [{"type": "Feature", "geometry": {"type": "Point", "coordinates": [132.4615077, 34.3919419]}, "properties": {"id": 124862347, "feat_type": "way", "quality_categories": "improper_geometries", "issue_ids": "[0]", "osm_url": "https://www.openstreetmap.org/way/124862347", "josm_url": "http://127.0.0.1:8111/load_object?new_layer=false&objects=w124862347", "id_url": "https://www.openstreetmap.org/edit?editor=id&way=124862347#map=20/34.3919419/132.4615077"}}, {"type": "Feature", "geometry": {"type": "Point", "coordinates": [132.47135221288966, 34.3905929]}, "properties": {"id": 139216551, "feat_type": "way", "quality_categories": "improper_geometries", "issue_ids": "[0]", "osm_url": "https://www.openstreetmap.org/way/139216551", "josm_url": "http://127.0.0.1:8111/load_object?new_layer=false&objects=w139216551", "id_url": "https://www.openstreetmap.org/edit?editor=id&way=139216551#map=20/34.3905929/132.47135221288966"}}, {"type": "Feature", "geometry": {"type": "Point", "coordinates": [132.47140976280676, 34.390845]}, "properties": {"id": 139216553, "feat_type": "way", "quality_categories": "improper_geometries", "issue_ids": "[0]", "osm_url": "https://www.openstreetmap.org/way/139216553", "josm_url": "http://127.0.0.1:8111/load_object?new_layer=false&objects=w139216553", "id_url": "https://www.openstreetmap.org/edit?editor=id&way=139216553#map=20/34.390845/132.47140976280676"}}, {"type": "Feature", "geometry": {"type": "Point", "coordinates": [132.47142772976932, 34.39231345]}, "properties": {"id": 139216677, "feat_type": "way", "quality_categories": "improper_geometries", "issue_ids": "[0]", "osm_url": "https://www.openstreetmap.org/way/139216677", "josm_url": "http://127.0.0.1:8111/load_object?new_layer=false&objects=w139216677", "id_url": "https://www.openstreetmap.org/edit?editor=id&way=139216677#map=20/34.39231345/132.47142772976932"}}, {"type": "Feature", "geometry": {"type": "Point", "coordinates": [132.47063704117647, 34.390453050000005]}, "properties": {"id": 139216711, "feat_type": "way", "quality_categories": "improper_geometries", "issue_ids": "[0]", "osm_url": "https://www.openstreetmap.org/way/139216711", "josm_url": "http://127.0.0.1:8111/load_object?new_layer=false&objects=w139216711", "id_url": "https://www.openstreetmap.org/edit?editor=id&way=139216711#map=20/34.390453050000005/132.47063704117647"}}, {"type": "Feature", "geometry": {"type": "Point", "coordinates": [132.47145162828713, 34.3924448]}, "properties": {"id": 139216729, "feat_type": "way", "quality_categories": "improper_geometries", "issue_ids": "[0]", "osm_url": "https://www.openstreetmap.org/way/139216729", "josm_url": "http://127.0.0.1:8111/load_object?new_layer=false&objects=w139216729", "id_url": "https://www.openstreetmap.org/edit?editor=id&way=139216729#map=20/34.3924448/132.47145162828713"}}, {"type": "Feature", "geometry": {"type": "Point", "coordinates": [132.47133913540796, 34.39245725]}, "properties": {"id": 139216730, "feat_type": "way", "quality_categories": "improper_geometries", "issue_ids": "[0]", "osm_url": "https://www.openstreetmap.org/way/139216730", "josm_url": "http://127.0.0.1:8111/load_object?new_layer=false&objects=w139216730", "id_url": "https://www.openstreetmap.org/edit?editor=id&way=139216730#map=20/34.39245725/132.47133913540796"}}, {"type": "Feature", "geometry": {"type": "Point", "coordinates": [132.4026316, 34.4100304]}, "properties": {"id": 609134316, "feat_type": "way", "quality_categories": "improper_geometries", "issue_ids": "[0]", "osm_url": "https://www.openstreetmap.org/way/609134316", "josm_url": "http://127.0.0.1:8111/load_object?new_layer=false&objects=w609134316", "id_url": "https://www.openstreetmap.org/edit?editor=id&way=609134316#map=20/34.4100304/132.4026316"}}, {"type": "Feature", "geometry": {"type": "Point", "coordinates": [132.4023812, 34.4097001]}, "properties": {"id": 609134327, "feat_type": "way", "quality_categories": "improper_geometries", "issue_ids": "[0]", "osm_url": "https://www.openstreetmap.org/way/609134327", "josm_url": "http://127.0.0.1:8111/load_object?new_layer=false&objects=w609134327", "id_url": "https://www.openstreetmap.org/edit?editor=id&way=609134327#map=20/34.4097001/132.4023812"}}, {"type": "Feature", "geometry": {"type": "Point", "coordinates": [132.4023233, 34.4098814]}, "properties": {"id": 609134330, "feat_type": "way", "quality_categories": "improper_geometries", "issue_ids": "[0]", "osm_url": "https://www.openstreetmap.org/way/609134330", "josm_url": "http://127.0.0.1:8111/load_object?new_layer=false&objects=w609134330", "id_url": "https://www.openstreetmap.org/edit?editor=id&way=609134330#map=20/34.4098814/132.4023233"}}, {"type": "Feature", "geometry": {"type": "Point", "coordinates": [132.479055, 34.4631662]}, "properties": {"id": 627293053, "feat_type": "way", "quality_categories": "improper_geometries", "issue_ids": "[0]", "osm_url": "https://www.openstreetmap.org/way/627293053", "josm_url": "http://127.0.0.1:8111/load_object?new_layer=false&objects=w627293053", "id_url": "https://www.openstreetmap.org/edit?editor=id&way=627293053#map=20/34.4631662/132.479055"}}, {"type": "Feature", "geometry": {"type": "Point", "coordinates": [132.4791199, 34.4631587]}, "properties": {"id": 627293054, "feat_type": "way", "quality_categories": "improper_geometries", "issue_ids": "[0]", "osm_url": "https://www.openstreetmap.org/way/627293054", "josm_url": "http://127.0.0.1:8111/load_object?new_layer=false&objects=w627293054", "id_url": "https://www.openstreetmap.org/edit?editor=id&way=627293054#map=20/34.4631587/132.4791199"}}, {"type": "Feature", "geometry": {"type": "Point", "coordinates": [132.479205, 34.4631619]}, "properties": {"id": 627293055, "feat_type": "way", "quality_categories": "improper_geometries", "issue_ids": "[0]", "osm_url": "https://www.openstreetmap.org/way/627293055", "josm_url": "http://127.0.0.1:8111/load_object?new_layer=false&objects=w627293055", "id_url": "https://www.openstreetmap.org/edit?editor=id&way=627293055#map=20/34.4631619/132.479205"}}, {"type": "Feature", "geometry": {"type": "Point", "coordinates": [132.4792641, 34.4631625]}, "properties": {"id": 627293056, "feat_type": "way", "quality_categories": "improper_geometries", "issue_ids": "[0]", "osm_url": "https://www.openstreetmap.org/way/627293056", "josm_url": "http://127.0.0.1:8111/load_object?new_layer=false&objects=w627293056", "id_url": "https://www.openstreetmap.org/edit?editor=id&way=627293056#map=20/34.4631625/132.4792641"}}, {"type": "Feature", "geometry": {"type": "Point", "coordinates": [132.4793187, 34.4631566]}, "properties": {"id": 627293057, "feat_type": "way", "quality_categories": "improper_geometries", "issue_ids": "[0]", "osm_url": "https://www.openstreetmap.org/way/627293057", "josm_url": "http://127.0.0.1:8111/load_object?new_layer=false&objects=w627293057", "id_url": "https://www.openstreetmap.org/edit?editor=id&way=627293057#map=20/34.4631566/132.4793187"}}, {"type": "Feature", "geometry": {"type": "Point", "coordinates": [132.479381, 34.4632803]}, "properties": {"id": 627293058, "feat_type": "way", "quality_categories": "improper_geometries", "issue_ids": "[0]", "osm_url": "https://www.openstreetmap.org/way/627293058", "josm_url": "http://127.0.0.1:8111/load_object?new_layer=false&objects=w627293058", "id_url": "https://www.openstreetmap.org/edit?editor=id&way=627293058#map=20/34.4632803/132.479381"}}, {"type": "Feature", "geometry": {"type": "Point", "coordinates": [132.4594025, 34.3672162]}, "properties": {"id": 641413468, "feat_type": "way", "quality_categories": "improper_geometries", "issue_ids": "[0]", "osm_url": "https://www.openstreetmap.org/way/641413468", "josm_url": "http://127.0.0.1:8111/load_object?new_layer=false&objects=w641413468", "id_url": "https://www.openstreetmap.org/edit?editor=id&way=641413468#map=20/34.3672162/132.4594025"}}, {"type": "Feature", "geometry": {"type": "Point", "coordinates": [132.4594065, 34.3672087]}, "properties": {"id": 641413469, "feat_type": "way", "quality_categories": "improper_geometries", "issue_ids": "[0]", "osm_url": "https://www.openstreetmap.org/way/641413469", "josm_url": "http://127.0.0.1:8111/load_object?new_layer=false&objects=w641413469", "id_url": "https://www.openstreetmap.org/edit?editor=id&way=641413469#map=20/34.3672087/132.4594065"}}, {"type": "Feature", "geometry": {"type": "Point", "coordinates": [132.4593981, 34.3671462]}, "properties": {"id": 641413470, "feat_type": "way", "quality_categories": "improper_geometries", "issue_ids": "[0]", "osm_url": "https://www.openstreetmap.org/way/641413470", "josm_url": "http://127.0.0.1:8111/load_object?new_layer=false&objects=w641413470", "id_url": "https://www.openstreetmap.org/edit?editor=id&way=641413470#map=20/34.3671462/132.4593981"}}, {"type": "Feature", "geometry": {"type": "Point", "coordinates": [132.4593488, 34.3671312]}, "properties": {"id": 641413471, "feat_type": "way", "quality_categories": "improper_geometries", "issue_ids": "[0]", "osm_url": "https://www.openstreetmap.org/way/641413471", "josm_url": "http://127.0.0.1:8111/load_object?new_layer=false&objects=w641413471", "id_url": "https://www.openstreetmap.org/edit?editor=id&way=641413471#map=20/34.3671312/132.4593488"}}, {"type": "Feature", "geometry": {"type": "Point", "coordinates": [132.4593993, 34.3671598]}, "properties": {"id": 641413472, "feat_type": "way", "quality_categories": "improper_geometries", "issue_ids": "[0]", "osm_url": "https://www.openstreetmap.org/way/641413472", "josm_url": "http://127.0.0.1:8111/load_object?new_layer=false&objects=w641413472", "id_url": "https://www.openstreetmap.org/edit?editor=id&way=641413472#map=20/34.3671598/132.4593993"}}, {"type": "Feature", "geometry": {"type": "Point", "coordinates": [132.4593978, 34.3671275]}, "properties": {"id": 641413473, "feat_type": "way", "quality_categories": "improper_geometries", "issue_ids": "[0]", "osm_url": "https://www.openstreetmap.org/way/641413473", "josm_url": "http://127.0.0.1:8111/load_object?new_layer=false&objects=w641413473", "id_url": "https://www.openstreetmap.org/edit?editor=id&way=641413473#map=20/34.3671275/132.4593978"}}, {"type": "Feature", "geometry": {"type": "Point", "coordinates": [132.4593639, 34.3671314]}, "properties": {"id": 641413474, "feat_type": "way", "quality_categories": "improper_geometries", "issue_ids": "[0]", "osm_url": "https://www.openstreetmap.org/way/641413474", "josm_url": "http://127.0.0.1:8111/load_object?new_layer=false&objects=w641413474", "id_url": "https://www.openstreetmap.org/edit?editor=id&way=641413474#map=20/34.3671314/132.4593639"}}, {"type": "Feature", "geometry": {"type": "Point", "coordinates": [132.4593362, 34.3671374]}, "properties": {"id": 641413475, "feat_type": "way", "quality_categories": "improper_geometries", "issue_ids": "[0]", "osm_url": "https://www.openstreetmap.org/way/641413475", "josm_url": "http://127.0.0.1:8111/load_object?new_layer=false&objects=w641413475", "id_url": "https://www.openstreetmap.org/edit?editor=id&way=641413475#map=20/34.3671374/132.4593362"}}, {"type": "Feature", "geometry": {"type": "Point", "coordinates": [132.4593629, 34.3671729]}, "properties": {"id": 641413476, "feat_type": "way", "quality_categories": "improper_geometries", "issue_ids": "[0]", "osm_url": "https://www.openstreetmap.org/way/641413476", "josm_url": "http://127.0.0.1:8111/load_object?new_layer=false&objects=w641413476", "id_url": "https://www.openstreetmap.org/edit?editor=id&way=641413476#map=20/34.3671729/132.4593629"}}, {"type": "Feature", "geometry": {"type": "Point", "coordinates": [132.4596967, 34.3673626]}, "properties": {"id": 641413492, "feat_type": "way", "quality_categories": "improper_geometries", "issue_ids": "[0]", "osm_url": "https://www.openstreetmap.org/way/641413492", "josm_url": "http://127.0.0.1:8111/load_object?new_layer=false&objects=w641413492", "id_url": "https://www.openstreetmap.org/edit?editor=id&way=641413492#map=20/34.3673626/132.4596967"}}, {"type": "Feature", "geometry": {"type": "Point", "coordinates": [132.4597313, 34.3673613]}, "properties": {"id": 641413493, "feat_type": "way", "quality_categories": "improper_geometries", "issue_ids": "[0]", "osm_url": "https://www.openstreetmap.org/way/641413493", "josm_url": "http://127.0.0.1:8111/load_object?new_layer=false&objects=w641413493", "id_url": "https://www.openstreetmap.org/edit?editor=id&way=641413493#map=20/34.3673613/132.4597313"}}, {"type": "Feature", "geometry": {"type": "Point", "coordinates": [132.4597291, 34.3674022]}, "properties": {"id": 641413494, "feat_type": "way", "quality_categories": "improper_geometries", "issue_ids": "[0]", "osm_url": "https://www.openstreetmap.org/way/641413494", "josm_url": "http://127.0.0.1:8111/load_object?new_layer=false&objects=w641413494", "id_url": "https://www.openstreetmap.org/edit?editor=id&way=641413494#map=20/34.3674022/132.4597291"}}, {"type": "Feature", "geometry": {"type": "Point", "coordinates": [132.4597365, 34.367431]}, "properties": {"id": 641413495, "feat_type": "way", "quality_categories": "improper_geometries", "issue_ids": "[0]", "osm_url": "https://www.openstreetmap.org/way/641413495", "josm_url": "http://127.0.0.1:8111/load_object?new_layer=false&objects=w641413495", "id_url": "https://www.openstreetmap.org/edit?editor=id&way=641413495#map=20/34.367431/132.4597365"}}, {"type": "Feature", "geometry": {"type": "Point", "coordinates": [132.4596881, 34.3674198]}, "properties": {"id": 641413496, "feat_type": "way", "quality_categories": "improper_geometries", "issue_ids": "[0]", "osm_url": "https://www.openstreetmap.org/way/641413496", "josm_url": "http://127.0.0.1:8111/load_object?new_layer=false&objects=w641413496", "id_url": "https://www.openstreetmap.org/edit?editor=id&way=641413496#map=20/34.3674198/132.4596881"}}, {"type": "Feature", "geometry": {"type": "Point", "coordinates": [132.4596314, 34.3673771]}, "properties": {"id": 641413497, "feat_type": "way", "quality_categories": "improper_geometries", "issue_ids": "[0]", "osm_url": "https://www.openstreetmap.org/way/641413497", "josm_url": "http://127.0.0.1:8111/load_object?new_layer=false&objects=w641413497", "id_url": "https://www.openstreetmap.org/edit?editor=id&way=641413497#map=20/34.3673771/132.4596314"}}, {"type": "Feature", "geometry": {"type": "Point", "coordinates": [132.4596561, 34.3673967]}, "properties": {"id": 641413498, "feat_type": "way", "quality_categories": "improper_geometries", "issue_ids": "[0]", "osm_url": "https://www.openstreetmap.org/way/641413498", "josm_url": "http://127.0.0.1:8111/load_object?new_layer=false&objects=w641413498", "id_url": "https://www.openstreetmap.org/edit?editor=id&way=641413498#map=20/34.3673967/132.4596561"}}, {"type": "Feature", "geometry": {"type": "Point", "coordinates": [132.4597325, 34.3673733]}, "properties": {"id": 641413499, "feat_type": "way", "quality_categories": "improper_geometries", "issue_ids": "[0]", "osm_url": "https://www.openstreetmap.org/way/641413499", "josm_url": "http://127.0.0.1:8111/load_object?new_layer=false&objects=w641413499", "id_url": "https://www.openstreetmap.org/edit?editor=id&way=641413499#map=20/34.3673733/132.4597325"}}, {"type": "Feature", "geometry": {"type": "Point", "coordinates": [132.459732, 34.3674173]}, "properties": {"id": 641413500, "feat_type": "way", "quality_categories": "improper_geometries", "issue_ids": "[0]", "osm_url": "https://www.openstreetmap.org/way/641413500", "josm_url": "http://127.0.0.1:8111/load_object?new_layer=false&objects=w641413500", "id_url": "https://www.openstreetmap.org/edit?editor=id&way=641413500#map=20/34.3674173/132.459732"}}, {"type": "Feature", "geometry": {"type": "Point", "coordinates": [132.4589923, 34.3668144]}, "properties": {"id": 653510674, "feat_type": "way", "quality_categories": "improper_geometries", "issue_ids": "[0]", "osm_url": "https://www.openstreetmap.org/way/653510674", "josm_url": "http://127.0.0.1:8111/load_object?new_layer=false&objects=w653510674", "id_url": "https://www.openstreetmap.org/edit?editor=id&way=653510674#map=20/34.3668144/132.4589923"}}, {"type": "Feature", "geometry": {"type": "Point", "coordinates": [132.4586921, 34.3663999]}, "properties": {"id": 653510675, "feat_type": "way", "quality_categories": "improper_geometries", "issue_ids": "[0]", "osm_url": "https://www.openstreetmap.org/way/653510675", "josm_url": "http://127.0.0.1:8111/load_object?new_layer=false&objects=w653510675", "id_url": "https://www.openstreetmap.org/edit?editor=id&way=653510675#map=20/34.3663999/132.4586921"}}, {"type": "Feature", "geometry": {"type": "Point", "coordinates": [132.4586808, 34.3663977]}, "properties": {"id": 653510676, "feat_type": "way", "quality_categories": "improper_geometries", "issue_ids": "[0]", "osm_url": "https://www.openstreetmap.org/way/653510676", "josm_url": "http://127.0.0.1:8111/load_object?new_layer=false&objects=w653510676", "id_url": "https://www.openstreetmap.org/edit?editor=id&way=653510676#map=20/34.3663977/132.4586808"}}, {"type": "Feature", "geometry": {"type": "Point", "coordinates": [132.4586782, 34.366407]}, "properties": {"id": 653510677, "feat_type": "way", "quality_categories": "improper_geometries", "issue_ids": "[0]", "osm_url": "https://www.openstreetmap.org/way/653510677", "josm_url": "http://127.0.0.1:8111/load_object?new_layer=false&objects=w653510677", "id_url": "https://www.openstreetmap.org/edit?editor=id&way=653510677#map=20/34.366407/132.4586782"}}, {"type": "Feature", "geometry": {"type": "Point", "coordinates": [132.4581809, 34.3657292]}, "properties": {"id": 653966762, "feat_type": "way", "quality_categories": "improper_geometries", "issue_ids": "[0]", "osm_url": "https://www.openstreetmap.org/way/653966762", "josm_url": "http://127.0.0.1:8111/load_object?new_layer=false&objects=w653966762", "id_url": "https://www.openstreetmap.org/edit?editor=id&way=653966762#map=20/34.3657292/132.4581809"}}, {"type": "Feature", "geometry": {"type": "Point", "coordinates": [132.4579782, 34.3654631]}, "properties": {"id": 653966763, "feat_type": "way", "quality_categories": "improper_geometries", "issue_ids": "[0]", "osm_url": "https://www.openstreetmap.org/way/653966763", "josm_url": "http://127.0.0.1:8111/load_object?new_layer=false&objects=w653966763", "id_url": "https://www.openstreetmap.org/edit?editor=id&way=653966763#map=20/34.3654631/132.4579782"}}, {"type": "Feature", "geometry": {"type": "Point", "coordinates": [132.4575803, 34.364941]}, "properties": {"id": 653966764, "feat_type": "way", "quality_categories": "improper_geometries", "issue_ids": "[0]", "osm_url": "https://www.openstreetmap.org/way/653966764", "josm_url": "http://127.0.0.1:8111/load_object?new_layer=false&objects=w653966764", "id_url": "https://www.openstreetmap.org/edit?editor=id&way=653966764#map=20/34.364941/132.4575803"}}, {"type": "Feature", "geometry": {"type": "Point", "coordinates": [132.4581834, 34.36572]}, "properties": {"id": 653966765, "feat_type": "way", "quality_categories": "improper_geometries", "issue_ids": "[0]", "osm_url": "https://www.openstreetmap.org/way/653966765", "josm_url": "http://127.0.0.1:8111/load_object?new_layer=false&objects=w653966765", "id_url": "https://www.openstreetmap.org/edit?editor=id&way=653966765#map=20/34.36572/132.4581834"}}, {"type": "Feature", "geometry": {"type": "Point", "coordinates": [132.4580506, 34.3655582]}, "properties": {"id": 653966766, "feat_type": "way", "quality_categories": "improper_geometries", "issue_ids": "[0]", "osm_url": "https://www.openstreetmap.org/way/653966766", "josm_url": "http://127.0.0.1:8111/load_object?new_layer=false&objects=w653966766", "id_url": "https://www.openstreetmap.org/edit?editor=id&way=653966766#map=20/34.3655582/132.4580506"}}, {"type": "Feature", "geometry": {"type": "Point", "coordinates": [132.4581698, 34.3657272]}, "properties": {"id": 653966767, "feat_type": "way", "quality_categories": "improper_geometries", "issue_ids": "[0]", "osm_url": "https://www.openstreetmap.org/way/653966767", "josm_url": "http://127.0.0.1:8111/load_object?new_layer=false&objects=w653966767", "id_url": "https://www.openstreetmap.org/edit?editor=id&way=653966767#map=20/34.3657272/132.4581698"}}, {"type": "Feature", "geometry": {"type": "Point", "coordinates": [132.45772, 34.3651117]}, "properties": {"id": 653966768, "feat_type": "way", "quality_categories": "improper_geometries", "issue_ids": "[0]", "osm_url": "https://www.openstreetmap.org/way/653966768", "josm_url": "http://127.0.0.1:8111/load_object?new_layer=false&objects=w653966768", "id_url": "https://www.openstreetmap.org/edit?editor=id&way=653966768#map=20/34.3651117/132.45772"}}, {"type": "Feature", "geometry": {"type": "Point", "coordinates": [132.4577088, 34.3651095]}, "properties": {"id": 653966769, "feat_type": "way", "quality_categories": "improper_geometries", "issue_ids": "[0]", "osm_url": "https://www.openstreetmap.org/way/653966769", "josm_url": "http://127.0.0.1:8111/load_object?new_layer=false&objects=w653966769", "id_url": "https://www.openstreetmap.org/edit?editor=id&way=653966769#map=20/34.3651095/132.4577088"}}, {"type": "Feature", "geometry": {"type": "Point", "coordinates": [132.4579669, 34.365461]}, "properties": {"id": 653966770, "feat_type": "way", "quality_categories": "improper_geometries", "issue_ids": "[0]", "osm_url": "https://www.openstreetmap.org/way/653966770", "josm_url": "http://127.0.0.1:8111/load_object?new_layer=false&objects=w653966770", "id_url": "https://www.openstreetmap.org/edit?editor=id&way=653966770#map=20/34.365461/132.4579669"}}, {"type": "Feature", "geometry": {"type": "Point", "coordinates": [132.4569716, 34.3641294]}, "properties": {"id": 653966771, "feat_type": "way", "quality_categories": "improper_geometries", "issue_ids": "[0]", "osm_url": "https://www.openstreetmap.org/way/653966771", "josm_url": "http://127.0.0.1:8111/load_object?new_layer=false&objects=w653966771", "id_url": "https://www.openstreetmap.org/edit?editor=id&way=653966771#map=20/34.3641294/132.4569716"}}, {"type": "Feature", "geometry": {"type": "Point", "coordinates": [132.4569603, 34.3641273]}, "properties": {"id": 653966772, "feat_type": "way", "quality_categories": "improper_geometries", "issue_ids": "[0]", "osm_url": "https://www.openstreetmap.org/way/653966772", "josm_url": "http://127.0.0.1:8111/load_object?new_layer=false&objects=w653966772", "id_url": "https://www.openstreetmap.org/edit?editor=id&way=653966772#map=20/34.3641273/132.4569603"}}, {"type": "Feature", "geometry": {"type": "Point", "coordinates": [132.4575691, 34.3649388]}, "properties": {"id": 653966773, "feat_type": "way", "quality_categories": "improper_geometries", "issue_ids": "[0]", "osm_url": "https://www.openstreetmap.org/way/653966773", "josm_url": "http://127.0.0.1:8111/load_object?new_layer=false&objects=w653966773", "id_url": "https://www.openstreetmap.org/edit?editor=id&way=653966773#map=20/34.3649388/132.4575691"}}, {"type": "Feature", "geometry": {"type": "Point", "coordinates": [132.4839769, 34.3848446]}, "properties": {"id": 689029692, "feat_type": "way", "quality_categories": "improper_geometries", "issue_ids": "[0]", "osm_url": "https://www.openstreetmap.org/way/689029692", "josm_url": "http://127.0.0.1:8111/load_object?new_layer=false&objects=w689029692", "id_url": "https://www.openstreetmap.org/edit?editor=id&way=689029692#map=20/34.3848446/132.4839769"}}, {"type": "Feature", "geometry": {"type": "Point", "coordinates": [132.4854399, 34.3877222]}, "properties": {"id": 689502268, "feat_type": "way", "quality_categories": "improper_geometries", "issue_ids": "[0]", "osm_url": "https://www.openstreetmap.org/way/689502268", "josm_url": "http://127.0.0.1:8111/load_object?new_layer=false&objects=w689502268", "id_url": "https://www.openstreetmap.org/edit?editor=id&way=689502268#map=20/34.3877222/132.4854399"}}, {"type": "Feature", "geometry": {"type": "Point", "coordinates": [132.4362365, 34.3829959]}, "properties": {"id": 767429280, "feat_type": "way", "quality_categories": "improper_geometries", "issue_ids": "[0]", "osm_url": "https://www.openstreetmap.org/way/767429280", "josm_url": "http://127.0.0.1:8111/load_object?new_layer=false&objects=w767429280", "id_url": "https://www.openstreetmap.org/edit?editor=id&way=767429280#map=20/34.3829959/132.4362365"}}, {"type": "Feature", "geometry": {"type": "Point", "coordinates": [132.4363478, 34.3828854]}, "properties": {"id": 767429282, "feat_type": "way", "quality_categories": "improper_geometries", "issue_ids": "[0]", "osm_url": "https://www.openstreetmap.org/way/767429282", "josm_url": "http://127.0.0.1:8111/load_object?new_layer=false&objects=w767429282", "id_url": "https://www.openstreetmap.org/edit?editor=id&way=767429282#map=20/34.3828854/132.4363478"}}, {"type": "Feature", "geometry": {"type": "Point", "coordinates": [132.4371991, 34.382688]}, "properties": {"id": 767429284, "feat_type": "way", "quality_categories": "improper_geometries", "issue_ids": "[0]", "osm_url": "https://www.openstreetmap.org/way/767429284", "josm_url": "http://127.0.0.1:8111/load_object?new_layer=false&objects=w767429284", "id_url": "https://www.openstreetmap.org/edit?editor=id&way=767429284#map=20/34.382688/132.4371991"}}, {"type": "Feature", "geometry": {"type": "Point", "coordinates": [132.4372936, 34.3827498]}, "properties": {"id": 767429287, "feat_type": "way", "quality_categories": "improper_geometries", "issue_ids": "[0]", "osm_url": "https://www.openstreetmap.org/way/767429287", "josm_url": "http://127.0.0.1:8111/load_object?new_layer=false&objects=w767429287", "id_url": "https://www.openstreetmap.org/edit?editor=id&way=767429287#map=20/34.3827498/132.4372936"}}, {"type": "Feature", "geometry": {"type": "Point", "coordinates": [132.4370649, 34.3824422]}, "properties": {"id": 767429288, "feat_type": "way", "quality_categories": "improper_geometries", "issue_ids": "[0]", "osm_url": "https://www.openstreetmap.org/way/767429288", "josm_url": "http://127.0.0.1:8111/load_object?new_layer=false&objects=w767429288", "id_url": "https://www.openstreetmap.org/edit?editor=id&way=767429288#map=20/34.3824422/132.4370649"}}, {"type": "Feature", "geometry": {"type": "Point", "coordinates": [132.4370722, 34.382505]}, "properties": {"id": 767429291, "feat_type": "way", "quality_categories": "improper_geometries", "issue_ids": "[0]", "osm_url": "https://www.openstreetmap.org/way/767429291", "josm_url": "http://127.0.0.1:8111/load_object?new_layer=false&objects=w767429291", "id_url": "https://www.openstreetmap.org/edit?editor=id&way=767429291#map=20/34.382505/132.4370722"}}, {"type": "Feature", "geometry": {"type": "Point", "coordinates": [132.4370409, 34.3825624]}, "properties": {"id": 767429292, "feat_type": "way", "quality_categories": "improper_geometries", "issue_ids": "[0]", "osm_url": "https://www.openstreetmap.org/way/767429292", "josm_url": "http://127.0.0.1:8111/load_object?new_layer=false&objects=w767429292", "id_url": "https://www.openstreetmap.org/edit?editor=id&way=767429292#map=20/34.3825624/132.4370409"}}, {"type": "Feature", "geometry": {"type": "Point", "coordinates": [132.4362402, 34.3828272]}, "properties": {"id": 767429293, "feat_type": "way", "quality_categories": "improper_geometries", "issue_ids": "[0]", "osm_url": "https://www.openstreetmap.org/way/767429293", "josm_url": "http://127.0.0.1:8111/load_object?new_layer=false&objects=w767429293", "id_url": "https://www.openstreetmap.org/edit?editor=id&way=767429293#map=20/34.3828272/132.4362402"}}, {"type": "Feature", "geometry": {"type": "Point", "coordinates": [132.4359932, 34.3828492]}, "properties": {"id": 767429295, "feat_type": "way", "quality_categories": "improper_geometries", "issue_ids": "[0]", "osm_url": "https://www.openstreetmap.org/way/767429295", "josm_url": "http://127.0.0.1:8111/load_object?new_layer=false&objects=w767429295", "id_url": "https://www.openstreetmap.org/edit?editor=id&way=767429295#map=20/34.3828492/132.4359932"}}, {"type": "Feature", "geometry": {"type": "Point", "coordinates": [132.4370409, 34.3825624]}, "properties": {"id": 767429297, "feat_type": "way", "quality_categories": "improper_geometries", "issue_ids": "[0]", "osm_url": "https://www.openstreetmap.org/way/767429297", "josm_url": "http://127.0.0.1:8111/load_object?new_layer=false&objects=w767429297", "id_url": "https://www.openstreetmap.org/edit?editor=id&way=767429297#map=20/34.3825624/132.4370409"}}, {"type": "Feature", "geometry": {"type": "Point", "coordinates": [132.4539362, 34.3942055]}, "properties": {"id": 767762806, "feat_type": "way", "quality_categories": "improper_geometries", "issue_ids": "[0]", "osm_url": "https://www.openstreetmap.org/way/767762806", "josm_url": "http://127.0.0.1:8111/load_object?new_layer=false&objects=w767762806", "id_url": "https://www.openstreetmap.org/edit?editor=id&way=767762806#map=20/34.3942055/132.4539362"}}, {"type": "Feature", "geometry": {"type": "Point", "coordinates": [132.4533862, 34.3939865]}, "properties": {"id": 767762807, "feat_type": "way", "quality_categories": "improper_geometries", "issue_ids": "[0]", "osm_url": "https://www.openstreetmap.org/way/767762807", "josm_url": "http://127.0.0.1:8111/load_object?new_layer=false&objects=w767762807", "id_url": "https://www.openstreetmap.org/edit?editor=id&way=767762807#map=20/34.3939865/132.4533862"}}, {"type": "Feature", "geometry": {"type": "Point", "coordinates": [132.4541145, 34.3941738]}, "properties": {"id": 767762816, "feat_type": "way", "quality_categories": "improper_geometries", "issue_ids": "[0]", "osm_url": "https://www.openstreetmap.org/way/767762816", "josm_url": "http://127.0.0.1:8111/load_object?new_layer=false&objects=w767762816", "id_url": "https://www.openstreetmap.org/edit?editor=id&way=767762816#map=20/34.3941738/132.4541145"}}, {"type": "Feature", "geometry": {"type": "Point", "coordinates": [132.4539362, 34.3942055]}, "properties": {"id": 767762817, "feat_type": "way", "quality_categories": "improper_geometries", "issue_ids": "[0]", "osm_url": "https://www.openstreetmap.org/way/767762817", "josm_url": "http://127.0.0.1:8111/load_object?new_layer=false&objects=w767762817", "id_url": "https://www.openstreetmap.org/edit?editor=id&way=767762817#map=20/34.3942055/132.4539362"}}, {"type": "Feature", "geometry": {"type": "Point", "coordinates": [132.47012409329022, 34.46161185]}, "properties": {"id": 802538236, "feat_type": "way", "quality_categories": "improper_geometries", "issue_ids": "[0]", "osm_url": "https://www.openstreetmap.org/way/802538236", "josm_url": "http://127.0.0.1:8111/load_object?new_layer=false&objects=w802538236", "id_url": "https://www.openstreetmap.org/edit?editor=id&way=802538236#map=20/34.46161185/132.47012409329022"}}, {"type": "Feature", "geometry": {"type": "Point", "coordinates": [132.4956284, 34.4628025]}, "properties": {"id": 804777688, "feat_type": "way", "quality_categories": "improper_geometries", "issue_ids": "[0]", "osm_url": "https://www.openstreetmap.org/way/804777688", "josm_url": "http://127.0.0.1:8111/load_object?new_layer=false&objects=w804777688", "id_url": "https://www.openstreetmap.org/edit?editor=id&way=804777688#map=20/34.4628025/132.4956284"}}, {"type": "Feature", "geometry": {"type": "Point", "coordinates": [132.4958991, 34.4625745]}, "properties": {"id": 804777689, "feat_type": "way", "quality_categories": "improper_geometries", "issue_ids": "[0]", "osm_url": "https://www.openstreetmap.org/way/804777689", "josm_url": "http://127.0.0.1:8111/load_object?new_layer=false&objects=w804777689", "id_url": "https://www.openstreetmap.org/edit?editor=id&way=804777689#map=20/34.4625745/132.4958991"}}, {"type": "Feature", "geometry": {"type": "Point", "coordinates": [132.427504, 34.3965076]}, "properties": {"id": 820190310, "feat_type": "way", "quality_categories": "improper_geometries", "issue_ids": "[0]", "osm_url": "https://www.openstreetmap.org/way/820190310", "josm_url": "http://127.0.0.1:8111/load_object?new_layer=false&objects=w820190310", "id_url": "https://www.openstreetmap.org/edit?editor=id&way=820190310#map=20/34.3965076/132.427504"}}, {"type": "Feature", "geometry": {"type": "Point", "coordinates": [132.4279007, 34.3967588]}, "properties": {"id": 820190311, "feat_type": "way", "quality_categories": "improper_geometries", "issue_ids": "[0]", "osm_url": "https://www.openstreetmap.org/way/820190311", "josm_url": "http://127.0.0.1:8111/load_object?new_layer=false&objects=w820190311", "id_url": "https://www.openstreetmap.org/edit?editor=id&way=820190311#map=20/34.3967588/132.4279007"}}, {"type": "Feature", "geometry": {"type": "Point", "coordinates": [132.4277863, 34.3968556]}, "properties": {"id": 820190312, "feat_type": "way", "quality_categories": "improper_geometries", "issue_ids": "[0]", "osm_url": "https://www.openstreetmap.org/way/820190312", "josm_url": "http://127.0.0.1:8111/load_object?new_layer=false&objects=w820190312", "id_url": "https://www.openstreetmap.org/edit?editor=id&way=820190312#map=20/34.3968556/132.4277863"}}, {"type": "Feature", "geometry": {"type": "Point", "coordinates": [132.4526336, 34.3963306]}, "properties": {"id": 1015263348, "feat_type": "way", "quality_categories": "improper_geometries", "issue_ids": "[0]", "osm_url": "https://www.openstreetmap.org/way/1015263348", "josm_url": "http://127.0.0.1:8111/load_object?new_layer=false&objects=w1015263348", "id_url": "https://www.openstreetmap.org/edit?editor=id&way=1015263348#map=20/34.3963306/132.4526336"}}, {"type": "Feature", "geometry": {"type": "Point", "coordinates": [132.4523579, 34.3957912]}, "properties": {"id": 1015263349, "feat_type": "way", "quality_categories": "improper_geometries", "issue_ids": "[0]", "osm_url": "https://www.openstreetmap.org/way/1015263349", "josm_url": "http://127.0.0.1:8111/load_object?new_layer=false&objects=w1015263349", "id_url": "https://www.openstreetmap.org/edit?editor=id&way=1015263349#map=20/34.3957912/132.4523579"}}, {"type": "Feature", "geometry": {"type": "Point", "coordinates": [132.4519136, 34.3967534]}, "properties": {"id": 1015263365, "feat_type": "way", "quality_categories": "improper_geometries", "issue_ids": "[0]", "osm_url": "https://www.openstreetmap.org/way/1015263365", "josm_url": "http://127.0.0.1:8111/load_object?new_layer=false&objects=w1015263365", "id_url": "https://www.openstreetmap.org/edit?editor=id&way=1015263365#map=20/34.3967534/132.4519136"}}, {"type": "Feature", "geometry": {"type": "Point", "coordinates": [132.4524983, 34.3963212]}, "properties": {"id": 1015263376, "feat_type": "way", "quality_categories": "improper_geometries", "issue_ids": "[0]", "osm_url": "https://www.openstreetmap.org/way/1015263376", "josm_url": "http://127.0.0.1:8111/load_object?new_layer=false&objects=w1015263376", "id_url": "https://www.openstreetmap.org/edit?editor=id&way=1015263376#map=20/34.3963212/132.4524983"}}, {"type": "Feature", "geometry": {"type": "Point", "coordinates": [132.4524566, 34.3963668]}, "properties": {"id": 1015263377, "feat_type": "way", "quality_categories": "improper_geometries", "issue_ids": "[0]", "osm_url": "https://www.openstreetmap.org/way/1015263377", "josm_url": "http://127.0.0.1:8111/load_object?new_layer=false&objects=w1015263377", "id_url": "https://www.openstreetmap.org/edit?editor=id&way=1015263377#map=20/34.3963668/132.4524566"}}, {"type": "Feature", "geometry": {"type": "Point", "coordinates": [132.4525674, 34.3963061]}, "properties": {"id": 1015263378, "feat_type": "way", "quality_categories": "improper_geometries", "issue_ids": "[0]", "osm_url": "https://www.openstreetmap.org/way/1015263378", "josm_url": "http://127.0.0.1:8111/load_object?new_layer=false&objects=w1015263378", "id_url": "https://www.openstreetmap.org/edit?editor=id&way=1015263378#map=20/34.3963061/132.4525674"}}, {"type": "Feature", "geometry": {"type": "Point", "coordinates": [132.452559, 34.3962817]}, "properties": {"id": 1015263379, "feat_type": "way", "quality_categories": "improper_geometries", "issue_ids": "[0]", "osm_url": "https://www.openstreetmap.org/way/1015263379", "josm_url": "http://127.0.0.1:8111/load_object?new_layer=false&objects=w1015263379", "id_url": "https://www.openstreetmap.org/edit?editor=id&way=1015263379#map=20/34.3962817/132.452559"}}, {"type": "Feature", "geometry": {"type": "Point", "coordinates": [132.4276693, 34.3967517]}, "properties": {"id": 1181410332, "feat_type": "way", "quality_categories": "improper_geometries", "issue_ids": "[0]", "osm_url": "https://www.openstreetmap.org/way/1181410332", "josm_url": "http://127.0.0.1:8111/load_object?new_layer=false&objects=w1181410332", "id_url": "https://www.openstreetmap.org/edit?editor=id&way=1181410332#map=20/34.3967517/132.4276693"}}, {"type": "Feature", "geometry": {"type": "Point", "coordinates": [132.4281205, 34.3969469]}, "properties": {"id": 1181410333, "feat_type": "way", "quality_categories": "improper_geometries", "issue_ids": "[0]", "osm_url": "https://www.openstreetmap.org/way/1181410333", "josm_url": "http://127.0.0.1:8111/load_object?new_layer=false&objects=w1181410333", "id_url": "https://www.openstreetmap.org/edit?editor=id&way=1181410333#map=20/34.3969469/132.4281205"}}, {"type": "Feature", "geometry": {"type": "Point", "coordinates": [132.4274343, 34.3965112]}, "properties": {"id": 1181410334, "feat_type": "way", "quality_categories": "improper_geometries", "issue_ids": "[0]", "osm_url": "https://www.openstreetmap.org/way/1181410334", "josm_url": "http://127.0.0.1:8111/load_object?new_layer=false&objects=w1181410334", "id_url": "https://www.openstreetmap.org/edit?editor=id&way=1181410334#map=20/34.3965112/132.4274343"}}, {"type": "Feature", "geometry": {"type": "Point", "coordinates": [132.4277137, 34.3966481]}, "properties": {"id": 1181410335, "feat_type": "way", "quality_categories": "improper_geometries", "issue_ids": "[0]", "osm_url": "https://www.openstreetmap.org/way/1181410335", "josm_url": "http://127.0.0.1:8111/load_object?new_layer=false&objects=w1181410335", "id_url": "https://www.openstreetmap.org/edit?editor=id&way=1181410335#map=20/34.3966481/132.4277137"}}, {"type": "Feature", "geometry": {"type": "Point", "coordinates": [132.40867237907855, 34.3860219]}, "properties": {"id": 1198306736, "feat_type": "way", "quality_categories": "improper_geometries", "issue_ids": "[0]", "osm_url": "https://www.openstreetmap.org/way/1198306736", "josm_url": "http://127.0.0.1:8111/load_object?new_layer=false&objects=w1198306736", "id_url": "https://www.openstreetmap.org/edit?editor=id&way=1198306736#map=20/34.3860219/132.40867237907855"}}, {"type": "Feature", "geometry": {"type": "Point", "coordinates": [132.3987468, 34.4283136]}, "properties": {"id": 1214239629, "feat_type": "way", "quality_categories": "improper_geometries", "issue_ids": "[0]", "osm_url": "https://www.openstreetmap.org/way/1214239629", "josm_url": "http://127.0.0.1:8111/load_object?new_layer=false&objects=w1214239629", "id_url": "https://www.openstreetmap.org/edit?editor=id&way=1214239629#map=20/34.4283136/132.3987468"}}, {"type": "Feature", "geometry": {"type": "Point", "coordinates": [132.390139, 34.4133508]}, "properties": {"id": 1228243314, "feat_type": "way", "quality_categories": "improper_geometries", "issue_ids": "[0]", "osm_url": "https://www.openstreetmap.org/way/1228243314", "josm_url": "http://127.0.0.1:8111/load_object?new_layer=false&objects=w1228243314", "id_url": "https://www.openstreetmap.org/edit?editor=id&way=1228243314#map=20/34.4133508/132.390139"}}, {"type": "Feature", "geometry": {"type": "Point", "coordinates": [132.3883685, 34.4107229]}, "properties": {"id": 1228243316, "feat_type": "way", "quality_categories": "improper_geometries", "issue_ids": "[0]", "osm_url": "https://www.openstreetmap.org/way/1228243316", "josm_url": "http://127.0.0.1:8111/load_object?new_layer=false&objects=w1228243316", "id_url": "https://www.openstreetmap.org/edit?editor=id&way=1228243316#map=20/34.4107229/132.3883685"}}, {"type": "Feature", "geometry": {"type": "Point", "coordinates": [132.3870385, 34.4123922]}, "properties": {"id": 1228243318, "feat_type": "way", "quality_categories": "improper_geometries", "issue_ids": "[0]", "osm_url": "https://www.openstreetmap.org/way/1228243318", "josm_url": "http://127.0.0.1:8111/load_object?new_layer=false&objects=w1228243318", "id_url": "https://www.openstreetmap.org/edit?editor=id&way=1228243318#map=20/34.4123922/132.3870385"}}, {"type": "Feature", "geometry": {"type": "Point", "coordinates": [132.3870251, 34.4124063]}, "properties": {"id": 1228243319, "feat_type": "way", "quality_categories": "improper_geometries", "issue_ids": "[0]", "osm_url": "https://www.openstreetmap.org/way/1228243319", "josm_url": "http://127.0.0.1:8111/load_object?new_layer=false&objects=w1228243319", "id_url": "https://www.openstreetmap.org/edit?editor=id&way=1228243319#map=20/34.4124063/132.3870251"}}, {"type": "Feature", "geometry": {"type": "Point", "coordinates": [132.3920991, 34.4150528]}, "properties": {"id": 1228243320, "feat_type": "way", "quality_categories": "improper_geometries", "issue_ids": "[0]", "osm_url": "https://www.openstreetmap.org/way/1228243320", "josm_url": "http://127.0.0.1:8111/load_object?new_layer=false&objects=w1228243320", "id_url": "https://www.openstreetmap.org/edit?editor=id&way=1228243320#map=20/34.4150528/132.3920991"}}, {"type": "Feature", "geometry": {"type": "Point", "coordinates": [132.3921597, 34.4154727]}, "properties": {"id": 1228243321, "feat_type": "way", "quality_categories": "improper_geometries", "issue_ids": "[0]", "osm_url": "https://www.openstreetmap.org/way/1228243321", "josm_url": "http://127.0.0.1:8111/load_object?new_layer=false&objects=w1228243321", "id_url": "https://www.openstreetmap.org/edit?editor=id&way=1228243321#map=20/34.4154727/132.3921597"}}, {"type": "Feature", "geometry": {"type": "Point", "coordinates": [132.3916175, 34.4152315]}, "properties": {"id": 1228243322, "feat_type": "way", "quality_categories": "improper_geometries", "issue_ids": "[0]", "osm_url": "https://www.openstreetmap.org/way/1228243322", "josm_url": "http://127.0.0.1:8111/load_object?new_layer=false&objects=w1228243322", "id_url": "https://www.openstreetmap.org/edit?editor=id&way=1228243322#map=20/34.4152315/132.3916175"}}, {"type": "Feature", "geometry": {"type": "Point", "coordinates": [132.3920712, 34.4150805]}, "properties": {"id": 1228243323, "feat_type": "way", "quality_categories": "improper_geometries", "issue_ids": "[0]", "osm_url": "https://www.openstreetmap.org/way/1228243323", "josm_url": "http://127.0.0.1:8111/load_object?new_layer=false&objects=w1228243323", "id_url": "https://www.openstreetmap.org/edit?editor=id&way=1228243323#map=20/34.4150805/132.3920712"}}, {"type": "Feature", "geometry": {"type": "Point", "coordinates": [132.3921532, 34.4154221]}, "properties": {"id": 1228243324, "feat_type": "way", "quality_categories": "improper_geometries", "issue_ids": "[0]", "osm_url": "https://www.openstreetmap.org/way/1228243324", "josm_url": "http://127.0.0.1:8111/load_object?new_layer=false&objects=w1228243324", "id_url": "https://www.openstreetmap.org/edit?editor=id&way=1228243324#map=20/34.4154221/132.3921532"}}, {"type": "Feature", "geometry": {"type": "Point", "coordinates": [132.3916981, 34.4151363]}, "properties": {"id": 1228243325, "feat_type": "way", "quality_categories": "improper_geometries", "issue_ids": "[0]", "osm_url": "https://www.openstreetmap.org/way/1228243325", "josm_url": "http://127.0.0.1:8111/load_object?new_layer=false&objects=w1228243325", "id_url": "https://www.openstreetmap.org/edit?editor=id&way=1228243325#map=20/34.4151363/132.3916981"}}, {"type": "Feature", "geometry": {"type": "Point", "coordinates": [132.3919974, 34.4200889]}, "properties": {"id": 1228243327, "feat_type": "way", "quality_categories": "improper_geometries", "issue_ids": "[0]", "osm_url": "https://www.openstreetmap.org/way/1228243327", "josm_url": "http://127.0.0.1:8111/load_object?new_layer=false&objects=w1228243327", "id_url": "https://www.openstreetmap.org/edit?editor=id&way=1228243327#map=20/34.4200889/132.3919974"}}, {"type": "Feature", "geometry": {"type": "Point", "coordinates": [132.390705, 34.4160021]}, "properties": {"id": 1228243328, "feat_type": "way", "quality_categories": "improper_geometries", "issue_ids": "[0]", "osm_url": "https://www.openstreetmap.org/way/1228243328", "josm_url": "http://127.0.0.1:8111/load_object?new_layer=false&objects=w1228243328", "id_url": "https://www.openstreetmap.org/edit?editor=id&way=1228243328#map=20/34.4160021/132.390705"}}, {"type": "Feature", "geometry": {"type": "Point", "coordinates": [132.3907319, 34.4159987]}, "properties": {"id": 1228243329, "feat_type": "way", "quality_categories": "improper_geometries", "issue_ids": "[0]", "osm_url": "https://www.openstreetmap.org/way/1228243329", "josm_url": "http://127.0.0.1:8111/load_object?new_layer=false&objects=w1228243329", "id_url": "https://www.openstreetmap.org/edit?editor=id&way=1228243329#map=20/34.4159987/132.3907319"}}, {"type": "Feature", "geometry": {"type": "Point", "coordinates": [132.3920104, 34.4200452]}, "properties": {"id": 1228243330, "feat_type": "way", "quality_categories": "improper_geometries", "issue_ids": "[0]", "osm_url": "https://www.openstreetmap.org/way/1228243330", "josm_url": "http://127.0.0.1:8111/load_object?new_layer=false&objects=w1228243330", "id_url": "https://www.openstreetmap.org/edit?editor=id&way=1228243330#map=20/34.4200452/132.3920104"}}, {"type": "Feature", "geometry": {"type": "Point", "coordinates": [132.3917644, 34.4146253]}, "properties": {"id": 1228243335, "feat_type": "way", "quality_categories": "improper_geometries", "issue_ids": "[0]", "osm_url": "https://www.openstreetmap.org/way/1228243335", "josm_url": "http://127.0.0.1:8111/load_object?new_layer=false&objects=w1228243335", "id_url": "https://www.openstreetmap.org/edit?editor=id&way=1228243335#map=20/34.4146253/132.3917644"}}, {"type": "Feature", "geometry": {"type": "Point", "coordinates": [132.3909186, 34.4140338]}, "properties": {"id": 1228243337, "feat_type": "way", "quality_categories": "improper_geometries", "issue_ids": "[0]", "osm_url": "https://www.openstreetmap.org/way/1228243337", "josm_url": "http://127.0.0.1:8111/load_object?new_layer=false&objects=w1228243337", "id_url": "https://www.openstreetmap.org/edit?editor=id&way=1228243337#map=20/34.4140338/132.3909186"}}, {"type": "Feature", "geometry": {"type": "Point", "coordinates": [132.390492, 34.4149162]}, "properties": {"id": 1228243347, "feat_type": "way", "quality_categories": "improper_geometries", "issue_ids": "[0]", "osm_url": "https://www.openstreetmap.org/way/1228243347", "josm_url": "http://127.0.0.1:8111/load_object?new_layer=false&objects=w1228243347", "id_url": "https://www.openstreetmap.org/edit?editor=id&way=1228243347#map=20/34.4149162/132.390492"}}, {"type": "Feature", "geometry": {"type": "Point", "coordinates": [132.3919256, 34.4153104]}, "properties": {"id": 1228243349, "feat_type": "way", "quality_categories": "improper_geometries", "issue_ids": "[0]", "osm_url": "https://www.openstreetmap.org/way/1228243349", "josm_url": "http://127.0.0.1:8111/load_object?new_layer=false&objects=w1228243349", "id_url": "https://www.openstreetmap.org/edit?editor=id&way=1228243349#map=20/34.4153104/132.3919256"}}, {"type": "Feature", "geometry": {"type": "Point", "coordinates": [132.3879362, 34.4129992]}, "properties": {"id": 1233517880, "feat_type": "way", "quality_categories": "improper_geometries", "issue_ids": "[0]", "osm_url": "https://www.openstreetmap.org/way/1233517880", "josm_url": "http://127.0.0.1:8111/load_object?new_layer=false&objects=w1233517880", "id_url": "https://www.openstreetmap.org/edit?editor=id&way=1233517880#map=20/34.4129992/132.3879362"}}, {"type": "Feature", "geometry": {"type": "Point", "coordinates": [132.3857048, 34.4116713]}, "properties": {"id": 1233517884, "feat_type": "way", "quality_categories": "improper_geometries", "issue_ids": "[0]", "osm_url": "https://www.openstreetmap.org/way/1233517884", "josm_url": "http://127.0.0.1:8111/load_object?new_layer=false&objects=w1233517884", "id_url": "https://www.openstreetmap.org/edit?editor=id&way=1233517884#map=20/34.4116713/132.3857048"}}, {"type": "Feature", "geometry": {"type": "Point", "coordinates": [132.3832934, 34.4102281]}, "properties": {"id": 1233517888, "feat_type": "way", "quality_categories": "improper_geometries", "issue_ids": "[0]", "osm_url": "https://www.openstreetmap.org/way/1233517888", "josm_url": "http://127.0.0.1:8111/load_object?new_layer=false&objects=w1233517888", "id_url": "https://www.openstreetmap.org/edit?editor=id&way=1233517888#map=20/34.4102281/132.3832934"}}, {"type": "Feature", "geometry": {"type": "Point", "coordinates": [132.3887854, 34.4155295]}, "properties": {"id": 1233517894, "feat_type": "way", "quality_categories": "improper_geometries", "issue_ids": "[0]", "osm_url": "https://www.openstreetmap.org/way/1233517894", "josm_url": "http://127.0.0.1:8111/load_object?new_layer=false&objects=w1233517894", "id_url": "https://www.openstreetmap.org/edit?editor=id&way=1233517894#map=20/34.4155295/132.3887854"}}, {"type": "Feature", "geometry": {"type": "Point", "coordinates": [132.3882548, 34.4152574]}, "properties": {"id": 1233517895, "feat_type": "way", "quality_categories": "improper_geometries", "issue_ids": "[0]", "osm_url": "https://www.openstreetmap.org/way/1233517895", "josm_url": "http://127.0.0.1:8111/load_object?new_layer=false&objects=w1233517895", "id_url": "https://www.openstreetmap.org/edit?editor=id&way=1233517895#map=20/34.4152574/132.3882548"}}, {"type": "Feature", "geometry": {"type": "Point", "coordinates": [132.38963, 34.4152117]}, "properties": {"id": 1233517898, "feat_type": "way", "quality_categories": "improper_geometries", "issue_ids": "[0]", "osm_url": "https://www.openstreetmap.org/way/1233517898", "josm_url": "http://127.0.0.1:8111/load_object?new_layer=false&objects=w1233517898", "id_url": "https://www.openstreetmap.org/edit?editor=id&way=1233517898#map=20/34.4152117/132.38963"}}, {"type": "Feature", "geometry": {"type": "Point", "coordinates": [132.390013, 34.415067]}, "properties": {"id": 1233517899, "feat_type": "way", "quality_categories": "improper_geometries", "issue_ids": "[0]", "osm_url": "https://www.openstreetmap.org/way/1233517899", "josm_url": "http://127.0.0.1:8111/load_object?new_layer=false&objects=w1233517899", "id_url": "https://www.openstreetmap.org/edit?editor=id&way=1233517899#map=20/34.415067/132.390013"}}, {"type": "Feature", "geometry": {"type": "Point", "coordinates": [132.3900842, 34.4149881]}, "properties": {"id": 1233517900, "feat_type": "way", "quality_categories": "improper_geometries", "issue_ids": "[0]", "osm_url": "https://www.openstreetmap.org/way/1233517900", "josm_url": "http://127.0.0.1:8111/load_object?new_layer=false&objects=w1233517900", "id_url": "https://www.openstreetmap.org/edit?editor=id&way=1233517900#map=20/34.4149881/132.3900842"}}, {"type": "Feature", "geometry": {"type": "Point", "coordinates": [132.3899792, 34.4141919]}, "properties": {"id": 1233517901, "feat_type": "way", "quality_categories": "improper_geometries", "issue_ids": "[0]", "osm_url": "https://www.openstreetmap.org/way/1233517901", "josm_url": "http://127.0.0.1:8111/load_object?new_layer=false&objects=w1233517901", "id_url": "https://www.openstreetmap.org/edit?editor=id&way=1233517901#map=20/34.4141919/132.3899792"}}, {"type": "Feature", "geometry": {"type": "Point", "coordinates": [132.3861897, 34.413238]}, "properties": {"id": 1233517903, "feat_type": "way", "quality_categories": "improper_geometries", "issue_ids": "[0]", "osm_url": "https://www.openstreetmap.org/way/1233517903", "josm_url": "http://127.0.0.1:8111/load_object?new_layer=false&objects=w1233517903", "id_url": "https://www.openstreetmap.org/edit?editor=id&way=1233517903#map=20/34.413238/132.3861897"}}, {"type": "Feature", "geometry": {"type": "Point", "coordinates": [132.3881144, 34.4151179]}, "properties": {"id": 1233517904, "feat_type": "way", "quality_categories": "improper_geometries", "issue_ids": "[0]", "osm_url": "https://www.openstreetmap.org/way/1233517904", "josm_url": "http://127.0.0.1:8111/load_object?new_layer=false&objects=w1233517904", "id_url": "https://www.openstreetmap.org/edit?editor=id&way=1233517904#map=20/34.4151179/132.3881144"}}, {"type": "Feature", "geometry": {"type": "Point", "coordinates": [132.3862129, 34.413213]}, "properties": {"id": 1233517905, "feat_type": "way", "quality_categories": "improper_geometries", "issue_ids": "[0]", "osm_url": "https://www.openstreetmap.org/way/1233517905", "josm_url": "http://127.0.0.1:8111/load_object?new_layer=false&objects=w1233517905", "id_url": "https://www.openstreetmap.org/edit?editor=id&way=1233517905#map=20/34.413213/132.3862129"}}, {"type": "Feature", "geometry": {"type": "Point", "coordinates": [132.3861798, 34.4132486]}, "properties": {"id": 1233517924, "feat_type": "way", "quality_categories": "improper_geometries", "issue_ids": "[0]", "osm_url": "https://www.openstreetmap.org/way/1233517924", "josm_url": "http://127.0.0.1:8111/load_object?new_layer=false&objects=w1233517924", "id_url": "https://www.openstreetmap.org/edit?editor=id&way=1233517924#map=20/34.4132486/132.3861798"}}, {"type": "Feature", "geometry": {"type": "Point", "coordinates": [132.3893151, 34.4153075]}, "properties": {"id": 1233517925, "feat_type": "way", "quality_categories": "improper_geometries", "issue_ids": "[0]", "osm_url": "https://www.openstreetmap.org/way/1233517925", "josm_url": "http://127.0.0.1:8111/load_object?new_layer=false&objects=w1233517925", "id_url": "https://www.openstreetmap.org/edit?editor=id&way=1233517925#map=20/34.4153075/132.3893151"}}, {"type": "Feature", "geometry": {"type": "Point", "coordinates": [132.3886306, 34.4156848]}, "properties": {"id": 1233517928, "feat_type": "way", "quality_categories": "improper_geometries", "issue_ids": "[0]", "osm_url": "https://www.openstreetmap.org/way/1233517928", "josm_url": "http://127.0.0.1:8111/load_object?new_layer=false&objects=w1233517928", "id_url": "https://www.openstreetmap.org/edit?editor=id&way=1233517928#map=20/34.4156848/132.3886306"}}, {"type": "Feature", "geometry": {"type": "Point", "coordinates": [132.3885742, 34.415653]}, "properties": {"id": 1233517929, "feat_type": "way", "quality_categories": "improper_geometries", "issue_ids": "[0]", "osm_url": "https://www.openstreetmap.org/way/1233517929", "josm_url": "http://127.0.0.1:8111/load_object?new_layer=false&objects=w1233517929", "id_url": "https://www.openstreetmap.org/edit?editor=id&way=1233517929#map=20/34.415653/132.3885742"}}, {"type": "Feature", "geometry": {"type": "Point", "coordinates": [132.3885369, 34.4156132]}, "properties": {"id": 1233517930, "feat_type": "way", "quality_categories": "improper_geometries", "issue_ids": "[0]", "osm_url": "https://www.openstreetmap.org/way/1233517930", "josm_url": "http://127.0.0.1:8111/load_object?new_layer=false&objects=w1233517930", "id_url": "https://www.openstreetmap.org/edit?editor=id&way=1233517930#map=20/34.4156132/132.3885369"}}, {"type": "Feature", "geometry": {"type": "Point", "coordinates": [132.3886237, 34.4156251]}, "properties": {"id": 1233517931, "feat_type": "way", "quality_categories": "improper_geometries", "issue_ids": "[0]", "osm_url": "https://www.openstreetmap.org/way/1233517931", "josm_url": "http://127.0.0.1:8111/load_object?new_layer=false&objects=w1233517931", "id_url": "https://www.openstreetmap.org/edit?editor=id&way=1233517931#map=20/34.4156251/132.3886237"}}, {"type": "Feature", "geometry": {"type": "Point", "coordinates": [132.4277949, 34.3966886]}, "properties": {"id": 1235009342, "feat_type": "way", "quality_categories": "improper_geometries", "issue_ids": "[0]", "osm_url": "https://www.openstreetmap.org/way/1235009342", "josm_url": "http://127.0.0.1:8111/load_object?new_layer=false&objects=w1235009342", "id_url": "https://www.openstreetmap.org/edit?editor=id&way=1235009342#map=20/34.3966886/132.4277949"}}, {"type": "Feature", "geometry": {"type": "Point", "coordinates": [132.4279936, 34.396825]}, "properties": {"id": 1235009343, "feat_type": "way", "quality_categories": "improper_geometries", "issue_ids": "[0]", "osm_url": "https://www.openstreetmap.org/way/1235009343", "josm_url": "http://127.0.0.1:8111/load_object?new_layer=false&objects=w1235009343", "id_url": "https://www.openstreetmap.org/edit?editor=id&way=1235009343#map=20/34.396825/132.4279936"}}, {"type": "Feature", "geometry": {"type": "Point", "coordinates": [132.4278075, 34.39676]}, "properties": {"id": 1235009344, "feat_type": "way", "quality_categories": "improper_geometries", "issue_ids": "[0]", "osm_url": "https://www.openstreetmap.org/way/1235009344", "josm_url": "http://127.0.0.1:8111/load_object?new_layer=false&objects=w1235009344", "id_url": "https://www.openstreetmap.org/edit?editor=id&way=1235009344#map=20/34.39676/132.4278075"}}, {"type": "Feature", "geometry": {"type": "Point", "coordinates": [132.3886179, 34.4171848]}, "properties": {"id": 1235512398, "feat_type": "way", "quality_categories": "improper_geometries", "issue_ids": "[0]", "osm_url": "https://www.openstreetmap.org/way/1235512398", "josm_url": "http://127.0.0.1:8111/load_object?new_layer=false&objects=w1235512398", "id_url": "https://www.openstreetmap.org/edit?editor=id&way=1235512398#map=20/34.4171848/132.3886179"}}, {"type": "Feature", "geometry": {"type": "Point", "coordinates": [132.3908534, 34.4175612]}, "properties": {"id": 1235512402, "feat_type": "way", "quality_categories": "improper_geometries", "issue_ids": "[0]", "osm_url": "https://www.openstreetmap.org/way/1235512402", "josm_url": "http://127.0.0.1:8111/load_object?new_layer=false&objects=w1235512402", "id_url": "https://www.openstreetmap.org/edit?editor=id&way=1235512402#map=20/34.4175612/132.3908534"}}, {"type": "Feature", "geometry": {"type": "Point", "coordinates": [132.3908231, 34.4184036]}, "properties": {"id": 1235512403, "feat_type": "way", "quality_categories": "improper_geometries", "issue_ids": "[0]", "osm_url": "https://www.openstreetmap.org/way/1235512403", "josm_url": "http://127.0.0.1:8111/load_object?new_layer=false&objects=w1235512403", "id_url": "https://www.openstreetmap.org/edit?editor=id&way=1235512403#map=20/34.4184036/132.3908231"}}, {"type": "Feature", "geometry": {"type": "Point", "coordinates": [132.3905955, 34.4158474]}, "properties": {"id": 1235512404, "feat_type": "way", "quality_categories": "improper_geometries", "issue_ids": "[0]", "osm_url": "https://www.openstreetmap.org/way/1235512404", "josm_url": "http://127.0.0.1:8111/load_object?new_layer=false&objects=w1235512404", "id_url": "https://www.openstreetmap.org/edit?editor=id&way=1235512404#map=20/34.4158474/132.3905955"}}, {"type": "Feature", "geometry": {"type": "Point", "coordinates": [132.390805, 34.4183869]}, "properties": {"id": 1235512405, "feat_type": "way", "quality_categories": "improper_geometries", "issue_ids": "[0]", "osm_url": "https://www.openstreetmap.org/way/1235512405", "josm_url": "http://127.0.0.1:8111/load_object?new_layer=false&objects=w1235512405", "id_url": "https://www.openstreetmap.org/edit?editor=id&way=1235512405#map=20/34.4183869/132.390805"}}, {"type": "Feature", "geometry": {"type": "Point", "coordinates": [132.3908263, 34.4175633]}, "properties": {"id": 1235512406, "feat_type": "way", "quality_categories": "improper_geometries", "issue_ids": "[0]", "osm_url": "https://www.openstreetmap.org/way/1235512406", "josm_url": "http://127.0.0.1:8111/load_object?new_layer=false&objects=w1235512406", "id_url": "https://www.openstreetmap.org/edit?editor=id&way=1235512406#map=20/34.4175633/132.3908263"}}, {"type": "Feature", "geometry": {"type": "Point", "coordinates": [132.3905689, 34.4158523]}, "properties": {"id": 1235512407, "feat_type": "way", "quality_categories": "improper_geometries", "issue_ids": "[0]", "osm_url": "https://www.openstreetmap.org/way/1235512407", "josm_url": "http://127.0.0.1:8111/load_object?new_layer=false&objects=w1235512407", "id_url": "https://www.openstreetmap.org/edit?editor=id&way=1235512407#map=20/34.4158523/132.3905689"}}, {"type": "Feature", "geometry": {"type": "Point", "coordinates": [132.3904039, 34.4187695]}, "properties": {"id": 1235732445, "feat_type": "way", "quality_categories": "improper_geometries", "issue_ids": "[0]", "osm_url": "https://www.openstreetmap.org/way/1235732445", "josm_url": "http://127.0.0.1:8111/load_object?new_layer=false&objects=w1235732445", "id_url": "https://www.openstreetmap.org/edit?editor=id&way=1235732445#map=20/34.4187695/132.3904039"}}, {"type": "Feature", "geometry": {"type": "Point", "coordinates": [132.3827123, 34.4101916]}, "properties": {"id": 1235732447, "feat_type": "way", "quality_categories": "improper_geometries", "issue_ids": "[0]", "osm_url": "https://www.openstreetmap.org/way/1235732447", "josm_url": "http://127.0.0.1:8111/load_object?new_layer=false&objects=w1235732447", "id_url": "https://www.openstreetmap.org/edit?editor=id&way=1235732447#map=20/34.4101916/132.3827123"}}, {"type": "Feature", "geometry": {"type": "Point", "coordinates": [132.3822199, 34.4099892]}, "properties": {"id": 1235732452, "feat_type": "way", "quality_categories": "improper_geometries", "issue_ids": "[0]", "osm_url": "https://www.openstreetmap.org/way/1235732452", "josm_url": "http://127.0.0.1:8111/load_object?new_layer=false&objects=w1235732452", "id_url": "https://www.openstreetmap.org/edit?editor=id&way=1235732452#map=20/34.4099892/132.3822199"}}, {"type": "Feature", "geometry": {"type": "Point", "coordinates": [132.3822092, 34.4099994]}, "properties": {"id": 1235732454, "feat_type": "way", "quality_categories": "improper_geometries", "issue_ids": "[0]", "osm_url": "https://www.openstreetmap.org/way/1235732454", "josm_url": "http://127.0.0.1:8111/load_object?new_layer=false&objects=w1235732454", "id_url": "https://www.openstreetmap.org/edit?editor=id&way=1235732454#map=20/34.4099994/132.3822092"}}, {"type": "Feature", "geometry": {"type": "Point", "coordinates": [132.3822442, 34.4097552]}, "properties": {"id": 1235732460, "feat_type": "way", "quality_categories": "improper_geometries", "issue_ids": "[0]", "osm_url": "https://www.openstreetmap.org/way/1235732460", "josm_url": "http://127.0.0.1:8111/load_object?new_layer=false&objects=w1235732460", "id_url": "https://www.openstreetmap.org/edit?editor=id&way=1235732460#map=20/34.4097552/132.3822442"}}, {"type": "Feature", "geometry": {"type": "Point", "coordinates": [132.3818969, 34.4096235]}, "properties": {"id": 1235732461, "feat_type": "way", "quality_categories": "improper_geometries", "issue_ids": "[0]", "osm_url": "https://www.openstreetmap.org/way/1235732461", "josm_url": "http://127.0.0.1:8111/load_object?new_layer=false&objects=w1235732461", "id_url": "https://www.openstreetmap.org/edit?editor=id&way=1235732461#map=20/34.4096235/132.3818969"}}, {"type": "Feature", "geometry": {"type": "Point", "coordinates": [132.382173, 34.4097387]}, "properties": {"id": 1235732466, "feat_type": "way", "quality_categories": "improper_geometries", "issue_ids": "[0]", "osm_url": "https://www.openstreetmap.org/way/1235732466", "josm_url": "http://127.0.0.1:8111/load_object?new_layer=false&objects=w1235732466", "id_url": "https://www.openstreetmap.org/edit?editor=id&way=1235732466#map=20/34.4097387/132.382173"}}, {"type": "Feature", "geometry": {"type": "Point", "coordinates": [132.3886283, 34.4155701]}, "properties": {"id": 1239418949, "feat_type": "way", "quality_categories": "improper_geometries", "issue_ids": "[0]", "osm_url": "https://www.openstreetmap.org/way/1239418949", "josm_url": "http://127.0.0.1:8111/load_object?new_layer=false&objects=w1239418949", "id_url": "https://www.openstreetmap.org/edit?editor=id&way=1239418949#map=20/34.4155701/132.3886283"}}, {"type": "Feature", "geometry": {"type": "Point", "coordinates": [132.3884333, 34.41549]}, "properties": {"id": 1239418950, "feat_type": "way", "quality_categories": "improper_geometries", "issue_ids": "[0]", "osm_url": "https://www.openstreetmap.org/way/1239418950", "josm_url": "http://127.0.0.1:8111/load_object?new_layer=false&objects=w1239418950", "id_url": "https://www.openstreetmap.org/edit?editor=id&way=1239418950#map=20/34.41549/132.3884333"}}, {"type": "Feature", "geometry": {"type": "Point", "coordinates": [132.3725373, 34.4091997]}, "properties": {"id": 1249455212, "feat_type": "way", "quality_categories": "improper_geometries", "issue_ids": "[0]", "osm_url": "https://www.openstreetmap.org/way/1249455212", "josm_url": "http://127.0.0.1:8111/load_object?new_layer=false&objects=w1249455212", "id_url": "https://www.openstreetmap.org/edit?editor=id&way=1249455212#map=20/34.4091997/132.3725373"}}, {"type": "Feature", "geometry": {"type": "Point", "coordinates": [132.3725506, 34.4091919]}, "properties": {"id": 1249455213, "feat_type": "way", "quality_categories": "improper_geometries", "issue_ids": "[0]", "osm_url": "https://www.openstreetmap.org/way/1249455213", "josm_url": "http://127.0.0.1:8111/load_object?new_layer=false&objects=w1249455213", "id_url": "https://www.openstreetmap.org/edit?editor=id&way=1249455213#map=20/34.4091919/132.3725506"}}, {"type": "Feature", "geometry": {"type": "Point", "coordinates": [132.3735951, 34.4107951]}, "properties": {"id": 1249455216, "feat_type": "way", "quality_categories": "improper_geometries", "issue_ids": "[0]", "osm_url": "https://www.openstreetmap.org/way/1249455216", "josm_url": "http://127.0.0.1:8111/load_object?new_layer=false&objects=w1249455216", "id_url": "https://www.openstreetmap.org/edit?editor=id&way=1249455216#map=20/34.4107951/132.3735951"}}, {"type": "Feature", "geometry": {"type": "Point", "coordinates": [132.3735988, 34.4107759]}, "properties": {"id": 1249455217, "feat_type": "way", "quality_categories": "improper_geometries", "issue_ids": "[0]", "osm_url": "https://www.openstreetmap.org/way/1249455217", "josm_url": "http://127.0.0.1:8111/load_object?new_layer=false&objects=w1249455217", "id_url": "https://www.openstreetmap.org/edit?editor=id&way=1249455217#map=20/34.4107759/132.3735988"}}, {"type": "Feature", "geometry": {"type": "Point", "coordinates": [132.3735512, 34.4107435]}, "properties": {"id": 1249455219, "feat_type": "way", "quality_categories": "improper_geometries", "issue_ids": "[0]", "osm_url": "https://www.openstreetmap.org/way/1249455219", "josm_url": "http://127.0.0.1:8111/load_object?new_layer=false&objects=w1249455219", "id_url": "https://www.openstreetmap.org/edit?editor=id&way=1249455219#map=20/34.4107435/132.3735512"}}, {"type": "Feature", "geometry": {"type": "Point", "coordinates": [132.3735738, 34.4107465]}, "properties": {"id": 1249455220, "feat_type": "way", "quality_categories": "improper_geometries", "issue_ids": "[0]", "osm_url": "https://www.openstreetmap.org/way/1249455220", "josm_url": "http://127.0.0.1:8111/load_object?new_layer=false&objects=w1249455220", "id_url": "https://www.openstreetmap.org/edit?editor=id&way=1249455220#map=20/34.4107465/132.3735738"}}, {"type": "Feature", "geometry": {"type": "Point", "coordinates": [132.372844, 34.4099128]}, "properties": {"id": 1249455221, "feat_type": "way", "quality_categories": "improper_geometries", "issue_ids": "[0]", "osm_url": "https://www.openstreetmap.org/way/1249455221", "josm_url": "http://127.0.0.1:8111/load_object?new_layer=false&objects=w1249455221", "id_url": "https://www.openstreetmap.org/edit?editor=id&way=1249455221#map=20/34.4099128/132.372844"}}, {"type": "Feature", "geometry": {"type": "Point", "coordinates": [132.3728577, 34.4099054]}, "properties": {"id": 1249455225, "feat_type": "way", "quality_categories": "improper_geometries", "issue_ids": "[0]", "osm_url": "https://www.openstreetmap.org/way/1249455225", "josm_url": "http://127.0.0.1:8111/load_object?new_layer=false&objects=w1249455225", "id_url": "https://www.openstreetmap.org/edit?editor=id&way=1249455225#map=20/34.4099054/132.3728577"}}, {"type": "Feature", "geometry": {"type": "Point", "coordinates": [132.376211, 34.4426283]}, "properties": {"id": 1277614024, "feat_type": "way", "quality_categories": "improper_geometries", "issue_ids": "[0]", "osm_url": "https://www.openstreetmap.org/way/1277614024", "josm_url": "http://127.0.0.1:8111/load_object?new_layer=false&objects=w1277614024", "id_url": "https://www.openstreetmap.org/edit?editor=id&way=1277614024#map=20/34.4426283/132.376211"}}, {"type": "Feature", "geometry": {"type": "Point", "coordinates": [132.3761861, 34.4425584]}, "properties": {"id": 1277614032, "feat_type": "way", "quality_categories": "improper_geometries", "issue_ids": "[0]", "osm_url": "https://www.openstreetmap.org/way/1277614032", "josm_url": "http://127.0.0.1:8111/load_object?new_layer=false&objects=w1277614032", "id_url": "https://www.openstreetmap.org/edit?editor=id&way=1277614032#map=20/34.4425584/132.3761861"}}, {"type": "Feature", "geometry": {"type": "Point", "coordinates": [132.3762056, 34.4426286]}, "properties": {"id": 1277614033, "feat_type": "way", "quality_categories": "improper_geometries", "issue_ids": "[0]", "osm_url": "https://www.openstreetmap.org/way/1277614033", "josm_url": "http://127.0.0.1:8111/load_object?new_layer=false&objects=w1277614033", "id_url": "https://www.openstreetmap.org/edit?editor=id&way=1277614033#map=20/34.4426286/132.3762056"}}, {"type": "Feature", "geometry": {"type": "Point", "coordinates": [132.3762355, 34.4416626]}, "properties": {"id": 1277614035, "feat_type": "way", "quality_categories": "improper_geometries", "issue_ids": "[0]", "osm_url": "https://www.openstreetmap.org/way/1277614035", "josm_url": "http://127.0.0.1:8111/load_object?new_layer=false&objects=w1277614035", "id_url": "https://www.openstreetmap.org/edit?editor=id&way=1277614035#map=20/34.4416626/132.3762355"}}, {"type": "Feature", "geometry": {"type": "Point", "coordinates": [132.3756084, 34.4381304]}, "properties": {"id": 1277614042, "feat_type": "way", "quality_categories": "improper_geometries", "issue_ids": "[0]", "osm_url": "https://www.openstreetmap.org/way/1277614042", "josm_url": "http://127.0.0.1:8111/load_object?new_layer=false&objects=w1277614042", "id_url": "https://www.openstreetmap.org/edit?editor=id&way=1277614042#map=20/34.4381304/132.3756084"}}, {"type": "Feature", "geometry": {"type": "Point", "coordinates": [132.3767262, 34.435684]}, "properties": {"id": 1278784534, "feat_type": "way", "quality_categories": "improper_geometries", "issue_ids": "[0]", "osm_url": "https://www.openstreetmap.org/way/1278784534", "josm_url": "http://127.0.0.1:8111/load_object?new_layer=false&objects=w1278784534", "id_url": "https://www.openstreetmap.org/edit?editor=id&way=1278784534#map=20/34.435684/132.3767262"}}, {"type": "Feature", "geometry": {"type": "Point", "coordinates": [132.3766994, 34.4351881]}, "properties": {"id": 1278784535, "feat_type": "way", "quality_categories": "improper_geometries", "issue_ids": "[0]", "osm_url": "https://www.openstreetmap.org/way/1278784535", "josm_url": "http://127.0.0.1:8111/load_object?new_layer=false&objects=w1278784535", "id_url": "https://www.openstreetmap.org/edit?editor=id&way=1278784535#map=20/34.4351881/132.3766994"}}, {"type": "Feature", "geometry": {"type": "Point", "coordinates": [132.3767098, 34.4351789]}, "properties": {"id": 1278784536, "feat_type": "way", "quality_categories": "improper_geometries", "issue_ids": "[0]", "osm_url": "https://www.openstreetmap.org/way/1278784536", "josm_url": "http://127.0.0.1:8111/load_object?new_layer=false&objects=w1278784536", "id_url": "https://www.openstreetmap.org/edit?editor=id&way=1278784536#map=20/34.4351789/132.3767098"}}, {"type": "Feature", "geometry": {"type": "Point", "coordinates": [132.3766715, 34.4346729]}, "properties": {"id": 1278784538, "feat_type": "way", "quality_categories": "improper_geometries", "issue_ids": "[0]", "osm_url": "https://www.openstreetmap.org/way/1278784538", "josm_url": "http://127.0.0.1:8111/load_object?new_layer=false&objects=w1278784538", "id_url": "https://www.openstreetmap.org/edit?editor=id&way=1278784538#map=20/34.4346729/132.3766715"}}, {"type": "Feature", "geometry": {"type": "Point", "coordinates": [132.376665, 34.4342422]}, "properties": {"id": 1278784542, "feat_type": "way", "quality_categories": "improper_geometries", "issue_ids": "[0]", "osm_url": "https://www.openstreetmap.org/way/1278784542", "josm_url": "http://127.0.0.1:8111/load_object?new_layer=false&objects=w1278784542", "id_url": "https://www.openstreetmap.org/edit?editor=id&way=1278784542#map=20/34.4342422/132.376665"}}, {"type": "Feature", "geometry": {"type": "Point", "coordinates": [132.376556, 34.4342405]}, "properties": {"id": 1278784544, "feat_type": "way", "quality_categories": "improper_geometries", "issue_ids": "[0]", "osm_url": "https://www.openstreetmap.org/way/1278784544", "josm_url": "http://127.0.0.1:8111/load_object?new_layer=false&objects=w1278784544", "id_url": "https://www.openstreetmap.org/edit?editor=id&way=1278784544#map=20/34.4342405/132.376556"}}, {"type": "Feature", "geometry": {"type": "Point", "coordinates": [132.3766541, 34.434242]}, "properties": {"id": 1278784547, "feat_type": "way", "quality_categories": "improper_geometries", "issue_ids": "[0]", "osm_url": "https://www.openstreetmap.org/way/1278784547", "josm_url": "http://127.0.0.1:8111/load_object?new_layer=false&objects=w1278784547", "id_url": "https://www.openstreetmap.org/edit?editor=id&way=1278784547#map=20/34.434242/132.3766541"}}, {"type": "Feature", "geometry": {"type": "Point", "coordinates": [132.3765585, 34.434398]}, "properties": {"id": 1278784549, "feat_type": "way", "quality_categories": "improper_geometries", "issue_ids": "[0]", "osm_url": "https://www.openstreetmap.org/way/1278784549", "josm_url": "http://127.0.0.1:8111/load_object?new_layer=false&objects=w1278784549", "id_url": "https://www.openstreetmap.org/edit?editor=id&way=1278784549#map=20/34.434398/132.3765585"}}, {"type": "Feature", "geometry": {"type": "Point", "coordinates": [132.3765819, 34.4348308]}, "properties": {"id": 1278784551, "feat_type": "way", "quality_categories": "improper_geometries", "issue_ids": "[0]", "osm_url": "https://www.openstreetmap.org/way/1278784551", "josm_url": "http://127.0.0.1:8111/load_object?new_layer=false&objects=w1278784551", "id_url": "https://www.openstreetmap.org/edit?editor=id&way=1278784551#map=20/34.4348308/132.3765819"}}, {"type": "Feature", "geometry": {"type": "Point", "coordinates": [132.3766001, 34.4351671]}, "properties": {"id": 1278784559, "feat_type": "way", "quality_categories": "improper_geometries", "issue_ids": "[0]", "osm_url": "https://www.openstreetmap.org/way/1278784559", "josm_url": "http://127.0.0.1:8111/load_object?new_layer=false&objects=w1278784559", "id_url": "https://www.openstreetmap.org/edit?editor=id&way=1278784559#map=20/34.4351671/132.3766001"}}, {"type": "Feature", "geometry": {"type": "Point", "coordinates": [132.3734268, 34.4428868]}, "properties": {"id": 1278784580, "feat_type": "way", "quality_categories": "improper_geometries", "issue_ids": "[0]", "osm_url": "https://www.openstreetmap.org/way/1278784580", "josm_url": "http://127.0.0.1:8111/load_object?new_layer=false&objects=w1278784580", "id_url": "https://www.openstreetmap.org/edit?editor=id&way=1278784580#map=20/34.4428868/132.3734268"}}, {"type": "Feature", "geometry": {"type": "Point", "coordinates": [132.3773438, 34.4322599]}, "properties": {"id": 1278803403, "feat_type": "way", "quality_categories": "improper_geometries", "issue_ids": "[0]", "osm_url": "https://www.openstreetmap.org/way/1278803403", "josm_url": "http://127.0.0.1:8111/load_object?new_layer=false&objects=w1278803403", "id_url": "https://www.openstreetmap.org/edit?editor=id&way=1278803403#map=20/34.4322599/132.3773438"}}, {"type": "Feature", "geometry": {"type": "Point", "coordinates": [132.3784382, 34.4305093]}, "properties": {"id": 1278803409, "feat_type": "way", "quality_categories": "improper_geometries", "issue_ids": "[0]", "osm_url": "https://www.openstreetmap.org/way/1278803409", "josm_url": "http://127.0.0.1:8111/load_object?new_layer=false&objects=w1278803409", "id_url": "https://www.openstreetmap.org/edit?editor=id&way=1278803409#map=20/34.4305093/132.3784382"}}, {"type": "Feature", "geometry": {"type": "Point", "coordinates": [132.3784517, 34.43017]}, "properties": {"id": 1278803411, "feat_type": "way", "quality_categories": "improper_geometries", "issue_ids": "[0]", "osm_url": "https://www.openstreetmap.org/way/1278803411", "josm_url": "http://127.0.0.1:8111/load_object?new_layer=false&objects=w1278803411", "id_url": "https://www.openstreetmap.org/edit?editor=id&way=1278803411#map=20/34.43017/132.3784517"}}, {"type": "Feature", "geometry": {"type": "Point", "coordinates": [132.3784456, 34.429925]}, "properties": {"id": 1278803418, "feat_type": "way", "quality_categories": "improper_geometries", "issue_ids": "[0]", "osm_url": "https://www.openstreetmap.org/way/1278803418", "josm_url": "http://127.0.0.1:8111/load_object?new_layer=false&objects=w1278803418", "id_url": "https://www.openstreetmap.org/edit?editor=id&way=1278803418#map=20/34.429925/132.3784456"}}, {"type": "Feature", "geometry": {"type": "Point", "coordinates": [132.3784276, 34.4292041]}, "properties": {"id": 1278811546, "feat_type": "way", "quality_categories": "improper_geometries", "issue_ids": "[0]", "osm_url": "https://www.openstreetmap.org/way/1278811546", "josm_url": "http://127.0.0.1:8111/load_object?new_layer=false&objects=w1278811546", "id_url": "https://www.openstreetmap.org/edit?editor=id&way=1278811546#map=20/34.4292041/132.3784276"}}, {"type": "Feature", "geometry": {"type": "Point", "coordinates": [132.3784592, 34.4288462]}, "properties": {"id": 1278811548, "feat_type": "way", "quality_categories": "improper_geometries", "issue_ids": "[0]", "osm_url": "https://www.openstreetmap.org/way/1278811548", "josm_url": "http://127.0.0.1:8111/load_object?new_layer=false&objects=w1278811548", "id_url": "https://www.openstreetmap.org/edit?editor=id&way=1278811548#map=20/34.4288462/132.3784592"}}, {"type": "Feature", "geometry": {"type": "Point", "coordinates": [132.3785, 34.4286902]}, "properties": {"id": 1278811554, "feat_type": "way", "quality_categories": "improper_geometries", "issue_ids": "[0]", "osm_url": "https://www.openstreetmap.org/way/1278811554", "josm_url": "http://127.0.0.1:8111/load_object?new_layer=false&objects=w1278811554", "id_url": "https://www.openstreetmap.org/edit?editor=id&way=1278811554#map=20/34.4286902/132.3785"}}, {"type": "Feature", "geometry": {"type": "Point", "coordinates": [132.3785507, 34.4285422]}, "properties": {"id": 1278811563, "feat_type": "way", "quality_categories": "improper_geometries", "issue_ids": "[0]", "osm_url": "https://www.openstreetmap.org/way/1278811563", "josm_url": "http://127.0.0.1:8111/load_object?new_layer=false&objects=w1278811563", "id_url": "https://www.openstreetmap.org/edit?editor=id&way=1278811563#map=20/34.4285422/132.3785507"}}, {"type": "Feature", "geometry": {"type": "Point", "coordinates": [132.3786126, 34.42809]}, "properties": {"id": 1278811568, "feat_type": "way", "quality_categories": "improper_geometries", "issue_ids": "[0]", "osm_url": "https://www.openstreetmap.org/way/1278811568", "josm_url": "http://127.0.0.1:8111/load_object?new_layer=false&objects=w1278811568", "id_url": "https://www.openstreetmap.org/edit?editor=id&way=1278811568#map=20/34.42809/132.3786126"}}, {"type": "Feature", "geometry": {"type": "Point", "coordinates": [132.3787802, 34.4279103]}, "properties": {"id": 1278811569, "feat_type": "way", "quality_categories": "improper_geometries", "issue_ids": "[0]", "osm_url": "https://www.openstreetmap.org/way/1278811569", "josm_url": "http://127.0.0.1:8111/load_object?new_layer=false&objects=w1278811569", "id_url": "https://www.openstreetmap.org/edit?editor=id&way=1278811569#map=20/34.4279103/132.3787802"}}, {"type": "Feature", "geometry": {"type": "Point", "coordinates": [132.3783133, 34.4291056]}, "properties": {"id": 1278811584, "feat_type": "way", "quality_categories": "improper_geometries", "issue_ids": "[0]", "osm_url": "https://www.openstreetmap.org/way/1278811584", "josm_url": "http://127.0.0.1:8111/load_object?new_layer=false&objects=w1278811584", "id_url": "https://www.openstreetmap.org/edit?editor=id&way=1278811584#map=20/34.4291056/132.3783133"}}, {"type": "Feature", "geometry": {"type": "Point", "coordinates": [132.3783325, 34.4293358]}, "properties": {"id": 1278811588, "feat_type": "way", "quality_categories": "improper_geometries", "issue_ids": "[0]", "osm_url": "https://www.openstreetmap.org/way/1278811588", "josm_url": "http://127.0.0.1:8111/load_object?new_layer=false&objects=w1278811588", "id_url": "https://www.openstreetmap.org/edit?editor=id&way=1278811588#map=20/34.4293358/132.3783325"}}, {"type": "Feature", "geometry": {"type": "Point", "coordinates": [132.3788722, 34.4276569]}, "properties": {"id": 1278828441, "feat_type": "way", "quality_categories": "improper_geometries", "issue_ids": "[0]", "osm_url": "https://www.openstreetmap.org/way/1278828441", "josm_url": "http://127.0.0.1:8111/load_object?new_layer=false&objects=w1278828441", "id_url": "https://www.openstreetmap.org/edit?editor=id&way=1278828441#map=20/34.4276569/132.3788722"}}, {"type": "Feature", "geometry": {"type": "Point", "coordinates": [132.3791247, 34.4269615]}, "properties": {"id": 1278828442, "feat_type": "way", "quality_categories": "improper_geometries", "issue_ids": "[0]", "osm_url": "https://www.openstreetmap.org/way/1278828442", "josm_url": "http://127.0.0.1:8111/load_object?new_layer=false&objects=w1278828442", "id_url": "https://www.openstreetmap.org/edit?editor=id&way=1278828442#map=20/34.4269615/132.3791247"}}, {"type": "Feature", "geometry": {"type": "Point", "coordinates": [132.3793346, 34.4263837]}, "properties": {"id": 1278828443, "feat_type": "way", "quality_categories": "improper_geometries", "issue_ids": "[0]", "osm_url": "https://www.openstreetmap.org/way/1278828443", "josm_url": "http://127.0.0.1:8111/load_object?new_layer=false&objects=w1278828443", "id_url": "https://www.openstreetmap.org/edit?editor=id&way=1278828443#map=20/34.4263837/132.3793346"}}, {"type": "Feature", "geometry": {"type": "Point", "coordinates": [132.3793004, 34.4251556]}, "properties": {"id": 1278828455, "feat_type": "way", "quality_categories": "improper_geometries", "issue_ids": "[0]", "osm_url": "https://www.openstreetmap.org/way/1278828455", "josm_url": "http://127.0.0.1:8111/load_object?new_layer=false&objects=w1278828455", "id_url": "https://www.openstreetmap.org/edit?editor=id&way=1278828455#map=20/34.4251556/132.3793004"}}, {"type": "Feature", "geometry": {"type": "Point", "coordinates": [132.3803818, 34.4235655]}, "properties": {"id": 1278828456, "feat_type": "way", "quality_categories": "improper_geometries", "issue_ids": "[0]", "osm_url": "https://www.openstreetmap.org/way/1278828456", "josm_url": "http://127.0.0.1:8111/load_object?new_layer=false&objects=w1278828456", "id_url": "https://www.openstreetmap.org/edit?editor=id&way=1278828456#map=20/34.4235655/132.3803818"}}, {"type": "Feature", "geometry": {"type": "Point", "coordinates": [132.3807145, 34.4231632]}, "properties": {"id": 1278828457, "feat_type": "way", "quality_categories": "improper_geometries", "issue_ids": "[0]", "osm_url": "https://www.openstreetmap.org/way/1278828457", "josm_url": "http://127.0.0.1:8111/load_object?new_layer=false&objects=w1278828457", "id_url": "https://www.openstreetmap.org/edit?editor=id&way=1278828457#map=20/34.4231632/132.3807145"}}, {"type": "Feature", "geometry": {"type": "Point", "coordinates": [132.3827211, 34.4215393]}, "properties": {"id": 1278828465, "feat_type": "way", "quality_categories": "improper_geometries", "issue_ids": "[0]", "osm_url": "https://www.openstreetmap.org/way/1278828465", "josm_url": "http://127.0.0.1:8111/load_object?new_layer=false&objects=w1278828465", "id_url": "https://www.openstreetmap.org/edit?editor=id&way=1278828465#map=20/34.4215393/132.3827211"}}, {"type": "Feature", "geometry": {"type": "Point", "coordinates": [132.3840263, 34.4204475]}, "properties": {"id": 1278828467, "feat_type": "way", "quality_categories": "improper_geometries", "issue_ids": "[0]", "osm_url": "https://www.openstreetmap.org/way/1278828467", "josm_url": "http://127.0.0.1:8111/load_object?new_layer=false&objects=w1278828467", "id_url": "https://www.openstreetmap.org/edit?editor=id&way=1278828467#map=20/34.4204475/132.3840263"}}, {"type": "Feature", "geometry": {"type": "Point", "coordinates": [132.3847427, 34.4198984]}, "properties": {"id": 1278828475, "feat_type": "way", "quality_categories": "improper_geometries", "issue_ids": "[0]", "osm_url": "https://www.openstreetmap.org/way/1278828475", "josm_url": "http://127.0.0.1:8111/load_object?new_layer=false&objects=w1278828475", "id_url": "https://www.openstreetmap.org/edit?editor=id&way=1278828475#map=20/34.4198984/132.3847427"}}, {"type": "Feature", "geometry": {"type": "Point", "coordinates": [132.3865431, 34.4177473]}, "properties": {"id": 1278956639, "feat_type": "way", "quality_categories": "improper_geometries", "issue_ids": "[0]", "osm_url": "https://www.openstreetmap.org/way/1278956639", "josm_url": "http://127.0.0.1:8111/load_object?new_layer=false&objects=w1278956639", "id_url": "https://www.openstreetmap.org/edit?editor=id&way=1278956639#map=20/34.4177473/132.3865431"}}, {"type": "Feature", "geometry": {"type": "Point", "coordinates": [132.3865318, 34.4176548]}, "properties": {"id": 1278956640, "feat_type": "way", "quality_categories": "improper_geometries", "issue_ids": "[0]", "osm_url": "https://www.openstreetmap.org/way/1278956640", "josm_url": "http://127.0.0.1:8111/load_object?new_layer=false&objects=w1278956640", "id_url": "https://www.openstreetmap.org/edit?editor=id&way=1278956640#map=20/34.4176548/132.3865318"}}, {"type": "Feature", "geometry": {"type": "Point", "coordinates": [132.3841482, 34.4182995]}, "properties": {"id": 1278956649, "feat_type": "way", "quality_categories": "improper_geometries", "issue_ids": "[0]", "osm_url": "https://www.openstreetmap.org/way/1278956649", "josm_url": "http://127.0.0.1:8111/load_object?new_layer=false&objects=w1278956649", "id_url": "https://www.openstreetmap.org/edit?editor=id&way=1278956649#map=20/34.4182995/132.3841482"}}, {"type": "Feature", "geometry": {"type": "Point", "coordinates": [132.3842416, 34.4182505]}, "properties": {"id": 1278956650, "feat_type": "way", "quality_categories": "improper_geometries", "issue_ids": "[0]", "osm_url": "https://www.openstreetmap.org/way/1278956650", "josm_url": "http://127.0.0.1:8111/load_object?new_layer=false&objects=w1278956650", "id_url": "https://www.openstreetmap.org/edit?editor=id&way=1278956650#map=20/34.4182505/132.3842416"}}, {"type": "Feature", "geometry": {"type": "Point", "coordinates": [132.3840987, 34.4182916]}, "properties": {"id": 1278956652, "feat_type": "way", "quality_categories": "improper_geometries", "issue_ids": "[0]", "osm_url": "https://www.openstreetmap.org/way/1278956652", "josm_url": "http://127.0.0.1:8111/load_object?new_layer=false&objects=w1278956652", "id_url": "https://www.openstreetmap.org/edit?editor=id&way=1278956652#map=20/34.4182916/132.3840987"}}, {"type": "Feature", "geometry": {"type": "Point", "coordinates": [132.3841134, 34.4182299]}, "properties": {"id": 1278956653, "feat_type": "way", "quality_categories": "improper_geometries", "issue_ids": "[0]", "osm_url": "https://www.openstreetmap.org/way/1278956653", "josm_url": "http://127.0.0.1:8111/load_object?new_layer=false&objects=w1278956653", "id_url": "https://www.openstreetmap.org/edit?editor=id&way=1278956653#map=20/34.4182299/132.3841134"}}, {"type": "Feature", "geometry": {"type": "Point", "coordinates": [132.3845851, 34.4184043]}, "properties": {"id": 1278956656, "feat_type": "way", "quality_categories": "improper_geometries", "issue_ids": "[0]", "osm_url": "https://www.openstreetmap.org/way/1278956656", "josm_url": "http://127.0.0.1:8111/load_object?new_layer=false&objects=w1278956656", "id_url": "https://www.openstreetmap.org/edit?editor=id&way=1278956656#map=20/34.4184043/132.3845851"}}, {"type": "Feature", "geometry": {"type": "Point", "coordinates": [132.3844189, 34.418279]}, "properties": {"id": 1278956657, "feat_type": "way", "quality_categories": "improper_geometries", "issue_ids": "[0]", "osm_url": "https://www.openstreetmap.org/way/1278956657", "josm_url": "http://127.0.0.1:8111/load_object?new_layer=false&objects=w1278956657", "id_url": "https://www.openstreetmap.org/edit?editor=id&way=1278956657#map=20/34.418279/132.3844189"}}, {"type": "Feature", "geometry": {"type": "Point", "coordinates": [132.3854395, 34.4183246]}, "properties": {"id": 1278956659, "feat_type": "way", "quality_categories": "improper_geometries", "issue_ids": "[0]", "osm_url": "https://www.openstreetmap.org/way/1278956659", "josm_url": "http://127.0.0.1:8111/load_object?new_layer=false&objects=w1278956659", "id_url": "https://www.openstreetmap.org/edit?editor=id&way=1278956659#map=20/34.4183246/132.3854395"}}, {"type": "Feature", "geometry": {"type": "Point", "coordinates": [132.3854858, 34.4183855]}, "properties": {"id": 1278956662, "feat_type": "way", "quality_categories": "improper_geometries", "issue_ids": "[0]", "osm_url": "https://www.openstreetmap.org/way/1278956662", "josm_url": "http://127.0.0.1:8111/load_object?new_layer=false&objects=w1278956662", "id_url": "https://www.openstreetmap.org/edit?editor=id&way=1278956662#map=20/34.4183855/132.3854858"}}, {"type": "Feature", "geometry": {"type": "Point", "coordinates": [132.3848802, 34.4189703]}, "properties": {"id": 1278956664, "feat_type": "way", "quality_categories": "improper_geometries", "issue_ids": "[0]", "osm_url": "https://www.openstreetmap.org/way/1278956664", "josm_url": "http://127.0.0.1:8111/load_object?new_layer=false&objects=w1278956664", "id_url": "https://www.openstreetmap.org/edit?editor=id&way=1278956664#map=20/34.4189703/132.3848802"}}, {"type": "Feature", "geometry": {"type": "Point", "coordinates": [132.386577, 34.4175061]}, "properties": {"id": 1278956692, "feat_type": "way", "quality_categories": "improper_geometries", "issue_ids": "[0]", "osm_url": "https://www.openstreetmap.org/way/1278956692", "josm_url": "http://127.0.0.1:8111/load_object?new_layer=false&objects=w1278956692", "id_url": "https://www.openstreetmap.org/edit?editor=id&way=1278956692#map=20/34.4175061/132.386577"}}, {"type": "Feature", "geometry": {"type": "Point", "coordinates": [132.3867438, 34.4177338]}, "properties": {"id": 1278956696, "feat_type": "way", "quality_categories": "improper_geometries", "issue_ids": "[0]", "osm_url": "https://www.openstreetmap.org/way/1278956696", "josm_url": "http://127.0.0.1:8111/load_object?new_layer=false&objects=w1278956696", "id_url": "https://www.openstreetmap.org/edit?editor=id&way=1278956696#map=20/34.4177338/132.3867438"}}, {"type": "Feature", "geometry": {"type": "Point", "coordinates": [132.4274757, 34.399106]}, "properties": {"id": 1326098535, "feat_type": "way", "quality_categories": "improper_geometries", "issue_ids": "[0]", "osm_url": "https://www.openstreetmap.org/way/1326098535", "josm_url": "http://127.0.0.1:8111/load_object?new_layer=false&objects=w1326098535", "id_url": "https://www.openstreetmap.org/edit?editor=id&way=1326098535#map=20/34.399106/132.4274757"}}, {"type": "Feature", "geometry": {"type": "Point", "coordinates": [132.4279121, 34.3990386]}, "properties": {"id": 1326098537, "feat_type": "way", "quality_categories": "improper_geometries", "issue_ids": "[0]", "osm_url": "https://www.openstreetmap.org/way/1326098537", "josm_url": "http://127.0.0.1:8111/load_object?new_layer=false&objects=w1326098537", "id_url": "https://www.openstreetmap.org/edit?editor=id&way=1326098537#map=20/34.3990386/132.4279121"}}, {"type": "Feature", "geometry": {"type": "Point", "coordinates": [132.4164946, 34.4076825]}, "properties": {"id": 1339471239, "feat_type": "way", "quality_categories": "improper_geometries", "issue_ids": "[0]", "osm_url": "https://www.openstreetmap.org/way/1339471239", "josm_url": "http://127.0.0.1:8111/load_object?new_layer=false&objects=w1339471239", "id_url": "https://www.openstreetmap.org/edit?editor=id&way=1339471239#map=20/34.4076825/132.4164946"}}, {"type": "Feature", "geometry": {"type": "Point", "coordinates": [132.3439187, 34.383452]}, "properties": {"id": 1347105197, "feat_type": "way", "quality_categories": "improper_geometries", "issue_ids": "[0]", "osm_url": "https://www.openstreetmap.org/way/1347105197", "josm_url": "http://127.0.0.1:8111/load_object?new_layer=false&objects=w1347105197", "id_url": "https://www.openstreetmap.org/edit?editor=id&way=1347105197#map=20/34.383452/132.3439187"}}, {"type": "Feature", "geometry": {"type": "Point", "coordinates": [132.3447163, 34.3829326]}, "properties": {"id": 1347105198, "feat_type": "way", "quality_categories": "improper_geometries", "issue_ids": "[0]", "osm_url": "https://www.openstreetmap.org/way/1347105198", "josm_url": "http://127.0.0.1:8111/load_object?new_layer=false&objects=w1347105198", "id_url": "https://www.openstreetmap.org/edit?editor=id&way=1347105198#map=20/34.3829326/132.3447163"}}, {"type": "Feature", "geometry": {"type": "Point", "coordinates": [132.3455821, 34.3825336]}, "properties": {"id": 1347105203, "feat_type": "way", "quality_categories": "improper_geometries", "issue_ids": "[0]", "osm_url": "https://www.openstreetmap.org/way/1347105203", "josm_url": "http://127.0.0.1:8111/load_object?new_layer=false&objects=w1347105203", "id_url": "https://www.openstreetmap.org/edit?editor=id&way=1347105203#map=20/34.3825336/132.3455821"}}, {"type": "Feature", "geometry": {"type": "Point", "coordinates": [132.346217, 34.3831996]}, "properties": {"id": 1347105204, "feat_type": "way", "quality_categories": "improper_geometries", "issue_ids": "[0]", "osm_url": "https://www.openstreetmap.org/way/1347105204", "josm_url": "http://127.0.0.1:8111/load_object?new_layer=false&objects=w1347105204", "id_url": "https://www.openstreetmap.org/edit?editor=id&way=1347105204#map=20/34.3831996/132.346217"}}, {"type": "Feature", "geometry": {"type": "Point", "coordinates": [132.3487061, 34.3845538]}, "properties": {"id": 1347105205, "feat_type": "way", "quality_categories": "improper_geometries", "issue_ids": "[0]", "osm_url": "https://www.openstreetmap.org/way/1347105205", "josm_url": "http://127.0.0.1:8111/load_object?new_layer=false&objects=w1347105205", "id_url": "https://www.openstreetmap.org/edit?editor=id&way=1347105205#map=20/34.3845538/132.3487061"}}, {"type": "Feature", "geometry": {"type": "Point", "coordinates": [132.3487379, 34.3844446]}, "properties": {"id": 1347105207, "feat_type": "way", "quality_categories": "improper_geometries", "issue_ids": "[0]", "osm_url": "https://www.openstreetmap.org/way/1347105207", "josm_url": "http://127.0.0.1:8111/load_object?new_layer=false&objects=w1347105207", "id_url": "https://www.openstreetmap.org/edit?editor=id&way=1347105207#map=20/34.3844446/132.3487379"}}, {"type": "Feature", "geometry": {"type": "Point", "coordinates": [132.3502563, 34.3847258]}, "properties": {"id": 1347105208, "feat_type": "way", "quality_categories": "improper_geometries", "issue_ids": "[0]", "osm_url": "https://www.openstreetmap.org/way/1347105208", "josm_url": "http://127.0.0.1:8111/load_object?new_layer=false&objects=w1347105208", "id_url": "https://www.openstreetmap.org/edit?editor=id&way=1347105208#map=20/34.3847258/132.3502563"}}, {"type": "Feature", "geometry": {"type": "Point", "coordinates": [132.3502628, 34.3846948]}, "properties": {"id": 1347105209, "feat_type": "way", "quality_categories": "improper_geometries", "issue_ids": "[0]", "osm_url": "https://www.openstreetmap.org/way/1347105209", "josm_url": "http://127.0.0.1:8111/load_object?new_layer=false&objects=w1347105209", "id_url": "https://www.openstreetmap.org/edit?editor=id&way=1347105209#map=20/34.3846948/132.3502628"}}, {"type": "Feature", "geometry": {"type": "Point", "coordinates": [132.3492195, 34.3855413]}, "properties": {"id": 1347105210, "feat_type": "way", "quality_categories": "improper_geometries", "issue_ids": "[0]", "osm_url": "https://www.openstreetmap.org/way/1347105210", "josm_url": "http://127.0.0.1:8111/load_object?new_layer=false&objects=w1347105210", "id_url": "https://www.openstreetmap.org/edit?editor=id&way=1347105210#map=20/34.3855413/132.3492195"}}, {"type": "Feature", "geometry": {"type": "Point", "coordinates": [132.3492154, 34.385533]}, "properties": {"id": 1347105211, "feat_type": "way", "quality_categories": "improper_geometries", "issue_ids": "[0]", "osm_url": "https://www.openstreetmap.org/way/1347105211", "josm_url": "http://127.0.0.1:8111/load_object?new_layer=false&objects=w1347105211", "id_url": "https://www.openstreetmap.org/edit?editor=id&way=1347105211#map=20/34.385533/132.3492154"}}, {"type": "Feature", "geometry": {"type": "Point", "coordinates": [132.3512186, 34.3848752]}, "properties": {"id": 1347105214, "feat_type": "way", "quality_categories": "improper_geometries", "issue_ids": "[0]", "osm_url": "https://www.openstreetmap.org/way/1347105214", "josm_url": "http://127.0.0.1:8111/load_object?new_layer=false&objects=w1347105214", "id_url": "https://www.openstreetmap.org/edit?editor=id&way=1347105214#map=20/34.3848752/132.3512186"}}, {"type": "Feature", "geometry": {"type": "Point", "coordinates": [132.3508865, 34.3846287]}, "properties": {"id": 1347105216, "feat_type": "way", "quality_categories": "improper_geometries", "issue_ids": "[0]", "osm_url": "https://www.openstreetmap.org/way/1347105216", "josm_url": "http://127.0.0.1:8111/load_object?new_layer=false&objects=w1347105216", "id_url": "https://www.openstreetmap.org/edit?editor=id&way=1347105216#map=20/34.3846287/132.3508865"}}, {"type": "Feature", "geometry": {"type": "Point", "coordinates": [132.3522597, 34.3842875]}, "properties": {"id": 1347105218, "feat_type": "way", "quality_categories": "improper_geometries", "issue_ids": "[0]", "osm_url": "https://www.openstreetmap.org/way/1347105218", "josm_url": "http://127.0.0.1:8111/load_object?new_layer=false&objects=w1347105218", "id_url": "https://www.openstreetmap.org/edit?editor=id&way=1347105218#map=20/34.3842875/132.3522597"}}, {"type": "Feature", "geometry": {"type": "Point", "coordinates": [132.3450958, 34.3820579]}, "properties": {"id": 1347105225, "feat_type": "way", "quality_categories": "improper_geometries", "issue_ids": "[0]", "osm_url": "https://www.openstreetmap.org/way/1347105225", "josm_url": "http://127.0.0.1:8111/load_object?new_layer=false&objects=w1347105225", "id_url": "https://www.openstreetmap.org/edit?editor=id&way=1347105225#map=20/34.3820579/132.3450958"}}, {"type": "Feature", "geometry": {"type": "Point", "coordinates": [132.3438221, 34.3834293]}, "properties": {"id": 1347105233, "feat_type": "way", "quality_categories": "improper_geometries", "issue_ids": "[0]", "osm_url": "https://www.openstreetmap.org/way/1347105233", "josm_url": "http://127.0.0.1:8111/load_object?new_layer=false&objects=w1347105233", "id_url": "https://www.openstreetmap.org/edit?editor=id&way=1347105233#map=20/34.3834293/132.3438221"}}, {"type": "Feature", "geometry": {"type": "Point", "coordinates": [132.3546125, 34.3849426]}, "properties": {"id": 1347105256, "feat_type": "way", "quality_categories": "improper_geometries", "issue_ids": "[0]", "osm_url": "https://www.openstreetmap.org/way/1347105256", "josm_url": "http://127.0.0.1:8111/load_object?new_layer=false&objects=w1347105256", "id_url": "https://www.openstreetmap.org/edit?editor=id&way=1347105256#map=20/34.3849426/132.3546125"}}, {"type": "Feature", "geometry": {"type": "Point", "coordinates": [132.3556299, 34.3850447]}, "properties": {"id": 1347105257, "feat_type": "way", "quality_categories": "improper_geometries", "issue_ids": "[0]", "osm_url": "https://www.openstreetmap.org/way/1347105257", "josm_url": "http://127.0.0.1:8111/load_object?new_layer=false&objects=w1347105257", "id_url": "https://www.openstreetmap.org/edit?editor=id&way=1347105257#map=20/34.3850447/132.3556299"}}, {"type": "Feature", "geometry": {"type": "Point", "coordinates": [132.3556326, 34.3850761]}, "properties": {"id": 1347105258, "feat_type": "way", "quality_categories": "improper_geometries", "issue_ids": "[0]", "osm_url": "https://www.openstreetmap.org/way/1347105258", "josm_url": "http://127.0.0.1:8111/load_object?new_layer=false&objects=w1347105258", "id_url": "https://www.openstreetmap.org/edit?editor=id&way=1347105258#map=20/34.3850761/132.3556326"}}, {"type": "Feature", "geometry": {"type": "Point", "coordinates": [132.3556229, 34.3849639]}, "properties": {"id": 1347105259, "feat_type": "way", "quality_categories": "improper_geometries", "issue_ids": "[0]", "osm_url": "https://www.openstreetmap.org/way/1347105259", "josm_url": "http://127.0.0.1:8111/load_object?new_layer=false&objects=w1347105259", "id_url": "https://www.openstreetmap.org/edit?editor=id&way=1347105259#map=20/34.3849639/132.3556229"}}, {"type": "Feature", "geometry": {"type": "Point", "coordinates": [132.3554568, 34.3849341]}, "properties": {"id": 1347105260, "feat_type": "way", "quality_categories": "improper_geometries", "issue_ids": "[0]", "osm_url": "https://www.openstreetmap.org/way/1347105260", "josm_url": "http://127.0.0.1:8111/load_object?new_layer=false&objects=w1347105260", "id_url": "https://www.openstreetmap.org/edit?editor=id&way=1347105260#map=20/34.3849341/132.3554568"}}, {"type": "Feature", "geometry": {"type": "Point", "coordinates": [132.3551396, 34.3850474]}, "properties": {"id": 1347241586, "feat_type": "way", "quality_categories": "improper_geometries", "issue_ids": "[0]", "osm_url": "https://www.openstreetmap.org/way/1347241586", "josm_url": "http://127.0.0.1:8111/load_object?new_layer=false&objects=w1347241586", "id_url": "https://www.openstreetmap.org/edit?editor=id&way=1347241586#map=20/34.3850474/132.3551396"}}, {"type": "Feature", "geometry": {"type": "Point", "coordinates": [132.354482, 34.3849367]}, "properties": {"id": 1347241590, "feat_type": "way", "quality_categories": "improper_geometries", "issue_ids": "[0]", "osm_url": "https://www.openstreetmap.org/way/1347241590", "josm_url": "http://127.0.0.1:8111/load_object?new_layer=false&objects=w1347241590", "id_url": "https://www.openstreetmap.org/edit?editor=id&way=1347241590#map=20/34.3849367/132.354482"}}, {"type": "Feature", "geometry": {"type": "Point", "coordinates": [132.3537031, 34.3849013]}, "properties": {"id": 1347241591, "feat_type": "way", "quality_categories": "improper_geometries", "issue_ids": "[0]", "osm_url": "https://www.openstreetmap.org/way/1347241591", "josm_url": "http://127.0.0.1:8111/load_object?new_layer=false&objects=w1347241591", "id_url": "https://www.openstreetmap.org/edit?editor=id&way=1347241591#map=20/34.3849013/132.3537031"}}, {"type": "Feature", "geometry": {"type": "Point", "coordinates": [132.3527694, 34.3848608]}, "properties": {"id": 1347241592, "feat_type": "way", "quality_categories": "improper_geometries", "issue_ids": "[0]", "osm_url": "https://www.openstreetmap.org/way/1347241592", "josm_url": "http://127.0.0.1:8111/load_object?new_layer=false&objects=w1347241592", "id_url": "https://www.openstreetmap.org/edit?editor=id&way=1347241592#map=20/34.3848608/132.3527694"}}, {"type": "Feature", "geometry": {"type": "Point", "coordinates": [132.3471892, 34.383921]}, "properties": {"id": 1347336031, "feat_type": "way", "quality_categories": "improper_geometries", "issue_ids": "[0]", "osm_url": "https://www.openstreetmap.org/way/1347336031", "josm_url": "http://127.0.0.1:8111/load_object?new_layer=false&objects=w1347336031", "id_url": "https://www.openstreetmap.org/edit?editor=id&way=1347336031#map=20/34.383921/132.3471892"}}, {"type": "Feature", "geometry": {"type": "Point", "coordinates": [132.3477533, 34.3842269]}, "properties": {"id": 1347336032, "feat_type": "way", "quality_categories": "improper_geometries", "issue_ids": "[0]", "osm_url": "https://www.openstreetmap.org/way/1347336032", "josm_url": "http://127.0.0.1:8111/load_object?new_layer=false&objects=w1347336032", "id_url": "https://www.openstreetmap.org/edit?editor=id&way=1347336032#map=20/34.3842269/132.3477533"}}, {"type": "Feature", "geometry": {"type": "Point", "coordinates": [132.3487151, 34.3845232]}, "properties": {"id": 1347336033, "feat_type": "way", "quality_categories": "improper_geometries", "issue_ids": "[0]", "osm_url": "https://www.openstreetmap.org/way/1347336033", "josm_url": "http://127.0.0.1:8111/load_object?new_layer=false&objects=w1347336033", "id_url": "https://www.openstreetmap.org/edit?editor=id&way=1347336033#map=20/34.3845232/132.3487151"}}, {"type": "Feature", "geometry": {"type": "Point", "coordinates": [132.3477343, 34.3842542]}, "properties": {"id": 1347336034, "feat_type": "way", "quality_categories": "improper_geometries", "issue_ids": "[0]", "osm_url": "https://www.openstreetmap.org/way/1347336034", "josm_url": "http://127.0.0.1:8111/load_object?new_layer=false&objects=w1347336034", "id_url": "https://www.openstreetmap.org/edit?editor=id&way=1347336034#map=20/34.3842542/132.3477343"}}, {"type": "Feature", "geometry": {"type": "Point", "coordinates": [132.3475068, 34.3841381]}, "properties": {"id": 1347336035, "feat_type": "way", "quality_categories": "improper_geometries", "issue_ids": "[0]", "osm_url": "https://www.openstreetmap.org/way/1347336035", "josm_url": "http://127.0.0.1:8111/load_object?new_layer=false&objects=w1347336035", "id_url": "https://www.openstreetmap.org/edit?editor=id&way=1347336035#map=20/34.3841381/132.3475068"}}, {"type": "Feature", "geometry": {"type": "Point", "coordinates": [132.3461859, 34.3832178]}, "properties": {"id": 1347336036, "feat_type": "way", "quality_categories": "improper_geometries", "issue_ids": "[0]", "osm_url": "https://www.openstreetmap.org/way/1347336036", "josm_url": "http://127.0.0.1:8111/load_object?new_layer=false&objects=w1347336036", "id_url": "https://www.openstreetmap.org/edit?editor=id&way=1347336036#map=20/34.3832178/132.3461859"}}, {"type": "Feature", "geometry": {"type": "Point", "coordinates": [132.3480875, 34.3842795]}, "properties": {"id": 1347336041, "feat_type": "way", "quality_categories": "improper_geometries", "issue_ids": "[0]", "osm_url": "https://www.openstreetmap.org/way/1347336041", "josm_url": "http://127.0.0.1:8111/load_object?new_layer=false&objects=w1347336041", "id_url": "https://www.openstreetmap.org/edit?editor=id&way=1347336041#map=20/34.3842795/132.3480875"}}, {"type": "Feature", "geometry": {"type": "Point", "coordinates": [132.3476262, 34.3840694]}, "properties": {"id": 1347336042, "feat_type": "way", "quality_categories": "improper_geometries", "issue_ids": "[0]", "osm_url": "https://www.openstreetmap.org/way/1347336042", "josm_url": "http://127.0.0.1:8111/load_object?new_layer=false&objects=w1347336042", "id_url": "https://www.openstreetmap.org/edit?editor=id&way=1347336042#map=20/34.3840694/132.3476262"}}, {"type": "Feature", "geometry": {"type": "Point", "coordinates": [132.3467348, 34.3835411]}, "properties": {"id": 1347336043, "feat_type": "way", "quality_categories": "improper_geometries", "issue_ids": "[0]", "osm_url": "https://www.openstreetmap.org/way/1347336043", "josm_url": "http://127.0.0.1:8111/load_object?new_layer=false&objects=w1347336043", "id_url": "https://www.openstreetmap.org/edit?editor=id&way=1347336043#map=20/34.3835411/132.3467348"}}, {"type": "Feature", "geometry": {"type": "Point", "coordinates": [132.3456371, 34.3823535]}, "properties": {"id": 1347336044, "feat_type": "way", "quality_categories": "improper_geometries", "issue_ids": "[0]", "osm_url": "https://www.openstreetmap.org/way/1347336044", "josm_url": "http://127.0.0.1:8111/load_object?new_layer=false&objects=w1347336044", "id_url": "https://www.openstreetmap.org/edit?editor=id&way=1347336044#map=20/34.3823535/132.3456371"}}, {"type": "Feature", "geometry": {"type": "Point", "coordinates": [132.4779207, 34.3922448]}, "properties": {"id": 1348014512, "feat_type": "way", "quality_categories": "improper_geometries", "issue_ids": "[0]", "osm_url": "https://www.openstreetmap.org/way/1348014512", "josm_url": "http://127.0.0.1:8111/load_object?new_layer=false&objects=w1348014512", "id_url": "https://www.openstreetmap.org/edit?editor=id&way=1348014512#map=20/34.3922448/132.4779207"}}, {"type": "Feature", "geometry": {"type": "Point", "coordinates": [132.4788174, 34.3926757]}, "properties": {"id": 1348014513, "feat_type": "way", "quality_categories": "improper_geometries", "issue_ids": "[0]", "osm_url": "https://www.openstreetmap.org/way/1348014513", "josm_url": "http://127.0.0.1:8111/load_object?new_layer=false&objects=w1348014513", "id_url": "https://www.openstreetmap.org/edit?editor=id&way=1348014513#map=20/34.3926757/132.4788174"}}, {"type": "Feature", "geometry": {"type": "Point", "coordinates": [132.4822509, 34.3909275]}, "properties": {"id": 1348281555, "feat_type": "way", "quality_categories": "improper_geometries", "issue_ids": "[0]", "osm_url": "https://www.openstreetmap.org/way/1348281555", "josm_url": "http://127.0.0.1:8111/load_object?new_layer=false&objects=w1348281555", "id_url": "https://www.openstreetmap.org/edit?editor=id&way=1348281555#map=20/34.3909275/132.4822509"}}, {"type": "Feature", "geometry": {"type": "Point", "coordinates": [132.4822274, 34.3902338]}, "properties": {"id": 1348487788, "feat_type": "way", "quality_categories": "improper_geometries", "issue_ids": "[0]", "osm_url": "https://www.openstreetmap.org/way/1348487788", "josm_url": "http://127.0.0.1:8111/load_object?new_layer=false&objects=w1348487788", "id_url": "https://www.openstreetmap.org/edit?editor=id&way=1348487788#map=20/34.3902338/132.4822274"}}, {"type": "Feature", "geometry": {"type": "Point", "coordinates": [132.4276401, 34.3986107]}, "properties": {"id": 1350697279, "feat_type": "way", "quality_categories": "improper_geometries", "issue_ids": "[0]", "osm_url": "https://www.openstreetmap.org/way/1350697279", "josm_url": "http://127.0.0.1:8111/load_object?new_layer=false&objects=w1350697279", "id_url": "https://www.openstreetmap.org/edit?editor=id&way=1350697279#map=20/34.3986107/132.4276401"}}, {"type": "Feature", "geometry": {"type": "Point", "coordinates": [132.3406934, 34.3788295]}, "properties": {"id": 1350824776, "feat_type": "way", "quality_categories": "improper_geometries", "issue_ids": "[0]", "osm_url": "https://www.openstreetmap.org/way/1350824776", "josm_url": "http://127.0.0.1:8111/load_object?new_layer=false&objects=w1350824776", "id_url": "https://www.openstreetmap.org/edit?editor=id&way=1350824776#map=20/34.3788295/132.3406934"}}, {"type": "Feature", "geometry": {"type": "Point", "coordinates": [132.3417093, 34.3796824]}, "properties": {"id": 1350824782, "feat_type": "way", "quality_categories": "improper_geometries", "issue_ids": "[0]", "osm_url": "https://www.openstreetmap.org/way/1350824782", "josm_url": "http://127.0.0.1:8111/load_object?new_layer=false&objects=w1350824782", "id_url": "https://www.openstreetmap.org/edit?editor=id&way=1350824782#map=20/34.3796824/132.3417093"}}, {"type": "Feature", "geometry": {"type": "Point", "coordinates": [132.3409988, 34.3789617]}, "properties": {"id": 1350824785, "feat_type": "way", "quality_categories": "improper_geometries", "issue_ids": "[0]", "osm_url": "https://www.openstreetmap.org/way/1350824785", "josm_url": "http://127.0.0.1:8111/load_object?new_layer=false&objects=w1350824785", "id_url": "https://www.openstreetmap.org/edit?editor=id&way=1350824785#map=20/34.3789617/132.3409988"}}, {"type": "Feature", "geometry": {"type": "Point", "coordinates": [132.3410391, 34.3796859]}, "properties": {"id": 1350824791, "feat_type": "way", "quality_categories": "improper_geometries", "issue_ids": "[0]", "osm_url": "https://www.openstreetmap.org/way/1350824791", "josm_url": "http://127.0.0.1:8111/load_object?new_layer=false&objects=w1350824791", "id_url": "https://www.openstreetmap.org/edit?editor=id&way=1350824791#map=20/34.3796859/132.3410391"}}, {"type": "Feature", "geometry": {"type": "Point", "coordinates": [132.3426608, 34.3804959]}, "properties": {"id": 1350824807, "feat_type": "way", "quality_categories": "improper_geometries", "issue_ids": "[0]", "osm_url": "https://www.openstreetmap.org/way/1350824807", "josm_url": "http://127.0.0.1:8111/load_object?new_layer=false&objects=w1350824807", "id_url": "https://www.openstreetmap.org/edit?editor=id&way=1350824807#map=20/34.3804959/132.3426608"}}, {"type": "Feature", "geometry": {"type": "Point", "coordinates": [132.3437492, 34.3811572]}, "properties": {"id": 1350824808, "feat_type": "way", "quality_categories": "improper_geometries", "issue_ids": "[0]", "osm_url": "https://www.openstreetmap.org/way/1350824808", "josm_url": "http://127.0.0.1:8111/load_object?new_layer=false&objects=w1350824808", "id_url": "https://www.openstreetmap.org/edit?editor=id&way=1350824808#map=20/34.3811572/132.3437492"}}, {"type": "Feature", "geometry": {"type": "Point", "coordinates": [132.3427302, 34.3804389]}, "properties": {"id": 1350824813, "feat_type": "way", "quality_categories": "improper_geometries", "issue_ids": "[0]", "osm_url": "https://www.openstreetmap.org/way/1350824813", "josm_url": "http://127.0.0.1:8111/load_object?new_layer=false&objects=w1350824813", "id_url": "https://www.openstreetmap.org/edit?editor=id&way=1350824813#map=20/34.3804389/132.3427302"}}, {"type": "Feature", "geometry": {"type": "Point", "coordinates": [132.3422813, 34.3800551]}, "properties": {"id": 1350824815, "feat_type": "way", "quality_categories": "improper_geometries", "issue_ids": "[0]", "osm_url": "https://www.openstreetmap.org/way/1350824815", "josm_url": "http://127.0.0.1:8111/load_object?new_layer=false&objects=w1350824815", "id_url": "https://www.openstreetmap.org/edit?editor=id&way=1350824815#map=20/34.3800551/132.3422813"}}, {"type": "Feature", "geometry": {"type": "Point", "coordinates": [132.3437985, 34.3810873]}, "properties": {"id": 1350824816, "feat_type": "way", "quality_categories": "improper_geometries", "issue_ids": "[0]", "osm_url": "https://www.openstreetmap.org/way/1350824816", "josm_url": "http://127.0.0.1:8111/load_object?new_layer=false&objects=w1350824816", "id_url": "https://www.openstreetmap.org/edit?editor=id&way=1350824816#map=20/34.3810873/132.3437985"}}, {"type": "Feature", "geometry": {"type": "Point", "coordinates": [132.3414889, 34.3793776]}, "properties": {"id": 1350824826, "feat_type": "way", "quality_categories": "improper_geometries", "issue_ids": "[0]", "osm_url": "https://www.openstreetmap.org/way/1350824826", "josm_url": "http://127.0.0.1:8111/load_object?new_layer=false&objects=w1350824826", "id_url": "https://www.openstreetmap.org/edit?editor=id&way=1350824826#map=20/34.3793776/132.3414889"}}, {"type": "Feature", "geometry": {"type": "Point", "coordinates": [132.4286139, 34.3975557]}, "properties": {"id": 1351244989, "feat_type": "way", "quality_categories": "improper_geometries", "issue_ids": "[0]", "osm_url": "https://www.openstreetmap.org/way/1351244989", "josm_url": "http://127.0.0.1:8111/load_object?new_layer=false&objects=w1351244989", "id_url": "https://www.openstreetmap.org/edit?editor=id&way=1351244989#map=20/34.3975557/132.4286139"}}, {"type": "Feature", "geometry": {"type": "Point", "coordinates": [132.4266732, 34.3994523]}, "properties": {"id": 1354917081, "feat_type": "way", "quality_categories": "improper_geometries", "issue_ids": "[0]", "osm_url": "https://www.openstreetmap.org/way/1354917081", "josm_url": "http://127.0.0.1:8111/load_object?new_layer=false&objects=w1354917081", "id_url": "https://www.openstreetmap.org/edit?editor=id&way=1354917081#map=20/34.3994523/132.4266732"}}, {"type": "Feature", "geometry": {"type": "Point", "coordinates": [132.427051, 34.3981946]}, "properties": {"id": 1354917084, "feat_type": "way", "quality_categories": "improper_geometries", "issue_ids": "[0]", "osm_url": "https://www.openstreetmap.org/way/1354917084", "josm_url": "http://127.0.0.1:8111/load_object?new_layer=false&objects=w1354917084", "id_url": "https://www.openstreetmap.org/edit?editor=id&way=1354917084#map=20/34.3981946/132.427051"}}, {"type": "Feature", "geometry": {"type": "Point", "coordinates": [132.4730857375132, 34.39457]}, "properties": {"id": 1366973314, "feat_type": "way", "quality_categories": "improper_geometries", "issue_ids": "[0]", "osm_url": "https://www.openstreetmap.org/way/1366973314", "josm_url": "http://127.0.0.1:8111/load_object?new_layer=false&objects=w1366973314", "id_url": "https://www.openstreetmap.org/edit?editor=id&way=1366973314#map=20/34.39457/132.4730857375132"}}, {"type": "Feature", "geometry": {"type": "Point", "coordinates": [132.4731653958084, 34.3946679]}, "properties": {"id": 1366973315, "feat_type": "way", "quality_categories": "improper_geometries", "issue_ids": "[0]", "osm_url": "https://www.openstreetmap.org/way/1366973315", "josm_url": "http://127.0.0.1:8111/load_object?new_layer=false&objects=w1366973315", "id_url": "https://www.openstreetmap.org/edit?editor=id&way=1366973315#map=20/34.3946679/132.4731653958084"}}, {"type": "Feature", "geometry": {"type": "Point", "coordinates": [132.4731768, 34.3940331]}, "properties": {"id": 1367368395, "feat_type": "way", "quality_categories": "improper_geometries", "issue_ids": "[0]", "osm_url": "https://www.openstreetmap.org/way/1367368395", "josm_url": "http://127.0.0.1:8111/load_object?new_layer=false&objects=w1367368395", "id_url": "https://www.openstreetmap.org/edit?editor=id&way=1367368395#map=20/34.3940331/132.4731768"}}, {"type": "Feature", "geometry": {"type": "Point", "coordinates": [132.47338388419453, 34.394290600000005]}, "properties": {"id": 1367368396, "feat_type": "way", "quality_categories": "improper_geometries", "issue_ids": "[0]", "osm_url": "https://www.openstreetmap.org/way/1367368396", "josm_url": "http://127.0.0.1:8111/load_object?new_layer=false&objects=w1367368396", "id_url": "https://www.openstreetmap.org/edit?editor=id&way=1367368396#map=20/34.394290600000005/132.47338388419453"}}, {"type": "Feature", "geometry": {"type": "Point", "coordinates": [132.4734787, 34.3944003]}, "properties": {"id": 1367368397, "feat_type": "way", "quality_categories": "improper_geometries", "issue_ids": "[0]", "osm_url": "https://www.openstreetmap.org/way/1367368397", "josm_url": "http://127.0.0.1:8111/load_object?new_layer=false&objects=w1367368397", "id_url": "https://www.openstreetmap.org/edit?editor=id&way=1367368397#map=20/34.3944003/132.4734787"}}, {"type": "Feature", "geometry": {"type": "Point", "coordinates": [132.4708681, 34.3905896]}, "properties": {"id": 1370621710, "feat_type": "way", "quality_categories": "improper_geometries", "issue_ids": "[0]", "osm_url": "https://www.openstreetmap.org/way/1370621710", "josm_url": "http://127.0.0.1:8111/load_object?new_layer=false&objects=w1370621710", "id_url": "https://www.openstreetmap.org/edit?editor=id&way=1370621710#map=20/34.3905896/132.4708681"}}, {"type": "Feature", "geometry": {"type": "Point", "coordinates": [132.4697265, 34.3899954]}, "properties": {"id": 1370621711, "feat_type": "way", "quality_categories": "improper_geometries", "issue_ids": "[0]", "osm_url": "https://www.openstreetmap.org/way/1370621711", "josm_url": "http://127.0.0.1:8111/load_object?new_layer=false&objects=w1370621711", "id_url": "https://www.openstreetmap.org/edit?editor=id&way=1370621711#map=20/34.3899954/132.4697265"}}, {"type": "Feature", "geometry": {"type": "Point", "coordinates": [132.47278471790412, 34.39354295]}, "properties": {"id": 1370898787, "feat_type": "way", "quality_categories": "improper_geometries", "issue_ids": "[0]", "osm_url": "https://www.openstreetmap.org/way/1370898787", "josm_url": "http://127.0.0.1:8111/load_object?new_layer=false&objects=w1370898787", "id_url": "https://www.openstreetmap.org/edit?editor=id&way=1370898787#map=20/34.39354295/132.47278471790412"}}, {"type": "Feature", "geometry": {"type": "Point", "coordinates": [132.4728605349673, 34.393636400000005]}, "properties": {"id": 1370898788, "feat_type": "way", "quality_categories": "improper_geometries", "issue_ids": "[0]", "osm_url": "https://www.openstreetmap.org/way/1370898788", "josm_url": "http://127.0.0.1:8111/load_object?new_layer=false&objects=w1370898788", "id_url": "https://www.openstreetmap.org/edit?editor=id&way=1370898788#map=20/34.393636400000005/132.4728605349673"}}, {"type": "Feature", "geometry": {"type": "Point", "coordinates": [132.4563455, 34.3894585]}, "properties": {"id": 1372460711, "feat_type": "way", "quality_categories": "improper_geometries", "issue_ids": "[0]", "osm_url": "https://www.openstreetmap.org/way/1372460711", "josm_url": "http://127.0.0.1:8111/load_object?new_layer=false&objects=w1372460711", "id_url": "https://www.openstreetmap.org/edit?editor=id&way=1372460711#map=20/34.3894585/132.4563455"}}, {"type": "Feature", "geometry": {"type": "Point", "coordinates": [132.4562345, 34.389489749999996]}, "properties": {"id": 1372460712, "feat_type": "way", "quality_categories": "improper_geometries", "issue_ids": "[0]", "osm_url": "https://www.openstreetmap.org/way/1372460712", "josm_url": "http://127.0.0.1:8111/load_object?new_layer=false&objects=w1372460712", "id_url": "https://www.openstreetmap.org/edit?editor=id&way=1372460712#map=20/34.389489749999996/132.4562345"}}, {"type": "Feature", "geometry": {"type": "Point", "coordinates": [132.45539043846154, 34.389637449999995]}, "properties": {"id": 1373091973, "feat_type": "way", "quality_categories": "improper_geometries", "issue_ids": "[0]", "osm_url": "https://www.openstreetmap.org/way/1373091973", "josm_url": "http://127.0.0.1:8111/load_object?new_layer=false&objects=w1373091973", "id_url": "https://www.openstreetmap.org/edit?editor=id&way=1373091973#map=20/34.389637449999995/132.45539043846154"}}, {"type": "Feature", "geometry": {"type": "Point", "coordinates": [132.45553670224587, 34.3901245]}, "properties": {"id": 1373091974, "feat_type": "way", "quality_categories": "improper_geometries", "issue_ids": "[0]", "osm_url": "https://www.openstreetmap.org/way/1373091974", "josm_url": "http://127.0.0.1:8111/load_object?new_layer=false&objects=w1373091974", "id_url": "https://www.openstreetmap.org/edit?editor=id&way=1373091974#map=20/34.3901245/132.45553670224587"}}, {"type": "Feature", "geometry": {"type": "Point", "coordinates": [132.4263772, 34.3991807]}, "properties": {"id": 1374481598, "feat_type": "way", "quality_categories": "improper_geometries", "issue_ids": "[0]", "osm_url": "https://www.openstreetmap.org/way/1374481598", "josm_url": "http://127.0.0.1:8111/load_object?new_layer=false&objects=w1374481598", "id_url": "https://www.openstreetmap.org/edit?editor=id&way=1374481598#map=20/34.3991807/132.4263772"}}, {"type": "Feature", "geometry": {"type": "Point", "coordinates": [132.47134012143513, 34.390439549999996]}, "properties": {"id": 1382966033, "feat_type": "way", "quality_categories": "improper_geometries", "issue_ids": "[0]", "osm_url": "https://www.openstreetmap.org/way/1382966033", "josm_url": "http://127.0.0.1:8111/load_object?new_layer=false&objects=w1382966033", "id_url": "https://www.openstreetmap.org/edit?editor=id&way=1382966033#map=20/34.390439549999996/132.47134012143513"}}, {"type": "Feature", "geometry": {"type": "Point", "coordinates": [132.47148294585452, 34.3909481]}, "properties": {"id": 1383276811, "feat_type": "way", "quality_categories": "improper_geometries", "issue_ids": "[0]", "osm_url": "https://www.openstreetmap.org/way/1383276811", "josm_url": "http://127.0.0.1:8111/load_object?new_layer=false&objects=w1383276811", "id_url": "https://www.openstreetmap.org/edit?editor=id&way=1383276811#map=20/34.3909481/132.47148294585452"}}, {"type": "Feature", "geometry": {"type": "Point", "coordinates": [132.4715231488997, 34.39121145]}, "properties": {"id": 1383276812, "feat_type": "way", "quality_categories": "improper_geometries", "issue_ids": "[0]", "osm_url": "https://www.openstreetmap.org/way/1383276812", "josm_url": "http://127.0.0.1:8111/load_object?new_layer=false&objects=w1383276812", "id_url": "https://www.openstreetmap.org/edit?editor=id&way=1383276812#map=20/34.39121145/132.4715231488997"}}, {"type": "Feature", "geometry": {"type": "Point", "coordinates": [132.4246279, 34.4144026]}, "properties": {"id": 1383297478, "feat_type": "way", "quality_categories": "improper_geometries", "issue_ids": "[0]", "osm_url": "https://www.openstreetmap.org/way/1383297478", "josm_url": "http://127.0.0.1:8111/load_object?new_layer=false&objects=w1383297478", "id_url": "https://www.openstreetmap.org/edit?editor=id&way=1383297478#map=20/34.4144026/132.4246279"}}, {"type": "Feature", "geometry": {"type": "Point", "coordinates": [132.3582582, 34.364529]}, "properties": {"id": 1388041664, "feat_type": "way", "quality_categories": "improper_geometries", "issue_ids": "[0]", "osm_url": "https://www.openstreetmap.org/way/1388041664", "josm_url": "http://127.0.0.1:8111/load_object?new_layer=false&objects=w1388041664", "id_url": "https://www.openstreetmap.org/edit?editor=id&way=1388041664#map=20/34.364529/132.3582582"}}, {"type": "Feature", "geometry": {"type": "Point", "coordinates": [132.477539, 34.394319]}, "properties": {"id": 1395751193, "feat_type": "way", "quality_categories": "improper_geometries", "issue_ids": "[0]", "osm_url": "https://www.openstreetmap.org/way/1395751193", "josm_url": "http://127.0.0.1:8111/load_object?new_layer=false&objects=w1395751193", "id_url": "https://www.openstreetmap.org/edit?editor=id&way=1395751193#map=20/34.394319/132.477539"}}, {"type": "Feature", "geometry": {"type": "Point", "coordinates": [132.47643110662585, 34.39398375]}, "properties": {"id": 1395751195, "feat_type": "way", "quality_categories": "improper_geometries", "issue_ids": "[0]", "osm_url": "https://www.openstreetmap.org/way/1395751195", "josm_url": "http://127.0.0.1:8111/load_object?new_layer=false&objects=w1395751195", "id_url": "https://www.openstreetmap.org/edit?editor=id&way=1395751195#map=20/34.39398375/132.47643110662585"}}, {"type": "Feature", "geometry": {"type": "Point", "coordinates": [132.47635316596637, 34.3939484]}, "properties": {"id": 1395751196, "feat_type": "way", "quality_categories": "improper_geometries", "issue_ids": "[0]", "osm_url": "https://www.openstreetmap.org/way/1395751196", "josm_url": "http://127.0.0.1:8111/load_object?new_layer=false&objects=w1395751196", "id_url": "https://www.openstreetmap.org/edit?editor=id&way=1395751196#map=20/34.3939484/132.47635316596637"}}, {"type": "Feature", "geometry": {"type": "Point", "coordinates": [132.47635299128962, 34.394020350000005]}, "properties": {"id": 1395751197, "feat_type": "way", "quality_categories": "improper_geometries", "issue_ids": "[0]", "osm_url": "https://www.openstreetmap.org/way/1395751197", "josm_url": "http://127.0.0.1:8111/load_object?new_layer=false&objects=w1395751197", "id_url": "https://www.openstreetmap.org/edit?editor=id&way=1395751197#map=20/34.394020350000005/132.47635299128962"}}, {"type": "Feature", "geometry": {"type": "Point", "coordinates": [132.4665848, 34.3973847]}, "properties": {"id": 1396003740, "feat_type": "way", "quality_categories": "improper_geometries", "issue_ids": "[0]", "osm_url": "https://www.openstreetmap.org/way/1396003740", "josm_url": "http://127.0.0.1:8111/load_object?new_layer=false&objects=w1396003740", "id_url": "https://www.openstreetmap.org/edit?editor=id&way=1396003740#map=20/34.3973847/132.4665848"}}, {"type": "Feature", "geometry": {"type": "Point", "coordinates": [132.4671389, 34.3972236]}, "properties": {"id": 1396003741, "feat_type": "way", "quality_categories": "improper_geometries", "issue_ids": "[0]", "osm_url": "https://www.openstreetmap.org/way/1396003741", "josm_url": "http://127.0.0.1:8111/load_object?new_layer=false&objects=w1396003741", "id_url": "https://www.openstreetmap.org/edit?editor=id&way=1396003741#map=20/34.3972236/132.4671389"}}, {"type": "Feature", "geometry": {"type": "Point", "coordinates": [132.47614736911095, 34.39393415]}, "properties": {"id": 1416034456, "feat_type": "way", "quality_categories": "improper_geometries", "issue_ids": "[0]", "osm_url": "https://www.openstreetmap.org/way/1416034456", "josm_url": "http://127.0.0.1:8111/load_object?new_layer=false&objects=w1416034456", "id_url": "https://www.openstreetmap.org/edit?editor=id&way=1416034456#map=20/34.39393415/132.47614736911095"}}, {"type": "Feature", "geometry": {"type": "Point", "coordinates": [132.4709845458887, 34.39094985]}, "properties": {"id": 1420215222, "feat_type": "way", "quality_categories": "improper_geometries", "issue_ids": "[0]", "osm_url": "https://www.openstreetmap.org/way/1420215222", "josm_url": "http://127.0.0.1:8111/load_object?new_layer=false&objects=w1420215222", "id_url": "https://www.openstreetmap.org/edit?editor=id&way=1420215222#map=20/34.39094985/132.4709845458887"}}, {"type": "Feature", "geometry": {"type": "Point", "coordinates": [132.4712847, 34.3918534]}, "properties": {"id": 1420215224, "feat_type": "way", "quality_categories": "improper_geometries", "issue_ids": "[0]", "osm_url": "https://www.openstreetmap.org/way/1420215224", "josm_url": "http://127.0.0.1:8111/load_object?new_layer=false&objects=w1420215224", "id_url": "https://www.openstreetmap.org/edit?editor=id&way=1420215224#map=20/34.3918534/132.4712847"}}, {"type": "Feature", "geometry": {"type": "Point", "coordinates": [132.4709817845433, 34.3910429]}, "properties": {"id": 1420215232, "feat_type": "way", "quality_categories": "improper_geometries", "issue_ids": "[0]", "osm_url": "https://www.openstreetmap.org/way/1420215232", "josm_url": "http://127.0.0.1:8111/load_object?new_layer=false&objects=w1420215232", "id_url": "https://www.openstreetmap.org/edit?editor=id&way=1420215232#map=20/34.3910429/132.4709817845433"}}, {"type": "Feature", "geometry": {"type": "Point", "coordinates": [132.47110703861088, 34.391258050000005]}, "properties": {"id": 1420215233, "feat_type": "way", "quality_categories": "improper_geometries", "issue_ids": "[0]", "osm_url": "https://www.openstreetmap.org/way/1420215233", "josm_url": "http://127.0.0.1:8111/load_object?new_layer=false&objects=w1420215233", "id_url": "https://www.openstreetmap.org/edit?editor=id&way=1420215233#map=20/34.391258050000005/132.47110703861088"}}, {"type": "Feature", "geometry": {"type": "Point", "coordinates": [132.4711708, 34.3909108]}, "properties": {"id": 1420215234, "feat_type": "way", "quality_categories": "improper_geometries", "issue_ids": "[0]", "osm_url": "https://www.openstreetmap.org/way/1420215234", "josm_url": "http://127.0.0.1:8111/load_object?new_layer=false&objects=w1420215234", "id_url": "https://www.openstreetmap.org/edit?editor=id&way=1420215234#map=20/34.3909108/132.4711708"}}, {"type": "Feature", "geometry": {"type": "Point", "coordinates": [132.4719189, 34.3923496]}, "properties": {"id": 1420742456, "feat_type": "way", "quality_categories": "improper_geometries", "issue_ids": "[0]", "osm_url": "https://www.openstreetmap.org/way/1420742456", "josm_url": "http://127.0.0.1:8111/load_object?new_layer=false&objects=w1420742456", "id_url": "https://www.openstreetmap.org/edit?editor=id&way=1420742456#map=20/34.3923496/132.4719189"}}, {"type": "Feature", "geometry": {"type": "Point", "coordinates": [132.4719375, 34.3922298]}, "properties": {"id": 1420742457, "feat_type": "way", "quality_categories": "improper_geometries", "issue_ids": "[0]", "osm_url": "https://www.openstreetmap.org/way/1420742457", "josm_url": "http://127.0.0.1:8111/load_object?new_layer=false&objects=w1420742457", "id_url": "https://www.openstreetmap.org/edit?editor=id&way=1420742457#map=20/34.3922298/132.4719375"}}, {"type": "Feature", "geometry": {"type": "Point", "coordinates": [132.4717515, 34.3919573]}, "properties": {"id": 1420742458, "feat_type": "way", "quality_categories": "improper_geometries", "issue_ids": "[0]", "osm_url": "https://www.openstreetmap.org/way/1420742458", "josm_url": "http://127.0.0.1:8111/load_object?new_layer=false&objects=w1420742458", "id_url": "https://www.openstreetmap.org/edit?editor=id&way=1420742458#map=20/34.3919573/132.4717515"}}, {"type": "Feature", "geometry": {"type": "Point", "coordinates": [132.47192041488765, 34.3923974]}, "properties": {"id": 1420742459, "feat_type": "way", "quality_categories": "improper_geometries", "issue_ids": "[0]", "osm_url": "https://www.openstreetmap.org/way/1420742459", "josm_url": "http://127.0.0.1:8111/load_object?new_layer=false&objects=w1420742459", "id_url": "https://www.openstreetmap.org/edit?editor=id&way=1420742459#map=20/34.3923974/132.47192041488765"}}, {"type": "Feature", "geometry": {"type": "Point", "coordinates": [132.4225657, 34.4007458]}, "properties": {"id": 1429702476, "feat_type": "way", "quality_categories": "improper_geometries", "issue_ids": "[0]", "osm_url": "https://www.openstreetmap.org/way/1429702476", "josm_url": "http://127.0.0.1:8111/load_object?new_layer=false&objects=w1429702476", "id_url": "https://www.openstreetmap.org/edit?editor=id&way=1429702476#map=20/34.4007458/132.4225657"}}, {"type": "Feature", "geometry": {"type": "Point", "coordinates": [132.4225889, 34.4007934]}, "properties": {"id": 1429702477, "feat_type": "way", "quality_categories": "improper_geometries", "issue_ids": "[0]", "osm_url": "https://www.openstreetmap.org/way/1429702477", "josm_url": "http://127.0.0.1:8111/load_object?new_layer=false&objects=w1429702477", "id_url": "https://www.openstreetmap.org/edit?editor=id&way=1429702477#map=20/34.4007934/132.4225889"}}, {"type": "Feature", "geometry": {"type": "Point", "coordinates": [132.44854563340363, 34.4090678]}, "properties": {"id": 1433518223, "feat_type": "way", "quality_categories": "improper_geometries", "issue_ids": "[0]", "osm_url": "https://www.openstreetmap.org/way/1433518223", "josm_url": "http://127.0.0.1:8111/load_object?new_layer=false&objects=w1433518223", "id_url": "https://www.openstreetmap.org/edit?editor=id&way=1433518223#map=20/34.4090678/132.44854563340363"}}, {"type": "Feature", "geometry": {"type": "Point", "coordinates": [132.44822772571052, 34.4090046]}, "properties": {"id": 1433518227, "feat_type": "way", "quality_categories": "improper_geometries", "issue_ids": "[0]", "osm_url": "https://www.openstreetmap.org/way/1433518227", "josm_url": "http://127.0.0.1:8111/load_object?new_layer=false&objects=w1433518227", "id_url": "https://www.openstreetmap.org/edit?editor=id&way=1433518227#map=20/34.4090046/132.44822772571052"}}, {"type": "Feature", "geometry": {"type": "Point", "coordinates": [132.44989913810525, 34.4096615]}, "properties": {"id": 1433595167, "feat_type": "way", "quality_categories": "improper_geometries", "issue_ids": "[0]", "osm_url": "https://www.openstreetmap.org/way/1433595167", "josm_url": "http://127.0.0.1:8111/load_object?new_layer=false&objects=w1433595167", "id_url": "https://www.openstreetmap.org/edit?editor=id&way=1433595167#map=20/34.4096615/132.44989913810525"}}, {"type": "Feature", "geometry": {"type": "Point", "coordinates": [132.45418928079465, 34.395787850000005]}, "properties": {"id": 1433760191, "feat_type": "way", "quality_categories": "improper_geometries", "issue_ids": "[0]", "osm_url": "https://www.openstreetmap.org/way/1433760191", "josm_url": "http://127.0.0.1:8111/load_object?new_layer=false&objects=w1433760191", "id_url": "https://www.openstreetmap.org/edit?editor=id&way=1433760191#map=20/34.395787850000005/132.45418928079465"}}, {"type": "Feature", "geometry": {"type": "Point", "coordinates": [132.4534750732715, 34.393718199999995]}, "properties": {"id": 1433760208, "feat_type": "way", "quality_categories": "improper_geometries", "issue_ids": "[0]", "osm_url": "https://www.openstreetmap.org/way/1433760208", "josm_url": "http://127.0.0.1:8111/load_object?new_layer=false&objects=w1433760208", "id_url": "https://www.openstreetmap.org/edit?editor=id&way=1433760208#map=20/34.393718199999995/132.4534750732715"}}, {"type": "Feature", "geometry": {"type": "Point", "coordinates": [132.45339350265147, 34.3938561]}, "properties": {"id": 1433760209, "feat_type": "way", "quality_categories": "improper_geometries", "issue_ids": "[0]", "osm_url": "https://www.openstreetmap.org/way/1433760209", "josm_url": "http://127.0.0.1:8111/load_object?new_layer=false&objects=w1433760209", "id_url": "https://www.openstreetmap.org/edit?editor=id&way=1433760209#map=20/34.3938561/132.45339350265147"}}, {"type": "Feature", "geometry": {"type": "Point", "coordinates": [132.4587263, 34.3606028]}, "properties": {"id": 1434634303, "feat_type": "way", "quality_categories": "improper_geometries", "issue_ids": "[0]", "osm_url": "https://www.openstreetmap.org/way/1434634303", "josm_url": "http://127.0.0.1:8111/load_object?new_layer=false&objects=w1434634303", "id_url": "https://www.openstreetmap.org/edit?editor=id&way=1434634303#map=20/34.3606028/132.4587263"}}, {"type": "Feature", "geometry": {"type": "Point", "coordinates": [132.4585141, 34.3585553]}, "properties": {"id": 1434634306, "feat_type": "way", "quality_categories": "improper_geometries", "issue_ids": "[0]", "osm_url": "https://www.openstreetmap.org/way/1434634306", "josm_url": "http://127.0.0.1:8111/load_object?new_layer=false&objects=w1434634306", "id_url": "https://www.openstreetmap.org/edit?editor=id&way=1434634306#map=20/34.3585553/132.4585141"}}, {"type": "Feature", "geometry": {"type": "Point", "coordinates": [132.4024304, 34.4138214]}, "properties": {"id": 1443049720, "feat_type": "way", "quality_categories": "improper_geometries", "issue_ids": "[0]", "osm_url": "https://www.openstreetmap.org/way/1443049720", "josm_url": "http://127.0.0.1:8111/load_object?new_layer=false&objects=w1443049720", "id_url": "https://www.openstreetmap.org/edit?editor=id&way=1443049720#map=20/34.4138214/132.4024304"}}, {"type": "Feature", "geometry": {"type": "Point", "coordinates": [132.4014521, 34.4132702]}, "properties": {"id": 1443049721, "feat_type": "way", "quality_categories": "improper_geometries", "issue_ids": "[0]", "osm_url": "https://www.openstreetmap.org/way/1443049721", "josm_url": "http://127.0.0.1:8111/load_object?new_layer=false&objects=w1443049721", "id_url": "https://www.openstreetmap.org/edit?editor=id&way=1443049721#map=20/34.4132702/132.4014521"}}, {"type": "Feature", "geometry": {"type": "Point", "coordinates": [132.3615846, 34.3836365]}, "properties": {"id": 1446829229, "feat_type": "way", "quality_categories": "improper_geometries", "issue_ids": "[0]", "osm_url": "https://www.openstreetmap.org/way/1446829229", "josm_url": "http://127.0.0.1:8111/load_object?new_layer=false&objects=w1446829229", "id_url": "https://www.openstreetmap.org/edit?editor=id&way=1446829229#map=20/34.3836365/132.3615846"}}, {"type": "Feature", "geometry": {"type": "Point", "coordinates": [132.3618573, 34.3838807]}, "properties": {"id": 1446829230, "feat_type": "way", "quality_categories": "improper_geometries", "issue_ids": "[0]", "osm_url": "https://www.openstreetmap.org/way/1446829230", "josm_url": "http://127.0.0.1:8111/load_object?new_layer=false&objects=w1446829230", "id_url": "https://www.openstreetmap.org/edit?editor=id&way=1446829230#map=20/34.3838807/132.3618573"}}, {"type": "Feature", "geometry": {"type": "Point", "coordinates": [132.3620509, 34.383808]}, "properties": {"id": 1446829231, "feat_type": "way", "quality_categories": "improper_geometries", "issue_ids": "[0]", "osm_url": "https://www.openstreetmap.org/way/1446829231", "josm_url": "http://127.0.0.1:8111/load_object?new_layer=false&objects=w1446829231", "id_url": "https://www.openstreetmap.org/edit?editor=id&way=1446829231#map=20/34.383808/132.3620509"}}, {"type": "Feature", "geometry": {"type": "Point", "coordinates": [132.3618296, 34.3836005]}, "properties": {"id": 1446829232, "feat_type": "way", "quality_categories": "improper_geometries", "issue_ids": "[0]", "osm_url": "https://www.openstreetmap.org/way/1446829232", "josm_url": "http://127.0.0.1:8111/load_object?new_layer=false&objects=w1446829232", "id_url": "https://www.openstreetmap.org/edit?editor=id&way=1446829232#map=20/34.3836005/132.3618296"}}, {"type": "Feature", "geometry": {"type": "Point", "coordinates": [132.3587392, 34.3702252]}, "properties": {"id": 1457138708, "feat_type": "way", "quality_categories": "improper_geometries", "issue_ids": "[0]", "osm_url": "https://www.openstreetmap.org/way/1457138708", "josm_url": "http://127.0.0.1:8111/load_object?new_layer=false&objects=w1457138708", "id_url": "https://www.openstreetmap.org/edit?editor=id&way=1457138708#map=20/34.3702252/132.3587392"}}, {"type": "Feature", "geometry": {"type": "Point", "coordinates": [132.3594813, 34.3703051]}, "properties": {"id": 1457138711, "feat_type": "way", "quality_categories": "improper_geometries", "issue_ids": "[0]", "osm_url": "https://www.openstreetmap.org/way/1457138711", "josm_url": "http://127.0.0.1:8111/load_object?new_layer=false&objects=w1457138711", "id_url": "https://www.openstreetmap.org/edit?editor=id&way=1457138711#map=20/34.3703051/132.3594813"}}, {"type": "Feature", "geometry": {"type": "Point", "coordinates": [132.3605055, 34.370429]}, "properties": {"id": 1457138714, "feat_type": "way", "quality_categories": "improper_geometries", "issue_ids": "[0]", "osm_url": "https://www.openstreetmap.org/way/1457138714", "josm_url": "http://127.0.0.1:8111/load_object?new_layer=false&objects=w1457138714", "id_url": "https://www.openstreetmap.org/edit?editor=id&way=1457138714#map=20/34.370429/132.3605055"}}, {"type": "Feature", "geometry": {"type": "Point", "coordinates": [132.3608665, 34.3704646]}, "properties": {"id": 1457138717, "feat_type": "way", "quality_categories": "improper_geometries", "issue_ids": "[0]", "osm_url": "https://www.openstreetmap.org/way/1457138717", "josm_url": "http://127.0.0.1:8111/load_object?new_layer=false&objects=w1457138717", "id_url": "https://www.openstreetmap.org/edit?editor=id&way=1457138717#map=20/34.3704646/132.3608665"}}, {"type": "Feature", "geometry": {"type": "Point", "coordinates": [132.4275915, 34.3981639]}, "properties": {"id": 1459602488, "feat_type": "way", "quality_categories": "improper_geometries", "issue_ids": "[0]", "osm_url": "https://www.openstreetmap.org/way/1459602488", "josm_url": "http://127.0.0.1:8111/load_object?new_layer=false&objects=w1459602488", "id_url": "https://www.openstreetmap.org/edit?editor=id&way=1459602488#map=20/34.3981639/132.4275915"}}, {"type": "Feature", "geometry": {"type": "Point", "coordinates": [132.4287373, 34.397284]}, "properties": {"id": 1461298215, "feat_type": "way", "quality_categories": "improper_geometries", "issue_ids": "[0]", "osm_url": "https://www.openstreetmap.org/way/1461298215", "josm_url": "http://127.0.0.1:8111/load_object?new_layer=false&objects=w1461298215", "id_url": "https://www.openstreetmap.org/edit?editor=id&way=1461298215#map=20/34.397284/132.4287373"}}, {"type": "Feature", "geometry": {"type": "Point", "coordinates": [132.4286685, 34.3973498]}, "properties": {"id": 1461298217, "feat_type": "way", "quality_categories": "improper_geometries", "issue_ids": "[0]", "osm_url": "https://www.openstreetmap.org/way/1461298217", "josm_url": "http://127.0.0.1:8111/load_object?new_layer=false&objects=w1461298217", "id_url": "https://www.openstreetmap.org/edit?editor=id&way=1461298217#map=20/34.3973498/132.4286685"}}, {"type": "Feature", "geometry": {"type": "Point", "coordinates": [132.4285089, 34.3974838]}, "properties": {"id": 1461298218, "feat_type": "way", "quality_categories": "improper_geometries", "issue_ids": "[0]", "osm_url": "https://www.openstreetmap.org/way/1461298218", "josm_url": "http://127.0.0.1:8111/load_object?new_layer=false&objects=w1461298218", "id_url": "https://www.openstreetmap.org/edit?editor=id&way=1461298218#map=20/34.3974838/132.4285089"}}, {"type": "Feature", "geometry": {"type": "Point", "coordinates": [132.4286995, 34.3978849]}, "properties": {"id": 1461298221, "feat_type": "way", "quality_categories": "improper_geometries", "issue_ids": "[0]", "osm_url": "https://www.openstreetmap.org/way/1461298221", "josm_url": "http://127.0.0.1:8111/load_object?new_layer=false&objects=w1461298221", "id_url": "https://www.openstreetmap.org/edit?editor=id&way=1461298221#map=20/34.3978849/132.4286995"}}, {"type": "Feature", "geometry": {"type": "Point", "coordinates": [132.4285787, 34.3979434]}, "properties": {"id": 1461298222, "feat_type": "way", "quality_categories": "improper_geometries", "issue_ids": "[0]", "osm_url": "https://www.openstreetmap.org/way/1461298222", "josm_url": "http://127.0.0.1:8111/load_object?new_layer=false&objects=w1461298222", "id_url": "https://www.openstreetmap.org/edit?editor=id&way=1461298222#map=20/34.3979434/132.4285787"}}, {"type": "Feature", "geometry": {"type": "Point", "coordinates": [132.3455331, 34.3605789]}, "properties": {"id": 1465108743, "feat_type": "way", "quality_categories": "improper_geometries", "issue_ids": "[0]", "osm_url": "https://www.openstreetmap.org/way/1465108743", "josm_url": "http://127.0.0.1:8111/load_object?new_layer=false&objects=w1465108743", "id_url": "https://www.openstreetmap.org/edit?editor=id&way=1465108743#map=20/34.3605789/132.3455331"}}, {"type": "Feature", "geometry": {"type": "Point", "coordinates": [132.3456433, 34.3604899]}, "properties": {"id": 1465108744, "feat_type": "way", "quality_categories": "improper_geometries", "issue_ids": "[0]", "osm_url": "https://www.openstreetmap.org/way/1465108744", "josm_url": "http://127.0.0.1:8111/load_object?new_layer=false&objects=w1465108744", "id_url": "https://www.openstreetmap.org/edit?editor=id&way=1465108744#map=20/34.3604899/132.3456433"}}, {"type": "Feature", "geometry": {"type": "Point", "coordinates": [132.345399, 34.3604803]}, "properties": {"id": 1465108752, "feat_type": "way", "quality_categories": "improper_geometries", "issue_ids": "[0]", "osm_url": "https://www.openstreetmap.org/way/1465108752", "josm_url": "http://127.0.0.1:8111/load_object?new_layer=false&objects=w1465108752", "id_url": "https://www.openstreetmap.org/edit?editor=id&way=1465108752#map=20/34.3604803/132.345399"}}, {"type": "Feature", "geometry": {"type": "Point", "coordinates": [132.3448288, 34.3596769]}, "properties": {"id": 1465108767, "feat_type": "way", "quality_categories": "improper_geometries", "issue_ids": "[0]", "osm_url": "https://www.openstreetmap.org/way/1465108767", "josm_url": "http://127.0.0.1:8111/load_object?new_layer=false&objects=w1465108767", "id_url": "https://www.openstreetmap.org/edit?editor=id&way=1465108767#map=20/34.3596769/132.3448288"}}, {"type": "Feature", "geometry": {"type": "Point", "coordinates": [132.2988017, 34.4368829]}, "properties": {"id": 1475187217, "feat_type": "way", "quality_categories": "improper_geometries", "issue_ids": "[0]", "osm_url": "https://www.openstreetmap.org/way/1475187217", "josm_url": "http://127.0.0.1:8111/load_object?new_layer=false&objects=w1475187217", "id_url": "https://www.openstreetmap.org/edit?editor=id&way=1475187217#map=20/34.4368829/132.2988017"}}, {"type": "Feature", "geometry": {"type": "Point", "coordinates": [132.2929176, 34.4341745]}, "properties": {"id": 1475187218, "feat_type": "way", "quality_categories": "improper_geometries", "issue_ids": "[0]", "osm_url": "https://www.openstreetmap.org/way/1475187218", "josm_url": "http://127.0.0.1:8111/load_object?new_layer=false&objects=w1475187218", "id_url": "https://www.openstreetmap.org/edit?editor=id&way=1475187218#map=20/34.4341745/132.2929176"}}, {"type": "Feature", "geometry": {"type": "Point", "coordinates": [132.2925454, 34.4342018]}, "properties": {"id": 1475187220, "feat_type": "way", "quality_categories": "improper_geometries", "issue_ids": "[0]", "osm_url": "https://www.openstreetmap.org/way/1475187220", "josm_url": "http://127.0.0.1:8111/load_object?new_layer=false&objects=w1475187220", "id_url": "https://www.openstreetmap.org/edit?editor=id&way=1475187220#map=20/34.4342018/132.2925454"}}, {"type": "Feature", "geometry": {"type": "Point", "coordinates": [132.2924479, 34.4341327]}, "properties": {"id": 1475187221, "feat_type": "way", "quality_categories": "improper_geometries", "issue_ids": "[0]", "osm_url": "https://www.openstreetmap.org/way/1475187221", "josm_url": "http://127.0.0.1:8111/load_object?new_layer=false&objects=w1475187221", "id_url": "https://www.openstreetmap.org/edit?editor=id&way=1475187221#map=20/34.4341327/132.2924479"}}, {"type": "Feature", "geometry": {"type": "Point", "coordinates": [132.2925798, 34.4341235]}, "properties": {"id": 1475187222, "feat_type": "way", "quality_categories": "improper_geometries", "issue_ids": "[0]", "osm_url": "https://www.openstreetmap.org/way/1475187222", "josm_url": "http://127.0.0.1:8111/load_object?new_layer=false&objects=w1475187222", "id_url": "https://www.openstreetmap.org/edit?editor=id&way=1475187222#map=20/34.4341235/132.2925798"}}, {"type": "Feature", "geometry": {"type": "Point", "coordinates": [132.2927389, 34.4341683]}, "properties": {"id": 1475187223, "feat_type": "way", "quality_categories": "improper_geometries", "issue_ids": "[0]", "osm_url": "https://www.openstreetmap.org/way/1475187223", "josm_url": "http://127.0.0.1:8111/load_object?new_layer=false&objects=w1475187223", "id_url": "https://www.openstreetmap.org/edit?editor=id&way=1475187223#map=20/34.4341683/132.2927389"}}, {"type": "Feature", "geometry": {"type": "Point", "coordinates": [132.2926982, 34.4342266]}, "properties": {"id": 1475187224, "feat_type": "way", "quality_categories": "improper_geometries", "issue_ids": "[0]", "osm_url": "https://www.openstreetmap.org/way/1475187224", "josm_url": "http://127.0.0.1:8111/load_object?new_layer=false&objects=w1475187224", "id_url": "https://www.openstreetmap.org/edit?editor=id&way=1475187224#map=20/34.4342266/132.2926982"}}, {"type": "Feature", "geometry": {"type": "Point", "coordinates": [132.2924443, 34.4341643]}, "properties": {"id": 1475187225, "feat_type": "way", "quality_categories": "improper_geometries", "issue_ids": "[0]", "osm_url": "https://www.openstreetmap.org/way/1475187225", "josm_url": "http://127.0.0.1:8111/load_object?new_layer=false&objects=w1475187225", "id_url": "https://www.openstreetmap.org/edit?editor=id&way=1475187225#map=20/34.4341643/132.2924443"}}, {"type": "Feature", "geometry": {"type": "Point", "coordinates": [132.2925511, 34.4341845]}, "properties": {"id": 1475187226, "feat_type": "way", "quality_categories": "improper_geometries", "issue_ids": "[0]", "osm_url": "https://www.openstreetmap.org/way/1475187226", "josm_url": "http://127.0.0.1:8111/load_object?new_layer=false&objects=w1475187226", "id_url": "https://www.openstreetmap.org/edit?editor=id&way=1475187226#map=20/34.4341845/132.2925511"}}, {"type": "Feature", "geometry": {"type": "Point", "coordinates": [132.29248, 34.4341096]}, "properties": {"id": 1475187227, "feat_type": "way", "quality_categories": "improper_geometries", "issue_ids": "[0]", "osm_url": "https://www.openstreetmap.org/way/1475187227", "josm_url": "http://127.0.0.1:8111/load_object?new_layer=false&objects=w1475187227", "id_url": "https://www.openstreetmap.org/edit?editor=id&way=1475187227#map=20/34.4341096/132.29248"}}, {"type": "Feature", "geometry": {"type": "Point", "coordinates": [132.2914973, 34.434202]}, "properties": {"id": 1475187228, "feat_type": "way", "quality_categories": "improper_geometries", "issue_ids": "[0]", "osm_url": "https://www.openstreetmap.org/way/1475187228", "josm_url": "http://127.0.0.1:8111/load_object?new_layer=false&objects=w1475187228", "id_url": "https://www.openstreetmap.org/edit?editor=id&way=1475187228#map=20/34.434202/132.2914973"}}, {"type": "Feature", "geometry": {"type": "Point", "coordinates": [132.2954269, 34.4357753]}, "properties": {"id": 1475187238, "feat_type": "way", "quality_categories": "improper_geometries", "issue_ids": "[0]", "osm_url": "https://www.openstreetmap.org/way/1475187238", "josm_url": "http://127.0.0.1:8111/load_object?new_layer=false&objects=w1475187238", "id_url": "https://www.openstreetmap.org/edit?editor=id&way=1475187238#map=20/34.4357753/132.2954269"}}, {"type": "Feature", "geometry": {"type": "Point", "coordinates": [132.2931603, 34.4341582]}, "properties": {"id": 1475187239, "feat_type": "way", "quality_categories": "improper_geometries", "issue_ids": "[0]", "osm_url": "https://www.openstreetmap.org/way/1475187239", "josm_url": "http://127.0.0.1:8111/load_object?new_layer=false&objects=w1475187239", "id_url": "https://www.openstreetmap.org/edit?editor=id&way=1475187239#map=20/34.4341582/132.2931603"}}, {"type": "Feature", "geometry": {"type": "Point", "coordinates": [132.2911938, 34.4340569]}, "properties": {"id": 1475187240, "feat_type": "way", "quality_categories": "improper_geometries", "issue_ids": "[0]", "osm_url": "https://www.openstreetmap.org/way/1475187240", "josm_url": "http://127.0.0.1:8111/load_object?new_layer=false&objects=w1475187240", "id_url": "https://www.openstreetmap.org/edit?editor=id&way=1475187240#map=20/34.4340569/132.2911938"}}, {"type": "Feature", "geometry": {"type": "Point", "coordinates": [132.2910152, 34.4266387]}, "properties": {"id": 1475187242, "feat_type": "way", "quality_categories": "improper_geometries", "issue_ids": "[0]", "osm_url": "https://www.openstreetmap.org/way/1475187242", "josm_url": "http://127.0.0.1:8111/load_object?new_layer=false&objects=w1475187242", "id_url": "https://www.openstreetmap.org/edit?editor=id&way=1475187242#map=20/34.4266387/132.2910152"}}, {"type": "Feature", "geometry": {"type": "Point", "coordinates": [132.2910217, 34.4266606]}, "properties": {"id": 1475187244, "feat_type": "way", "quality_categories": "improper_geometries", "issue_ids": "[0]", "osm_url": "https://www.openstreetmap.org/way/1475187244", "josm_url": "http://127.0.0.1:8111/load_object?new_layer=false&objects=w1475187244", "id_url": "https://www.openstreetmap.org/edit?editor=id&way=1475187244#map=20/34.4266606/132.2910217"}}, {"type": "Feature", "geometry": {"type": "Point", "coordinates": [132.2906257, 34.4333014]}, "properties": {"id": 1475187245, "feat_type": "way", "quality_categories": "improper_geometries", "issue_ids": "[0]", "osm_url": "https://www.openstreetmap.org/way/1475187245", "josm_url": "http://127.0.0.1:8111/load_object?new_layer=false&objects=w1475187245", "id_url": "https://www.openstreetmap.org/edit?editor=id&way=1475187245#map=20/34.4333014/132.2906257"}}, {"type": "Feature", "geometry": {"type": "Point", "coordinates": [132.2982991, 34.4368656]}, "properties": {"id": 1475187246, "feat_type": "way", "quality_categories": "improper_geometries", "issue_ids": "[0]", "osm_url": "https://www.openstreetmap.org/way/1475187246", "josm_url": "http://127.0.0.1:8111/load_object?new_layer=false&objects=w1475187246", "id_url": "https://www.openstreetmap.org/edit?editor=id&way=1475187246#map=20/34.4368656/132.2982991"}}, {"type": "Feature", "geometry": {"type": "Point", "coordinates": [132.2980798, 34.4370253]}, "properties": {"id": 1475187262, "feat_type": "way", "quality_categories": "improper_geometries", "issue_ids": "[0]", "osm_url": "https://www.openstreetmap.org/way/1475187262", "josm_url": "http://127.0.0.1:8111/load_object?new_layer=false&objects=w1475187262", "id_url": "https://www.openstreetmap.org/edit?editor=id&way=1475187262#map=20/34.4370253/132.2980798"}}, {"type": "Feature", "geometry": {"type": "Point", "coordinates": [132.2982745, 34.4370365]}, "properties": {"id": 1475187263, "feat_type": "way", "quality_categories": "improper_geometries", "issue_ids": "[0]", "osm_url": "https://www.openstreetmap.org/way/1475187263", "josm_url": "http://127.0.0.1:8111/load_object?new_layer=false&objects=w1475187263", "id_url": "https://www.openstreetmap.org/edit?editor=id&way=1475187263#map=20/34.4370365/132.2982745"}}, {"type": "Feature", "geometry": {"type": "Point", "coordinates": [132.2979334, 34.4366046]}, "properties": {"id": 1475187264, "feat_type": "way", "quality_categories": "improper_geometries", "issue_ids": "[0]", "osm_url": "https://www.openstreetmap.org/way/1475187264", "josm_url": "http://127.0.0.1:8111/load_object?new_layer=false&objects=w1475187264", "id_url": "https://www.openstreetmap.org/edit?editor=id&way=1475187264#map=20/34.4366046/132.2979334"}}, {"type": "Feature", "geometry": {"type": "Point", "coordinates": [132.2906013, 34.4333115]}, "properties": {"id": 1475187265, "feat_type": "way", "quality_categories": "improper_geometries", "issue_ids": "[0]", "osm_url": "https://www.openstreetmap.org/way/1475187265", "josm_url": "http://127.0.0.1:8111/load_object?new_layer=false&objects=w1475187265", "id_url": "https://www.openstreetmap.org/edit?editor=id&way=1475187265#map=20/34.4333115/132.2906013"}}, {"type": "Feature", "geometry": {"type": "Point", "coordinates": [132.2898158, 34.4299928]}, "properties": {"id": 1475187266, "feat_type": "way", "quality_categories": "improper_geometries", "issue_ids": "[0]", "osm_url": "https://www.openstreetmap.org/way/1475187266", "josm_url": "http://127.0.0.1:8111/load_object?new_layer=false&objects=w1475187266", "id_url": "https://www.openstreetmap.org/edit?editor=id&way=1475187266#map=20/34.4299928/132.2898158"}}, {"type": "Feature", "geometry": {"type": "Point", "coordinates": [132.2899932, 34.431945]}, "properties": {"id": 1475187267, "feat_type": "way", "quality_categories": "improper_geometries", "issue_ids": "[0]", "osm_url": "https://www.openstreetmap.org/way/1475187267", "josm_url": "http://127.0.0.1:8111/load_object?new_layer=false&objects=w1475187267", "id_url": "https://www.openstreetmap.org/edit?editor=id&way=1475187267#map=20/34.431945/132.2899932"}}, {"type": "Feature", "geometry": {"type": "Point", "coordinates": [132.2899695, 34.431944]}, "properties": {"id": 1475187274, "feat_type": "way", "quality_categories": "improper_geometries", "issue_ids": "[0]", "osm_url": "https://www.openstreetmap.org/way/1475187274", "josm_url": "http://127.0.0.1:8111/load_object?new_layer=false&objects=w1475187274", "id_url": "https://www.openstreetmap.org/edit?editor=id&way=1475187274#map=20/34.431944/132.2899695"}}, {"type": "Feature", "geometry": {"type": "Point", "coordinates": [132.2911716, 34.4340699]}, "properties": {"id": 1475187275, "feat_type": "way", "quality_categories": "improper_geometries", "issue_ids": "[0]", "osm_url": "https://www.openstreetmap.org/way/1475187275", "josm_url": "http://127.0.0.1:8111/load_object?new_layer=false&objects=w1475187275", "id_url": "https://www.openstreetmap.org/edit?editor=id&way=1475187275#map=20/34.4340699/132.2911716"}}, {"type": "Feature", "geometry": {"type": "Point", "coordinates": [132.2888493, 34.4292777]}, "properties": {"id": 1475187285, "feat_type": "way", "quality_categories": "improper_geometries", "issue_ids": "[0]", "osm_url": "https://www.openstreetmap.org/way/1475187285", "josm_url": "http://127.0.0.1:8111/load_object?new_layer=false&objects=w1475187285", "id_url": "https://www.openstreetmap.org/edit?editor=id&way=1475187285#map=20/34.4292777/132.2888493"}}, {"type": "Feature", "geometry": {"type": "Point", "coordinates": [132.2889056, 34.4291363]}, "properties": {"id": 1475187286, "feat_type": "way", "quality_categories": "improper_geometries", "issue_ids": "[0]", "osm_url": "https://www.openstreetmap.org/way/1475187286", "josm_url": "http://127.0.0.1:8111/load_object?new_layer=false&objects=w1475187286", "id_url": "https://www.openstreetmap.org/edit?editor=id&way=1475187286#map=20/34.4291363/132.2889056"}}, {"type": "Feature", "geometry": {"type": "Point", "coordinates": [132.2883833, 34.4287508]}, "properties": {"id": 1475187288, "feat_type": "way", "quality_categories": "improper_geometries", "issue_ids": "[0]", "osm_url": "https://www.openstreetmap.org/way/1475187288", "josm_url": "http://127.0.0.1:8111/load_object?new_layer=false&objects=w1475187288", "id_url": "https://www.openstreetmap.org/edit?editor=id&way=1475187288#map=20/34.4287508/132.2883833"}}, {"type": "Feature", "geometry": {"type": "Point", "coordinates": [132.2884127, 34.4287429]}, "properties": {"id": 1475187289, "feat_type": "way", "quality_categories": "improper_geometries", "issue_ids": "[0]", "osm_url": "https://www.openstreetmap.org/way/1475187289", "josm_url": "http://127.0.0.1:8111/load_object?new_layer=false&objects=w1475187289", "id_url": "https://www.openstreetmap.org/edit?editor=id&way=1475187289#map=20/34.4287429/132.2884127"}}, {"type": "Feature", "geometry": {"type": "Point", "coordinates": [132.287933, 34.4281117]}, "properties": {"id": 1475187293, "feat_type": "way", "quality_categories": "improper_geometries", "issue_ids": "[0]", "osm_url": "https://www.openstreetmap.org/way/1475187293", "josm_url": "http://127.0.0.1:8111/load_object?new_layer=false&objects=w1475187293", "id_url": "https://www.openstreetmap.org/edit?editor=id&way=1475187293#map=20/34.4281117/132.287933"}}, {"type": "Feature", "geometry": {"type": "Point", "coordinates": [132.2879602, 34.4281105]}, "properties": {"id": 1475187294, "feat_type": "way", "quality_categories": "improper_geometries", "issue_ids": "[0]", "osm_url": "https://www.openstreetmap.org/way/1475187294", "josm_url": "http://127.0.0.1:8111/load_object?new_layer=false&objects=w1475187294", "id_url": "https://www.openstreetmap.org/edit?editor=id&way=1475187294#map=20/34.4281105/132.2879602"}}, {"type": "Feature", "geometry": {"type": "Point", "coordinates": [132.2902795, 34.4312949]}, "properties": {"id": 1475187298, "feat_type": "way", "quality_categories": "improper_geometries", "issue_ids": "[0]", "osm_url": "https://www.openstreetmap.org/way/1475187298", "josm_url": "http://127.0.0.1:8111/load_object?new_layer=false&objects=w1475187298", "id_url": "https://www.openstreetmap.org/edit?editor=id&way=1475187298#map=20/34.4312949/132.2902795"}}, {"type": "Feature", "geometry": {"type": "Point", "coordinates": [132.2902514, 34.4313783]}, "properties": {"id": 1475187299, "feat_type": "way", "quality_categories": "improper_geometries", "issue_ids": "[0]", "osm_url": "https://www.openstreetmap.org/way/1475187299", "josm_url": "http://127.0.0.1:8111/load_object?new_layer=false&objects=w1475187299", "id_url": "https://www.openstreetmap.org/edit?editor=id&way=1475187299#map=20/34.4313783/132.2902514"}}, {"type": "Feature", "geometry": {"type": "Point", "coordinates": [132.2901914, 34.4314059]}, "properties": {"id": 1475187300, "feat_type": "way", "quality_categories": "improper_geometries", "issue_ids": "[0]", "osm_url": "https://www.openstreetmap.org/way/1475187300", "josm_url": "http://127.0.0.1:8111/load_object?new_layer=false&objects=w1475187300", "id_url": "https://www.openstreetmap.org/edit?editor=id&way=1475187300#map=20/34.4314059/132.2901914"}}, {"type": "Feature", "geometry": {"type": "Point", "coordinates": [132.2902321, 34.4312715]}, "properties": {"id": 1475187302, "feat_type": "way", "quality_categories": "improper_geometries", "issue_ids": "[0]", "osm_url": "https://www.openstreetmap.org/way/1475187302", "josm_url": "http://127.0.0.1:8111/load_object?new_layer=false&objects=w1475187302", "id_url": "https://www.openstreetmap.org/edit?editor=id&way=1475187302#map=20/34.4312715/132.2902321"}}, {"type": "Feature", "geometry": {"type": "Point", "coordinates": [132.2951394, 34.4354462]}, "properties": {"id": 1475187303, "feat_type": "way", "quality_categories": "improper_geometries", "issue_ids": "[0]", "osm_url": "https://www.openstreetmap.org/way/1475187303", "josm_url": "http://127.0.0.1:8111/load_object?new_layer=false&objects=w1475187303", "id_url": "https://www.openstreetmap.org/edit?editor=id&way=1475187303#map=20/34.4354462/132.2951394"}}, {"type": "Feature", "geometry": {"type": "Point", "coordinates": [132.2903345, 34.4325878]}, "properties": {"id": 1475187309, "feat_type": "way", "quality_categories": "improper_geometries", "issue_ids": "[0]", "osm_url": "https://www.openstreetmap.org/way/1475187309", "josm_url": "http://127.0.0.1:8111/load_object?new_layer=false&objects=w1475187309", "id_url": "https://www.openstreetmap.org/edit?editor=id&way=1475187309#map=20/34.4325878/132.2903345"}}, {"type": "Feature", "geometry": {"type": "Point", "coordinates": [132.2903362, 34.4326071]}, "properties": {"id": 1475187310, "feat_type": "way", "quality_categories": "improper_geometries", "issue_ids": "[0]", "osm_url": "https://www.openstreetmap.org/way/1475187310", "josm_url": "http://127.0.0.1:8111/load_object?new_layer=false&objects=w1475187310", "id_url": "https://www.openstreetmap.org/edit?editor=id&way=1475187310#map=20/34.4326071/132.2903362"}}, {"type": "Feature", "geometry": {"type": "Point", "coordinates": [132.290363, 34.4326363]}, "properties": {"id": 1475187311, "feat_type": "way", "quality_categories": "improper_geometries", "issue_ids": "[0]", "osm_url": "https://www.openstreetmap.org/way/1475187311", "josm_url": "http://127.0.0.1:8111/load_object?new_layer=false&objects=w1475187311", "id_url": "https://www.openstreetmap.org/edit?editor=id&way=1475187311#map=20/34.4326363/132.290363"}}, {"type": "Feature", "geometry": {"type": "Point", "coordinates": [132.2988173, 34.436755]}, "properties": {"id": 1475187334, "feat_type": "way", "quality_categories": "improper_geometries", "issue_ids": "[0]", "osm_url": "https://www.openstreetmap.org/way/1475187334", "josm_url": "http://127.0.0.1:8111/load_object?new_layer=false&objects=w1475187334", "id_url": "https://www.openstreetmap.org/edit?editor=id&way=1475187334#map=20/34.436755/132.2988173"}}, {"type": "Feature", "geometry": {"type": "Point", "coordinates": [132.2985791, 34.4369038]}, "properties": {"id": 1475187337, "feat_type": "way", "quality_categories": "improper_geometries", "issue_ids": "[0]", "osm_url": "https://www.openstreetmap.org/way/1475187337", "josm_url": "http://127.0.0.1:8111/load_object?new_layer=false&objects=w1475187337", "id_url": "https://www.openstreetmap.org/edit?editor=id&way=1475187337#map=20/34.4369038/132.2985791"}}, {"type": "Feature", "geometry": {"type": "Point", "coordinates": [132.2982034, 34.4368539]}, "properties": {"id": 1475187338, "feat_type": "way", "quality_categories": "improper_geometries", "issue_ids": "[0]", "osm_url": "https://www.openstreetmap.org/way/1475187338", "josm_url": "http://127.0.0.1:8111/load_object?new_layer=false&objects=w1475187338", "id_url": "https://www.openstreetmap.org/edit?editor=id&way=1475187338#map=20/34.4368539/132.2982034"}}, {"type": "Feature", "geometry": {"type": "Point", "coordinates": [132.2981823, 34.4368041]}, "properties": {"id": 1475187339, "feat_type": "way", "quality_categories": "improper_geometries", "issue_ids": "[0]", "osm_url": "https://www.openstreetmap.org/way/1475187339", "josm_url": "http://127.0.0.1:8111/load_object?new_layer=false&objects=w1475187339", "id_url": "https://www.openstreetmap.org/edit?editor=id&way=1475187339#map=20/34.4368041/132.2981823"}}, {"type": "Feature", "geometry": {"type": "Point", "coordinates": [132.2982963, 34.4369868]}, "properties": {"id": 1475187342, "feat_type": "way", "quality_categories": "improper_geometries", "issue_ids": "[0]", "osm_url": "https://www.openstreetmap.org/way/1475187342", "josm_url": "http://127.0.0.1:8111/load_object?new_layer=false&objects=w1475187342", "id_url": "https://www.openstreetmap.org/edit?editor=id&way=1475187342#map=20/34.4369868/132.2982963"}}, {"type": "Feature", "geometry": {"type": "Point", "coordinates": [132.2972336, 34.4371327]}, "properties": {"id": 1475187351, "feat_type": "way", "quality_categories": "improper_geometries", "issue_ids": "[0]", "osm_url": "https://www.openstreetmap.org/way/1475187351", "josm_url": "http://127.0.0.1:8111/load_object?new_layer=false&objects=w1475187351", "id_url": "https://www.openstreetmap.org/edit?editor=id&way=1475187351#map=20/34.4371327/132.2972336"}}, {"type": "Feature", "geometry": {"type": "Point", "coordinates": [132.2944574, 34.4376406]}, "properties": {"id": 1475187352, "feat_type": "way", "quality_categories": "improper_geometries", "issue_ids": "[0]", "osm_url": "https://www.openstreetmap.org/way/1475187352", "josm_url": "http://127.0.0.1:8111/load_object?new_layer=false&objects=w1475187352", "id_url": "https://www.openstreetmap.org/edit?editor=id&way=1475187352#map=20/34.4376406/132.2944574"}}, {"type": "Feature", "geometry": {"type": "Point", "coordinates": [132.2944805, 34.4377043]}, "properties": {"id": 1475187367, "feat_type": "way", "quality_categories": "improper_geometries", "issue_ids": "[0]", "osm_url": "https://www.openstreetmap.org/way/1475187367", "josm_url": "http://127.0.0.1:8111/load_object?new_layer=false&objects=w1475187367", "id_url": "https://www.openstreetmap.org/edit?editor=id&way=1475187367#map=20/34.4377043/132.2944805"}}, {"type": "Feature", "geometry": {"type": "Point", "coordinates": [132.2937957, 34.4389293]}, "properties": {"id": 1475187371, "feat_type": "way", "quality_categories": "improper_geometries", "issue_ids": "[0]", "osm_url": "https://www.openstreetmap.org/way/1475187371", "josm_url": "http://127.0.0.1:8111/load_object?new_layer=false&objects=w1475187371", "id_url": "https://www.openstreetmap.org/edit?editor=id&way=1475187371#map=20/34.4389293/132.2937957"}}, {"type": "Feature", "geometry": {"type": "Point", "coordinates": [132.293825, 34.4389413]}, "properties": {"id": 1475187373, "feat_type": "way", "quality_categories": "improper_geometries", "issue_ids": "[0]", "osm_url": "https://www.openstreetmap.org/way/1475187373", "josm_url": "http://127.0.0.1:8111/load_object?new_layer=false&objects=w1475187373", "id_url": "https://www.openstreetmap.org/edit?editor=id&way=1475187373#map=20/34.4389413/132.293825"}}, {"type": "Feature", "geometry": {"type": "Point", "coordinates": [132.2959214, 34.4371552]}, "properties": {"id": 1476362727, "feat_type": "way", "quality_categories": "improper_geometries", "issue_ids": "[0]", "osm_url": "https://www.openstreetmap.org/way/1476362727", "josm_url": "http://127.0.0.1:8111/load_object?new_layer=false&objects=w1476362727", "id_url": "https://www.openstreetmap.org/edit?editor=id&way=1476362727#map=20/34.4371552/132.2959214"}}, {"type": "Feature", "geometry": {"type": "Point", "coordinates": [132.3528549, 34.3847635]}, "properties": {"id": 1479310807, "feat_type": "way", "quality_categories": "improper_geometries", "issue_ids": "[0]", "osm_url": "https://www.openstreetmap.org/way/1479310807", "josm_url": "http://127.0.0.1:8111/load_object?new_layer=false&objects=w1479310807", "id_url": "https://www.openstreetmap.org/edit?editor=id&way=1479310807#map=20/34.3847635/132.3528549"}}, {"type": "Feature", "geometry": {"type": "Point", "coordinates": [132.352823, 34.3846182]}, "properties": {"id": 1479310810, "feat_type": "way", "quality_categories": "improper_geometries", "issue_ids": "[0]", "osm_url": "https://www.openstreetmap.org/way/1479310810", "josm_url": "http://127.0.0.1:8111/load_object?new_layer=false&objects=w1479310810", "id_url": "https://www.openstreetmap.org/edit?editor=id&way=1479310810#map=20/34.3846182/132.352823"}}, {"type": "Feature", "geometry": {"type": "Point", "coordinates": [132.3528178, 34.3845861]}, "properties": {"id": 1479310811, "feat_type": "way", "quality_categories": "improper_geometries", "issue_ids": "[0]", "osm_url": "https://www.openstreetmap.org/way/1479310811", "josm_url": "http://127.0.0.1:8111/load_object?new_layer=false&objects=w1479310811", "id_url": "https://www.openstreetmap.org/edit?editor=id&way=1479310811#map=20/34.3845861/132.3528178"}}, {"type": "Feature", "geometry": {"type": "Point", "coordinates": [132.3528663, 34.3847552]}, "properties": {"id": 1479310812, "feat_type": "way", "quality_categories": "improper_geometries", "issue_ids": "[0]", "osm_url": "https://www.openstreetmap.org/way/1479310812", "josm_url": "http://127.0.0.1:8111/load_object?new_layer=false&objects=w1479310812", "id_url": "https://www.openstreetmap.org/edit?editor=id&way=1479310812#map=20/34.3847552/132.3528663"}}, {"type": "Feature", "geometry": {"type": "Point", "coordinates": [132.2920977, 34.4320322]}, "properties": {"id": 1484095788, "feat_type": "way", "quality_categories": "improper_geometries", "issue_ids": "[0]", "osm_url": "https://www.openstreetmap.org/way/1484095788", "josm_url": "http://127.0.0.1:8111/load_object?new_layer=false&objects=w1484095788", "id_url": "https://www.openstreetmap.org/edit?editor=id&way=1484095788#map=20/34.4320322/132.2920977"}}, {"type": "Feature", "geometry": {"type": "Point", "coordinates": [132.2937289, 34.4308297]}, "properties": {"id": 1484095789, "feat_type": "way", "quality_categories": "improper_geometries", "issue_ids": "[0]", "osm_url": "https://www.openstreetmap.org/way/1484095789", "josm_url": "http://127.0.0.1:8111/load_object?new_layer=false&objects=w1484095789", "id_url": "https://www.openstreetmap.org/edit?editor=id&way=1484095789#map=20/34.4308297/132.2937289"}}, {"type": "Feature", "geometry": {"type": "Point", "coordinates": [132.2923427, 34.432004]}, "properties": {"id": 1484095790, "feat_type": "way", "quality_categories": "improper_geometries", "issue_ids": "[0]", "osm_url": "https://www.openstreetmap.org/way/1484095790", "josm_url": "http://127.0.0.1:8111/load_object?new_layer=false&objects=w1484095790", "id_url": "https://www.openstreetmap.org/edit?editor=id&way=1484095790#map=20/34.432004/132.2923427"}}, {"type": "Feature", "geometry": {"type": "Point", "coordinates": [132.2944705, 34.4306957]}, "properties": {"id": 1484095794, "feat_type": "way", "quality_categories": "improper_geometries", "issue_ids": "[0]", "osm_url": "https://www.openstreetmap.org/way/1484095794", "josm_url": "http://127.0.0.1:8111/load_object?new_layer=false&objects=w1484095794", "id_url": "https://www.openstreetmap.org/edit?editor=id&way=1484095794#map=20/34.4306957/132.2944705"}}, {"type": "Feature", "geometry": {"type": "Point", "coordinates": [132.2941665, 34.4306286]}, "properties": {"id": 1484095795, "feat_type": "way", "quality_categories": "improper_geometries", "issue_ids": "[0]", "osm_url": "https://www.openstreetmap.org/way/1484095795", "josm_url": "http://127.0.0.1:8111/load_object?new_layer=false&objects=w1484095795", "id_url": "https://www.openstreetmap.org/edit?editor=id&way=1484095795#map=20/34.4306286/132.2941665"}}, {"type": "Feature", "geometry": {"type": "Point", "coordinates": [132.2937321, 34.430649]}, "properties": {"id": 1484095797, "feat_type": "way", "quality_categories": "improper_geometries", "issue_ids": "[0]", "osm_url": "https://www.openstreetmap.org/way/1484095797", "josm_url": "http://127.0.0.1:8111/load_object?new_layer=false&objects=w1484095797", "id_url": "https://www.openstreetmap.org/edit?editor=id&way=1484095797#map=20/34.430649/132.2937321"}}, {"type": "Feature", "geometry": {"type": "Point", "coordinates": [132.2949436, 34.4307122]}, "properties": {"id": 1484095800, "feat_type": "way", "quality_categories": "improper_geometries", "issue_ids": "[0]", "osm_url": "https://www.openstreetmap.org/way/1484095800", "josm_url": "http://127.0.0.1:8111/load_object?new_layer=false&objects=w1484095800", "id_url": "https://www.openstreetmap.org/edit?editor=id&way=1484095800#map=20/34.4307122/132.2949436"}}, {"type": "Feature", "geometry": {"type": "Point", "coordinates": [132.2949324, 34.4305441]}, "properties": {"id": 1484095801, "feat_type": "way", "quality_categories": "improper_geometries", "issue_ids": "[0]", "osm_url": "https://www.openstreetmap.org/way/1484095801", "josm_url": "http://127.0.0.1:8111/load_object?new_layer=false&objects=w1484095801", "id_url": "https://www.openstreetmap.org/edit?editor=id&way=1484095801#map=20/34.4305441/132.2949324"}}, {"type": "Feature", "geometry": {"type": "Point", "coordinates": [132.2950088, 34.4307093]}, "properties": {"id": 1484095803, "feat_type": "way", "quality_categories": "improper_geometries", "issue_ids": "[0]", "osm_url": "https://www.openstreetmap.org/way/1484095803", "josm_url": "http://127.0.0.1:8111/load_object?new_layer=false&objects=w1484095803", "id_url": "https://www.openstreetmap.org/edit?editor=id&way=1484095803#map=20/34.4307093/132.2950088"}}, {"type": "Feature", "geometry": {"type": "Point", "coordinates": [132.2949976, 34.430541]}, "properties": {"id": 1484095805, "feat_type": "way", "quality_categories": "improper_geometries", "issue_ids": "[0]", "osm_url": "https://www.openstreetmap.org/way/1484095805", "josm_url": "http://127.0.0.1:8111/load_object?new_layer=false&objects=w1484095805", "id_url": "https://www.openstreetmap.org/edit?editor=id&way=1484095805#map=20/34.430541/132.2949976"}}, {"type": "Feature", "geometry": {"type": "Point", "coordinates": [132.2957748, 34.4306358]}, "properties": {"id": 1484095808, "feat_type": "way", "quality_categories": "improper_geometries", "issue_ids": "[0]", "osm_url": "https://www.openstreetmap.org/way/1484095808", "josm_url": "http://127.0.0.1:8111/load_object?new_layer=false&objects=w1484095808", "id_url": "https://www.openstreetmap.org/edit?editor=id&way=1484095808#map=20/34.4306358/132.2957748"}}, {"type": "Feature", "geometry": {"type": "Point", "coordinates": [132.2954722, 34.4305687]}, "properties": {"id": 1484095809, "feat_type": "way", "quality_categories": "improper_geometries", "issue_ids": "[0]", "osm_url": "https://www.openstreetmap.org/way/1484095809", "josm_url": "http://127.0.0.1:8111/load_object?new_layer=false&objects=w1484095809", "id_url": "https://www.openstreetmap.org/edit?editor=id&way=1484095809#map=20/34.4305687/132.2954722"}}, {"type": "Feature", "geometry": {"type": "Point", "coordinates": [132.2962096, 34.4306159]}, "properties": {"id": 1484095812, "feat_type": "way", "quality_categories": "improper_geometries", "issue_ids": "[0]", "osm_url": "https://www.openstreetmap.org/way/1484095812", "josm_url": "http://127.0.0.1:8111/load_object?new_layer=false&objects=w1484095812", "id_url": "https://www.openstreetmap.org/edit?editor=id&way=1484095812#map=20/34.4306159/132.2962096"}}, {"type": "Feature", "geometry": {"type": "Point", "coordinates": [132.2959055, 34.4305488]}, "properties": {"id": 1484095813, "feat_type": "way", "quality_categories": "improper_geometries", "issue_ids": "[0]", "osm_url": "https://www.openstreetmap.org/way/1484095813", "josm_url": "http://127.0.0.1:8111/load_object?new_layer=false&objects=w1484095813", "id_url": "https://www.openstreetmap.org/edit?editor=id&way=1484095813#map=20/34.4305488/132.2959055"}}, {"type": "Feature", "geometry": {"type": "Point", "coordinates": [132.2966649, 34.4306444]}, "properties": {"id": 1484095816, "feat_type": "way", "quality_categories": "improper_geometries", "issue_ids": "[0]", "osm_url": "https://www.openstreetmap.org/way/1484095816", "josm_url": "http://127.0.0.1:8111/load_object?new_layer=false&objects=w1484095816", "id_url": "https://www.openstreetmap.org/edit?editor=id&way=1484095816#map=20/34.4306444/132.2966649"}}, {"type": "Feature", "geometry": {"type": "Point", "coordinates": [132.2966529, 34.430465]}, "properties": {"id": 1484095817, "feat_type": "way", "quality_categories": "improper_geometries", "issue_ids": "[0]", "osm_url": "https://www.openstreetmap.org/way/1484095817", "josm_url": "http://127.0.0.1:8111/load_object?new_layer=false&objects=w1484095817", "id_url": "https://www.openstreetmap.org/edit?editor=id&way=1484095817#map=20/34.430465/132.2966529"}}, {"type": "Feature", "geometry": {"type": "Point", "coordinates": [132.2967627, 34.4306399]}, "properties": {"id": 1484095819, "feat_type": "way", "quality_categories": "improper_geometries", "issue_ids": "[0]", "osm_url": "https://www.openstreetmap.org/way/1484095819", "josm_url": "http://127.0.0.1:8111/load_object?new_layer=false&objects=w1484095819", "id_url": "https://www.openstreetmap.org/edit?editor=id&way=1484095819#map=20/34.4306399/132.2967627"}}, {"type": "Feature", "geometry": {"type": "Point", "coordinates": [132.2967507, 34.4304605]}, "properties": {"id": 1484095821, "feat_type": "way", "quality_categories": "improper_geometries", "issue_ids": "[0]", "osm_url": "https://www.openstreetmap.org/way/1484095821", "josm_url": "http://127.0.0.1:8111/load_object?new_layer=false&objects=w1484095821", "id_url": "https://www.openstreetmap.org/edit?editor=id&way=1484095821#map=20/34.4304605/132.2967507"}}, {"type": "Feature", "geometry": {"type": "Point", "coordinates": [132.2975154, 34.4305559]}, "properties": {"id": 1484095824, "feat_type": "way", "quality_categories": "improper_geometries", "issue_ids": "[0]", "osm_url": "https://www.openstreetmap.org/way/1484095824", "josm_url": "http://127.0.0.1:8111/load_object?new_layer=false&objects=w1484095824", "id_url": "https://www.openstreetmap.org/edit?editor=id&way=1484095824#map=20/34.4305559/132.2975154"}}, {"type": "Feature", "geometry": {"type": "Point", "coordinates": [132.2972124, 34.4304888]}, "properties": {"id": 1484095825, "feat_type": "way", "quality_categories": "improper_geometries", "issue_ids": "[0]", "osm_url": "https://www.openstreetmap.org/way/1484095825", "josm_url": "http://127.0.0.1:8111/load_object?new_layer=false&objects=w1484095825", "id_url": "https://www.openstreetmap.org/edit?editor=id&way=1484095825#map=20/34.4304888/132.2972124"}}, {"type": "Feature", "geometry": {"type": "Point", "coordinates": [132.2979478, 34.4305361]}, "properties": {"id": 1484095828, "feat_type": "way", "quality_categories": "improper_geometries", "issue_ids": "[0]", "osm_url": "https://www.openstreetmap.org/way/1484095828", "josm_url": "http://127.0.0.1:8111/load_object?new_layer=false&objects=w1484095828", "id_url": "https://www.openstreetmap.org/edit?editor=id&way=1484095828#map=20/34.4305361/132.2979478"}}, {"type": "Feature", "geometry": {"type": "Point", "coordinates": [132.297646, 34.4304689]}, "properties": {"id": 1484095829, "feat_type": "way", "quality_categories": "improper_geometries", "issue_ids": "[0]", "osm_url": "https://www.openstreetmap.org/way/1484095829", "josm_url": "http://127.0.0.1:8111/load_object?new_layer=false&objects=w1484095829", "id_url": "https://www.openstreetmap.org/edit?editor=id&way=1484095829#map=20/34.4304689/132.297646"}}, {"type": "Feature", "geometry": {"type": "Point", "coordinates": [132.2984257, 34.4305524]}, "properties": {"id": 1484095832, "feat_type": "way", "quality_categories": "improper_geometries", "issue_ids": "[0]", "osm_url": "https://www.openstreetmap.org/way/1484095832", "josm_url": "http://127.0.0.1:8111/load_object?new_layer=false&objects=w1484095832", "id_url": "https://www.openstreetmap.org/edit?editor=id&way=1484095832#map=20/34.4305524/132.2984257"}}, {"type": "Feature", "geometry": {"type": "Point", "coordinates": [132.2983358, 34.4291925]}, "properties": {"id": 1484095833, "feat_type": "way", "quality_categories": "improper_geometries", "issue_ids": "[0]", "osm_url": "https://www.openstreetmap.org/way/1484095833", "josm_url": "http://127.0.0.1:8111/load_object?new_layer=false&objects=w1484095833", "id_url": "https://www.openstreetmap.org/edit?editor=id&way=1484095833#map=20/34.4291925/132.2983358"}}, {"type": "Feature", "geometry": {"type": "Point", "coordinates": [132.2950322, 34.4320419]}, "properties": {"id": 1484095836, "feat_type": "way", "quality_categories": "improper_geometries", "issue_ids": "[0]", "osm_url": "https://www.openstreetmap.org/way/1484095836", "josm_url": "http://127.0.0.1:8111/load_object?new_layer=false&objects=w1484095836", "id_url": "https://www.openstreetmap.org/edit?editor=id&way=1484095836#map=20/34.4320419/132.2950322"}}, {"type": "Feature", "geometry": {"type": "Point", "coordinates": [132.2951796, 34.4332724]}, "properties": {"id": 1484095837, "feat_type": "way", "quality_categories": "improper_geometries", "issue_ids": "[0]", "osm_url": "https://www.openstreetmap.org/way/1484095837", "josm_url": "http://127.0.0.1:8111/load_object?new_layer=false&objects=w1484095837", "id_url": "https://www.openstreetmap.org/edit?editor=id&way=1484095837#map=20/34.4332724/132.2951796"}}, {"type": "Feature", "geometry": {"type": "Point", "coordinates": [132.2968361, 34.433195]}, "properties": {"id": 1484095839, "feat_type": "way", "quality_categories": "improper_geometries", "issue_ids": "[0]", "osm_url": "https://www.openstreetmap.org/way/1484095839", "josm_url": "http://127.0.0.1:8111/load_object?new_layer=false&objects=w1484095839", "id_url": "https://www.openstreetmap.org/edit?editor=id&way=1484095839#map=20/34.433195/132.2968361"}}, {"type": "Feature", "geometry": {"type": "Point", "coordinates": [132.2969339, 34.4331904]}, "properties": {"id": 1484095841, "feat_type": "way", "quality_categories": "improper_geometries", "issue_ids": "[0]", "osm_url": "https://www.openstreetmap.org/way/1484095841", "josm_url": "http://127.0.0.1:8111/load_object?new_layer=false&objects=w1484095841", "id_url": "https://www.openstreetmap.org/edit?editor=id&way=1484095841#map=20/34.4331904/132.2969339"}}, {"type": "Feature", "geometry": {"type": "Point", "coordinates": [132.2955202, 34.4333404]}, "properties": {"id": 1484095843, "feat_type": "way", "quality_categories": "improper_geometries", "issue_ids": "[0]", "osm_url": "https://www.openstreetmap.org/way/1484095843", "josm_url": "http://127.0.0.1:8111/load_object?new_layer=false&objects=w1484095843", "id_url": "https://www.openstreetmap.org/edit?editor=id&way=1484095843#map=20/34.4333404/132.2955202"}}, {"type": "Feature", "geometry": {"type": "Point", "coordinates": [132.2959518, 34.4333202]}, "properties": {"id": 1484095844, "feat_type": "way", "quality_categories": "improper_geometries", "issue_ids": "[0]", "osm_url": "https://www.openstreetmap.org/way/1484095844", "josm_url": "http://127.0.0.1:8111/load_object?new_layer=false&objects=w1484095844", "id_url": "https://www.openstreetmap.org/edit?editor=id&way=1484095844#map=20/34.4333202/132.2959518"}}, {"type": "Feature", "geometry": {"type": "Point", "coordinates": [132.2963882, 34.4332998]}, "properties": {"id": 1484095845, "feat_type": "way", "quality_categories": "improper_geometries", "issue_ids": "[0]", "osm_url": "https://www.openstreetmap.org/way/1484095845", "josm_url": "http://127.0.0.1:8111/load_object?new_layer=false&objects=w1484095845", "id_url": "https://www.openstreetmap.org/edit?editor=id&way=1484095845#map=20/34.4332998/132.2963882"}}, {"type": "Feature", "geometry": {"type": "Point", "coordinates": [132.2968226, 34.4332795]}, "properties": {"id": 1484095846, "feat_type": "way", "quality_categories": "improper_geometries", "issue_ids": "[0]", "osm_url": "https://www.openstreetmap.org/way/1484095846", "josm_url": "http://127.0.0.1:8111/load_object?new_layer=false&objects=w1484095846", "id_url": "https://www.openstreetmap.org/edit?editor=id&way=1484095846#map=20/34.4332795/132.2968226"}}, {"type": "Feature", "geometry": {"type": "Point", "coordinates": [132.2972585, 34.4332591]}, "properties": {"id": 1484095847, "feat_type": "way", "quality_categories": "improper_geometries", "issue_ids": "[0]", "osm_url": "https://www.openstreetmap.org/way/1484095847", "josm_url": "http://127.0.0.1:8111/load_object?new_layer=false&objects=w1484095847", "id_url": "https://www.openstreetmap.org/edit?editor=id&way=1484095847#map=20/34.4332591/132.2972585"}}, {"type": "Feature", "geometry": {"type": "Point", "coordinates": [132.2976924, 34.4332388]}, "properties": {"id": 1484095848, "feat_type": "way", "quality_categories": "improper_geometries", "issue_ids": "[0]", "osm_url": "https://www.openstreetmap.org/way/1484095848", "josm_url": "http://127.0.0.1:8111/load_object?new_layer=false&objects=w1484095848", "id_url": "https://www.openstreetmap.org/edit?editor=id&way=1484095848#map=20/34.4332388/132.2976924"}}, {"type": "Feature", "geometry": {"type": "Point", "coordinates": [132.2981265, 34.4332185]}, "properties": {"id": 1484095849, "feat_type": "way", "quality_categories": "improper_geometries", "issue_ids": "[0]", "osm_url": "https://www.openstreetmap.org/way/1484095849", "josm_url": "http://127.0.0.1:8111/load_object?new_layer=false&objects=w1484095849", "id_url": "https://www.openstreetmap.org/edit?editor=id&way=1484095849#map=20/34.4332185/132.2981265"}}, {"type": "Feature", "geometry": {"type": "Point", "coordinates": [132.2985624, 34.4331981]}, "properties": {"id": 1484095850, "feat_type": "way", "quality_categories": "improper_geometries", "issue_ids": "[0]", "osm_url": "https://www.openstreetmap.org/way/1484095850", "josm_url": "http://127.0.0.1:8111/load_object?new_layer=false&objects=w1484095850", "id_url": "https://www.openstreetmap.org/edit?editor=id&way=1484095850#map=20/34.4331981/132.2985624"}}, {"type": "Feature", "geometry": {"type": "Point", "coordinates": [132.2960845, 34.4332644]}, "properties": {"id": 1484095864, "feat_type": "way", "quality_categories": "improper_geometries", "issue_ids": "[0]", "osm_url": "https://www.openstreetmap.org/way/1484095864", "josm_url": "http://127.0.0.1:8111/load_object?new_layer=false&objects=w1484095864", "id_url": "https://www.openstreetmap.org/edit?editor=id&way=1484095864#map=20/34.4332644/132.2960845"}}, {"type": "Feature", "geometry": {"type": "Point", "coordinates": [132.2956529, 34.4332846]}, "properties": {"id": 1484095865, "feat_type": "way", "quality_categories": "improper_geometries", "issue_ids": "[0]", "osm_url": "https://www.openstreetmap.org/way/1484095865", "josm_url": "http://127.0.0.1:8111/load_object?new_layer=false&objects=w1484095865", "id_url": "https://www.openstreetmap.org/edit?editor=id&way=1484095865#map=20/34.4332846/132.2956529"}}, {"type": "Feature", "geometry": {"type": "Point", "coordinates": [132.2991989, 34.433119]}, "properties": {"id": 1484095866, "feat_type": "way", "quality_categories": "improper_geometries", "issue_ids": "[0]", "osm_url": "https://www.openstreetmap.org/way/1484095866", "josm_url": "http://127.0.0.1:8111/load_object?new_layer=false&objects=w1484095866", "id_url": "https://www.openstreetmap.org/edit?editor=id&way=1484095866#map=20/34.433119/132.2991989"}}, {"type": "Feature", "geometry": {"type": "Point", "coordinates": [132.2986543, 34.4331032]}, "properties": {"id": 1484095867, "feat_type": "way", "quality_categories": "improper_geometries", "issue_ids": "[0]", "osm_url": "https://www.openstreetmap.org/way/1484095867", "josm_url": "http://127.0.0.1:8111/load_object?new_layer=false&objects=w1484095867", "id_url": "https://www.openstreetmap.org/edit?editor=id&way=1484095867#map=20/34.4331032/132.2986543"}}, {"type": "Feature", "geometry": {"type": "Point", "coordinates": [132.2985945, 34.433106]}, "properties": {"id": 1484095868, "feat_type": "way", "quality_categories": "improper_geometries", "issue_ids": "[0]", "osm_url": "https://www.openstreetmap.org/way/1484095868", "josm_url": "http://127.0.0.1:8111/load_object?new_layer=false&objects=w1484095868", "id_url": "https://www.openstreetmap.org/edit?editor=id&way=1484095868#map=20/34.433106/132.2985945"}}, {"type": "Feature", "geometry": {"type": "Point", "coordinates": [132.297825, 34.433183]}, "properties": {"id": 1484095869, "feat_type": "way", "quality_categories": "improper_geometries", "issue_ids": "[0]", "osm_url": "https://www.openstreetmap.org/way/1484095869", "josm_url": "http://127.0.0.1:8111/load_object?new_layer=false&objects=w1484095869", "id_url": "https://www.openstreetmap.org/edit?editor=id&way=1484095869#map=20/34.433183/132.297825"}}, {"type": "Feature", "geometry": {"type": "Point", "coordinates": [132.2973912, 34.4332033]}, "properties": {"id": 1484095870, "feat_type": "way", "quality_categories": "improper_geometries", "issue_ids": "[0]", "osm_url": "https://www.openstreetmap.org/way/1484095870", "josm_url": "http://127.0.0.1:8111/load_object?new_layer=false&objects=w1484095870", "id_url": "https://www.openstreetmap.org/edit?editor=id&way=1484095870#map=20/34.4332033/132.2973912"}}, {"type": "Feature", "geometry": {"type": "Point", "coordinates": [132.2953833, 34.4292327]}, "properties": {"id": 1486058700, "feat_type": "way", "quality_categories": "improper_geometries", "issue_ids": "[0]", "osm_url": "https://www.openstreetmap.org/way/1486058700", "josm_url": "http://127.0.0.1:8111/load_object?new_layer=false&objects=w1486058700", "id_url": "https://www.openstreetmap.org/edit?editor=id&way=1486058700#map=20/34.4292327/132.2953833"}}, {"type": "Feature", "geometry": {"type": "Point", "coordinates": [132.2956861, 34.4292689]}, "properties": {"id": 1486058703, "feat_type": "way", "quality_categories": "improper_geometries", "issue_ids": "[0]", "osm_url": "https://www.openstreetmap.org/way/1486058703", "josm_url": "http://127.0.0.1:8111/load_object?new_layer=false&objects=w1486058703", "id_url": "https://www.openstreetmap.org/edit?editor=id&way=1486058703#map=20/34.4292689/132.2956861"}}, {"type": "Feature", "geometry": {"type": "Point", "coordinates": [132.2961208, 34.4292496]}, "properties": {"id": 1486058705, "feat_type": "way", "quality_categories": "improper_geometries", "issue_ids": "[0]", "osm_url": "https://www.openstreetmap.org/way/1486058705", "josm_url": "http://127.0.0.1:8111/load_object?new_layer=false&objects=w1486058705", "id_url": "https://www.openstreetmap.org/edit?editor=id&way=1486058705#map=20/34.4292496/132.2961208"}}, {"type": "Feature", "geometry": {"type": "Point", "coordinates": [132.2958188, 34.4292134]}, "properties": {"id": 1486058706, "feat_type": "way", "quality_categories": "improper_geometries", "issue_ids": "[0]", "osm_url": "https://www.openstreetmap.org/way/1486058706", "josm_url": "http://127.0.0.1:8111/load_object?new_layer=false&objects=w1486058706", "id_url": "https://www.openstreetmap.org/edit?editor=id&way=1486058706#map=20/34.4292134/132.2958188"}}, {"type": "Feature", "geometry": {"type": "Point", "coordinates": [132.2949616, 34.4292514]}, "properties": {"id": 1486058708, "feat_type": "way", "quality_categories": "improper_geometries", "issue_ids": "[0]", "osm_url": "https://www.openstreetmap.org/way/1486058708", "josm_url": "http://127.0.0.1:8111/load_object?new_layer=false&objects=w1486058708", "id_url": "https://www.openstreetmap.org/edit?editor=id&way=1486058708#map=20/34.4292514/132.2949616"}}, {"type": "Feature", "geometry": {"type": "Point", "coordinates": [132.2962535, 34.4291942]}, "properties": {"id": 1486058710, "feat_type": "way", "quality_categories": "improper_geometries", "issue_ids": "[0]", "osm_url": "https://www.openstreetmap.org/way/1486058710", "josm_url": "http://127.0.0.1:8111/load_object?new_layer=false&objects=w1486058710", "id_url": "https://www.openstreetmap.org/edit?editor=id&way=1486058710#map=20/34.4291942/132.2962535"}}, {"type": "Feature", "geometry": {"type": "Point", "coordinates": [132.2974253, 34.4291919]}, "properties": {"id": 1486058712, "feat_type": "way", "quality_categories": "improper_geometries", "issue_ids": "[0]", "osm_url": "https://www.openstreetmap.org/way/1486058712", "josm_url": "http://127.0.0.1:8111/load_object?new_layer=false&objects=w1486058712", "id_url": "https://www.openstreetmap.org/edit?editor=id&way=1486058712#map=20/34.4291919/132.2974253"}}, {"type": "Feature", "geometry": {"type": "Point", "coordinates": [132.2984752, 34.4303927]}, "properties": {"id": 1486058714, "feat_type": "way", "quality_categories": "improper_geometries", "issue_ids": "[0]", "osm_url": "https://www.openstreetmap.org/way/1486058714", "josm_url": "http://127.0.0.1:8111/load_object?new_layer=false&objects=w1486058714", "id_url": "https://www.openstreetmap.org/edit?editor=id&way=1486058714#map=20/34.4303927/132.2984752"}}, {"type": "Feature", "geometry": {"type": "Point", "coordinates": [132.2978571, 34.4291727]}, "properties": {"id": 1486058716, "feat_type": "way", "quality_categories": "improper_geometries", "issue_ids": "[0]", "osm_url": "https://www.openstreetmap.org/way/1486058716", "josm_url": "http://127.0.0.1:8111/load_object?new_layer=false&objects=w1486058716", "id_url": "https://www.openstreetmap.org/edit?editor=id&way=1486058716#map=20/34.4291727/132.2978571"}}, {"type": "Feature", "geometry": {"type": "Point", "coordinates": [132.2966836, 34.4291751]}, "properties": {"id": 1486058718, "feat_type": "way", "quality_categories": "improper_geometries", "issue_ids": "[0]", "osm_url": "https://www.openstreetmap.org/way/1486058718", "josm_url": "http://127.0.0.1:8111/load_object?new_layer=false&objects=w1486058718", "id_url": "https://www.openstreetmap.org/edit?editor=id&way=1486058718#map=20/34.4291751/132.2966836"}}, {"type": "Feature", "geometry": {"type": "Point", "coordinates": [132.2984855, 34.4305498]}, "properties": {"id": 1486058720, "feat_type": "way", "quality_categories": "improper_geometries", "issue_ids": "[0]", "osm_url": "https://www.openstreetmap.org/way/1486058720", "josm_url": "http://127.0.0.1:8111/load_object?new_layer=false&objects=w1486058720", "id_url": "https://www.openstreetmap.org/edit?editor=id&way=1486058720#map=20/34.4305498/132.2984855"}}, {"type": "Feature", "geometry": {"type": "Point", "coordinates": [132.2965341, 34.4274018]}, "properties": {"id": 1486509188, "feat_type": "way", "quality_categories": "improper_geometries", "issue_ids": "[0]", "osm_url": "https://www.openstreetmap.org/way/1486509188", "josm_url": "http://127.0.0.1:8111/load_object?new_layer=false&objects=w1486509188", "id_url": "https://www.openstreetmap.org/edit?editor=id&way=1486509188#map=20/34.4274018/132.2965341"}}, {"type": "Feature", "geometry": {"type": "Point", "coordinates": [132.2998941, 34.4321361]}, "properties": {"id": 1491202238, "feat_type": "way", "quality_categories": "improper_geometries", "issue_ids": "[0]", "osm_url": "https://www.openstreetmap.org/way/1491202238", "josm_url": "http://127.0.0.1:8111/load_object?new_layer=false&objects=w1491202238", "id_url": "https://www.openstreetmap.org/edit?editor=id&way=1491202238#map=20/34.4321361/132.2998941"}}, {"type": "Feature", "geometry": {"type": "Point", "coordinates": [132.2988836, 34.429406]}, "properties": {"id": 1491202240, "feat_type": "way", "quality_categories": "improper_geometries", "issue_ids": "[0]", "osm_url": "https://www.openstreetmap.org/way/1491202240", "josm_url": "http://127.0.0.1:8111/load_object?new_layer=false&objects=w1491202240", "id_url": "https://www.openstreetmap.org/edit?editor=id&way=1491202240#map=20/34.429406/132.2988836"}}, {"type": "Feature", "geometry": {"type": "Point", "coordinates": [132.2988247, 34.4290913]}, "properties": {"id": 1491202242, "feat_type": "way", "quality_categories": "improper_geometries", "issue_ids": "[0]", "osm_url": "https://www.openstreetmap.org/way/1491202242", "josm_url": "http://127.0.0.1:8111/load_object?new_layer=false&objects=w1491202242", "id_url": "https://www.openstreetmap.org/edit?editor=id&way=1491202242#map=20/34.4290913/132.2988247"}}, {"type": "Feature", "geometry": {"type": "Point", "coordinates": [132.4647827, 34.3936531]}, "properties": {"id": 1491510637, "feat_type": "way", "quality_categories": "improper_geometries", "issue_ids": "[0]", "osm_url": "https://www.openstreetmap.org/way/1491510637", "josm_url": "http://127.0.0.1:8111/load_object?new_layer=false&objects=w1491510637", "id_url": "https://www.openstreetmap.org/edit?editor=id&way=1491510637#map=20/34.3936531/132.4647827"}}, {"type": "Feature", "geometry": {"type": "Point", "coordinates": [132.4647096, 34.3937605]}, "properties": {"id": 1491510638, "feat_type": "way", "quality_categories": "improper_geometries", "issue_ids": "[0]", "osm_url": "https://www.openstreetmap.org/way/1491510638", "josm_url": "http://127.0.0.1:8111/load_object?new_layer=false&objects=w1491510638", "id_url": "https://www.openstreetmap.org/edit?editor=id&way=1491510638#map=20/34.3937605/132.4647096"}}, {"type": "Feature", "geometry": {"type": "Point", "coordinates": [132.4268522, 34.3988076]}, "properties": {"id": 1500762815, "feat_type": "way", "quality_categories": "improper_geometries", "issue_ids": "[0]", "osm_url": "https://www.openstreetmap.org/way/1500762815", "josm_url": "http://127.0.0.1:8111/load_object?new_layer=false&objects=w1500762815", "id_url": "https://www.openstreetmap.org/edit?editor=id&way=1500762815#map=20/34.3988076/132.4268522"}}, {"type": "Feature", "geometry": {"type": "Point", "coordinates": [132.45466041976636, 34.3981268]}, "properties": {"id": 1505928898, "feat_type": "way", "quality_categories": "improper_geometries", "issue_ids": "[0]", "osm_url": "https://www.openstreetmap.org/way/1505928898", "josm_url": "http://127.0.0.1:8111/load_object?new_layer=false&objects=w1505928898", "id_url": "https://www.openstreetmap.org/edit?editor=id&way=1505928898#map=20/34.3981268/132.45466041976636"}}, {"type": "Feature", "geometry": {"type": "Point", "coordinates": [132.45431549751774, 34.398240799999996]}, "properties": {"id": 1505928899, "feat_type": "way", "quality_categories": "improper_geometries", "issue_ids": "[0]", "osm_url": "https://www.openstreetmap.org/way/1505928899", "josm_url": "http://127.0.0.1:8111/load_object?new_layer=false&objects=w1505928899", "id_url": "https://www.openstreetmap.org/edit?editor=id&way=1505928899#map=20/34.398240799999996/132.45431549751774"}}, {"type": "Feature", "geometry": {"type": "Point", "coordinates": [132.45485012492793, 34.39829145]}, "properties": {"id": 1505928900, "feat_type": "way", "quality_categories": "improper_geometries", "issue_ids": "[0]", "osm_url": "https://www.openstreetmap.org/way/1505928900", "josm_url": "http://127.0.0.1:8111/load_object?new_layer=false&objects=w1505928900", "id_url": "https://www.openstreetmap.org/edit?editor=id&way=1505928900#map=20/34.39829145/132.45485012492793"}}, {"type": "Feature", "geometry": {"type": "Point", "coordinates": [132.45449639593073, 34.3984039]}, "properties": {"id": 1505928901, "feat_type": "way", "quality_categories": "improper_geometries", "issue_ids": "[0]", "osm_url": "https://www.openstreetmap.org/way/1505928901", "josm_url": "http://127.0.0.1:8111/load_object?new_layer=false&objects=w1505928901", "id_url": "https://www.openstreetmap.org/edit?editor=id&way=1505928901#map=20/34.3984039/132.45449639593073"}}, {"type": "Feature", "geometry": {"type": "Point", "coordinates": [132.37705784878028, 34.374724549999996]}, "properties": {"id": 1512084906, "feat_type": "way", "quality_categories": "improper_geometries", "issue_ids": "[0]", "osm_url": "https://www.openstreetmap.org/way/1512084906", "josm_url": "http://127.0.0.1:8111/load_object?new_layer=false&objects=w1512084906", "id_url": "https://www.openstreetmap.org/edit?editor=id&way=1512084906#map=20/34.374724549999996/132.37705784878028"}}, {"type": "Feature", "geometry": {"type": "Point", "coordinates": [132.44682, 34.3971977]}, "properties": {"id": 1515435451, "feat_type": "way", "quality_categories": "improper_geometries", "issue_ids": "[0]", "osm_url": "https://www.openstreetmap.org/way/1515435451", "josm_url": "http://127.0.0.1:8111/load_object?new_layer=false&objects=w1515435451", "id_url": "https://www.openstreetmap.org/edit?editor=id&way=1515435451#map=20/34.3971977/132.44682"}}, {"type": "Feature", "geometry": {"type": "Point", "coordinates": [132.4497412, 34.3944879]}, "properties": {"id": 1517569574, "feat_type": "way", "quality_categories": "improper_geometries", "issue_ids": "[0]", "osm_url": "https://www.openstreetmap.org/way/1517569574", "josm_url": "http://127.0.0.1:8111/load_object?new_layer=false&objects=w1517569574", "id_url": "https://www.openstreetmap.org/edit?editor=id&way=1517569574#map=20/34.3944879/132.4497412"}}, {"type": "Feature", "geometry": {"type": "Point", "coordinates": [132.295249, 34.4286911]}, "properties": {"id": 1526775682, "feat_type": "way", "quality_categories": "improper_geometries", "issue_ids": "[0]", "osm_url": "https://www.openstreetmap.org/way/1526775682", "josm_url": "http://127.0.0.1:8111/load_object?new_layer=false&objects=w1526775682", "id_url": "https://www.openstreetmap.org/edit?editor=id&way=1526775682#map=20/34.4286911/132.295249"}}, {"type": "Feature", "geometry": {"type": "Point", "coordinates": [132.2952562, 34.4287987]}, "properties": {"id": 1526775683, "feat_type": "way", "quality_categories": "improper_geometries", "issue_ids": "[0]", "osm_url": "https://www.openstreetmap.org/way/1526775683", "josm_url": "http://127.0.0.1:8111/load_object?new_layer=false&objects=w1526775683", "id_url": "https://www.openstreetmap.org/edit?editor=id&way=1526775683#map=20/34.4287987/132.2952562"}}, {"type": "Feature", "geometry": {"type": "Point", "coordinates": [132.2952821, 34.429188]}, "properties": {"id": 1526775684, "feat_type": "way", "quality_categories": "improper_geometries", "issue_ids": "[0]", "osm_url": "https://www.openstreetmap.org/way/1526775684", "josm_url": "http://127.0.0.1:8111/load_object?new_layer=false&objects=w1526775684", "id_url": "https://www.openstreetmap.org/edit?editor=id&way=1526775684#map=20/34.429188/132.2952821"}}, {"type": "Feature", "geometry": {"type": "Point", "coordinates": [132.3529216, 34.3796676]}, "properties": {"id": 1527695571, "feat_type": "way", "quality_categories": "improper_geometries", "issue_ids": "[0]", "osm_url": "https://www.openstreetmap.org/way/1527695571", "josm_url": "http://127.0.0.1:8111/load_object?new_layer=false&objects=w1527695571", "id_url": "https://www.openstreetmap.org/edit?editor=id&way=1527695571#map=20/34.3796676/132.3529216"}}, {"type": "Feature", "geometry": {"type": "Point", "coordinates": [132.353087, 34.3797845]}, "properties": {"id": 1527695572, "feat_type": "way", "quality_categories": "improper_geometries", "issue_ids": "[0]", "osm_url": "https://www.openstreetmap.org/way/1527695572", "josm_url": "http://127.0.0.1:8111/load_object?new_layer=false&objects=w1527695572", "id_url": "https://www.openstreetmap.org/edit?editor=id&way=1527695572#map=20/34.3797845/132.353087"}}, {"type": "Feature", "geometry": {"type": "Point", "coordinates": [132.3532638, 34.3799067]}, "properties": {"id": 1527695573, "feat_type": "way", "quality_categories": "improper_geometries", "issue_ids": "[0]", "osm_url": "https://www.openstreetmap.org/way/1527695573", "josm_url": "http://127.0.0.1:8111/load_object?new_layer=false&objects=w1527695573", "id_url": "https://www.openstreetmap.org/edit?editor=id&way=1527695573#map=20/34.3799067/132.3532638"}}, {"type": "Feature", "geometry": {"type": "Point", "coordinates": [132.3534333, 34.3800181]}, "properties": {"id": 1527695574, "feat_type": "way", "quality_categories": "improper_geometries", "issue_ids": "[0]", "osm_url": "https://www.openstreetmap.org/way/1527695574", "josm_url": "http://127.0.0.1:8111/load_object?new_layer=false&objects=w1527695574", "id_url": "https://www.openstreetmap.org/edit?editor=id&way=1527695574#map=20/34.3800181/132.3534333"}}, {"type": "Feature", "geometry": {"type": "Point", "coordinates": [132.3535236, 34.3800815]}, "properties": {"id": 1527695575, "feat_type": "way", "quality_categories": "improper_geometries", "issue_ids": "[0]", "osm_url": "https://www.openstreetmap.org/way/1527695575", "josm_url": "http://127.0.0.1:8111/load_object?new_layer=false&objects=w1527695575", "id_url": "https://www.openstreetmap.org/edit?editor=id&way=1527695575#map=20/34.3800815/132.3535236"}}, {"type": "Feature", "geometry": {"type": "Point", "coordinates": [132.3536174, 34.3801498]}, "properties": {"id": 1527695576, "feat_type": "way", "quality_categories": "improper_geometries", "issue_ids": "[0]", "osm_url": "https://www.openstreetmap.org/way/1527695576", "josm_url": "http://127.0.0.1:8111/load_object?new_layer=false&objects=w1527695576", "id_url": "https://www.openstreetmap.org/edit?editor=id&way=1527695576#map=20/34.3801498/132.3536174"}}, {"type": "Feature", "geometry": {"type": "Point", "coordinates": [132.3537578, 34.3802586]}, "properties": {"id": 1527695577, "feat_type": "way", "quality_categories": "improper_geometries", "issue_ids": "[0]", "osm_url": "https://www.openstreetmap.org/way/1527695577", "josm_url": "http://127.0.0.1:8111/load_object?new_layer=false&objects=w1527695577", "id_url": "https://www.openstreetmap.org/edit?editor=id&way=1527695577#map=20/34.3802586/132.3537578"}}, {"type": "Feature", "geometry": {"type": "Point", "coordinates": [132.4641381, 34.3979752]}, "properties": {"id": 1546993491, "feat_type": "way", "quality_categories": "improper_geometries", "issue_ids": "[0]", "osm_url": "https://www.openstreetmap.org/way/1546993491", "josm_url": "http://127.0.0.1:8111/load_object?new_layer=false&objects=w1546993491", "id_url": "https://www.openstreetmap.org/edit?editor=id&way=1546993491#map=20/34.3979752/132.4641381"}}, {"type": "Feature", "geometry": {"type": "Point", "coordinates": [132.4269361, 34.3982721]}, "properties": {"id": 1549973992, "feat_type": "way", "quality_categories": "improper_geometries", "issue_ids": "[0]", "osm_url": "https://www.openstreetmap.org/way/1549973992", "josm_url": "http://127.0.0.1:8111/load_object?new_layer=false&objects=w1549973992", "id_url": "https://www.openstreetmap.org/edit?editor=id&way=1549973992#map=20/34.3982721/132.4269361"}}, {"type": "Feature", "geometry": {"type": "Point", "coordinates": [132.4271638, 34.3990889]}, "properties": {"id": 1549973997, "feat_type": "way", "quality_categories": "improper_geometries", "issue_ids": "[0]", "osm_url": "https://www.openstreetmap.org/way/1549973997", "josm_url": "http://127.0.0.1:8111/load_object?new_layer=false&objects=w1549973997", "id_url": "https://www.openstreetmap.org/edit?editor=id&way=1549973997#map=20/34.3990889/132.4271638"}}, {"type": "Feature", "geometry": {"type": "Point", "coordinates": [132.4265818, 34.3986706]}, "properties": {"id": 1549974003, "feat_type": "way", "quality_categories": "improper_geometries", "issue_ids": "[0]", "osm_url": "https://www.openstreetmap.org/way/1549974003", "josm_url": "http://127.0.0.1:8111/load_object?new_layer=false&objects=w1549974003", "id_url": "https://www.openstreetmap.org/edit?editor=id&way=1549974003#map=20/34.3986706/132.4265818"}}, {"type": "Feature", "geometry": {"type": "Point", "coordinates": [132.4269803, 34.3984917]}, "properties": {"id": 1549974005, "feat_type": "way", "quality_categories": "improper_geometries", "issue_ids": "[0]", "osm_url": "https://www.openstreetmap.org/way/1549974005", "josm_url": "http://127.0.0.1:8111/load_object?new_layer=false&objects=w1549974005", "id_url": "https://www.openstreetmap.org/edit?editor=id&way=1549974005#map=20/34.3984917/132.4269803"}}, {"type": "Feature", "geometry": {"type": "Point", "coordinates": [132.4269225, 34.3985762]}, "properties": {"id": 1549974013, "feat_type": "way", "quality_categories": "improper_geometries", "issue_ids": "[0]", "osm_url": "https://www.openstreetmap.org/way/1549974013", "josm_url": "http://127.0.0.1:8111/load_object?new_layer=false&objects=w1549974013", "id_url": "https://www.openstreetmap.org/edit?editor=id&way=1549974013#map=20/34.3985762/132.4269225"}}]}